{
   "Acidaminococcus-fermentans-DSM-20731-MAF-2": 0.09399658563031785,
   "Acidaminococcus-sp-D21-MAF-2": 0.16149823473074898,
   "Adlercreutzia-equolifaciens-DSM-19450": 0.00874635574491696,
   "Akkermansia-muciniphila-ATCC-BAA-835-MAF-2": 0.444258253107691,
   "Alistipes-finegoldii-DSM-17242": 2.20146383529079,
   "Alistipes-ihumii-AP11-MAF-2": 2.601028569598455,
   "Alistipes-indistinctus-YIT-12060-DSM-22520-MAF-2": 3.044384820600195,
   "Alistipes-onderdonkii-DSM-19147-MAF-2": 0.519174966492479,
   "Alistipes-putredinis-DSM-17216-MAF-2": 0.0,
   "Alistipes-senegalensis-JC50-DSM-25460-MAF-2": 0.04009015859671085,
   "Alistipes-shahii-WAL-8301-DSM-19121-MAF-2": 0.400660686489527,
   "Anaerofustis-stercorihominis-DSM-17244": 0.00467422965157679,
   "Anaerostipes-caccae-DSM-14662-MAF-2": 2.7764436155070547,
   "Anaerotruncus-colihominis-DSM-17241-MAF-2": 1.4594574307201351,
   "Bacteroides-caccae-ATCC-43185-MAF-2": 1.484056505006515,
   "Bacteroides-cellulosilyticus-DSM-14838-MAF-2": 2.199777583078225,
   "Bacteroides-coprocola-DSM-17136-MAF-2": 0.4169456395532255,
   "Bacteroides-coprophilus-DSM-18228-MAF-2": 0.871514261918185,
   "Bacteroides-dorei-5-1-36-MAF-2": 1.497853713271545,
   "Bacteroides-dorei-DSM-17855-MAF-2": 1.2324105471233,
   "Bacteroides-eggerthii-DSM-20697-MAF-2": 0.68125501409081,
   "Bacteroides-finegoldii-DSM-17565-MAF-2": 3.1344175534702297,
   "Bacteroides-fragilis-3-1-12-MAF-2": 1.758809899155585,
   "Bacteroides-intestinalis-DSM-17393-MAF-2": 0.829561481191083,
   "Bacteroides-ovatus-ATCC-8483-MAF-2": 1.67001120223544,
   "Bacteroides-pectinophilus-ATCC-43243-MAF-2": 0.09830813252230874,
   "Bacteroides-plebeius-DSM-17135-MAF-2": 0.02228317229394125,
   "Bacteroides-rodentium-DSM-26882-MAF-2": 0.763166052458197,
   "Bacteroides-sp-1-1-6-MAF-2": 0.7062913308095025,
   "Bacteroides-sp-2-1-16-MAF-2": 1.264838399243605,
   "Bacteroides-sp-2-1-22-MAF-2": 0.6655020253513785,
   "Bacteroides-sp-3-1-19-MAF-2": 2.7564315218848403,
   "Bacteroides-sp-9-1-42FAA-MAF-2": 0.7103596732465605,
   "Bacteroides-sp-D2-MAF-2": 1.348608816446765,
   "Bacteroides-stercoris-ATCC-43183-MAF-2": 1.883433776091235,
   "Bacteroides-thetaiotaomicron-VPI-5482-MAF-2": 1.84332411225408,
   "Bacteroides-uniformis-ATCC-8492-MAF-2": 1.95561936826622,
   "Bacteroides-vulgatus-ATCC-8482": 0.8504454942990155,
   "Bacteroides-xylanisolvens-DSMZ-18836-MAF-2": 0.22994546103142952,
   "Bifidobacterium-breve-DSM-20213-MAF-2": 0.1883784224044805,
   "Bifidobacterium-catenulatum-DSM-16992-MAF-2": 0.3070397421155995,
   "Bifidobacterium-pseudocatenulatum-DSM-20438-MAF-2": 0.147084160922959,
   "Bilophila-wadsworthia-ATCC-49260-MAF-3": 0.30806287597501003,
   "Blautia-hansenii-DSM-20583-MAF-2": 0.00853722626860927,
   "Blautia-hydrogenotrophica-DSM-10507-MAF-2": 0.0013548159833442,
   "Blautia-sp-KLE-1732-HM-1032-MAF-2": 0.029808495296304048,
   "Blautia-wexlerae-DSM-19850-MAF-2": 2.024375750876005e-05,
   "Bryantella-formatexigens-DSM-14469-MAF-2": 0.08729784241486255,
   "Burkholderiales-bacterium-1-1-47-MAF-2": 0.0181556466156358,
   "Butyricimonas-virosa-DSM-23226-MAF-2": 2.2109551538219403,
   "Butyrivibrio-crossotus-DSM-2876-MAF-2": 0.004852740828368895,
   "Catenibacterium-mitsuokai-DSM-15897-MAF-2": 0.04175836154712395,
   "Clostridiales-bacterium-VE202-03": 0.833620336572268,
   "Clostridiales-bacterium-VE202-14-MAF-2": 1.003884073125027,
   "Clostridiales-bacterium-VE202-27-MAF-3": 1.04661377519335,
   "Clostridium-asparagiforme-DSM-15981-MAF-2": 3.68431000938992,
   "Clostridium-bartlettii-DSM-16795-MAF-2": 0.0143981186208162,
   "Clostridium-bolteae-ATCC-BAA-613-MAF-2": 2.77994967131412,
   "Clostridium-hathewayi-DSM-13479-MAF-2": 0.27338395836749396,
   "Clostridium-hylemonae-DSM-15053-MAF-2": 0.5122768726134226,
   "Clostridium-leptum-DSM-753-MAF-2": 0.14175004975580902,
   "Clostridium-methylpentosum-DSM-5476": 0.03889001494236765,
   "Clostridium-nexile-DSM-1787-MAF-2": 0.07753013041456125,
   "Clostridium-saccharolyticum-WM1-MAF-2": 0.6674368736582085,
   "Clostridium-scindens-ATCC-35704-MAF-2": 3.32768660886381,
   "Clostridium-sp-ATCC-29733-VPI-C48-50-MAF-2": 0.0214633941315322,
   "Clostridium-sp-L2-50-MAF-3": 3.25179704621934e-06,
   "Clostridium-sp-M62-1-MAF-2": 2.083452103710335,
   "Clostridium-spiroforme-DSM-1552-MAF-2": 0.0221752239018463,
   "Clostridium-sporogenes-ATCC-15579-MAF-2": 0.0,
   "Collinsella-aerofaciens-ATCC-25986-MAF-2": 0.147515840090054,
   "Collinsella-stercoris-DSM-13279-MAF-2": 0.00132962662229973,
   "Coprococcus-comes-ATCC-27758-MAF-2": 0.520588277634638,
   "Coprococcus-eutactus-ATCC-27759-MAF-2": 0.22474218139055352,
   "Desulfovibrio-piger-ATCC-29098-MAF-2": 0.109912724481178,
   "Dorea-formicigenerans-ATCC-27755-MAF-2": 0.13941120673476348,
   "Dorea-longicatena-DSM-13814-MAF-2": 0.014455608410847202,
   "Eggerthella-lenta-DSM-2243-MAF-2": 0.0253232313060851,
   "Ethanoligens-harbinense-YUAN-3": 0.0777473043498634,
   "Eubacterium-biforme-DSM-3989-MAF-2": 0.044732071556001604,
   "Eubacterium-dolichum-DSM-3991": 0.0025263693701622703,
   "Eubacterium-eligens-ATCC-27750-MAF-2": 0.1096993638006925,
   "Eubacterium-hallii-DSM-3353-MAF-2": 3.21119051056698e-06,
   "Eubacterium-rectale-ATCC-33656-MAF-3": 9.83884707262424e-05,
   "Eubacterium-siraeum-DSM-15702-MAF-2": 0.8586579053902725,
   "Eubacterium-ventriosum-ATCC-27560-MAF-2": 0.225550364472218,
   "Faecalibacterium-prausnitzii-A2-165-MAF-2": 0.02018125831457225,
   "Granulicatella-adiacens-ATCC-49175-MAF-2": 0.5231159477340426,
   "Holdemania-filiformis-DSM-12042-MAF-2": 1.7753859541776649,
   "Intestinimonas-butyriciproducens-DSM-26588-MAF-2": 1.4787670622943452,
   "Lactobacillus-ruminis-ATCC-25644-MAF-2": 0.0378832739623114,
   "Megasphaera-DSMZ-102144-MAF-2": 0.22351733759522502,
   "Mitsuokella-multacida-DSM-20544-MAF-2": 0.1048518093296235,
   "Odoribacter-splanchnicus-DSM-20712-MAF-2": 8.61051600779021,
   "Olsenella-uli-DSM-7084-MAF-2": 0.00573727519935042,
   "Oscillibacter-sp-KLE-1728-MAF-2": 0.0384044428438855,
   "Parabacteroides-distasonis-ATCC-8503-MAF-2": 2.482711760088175,
   "Parabacteroides-johnsonii-DSM-18315-MAF-2": 3.78721816146757,
   "Parabacteroides-merdae-ATCC-43184-MAF-2": 2.919484217518285,
   "Parabacteroides-sp-D13-MAF-2": 1.9426122666727599,
   "Prevotella-buccae-D17-MAF-2": 0.2077922712972315,
   "Prevotella-buccalis-ATCC-35310-MAF-2": 3.0547074029345103,
   "Prevotella-copri-DSM-18205-MAF-2": 0.16796620781211902,
   "Roseburia-intestinalis-L1-82-MAF-2": 0.01769430002903645,
   "Roseburia-inulinivorans-DSM-16841-MAF-2": 0.34944697402866753,
   "Ruminococcus-albus-strain-8-MAF-2": 0.0,
   "Ruminococcus-bromii-ATCC-27255-MAF-2": 1.086483084982465,
   "Ruminococcus-flavefaciens-FD-1": 0.0,
   "Ruminococcus-gauvreauii-DSM-19829-MAF-2": 0.82384120061383,
   "Ruminococcus-gnavus-ATCC-29149-MAF-2": 0.47043726121176954,
   "Ruminococcus-lactaris-ATCC-29176-MAF-2": 0.24143693146312,
   "Ruminococcus-obeum-ATCC-29174-MAF-2": 0.047410707645706304,
   "Ruminococcus-torques-ATCC-27756-MAF-2": 0.24127382242912448,
   "Slackia-exigua-ATCC-700122-MAF-2": 0.01318823440861335,
   "Slackia-heliotrinireducens-DSM-20476-MAF-2": 0.026487658433305653,
   "Solobacterium-moorei-DSM-22971-MAF-2": 0.08360382295571481,
   "Streptococcus-thermophilus-ATCC-19258-MAF-2": 0.00765074447768898,
   "Subdoligranulum-sp-4-3-54A2FAA-MAF-2": 0.9293016375074915,
   "Subdoligranulum-variabile-DSM-15176-MAF-2": 0.25264617454861904,
   "Veillonella-dispar-ATCC-17748-MAF-2": 0.00220821210113807
}