{
   "cpd00205": 106.70542635658916,
   "cpd00009": 106.66666666666667,
   "cpd00099": 50.726077502834656,
   "cpd00048": 39.601346506000006,
   "cpd00971": 32.327586206896555,
   "cpd00254": 25.101063829787236,
   "cpd00013": 9.868421052631579,
   "cpd01401": 5.807774286660123,
   "cpd00084": 4.132231404958678,
   "cpd00030": 3.3112582781456954,
   "cpd00240": 1.710899111701181,
   "cpd00209": 1.092896174863388,
   "cpd00063": 0.9163636363636364,
   "cpd10515": 0.6605297829554122,
   "cpd00034": 0.6211180124223603,
   "cpd00149": 0.546448087431694,
   "cpd00058": 0.0625,
   "cpd00263": 0.05917159763313609,
   "cpd00644": 0.045871559633027525,
   "cpd00218": 0.040983606557377046,
   "cpd24344": 0.03875968992248062,
   "cpd00443": 0.03676470588235294,
   "cpd00541": 0.024390243902439025,
   "cpd00305": 0.01886792452830189,
   "cpd00363": 0.01712472885032538,
   "cpd00220": 0.013297872340425532,
   "cpd00104": 0.00823045267489712,
   "cpd00393": 0.004555808656036447,
   "cpd00166": 6.333122229259024e-05
}