sra_run,bioproject,biosample,spire_mag_count,spire_mag_ids,spire_match_key,mgnify_study_present,mgnify_study,mgnify_samples_count,mgnify_run_present,mgnify_run_analysis_types
SRR7004198,PRJNA443510,SAMN08778643,5,spire_mag_02001811;spire_mag_02001832;spire_mag_02001835;spire_mag_02001836;spire_mag_02001839,SAMN08778643,False,,0,False,
SRR7004201,PRJNA443513,SAMN08778923,7,spire_mag_02001379;spire_mag_02001381;spire_mag_02001382;spire_mag_02001395;spire_mag_02001397;spire_mag_02001400;spire_mag_02001406,SAMN08778923,False,,0,False,
SRR7004200,PRJNA443515,SAMN08776833,22,spire_mag_02001120;spire_mag_02001123;spire_mag_02001124;spire_mag_02001127;spire_mag_02001128;spire_mag_02001129;spire_mag_02001135;spire_mag_02001137;spire_mag_02001139;spire_mag_02001141;spire_mag_02001146;spire_mag_02001148;spire_mag_02001151;spire_mag_02001154;spire_mag_02001155;spire_mag_02001159;spire_mag_02001167;spire_mag_02001168;spire_mag_02001169;spire_mag_02001174;spire_mag_02001176;spire_mag_02001178,SAMN08776833,False,,0,False,
SRR7004204,PRJNA443517,SAMN08776832,11,spire_mag_02001907;spire_mag_02001908;spire_mag_02001910;spire_mag_02001915;spire_mag_02001917;spire_mag_02001921;spire_mag_02001924;spire_mag_02001926;spire_mag_02001929;spire_mag_02001932;spire_mag_02001937,SAMN08776832,False,,0,False,
SRR7004334,PRJNA443519,SAMN08778924,9,spire_mag_02002046;spire_mag_02002048;spire_mag_02002055;spire_mag_02002056;spire_mag_02002060;spire_mag_02002066;spire_mag_02002068;spire_mag_02002070;spire_mag_02002075,SAMN08778924,False,,0,False,
SRR7004335,PRJNA443521,SAMN08778949,11,spire_mag_02001532;spire_mag_02001536;spire_mag_02001541;spire_mag_02001542;spire_mag_02001545;spire_mag_02001548;spire_mag_02001550;spire_mag_02001555;spire_mag_02001560;spire_mag_02001562;spire_mag_02001566,SAMN08778949,False,,0,False,
SRR7004340,PRJNA443524,SAMN08778311,20,spire_mag_02001846;spire_mag_02001851;spire_mag_02001852;spire_mag_02001859;spire_mag_02001864;spire_mag_02001866;spire_mag_02001870;spire_mag_02001874;spire_mag_02001875;spire_mag_02001880;spire_mag_02001882;spire_mag_02001885;spire_mag_02001887;spire_mag_02001889;spire_mag_02001890;spire_mag_02001893;spire_mag_02001894;spire_mag_02001898;spire_mag_02001899;spire_mag_02001901,SAMN08778311,False,,0,False,
SRR7004341,PRJNA443525,SAMN08777027,27,spire_mag_02000962;spire_mag_02000966;spire_mag_02000969;spire_mag_02000970;spire_mag_02000975;spire_mag_02000976;spire_mag_02000978;spire_mag_02000979;spire_mag_02000981;spire_mag_02000984;spire_mag_02000985;spire_mag_02000987;spire_mag_02000988;spire_mag_02000989;spire_mag_02000992;spire_mag_02000993;spire_mag_02000994;spire_mag_02000998;spire_mag_02000999;spire_mag_02001001;spire_mag_02001004;spire_mag_02001014;spire_mag_02001019;spire_mag_02001022;spire_mag_02001029;spire_mag_02001033;spire_mag_02001041,SAMN08777027,False,,0,False,
SRR7004337,PRJNA443526,SAMN08778951,16,spire_mag_02001940;spire_mag_02001942;spire_mag_02001950;spire_mag_02001952;spire_mag_02001954;spire_mag_02001958;spire_mag_02001959;spire_mag_02001961;spire_mag_02001962;spire_mag_02001965;spire_mag_02001974;spire_mag_02001975;spire_mag_02001977;spire_mag_02001978;spire_mag_02001980;spire_mag_02001983,SAMN08778951,False,,0,False,
SRR7004342,PRJNA443527,SAMN08776830,12,spire_mag_02001651;spire_mag_02001653;spire_mag_02001654;spire_mag_02001655;spire_mag_02001657;spire_mag_02001661;spire_mag_02001666;spire_mag_02001668;spire_mag_02001670;spire_mag_02001673;spire_mag_02001680;spire_mag_02001690,SAMN08776830,False,,0,False,
SRR7004343,PRJNA443528,SAMN08779168,25,spire_mag_02001048;spire_mag_02001049;spire_mag_02001053;spire_mag_02001054;spire_mag_02001057;spire_mag_02001062;spire_mag_02001063;spire_mag_02001071;spire_mag_02001072;spire_mag_02001080;spire_mag_02001081;spire_mag_02001082;spire_mag_02001085;spire_mag_02001089;spire_mag_02001090;spire_mag_02001095;spire_mag_02001099;spire_mag_02001103;spire_mag_02001104;spire_mag_02001105;spire_mag_02001106;spire_mag_02001107;spire_mag_02001108;spire_mag_02001114;spire_mag_02001116,SAMN08779168,False,,0,False,
SRR7004344,PRJNA443529,SAMN08776829,22,spire_mag_02001692;spire_mag_02001693;spire_mag_02001696;spire_mag_02001697;spire_mag_02001699;spire_mag_02001703;spire_mag_02001706;spire_mag_02001711;spire_mag_02001714;spire_mag_02001725;spire_mag_02001727;spire_mag_02001728;spire_mag_02001733;spire_mag_02001736;spire_mag_02001738;spire_mag_02001741;spire_mag_02001757;spire_mag_02001761;spire_mag_02001764;spire_mag_02001766;spire_mag_02001768;spire_mag_02001770,SAMN08776829,False,,0,False,
SRR7004347,PRJNA443531,SAMN08778313,7,spire_mag_02002081;spire_mag_02002084;spire_mag_02002085;spire_mag_02002086;spire_mag_02002092;spire_mag_02002093;spire_mag_02002098,SAMN08778313,False,,0,False,
SRR7006909,PRJNA443533,SAMN08777025,9,spire_mag_02001503;spire_mag_02001505;spire_mag_02001508;spire_mag_02001510;spire_mag_02001511;spire_mag_02001514;spire_mag_02001516;spire_mag_02001517;spire_mag_02001519,SAMN08777025,False,,0,False,
SRR10854850,PRJNA570310,SAMN12814059,0,,,False,,0,False,
SRR10854858,PRJNA570311,SAMN12814444,1,spire_mag_02001311,SAMN12814444,False,,0,False,
SRR10854759,PRJNA570414,SAMN12814787,0,,,False,,0,False,
SRR10854750,PRJNA570415,SAMN12813984,3,spire_mag_02001460;spire_mag_02001463;spire_mag_02001473,SAMN12813984,False,,0,False,
SRR10854783,PRJNA570416,SAMN12813783,0,,,False,,0,False,
SRR10854792,PRJNA570417,SAMN12812634,4,spire_mag_02001778;spire_mag_02001788;spire_mag_02001792;spire_mag_02001795,SAMN12812634,False,,0,False,
SRR10854808,PRJNA570419,SAMN12813413,0,,,False,,0,False,
SRR10854827,PRJNA570420,SAMN12812995,11,spire_mag_02002117;spire_mag_02002119;spire_mag_02002123;spire_mag_02002125;spire_mag_02002126;spire_mag_02002129;spire_mag_02002133;spire_mag_02002136;spire_mag_02002137;spire_mag_02002139;spire_mag_02002141,SAMN12812995,False,,0,False,
SRR10854829,PRJNA570421,SAMN12814060,3,spire_mag_02000953;spire_mag_02000955;spire_mag_02000959,SAMN12814060,False,,0,False,
SRR10854835,PRJNA570422,SAMN12814054,0,,,False,,0,False,
SRR10854813,PRJNA570423,SAMN12813053,1,spire_mag_02001581,SAMN12813053,False,,0,False,
SRR11567489,PRJNA621940,SAMN14515104,0,,,False,,0,False,
SRR18077944,PRJNA808433,SAMN26095789,0,,,False,,0,False,
SRR18077946,PRJNA808433,SAMN26095787,0,,,False,,0,False,
SRR18077947,PRJNA808433,SAMN26095786,0,,,False,,0,False,
SRR18077948,PRJNA808433,SAMN26095791,0,,,False,,0,False,
SRR18077949,PRJNA808433,SAMN26095790,0,,,False,,0,False,
SRR18077950,PRJNA808433,SAMN26095789,0,,,False,,0,False,
SRR18077952,PRJNA808433,SAMN26095797,0,,,False,,0,False,
SRR18077953,PRJNA808433,SAMN26095796,0,,,False,,0,False,
SRR18077954,PRJNA808433,SAMN26095795,0,,,False,,0,False,
SRR18077955,PRJNA808433,SAMN26095794,0,,,False,,0,False,
SRR18077956,PRJNA808433,SAMN26095793,0,,,False,,0,False,
SRR18077958,PRJNA808433,SAMN26095791,0,,,False,,0,False,
SRR18077959,PRJNA808433,SAMN26095790,0,,,False,,0,False,
SRR18077960,PRJNA808433,SAMN26095787,0,,,False,,0,False,
SRR18077961,PRJNA808433,SAMN26095786,0,,,False,,0,False,
SRR6307338,PRJNA419081,SAMN08042462,0,,,False,,0,False,
SRR21679871,PRJNA883528,SAMN30966949,0,,,False,,0,False,
SRR21679866,PRJNA883528,SAMN30966954,0,,,False,,0,False,
SRR21679880,PRJNA883528,SAMN30966941,0,,,False,,0,False,
SRR21679865,PRJNA883528,SAMN30966955,0,,,False,,0,False,
SRR21679884,PRJNA883528,SAMN30966929,0,,,False,,0,False,
SRR21679862,PRJNA883528,SAMN30966958,0,,,False,,0,False,
SRR21679861,PRJNA883528,SAMN30966932,0,,,False,,0,False,
SRR21679873,PRJNA883528,SAMN30966948,0,,,False,,0,False,
SRR21679863,PRJNA883528,SAMN30966957,0,,,False,,0,False,
SRR21679882,PRJNA883528,SAMN30966939,0,,,False,,0,False,
SRR3989117,PRJNA330054,SAMN05421711,31,spire_mag_00722458;spire_mag_00722460;spire_mag_00722464;spire_mag_00722468;spire_mag_00722474;spire_mag_00722476;spire_mag_00722478;spire_mag_00722479;spire_mag_00722480;spire_mag_00722484;spire_mag_00722485;spire_mag_00722486;spire_mag_00722487;spire_mag_00722493;spire_mag_00722495;spire_mag_00722501;spire_mag_00722505;spire_mag_00722506;spire_mag_00722508;spire_mag_00722511;spire_mag_00722514;spire_mag_00722517;spire_mag_00722518;spire_mag_00722519;spire_mag_00722522;spire_mag_00722525;spire_mag_00722526;spire_mag_00722530;spire_mag_00722532;spire_mag_00722533;spire_mag_00722535,SAMN05421711,False,,0,False,
SRR3989121,PRJNA330055,SAMN05422037,22,spire_mag_00721282;spire_mag_00721299;spire_mag_00721300;spire_mag_00721301;spire_mag_00721305;spire_mag_00721308;spire_mag_00721311;spire_mag_00721314;spire_mag_00721318;spire_mag_00721321;spire_mag_00721322;spire_mag_00721331;spire_mag_00721336;spire_mag_00721338;spire_mag_00721340;spire_mag_00721341;spire_mag_00721344;spire_mag_00721345;spire_mag_00721346;spire_mag_00721348;spire_mag_00721349;spire_mag_00721351,SAMN05422037,False,,0,False,
SRR3989219,PRJNA330058,SAMN05421894,17,spire_mag_00722023;spire_mag_00722035;spire_mag_00722036;spire_mag_00722043;spire_mag_00722047;spire_mag_00722048;spire_mag_00722051;spire_mag_00722061;spire_mag_00722062;spire_mag_00722063;spire_mag_00722065;spire_mag_00722070;spire_mag_00722071;spire_mag_00722072;spire_mag_00722073;spire_mag_00722074;spire_mag_00722076,SAMN05421894,False,,0,False,
SRR3989220,PRJNA330059,SAMN05422035,17,spire_mag_00722282;spire_mag_00722284;spire_mag_00722287;spire_mag_00722288;spire_mag_00722290;spire_mag_00722292;spire_mag_00722294;spire_mag_00722295;spire_mag_00722296;spire_mag_00722301;spire_mag_00722311;spire_mag_00722312;spire_mag_00722320;spire_mag_00722321;spire_mag_00722329;spire_mag_00722333;spire_mag_00722335,SAMN05422035,False,,0,False,
SRR3989238,PRJNA330062,SAMN05422034,17,spire_mag_00720879;spire_mag_00720889;spire_mag_00720890;spire_mag_00720896;spire_mag_00720897;spire_mag_00720902;spire_mag_00720903;spire_mag_00720905;spire_mag_00720908;spire_mag_00720915;spire_mag_00720919;spire_mag_00720922;spire_mag_00720925;spire_mag_00720930;spire_mag_00720931;spire_mag_00720935;spire_mag_00720940,SAMN05422034,False,,0,False,
SRR3989239,PRJNA330063,SAMN05422033,21,spire_mag_00721780;spire_mag_00721787;spire_mag_00721795;spire_mag_00721801;spire_mag_00721804;spire_mag_00721807;spire_mag_00721811;spire_mag_00721813;spire_mag_00721815;spire_mag_00721816;spire_mag_00721817;spire_mag_00721820;spire_mag_00721827;spire_mag_00721828;spire_mag_00721829;spire_mag_00721832;spire_mag_00721834;spire_mag_00721836;spire_mag_00721850;spire_mag_00721853;spire_mag_00721854,SAMN05422033,False,,0,False,
SRR3989237,PRJNA330064,SAMN05421713,14,spire_mag_00721207;spire_mag_00721216;spire_mag_00721220;spire_mag_00721222;spire_mag_00721226;spire_mag_00721228;spire_mag_00721229;spire_mag_00721237;spire_mag_00721238;spire_mag_00721239;spire_mag_00721242;spire_mag_00721243;spire_mag_00721246;spire_mag_00721248,SAMN05421713,False,,0,False,
SRR3989240,PRJNA330065,SAMN05422030,30,spire_mag_00720501;spire_mag_00720511;spire_mag_00720513;spire_mag_00720515;spire_mag_00720520;spire_mag_00720524;spire_mag_00720531;spire_mag_00720532;spire_mag_00720534;spire_mag_00720537;spire_mag_00720538;spire_mag_00720539;spire_mag_00720540;spire_mag_00720542;spire_mag_00720551;spire_mag_00720552;spire_mag_00720556;spire_mag_00720560;spire_mag_00720563;spire_mag_00720564;spire_mag_00720565;spire_mag_00720567;spire_mag_00720575;spire_mag_00720584;spire_mag_00720587;spire_mag_00720588;spire_mag_00720592;spire_mag_00720593;spire_mag_00720602;spire_mag_00720604,SAMN05422030,False,,0,False,
SRR3989256,PRJNA330164,SAMN05422242,17,spire_mag_00722363;spire_mag_00722379;spire_mag_00722382;spire_mag_00722383;spire_mag_00722387;spire_mag_00722388;spire_mag_00722389;spire_mag_00722390;spire_mag_00722391;spire_mag_00722395;spire_mag_00722406;spire_mag_00722407;spire_mag_00722408;spire_mag_00722409;spire_mag_00722412;spire_mag_00722420;spire_mag_00722427,SAMN05422242,False,,0,False,
SRR3989255,PRJNA330165,SAMN05422029,24,spire_mag_00720114;spire_mag_00720117;spire_mag_00720127;spire_mag_00720128;spire_mag_00720129;spire_mag_00720130;spire_mag_00720131;spire_mag_00720132;spire_mag_00720137;spire_mag_00720138;spire_mag_00720141;spire_mag_00720144;spire_mag_00720145;spire_mag_00720146;spire_mag_00720148;spire_mag_00720149;spire_mag_00720151;spire_mag_00720153;spire_mag_00720159;spire_mag_00720160;spire_mag_00720162;spire_mag_00720163;spire_mag_00720166;spire_mag_00720169,SAMN05422029,False,,0,False,
SRR3989258,PRJNA330169,SAMN05422026,29,spire_mag_00722538;spire_mag_00722541;spire_mag_00722543;spire_mag_00722544;spire_mag_00722546;spire_mag_00722547;spire_mag_00722548;spire_mag_00722549;spire_mag_00722551;spire_mag_00722553;spire_mag_00722557;spire_mag_00722558;spire_mag_00722559;spire_mag_00722569;spire_mag_00722571;spire_mag_00722572;spire_mag_00722573;spire_mag_00722576;spire_mag_00722578;spire_mag_00722579;spire_mag_00722580;spire_mag_00722581;spire_mag_00722583;spire_mag_00722585;spire_mag_00722592;spire_mag_00722596;spire_mag_00722597;spire_mag_00722601;spire_mag_00722602,SAMN05422026,False,,0,False,
SRR3985390,PRJNA330277,SAMN05422239,15,spire_mag_00721574;spire_mag_00721578;spire_mag_00721580;spire_mag_00721583;spire_mag_00721584;spire_mag_00721589;spire_mag_00721590;spire_mag_00721592;spire_mag_00721597;spire_mag_00721599;spire_mag_00721602;spire_mag_00721605;spire_mag_00721607;spire_mag_00721610;spire_mag_00721613,SAMN05422239,False,,0,False,
SRR3985391,PRJNA330278,SAMN05422088,8,spire_mag_00722172;spire_mag_00722173;spire_mag_00722178;spire_mag_00722179;spire_mag_00722182;spire_mag_00722185;spire_mag_00722187;spire_mag_00722191,SAMN05422088,False,,0,False,
SRR3985396,PRJNA330279,SAMN05422087,18,spire_mag_00720752;spire_mag_00720756;spire_mag_00720758;spire_mag_00720760;spire_mag_00720761;spire_mag_00720763;spire_mag_00720766;spire_mag_00720768;spire_mag_00720773;spire_mag_00720774;spire_mag_00720777;spire_mag_00720779;spire_mag_00720783;spire_mag_00720785;spire_mag_00720788;spire_mag_00720791;spire_mag_00720795;spire_mag_00720796,SAMN05422087,False,,0,False,
SRR3985397,PRJNA330280,SAMN05422080,8,spire_mag_00722340;spire_mag_00722341;spire_mag_00722342;spire_mag_00722346;spire_mag_00722349;spire_mag_00722350;spire_mag_00722353;spire_mag_00722354,SAMN05422080,False,,0,False,
SRR3985395,PRJNA330281,SAMN05421586,12,spire_mag_00721423;spire_mag_00721425;spire_mag_00721427;spire_mag_00721429;spire_mag_00721434;spire_mag_00721437;spire_mag_00721438;spire_mag_00721444;spire_mag_00721447;spire_mag_00721448;spire_mag_00721454;spire_mag_00721455,SAMN05421586,False,,0,False,
SRR3984962,PRJNA330282,SAMN05422072,15,spire_mag_00719717;spire_mag_00719723;spire_mag_00719724;spire_mag_00719735;spire_mag_00719736;spire_mag_00719737;spire_mag_00719741;spire_mag_00719744;spire_mag_00719745;spire_mag_00719750;spire_mag_00719752;spire_mag_00719754;spire_mag_00719756;spire_mag_00719757;spire_mag_00719760,SAMN05422072,False,,0,False,
SRR3984961,PRJNA330283,SAMN05421609,3,spire_mag_00721623;spire_mag_00721625;spire_mag_00721636,SAMN05421609,False,,0,False,
SRR3985394,PRJNA330284,SAMN05422071,8,spire_mag_00722258;spire_mag_00722259;spire_mag_00722262;spire_mag_00722264;spire_mag_00722267;spire_mag_00722272;spire_mag_00722277;spire_mag_00722279,SAMN05422071,False,,0,False,
SRR3984960,PRJNA330286,SAMN05421610,14,spire_mag_00721957;spire_mag_00721961;spire_mag_00721962;spire_mag_00721970;spire_mag_00721976;spire_mag_00721977;spire_mag_00721979;spire_mag_00721983;spire_mag_00721985;spire_mag_00721987;spire_mag_00721990;spire_mag_00721996;spire_mag_00721998;spire_mag_00722001,SAMN05421610,False,,0,False,
SRR3985186,PRJNA330287,SAMN05422254,1,spire_mag_00720319,SAMN05422254,False,,0,False,
SRR3985418,PRJNA330288,SAMN05422069,6,spire_mag_00720696;spire_mag_00720704;spire_mag_00720705;spire_mag_00720709;spire_mag_00720712;spire_mag_00720716,SAMN05422069,False,,0,False,
SRR3985419,PRJNA330289,SAMN05422059,11,spire_mag_00721647;spire_mag_00721648;spire_mag_00721650;spire_mag_00721653;spire_mag_00721655;spire_mag_00721656;spire_mag_00721660;spire_mag_00721663;spire_mag_00721666;spire_mag_00721667;spire_mag_00721670,SAMN05422059,False,,0,False,
SRR3984963,PRJNA330290,SAMN05422058,14,spire_mag_00719984;spire_mag_00719987;spire_mag_00719988;spire_mag_00719990;spire_mag_00719991;spire_mag_00719993;spire_mag_00719996;spire_mag_00719997;spire_mag_00719998;spire_mag_00719999;spire_mag_00720006;spire_mag_00720007;spire_mag_00720009;spire_mag_00720014,SAMN05422058,False,,0,False,
SRR3985188,PRJNA330291,SAMN05422057,3,spire_mag_00722010;spire_mag_00722020;spire_mag_00722021,SAMN05422057,False,,0,False,
SRR3985421,PRJNA330292,SAMN05421611,10,spire_mag_00721074;spire_mag_00721075;spire_mag_00721080;spire_mag_00721081;spire_mag_00721083;spire_mag_00721085;spire_mag_00721086;spire_mag_00721088;spire_mag_00721092;spire_mag_00721093,SAMN05421611,False,,0,False,
SRR3985424,PRJNA330293,SAMN05422056,11,spire_mag_00720278;spire_mag_00720280;spire_mag_00720281;spire_mag_00720284;spire_mag_00720285;spire_mag_00720286;spire_mag_00720288;spire_mag_00720290;spire_mag_00720292;spire_mag_00720297;spire_mag_00720308,SAMN05422056,False,,0,False,
SRR3985190,PRJNA330294,SAMN05421916,12,spire_mag_00720718;spire_mag_00720721;spire_mag_00720725;spire_mag_00720729;spire_mag_00720731;spire_mag_00720732;spire_mag_00720733;spire_mag_00720734;spire_mag_00720737;spire_mag_00720740;spire_mag_00720744;spire_mag_00720745,SAMN05421916,False,,0,False,
SRR3985527,PRJNA330296,SAMN05422055,8,spire_mag_00721352;spire_mag_00721356;spire_mag_00721358;spire_mag_00721359;spire_mag_00721363;spire_mag_00721365;spire_mag_00721367;spire_mag_00721371,SAMN05422055,False,,0,False,
SRR8090375,PRJNA330299,SAMN10215879,10,spire_mag_00722128;spire_mag_00722129;spire_mag_00722132;spire_mag_00722133;spire_mag_00722135;spire_mag_00722136;spire_mag_00722138;spire_mag_00722143;spire_mag_00722145;spire_mag_00722147,SAMN10215879,False,,0,False,
SRR3985368,PRJNA330300,SAMN05422050,1,spire_mag_00720086,SAMN05422050,False,,0,False,
SRR3985370,PRJNA330303,SAMN05421614,5,spire_mag_00721094;spire_mag_00721095;spire_mag_00721098;spire_mag_00721103;spire_mag_00721107,SAMN05421614,False,,0,False,
SRR3985383,PRJNA330307,SAMN05422046,9,spire_mag_00721257;spire_mag_00721260;spire_mag_00721261;spire_mag_00721262;spire_mag_00721266;spire_mag_00721267;spire_mag_00721269;spire_mag_00721276;spire_mag_00721278,SAMN05422046,False,,0,False,
SRR3985385,PRJNA330311,SAMN05422043,9,spire_mag_00721055;spire_mag_00721058;spire_mag_00721059;spire_mag_00721060;spire_mag_00721064;spire_mag_00721065;spire_mag_00721066;spire_mag_00721067;spire_mag_00721068,SAMN05422043,False,,0,False,
SRR5823773,PRJNA364951,SAMN06266165,0,,,False,,0,False,
SRR5824231,PRJNA364952,SAMN06264844,8,spire_mag_01970803;spire_mag_01970809;spire_mag_01970811;spire_mag_01970812;spire_mag_01970813;spire_mag_01970815;spire_mag_01970817;spire_mag_01970820,SAMN06264844,False,,0,False,
SRR5824230,PRJNA364953,SAMN06266166,17,spire_mag_01974344;spire_mag_01974345;spire_mag_01974346;spire_mag_01974347;spire_mag_01974348;spire_mag_01974350;spire_mag_01974352;spire_mag_01974354;spire_mag_01974356;spire_mag_01974357;spire_mag_01974358;spire_mag_01974360;spire_mag_01974361;spire_mag_01974370;spire_mag_01974371;spire_mag_01974374;spire_mag_01974376,SAMN06266166,False,,0,False,
SRR5824233,PRJNA364954,SAMN06266155,21,spire_mag_01973028;spire_mag_01973029;spire_mag_01973031;spire_mag_01973033;spire_mag_01973034;spire_mag_01973037;spire_mag_01973038;spire_mag_01973039;spire_mag_01973040;spire_mag_01973041;spire_mag_01973043;spire_mag_01973044;spire_mag_01973045;spire_mag_01973047;spire_mag_01973049;spire_mag_01973052;spire_mag_01973053;spire_mag_01973056;spire_mag_01973058;spire_mag_01973059;spire_mag_01973061,SAMN06266155,False,,0,False,
SRR5824234,PRJNA364955,SAMN06264668,1,spire_mag_01969713,SAMN06264668,False,,0,False,
SRR5824229,PRJNA364956,SAMN06266167,9,spire_mag_01970884;spire_mag_01970887;spire_mag_01970890;spire_mag_01970891;spire_mag_01970895;spire_mag_01970896;spire_mag_01970897;spire_mag_01970901;spire_mag_01970903,SAMN06266167,False,,0,False,
SRR5824232,PRJNA364957,SAMN06264897,22,spire_mag_01970698;spire_mag_01970701;spire_mag_01970702;spire_mag_01970703;spire_mag_01970704;spire_mag_01970705;spire_mag_01970708;spire_mag_01970709;spire_mag_01970710;spire_mag_01970713;spire_mag_01970715;spire_mag_01970717;spire_mag_01970719;spire_mag_01970721;spire_mag_01970724;spire_mag_01970726;spire_mag_01970727;spire_mag_01970731;spire_mag_01970735;spire_mag_01970739;spire_mag_01970740;spire_mag_01970741,SAMN06264897,False,,0,False,
SRR5824228,PRJNA364958,SAMN06266168,17,spire_mag_01973267;spire_mag_01973270;spire_mag_01973272;spire_mag_01973273;spire_mag_01973274;spire_mag_01973276;spire_mag_01973277;spire_mag_01973278;spire_mag_01973281;spire_mag_01973283;spire_mag_01973284;spire_mag_01973287;spire_mag_01973288;spire_mag_01973289;spire_mag_01973290;spire_mag_01973291;spire_mag_01973293,SAMN06266168,False,,0,False,
SRR5824346,PRJNA364960,SAMN06264896,12,spire_mag_01974225;spire_mag_01974227;spire_mag_01974228;spire_mag_01974233;spire_mag_01974235;spire_mag_01974237;spire_mag_01974238;spire_mag_01974242;spire_mag_01974246;spire_mag_01974250;spire_mag_01974254;spire_mag_01974255,SAMN06264896,False,,0,False,
SRR5825477,PRJNA364961,SAMN06266170,17,spire_mag_01972060;spire_mag_01972066;spire_mag_01972070;spire_mag_01972071;spire_mag_01972073;spire_mag_01972076;spire_mag_01972077;spire_mag_01972078;spire_mag_01972083;spire_mag_01972088;spire_mag_01972089;spire_mag_01972090;spire_mag_01972092;spire_mag_01972093;spire_mag_01972097;spire_mag_01972098;spire_mag_01972100,SAMN06266170,False,,0,False,
SRR5825486,PRJNA364962,SAMN06264667,17,spire_mag_01974874;spire_mag_01974876;spire_mag_01974877;spire_mag_01974878;spire_mag_01974879;spire_mag_01974880;spire_mag_01974881;spire_mag_01974882;spire_mag_01974883;spire_mag_01974885;spire_mag_01974887;spire_mag_01974890;spire_mag_01974894;spire_mag_01974897;spire_mag_01974898;spire_mag_01974899;spire_mag_01974900,SAMN06264667,False,,0,False,
SRR5825480,PRJNA364963,SAMN06266156,0,,,False,,0,False,
SRR5825479,PRJNA364964,SAMN06264880,12,spire_mag_01970780;spire_mag_01970781;spire_mag_01970785;spire_mag_01970786;spire_mag_01970788;spire_mag_01970792;spire_mag_01970794;spire_mag_01970795;spire_mag_01970796;spire_mag_01970798;spire_mag_01970800;spire_mag_01970801,SAMN06264880,False,,0,False,
SRR5825482,PRJNA364965,SAMN06264879,12,spire_mag_01970745;spire_mag_01970746;spire_mag_01970750;spire_mag_01970751;spire_mag_01970752;spire_mag_01970756;spire_mag_01970759;spire_mag_01970761;spire_mag_01970763;spire_mag_01970764;spire_mag_01970769;spire_mag_01970772,SAMN06264879,False,,0,False,
SRR5825484,PRJNA364966,SAMN06266157,25,spire_mag_01974416;spire_mag_01974417;spire_mag_01974418;spire_mag_01974421;spire_mag_01974422;spire_mag_01974425;spire_mag_01974431;spire_mag_01974434;spire_mag_01974436;spire_mag_01974437;spire_mag_01974438;spire_mag_01974441;spire_mag_01974445;spire_mag_01974448;spire_mag_01974449;spire_mag_01974450;spire_mag_01974451;spire_mag_01974452;spire_mag_01974453;spire_mag_01974457;spire_mag_01974458;spire_mag_01974459;spire_mag_01974461;spire_mag_01974462;spire_mag_01974463,SAMN06266157,False,,0,False,
SRR5825478,PRJNA364967,SAMN06266171,1,spire_mag_01974720,SAMN06266171,False,,0,False,
SRR5825485,PRJNA364968,SAMN06264878,13,spire_mag_01974258;spire_mag_01974261;spire_mag_01974263;spire_mag_01974265;spire_mag_01974270;spire_mag_01974271;spire_mag_01974272;spire_mag_01974274;spire_mag_01974275;spire_mag_01974278;spire_mag_01974285;spire_mag_01974287;spire_mag_01974290,SAMN06264878,False,,0,False,
SRR5825842,PRJNA364970,SAMN06264877,16,spire_mag_01971795;spire_mag_01971797;spire_mag_01971799;spire_mag_01971800;spire_mag_01971808;spire_mag_01971809;spire_mag_01971812;spire_mag_01971813;spire_mag_01971815;spire_mag_01971819;spire_mag_01971821;spire_mag_01971825;spire_mag_01971828;spire_mag_01971831;spire_mag_01971833;spire_mag_01971836,SAMN06264877,False,,0,False,
SRR5825840,PRJNA364971,SAMN06266174,8,spire_mag_01972005;spire_mag_01972006;spire_mag_01972010;spire_mag_01972011;spire_mag_01972012;spire_mag_01972013;spire_mag_01972019;spire_mag_01972021,SAMN06266174,False,,0,False,
SRR5825841,PRJNA364973,SAMN06265149,12,spire_mag_01974561;spire_mag_01974562;spire_mag_01974563;spire_mag_01974564;spire_mag_01974566;spire_mag_01974570;spire_mag_01974571;spire_mag_01974584;spire_mag_01974586;spire_mag_01974588;spire_mag_01974592;spire_mag_01974593,SAMN06265149,False,,0,False,
SRR5825847,PRJNA364974,SAMN06266158,25,spire_mag_01971084;spire_mag_01971085;spire_mag_01971086;spire_mag_01971087;spire_mag_01971088;spire_mag_01971090;spire_mag_01971092;spire_mag_01971094;spire_mag_01971095;spire_mag_01971097;spire_mag_01971102;spire_mag_01971105;spire_mag_01971106;spire_mag_01971113;spire_mag_01971114;spire_mag_01971115;spire_mag_01971116;spire_mag_01971117;spire_mag_01971118;spire_mag_01971119;spire_mag_01971122;spire_mag_01971124;spire_mag_01971126;spire_mag_01971129;spire_mag_01971130,SAMN06266158,False,,0,False,
SRR5825844,PRJNA364975,SAMN06266185,3,spire_mag_01970773;spire_mag_01970774;spire_mag_01970775,SAMN06266185,False,,0,False,
SRR5825846,PRJNA364976,SAMN06266175,15,spire_mag_01974595;spire_mag_01974597;spire_mag_01974600;spire_mag_01974601;spire_mag_01974604;spire_mag_01974607;spire_mag_01974608;spire_mag_01974609;spire_mag_01974612;spire_mag_01974618;spire_mag_01974624;spire_mag_01974625;spire_mag_01974627;spire_mag_01974636;spire_mag_01974638,SAMN06266175,False,,0,False,
SRR5825845,PRJNA364977,SAMN06266176,17,spire_mag_01971191;spire_mag_01971192;spire_mag_01971194;spire_mag_01971196;spire_mag_01971198;spire_mag_01971199;spire_mag_01971200;spire_mag_01971201;spire_mag_01971203;spire_mag_01971205;spire_mag_01971207;spire_mag_01971211;spire_mag_01971215;spire_mag_01971217;spire_mag_01971219;spire_mag_01971221;spire_mag_01971223,SAMN06266176,False,,0,False,
SRR5829246,PRJNA364978,SAMN06265144,14,spire_mag_01972024;spire_mag_01972025;spire_mag_01972026;spire_mag_01972028;spire_mag_01972030;spire_mag_01972031;spire_mag_01972032;spire_mag_01972035;spire_mag_01972038;spire_mag_01972039;spire_mag_01972043;spire_mag_01972046;spire_mag_01972049;spire_mag_01972053,SAMN06265144,False,,0,False,
SRR5829222,PRJNA364979,SAMN06266177,9,spire_mag_01973653;spire_mag_01973657;spire_mag_01973659;spire_mag_01973660;spire_mag_01973662;spire_mag_01973664;spire_mag_01973666;spire_mag_01973667;spire_mag_01973670,SAMN06266177,False,,0,False,
SRR5828270,PRJNA364980,SAMN06265143,12,spire_mag_01973160;spire_mag_01973163;spire_mag_01973165;spire_mag_01973167;spire_mag_01973168;spire_mag_01973169;spire_mag_01973171;spire_mag_01973172;spire_mag_01973173;spire_mag_01973176;spire_mag_01973179;spire_mag_01973180,SAMN06265143,False,,0,False,
SRR5828267,PRJNA364981,SAMN06266178,21,spire_mag_01972282;spire_mag_01972283;spire_mag_01972284;spire_mag_01972285;spire_mag_01972287;spire_mag_01972288;spire_mag_01972289;spire_mag_01972293;spire_mag_01972294;spire_mag_01972295;spire_mag_01972296;spire_mag_01972299;spire_mag_01972300;spire_mag_01972301;spire_mag_01972310;spire_mag_01972313;spire_mag_01972314;spire_mag_01972315;spire_mag_01972317;spire_mag_01972319;spire_mag_01972321,SAMN06266178,False,,0,False,
SRR5828269,PRJNA364983,SAMN06265142,0,,,False,,0,False,
SRR5828265,PRJNA364985,SAMN06266180,6,spire_mag_01974679;spire_mag_01974680;spire_mag_01974681;spire_mag_01974682;spire_mag_01974684;spire_mag_01974686,SAMN06266180,False,,0,False,
SRR5828266,PRJNA364987,SAMN06266159,26,spire_mag_01973376;spire_mag_01973377;spire_mag_01973381;spire_mag_01973383;spire_mag_01973385;spire_mag_01973386;spire_mag_01973387;spire_mag_01973391;spire_mag_01973392;spire_mag_01973394;spire_mag_01973400;spire_mag_01973401;spire_mag_01973402;spire_mag_01973403;spire_mag_01973406;spire_mag_01973410;spire_mag_01973411;spire_mag_01973413;spire_mag_01973414;spire_mag_01973415;spire_mag_01973417;spire_mag_01973420;spire_mag_01973421;spire_mag_01973423;spire_mag_01973424;spire_mag_01973426,SAMN06266159,False,,0,False,
SRR5828611,PRJNA364988,SAMN06266160,17,spire_mag_01973127;spire_mag_01973131;spire_mag_01973132;spire_mag_01973133;spire_mag_01973134;spire_mag_01973135;spire_mag_01973139;spire_mag_01973140;spire_mag_01973142;spire_mag_01973145;spire_mag_01973146;spire_mag_01973148;spire_mag_01973149;spire_mag_01973150;spire_mag_01973154;spire_mag_01973155;spire_mag_01973156,SAMN06266160,False,,0,False,
SRR5440529,PRJNA382698,SAMN06712540,0,,,False,,0,False,
SRR5440530,PRJNA382698,SAMN06712539,0,,,False,,0,False,
SRR5440535,PRJNA382698,SAMN06712534,0,,,False,,0,False,
SRR5440534,PRJNA382698,SAMN06712535,0,,,False,,0,False,
SRR5440531,PRJNA382698,SAMN06712538,0,,,False,,0,False,
SRR5440533,PRJNA382698,SAMN06712536,0,,,False,,0,False,
SRR6181329,PRJNA406762,SAMN07631758,17,spire_mag_01974833;spire_mag_01974834;spire_mag_01974836;spire_mag_01974837;spire_mag_01974840;spire_mag_01974842;spire_mag_01974843;spire_mag_01974847;spire_mag_01974852;spire_mag_01974853;spire_mag_01974855;spire_mag_01974856;spire_mag_01974858;spire_mag_01974861;spire_mag_01974866;spire_mag_01974869;spire_mag_01974872,SAMN07631758,False,,0,False,
SRR6181340,PRJNA406763,SAMN07631759,22,spire_mag_01969578;spire_mag_01969579;spire_mag_01969580;spire_mag_01969583;spire_mag_01969584;spire_mag_01969592;spire_mag_01969593;spire_mag_01969595;spire_mag_01969597;spire_mag_01969599;spire_mag_01969612;spire_mag_01969617;spire_mag_01969620;spire_mag_01969621;spire_mag_01969623;spire_mag_01969624;spire_mag_01969632;spire_mag_01969633;spire_mag_01969634;spire_mag_01969635;spire_mag_01969636;spire_mag_01969638,SAMN07631759,False,,0,False,
SRR6181341,PRJNA406764,SAMN07631760,24,spire_mag_01970109;spire_mag_01970116;spire_mag_01970117;spire_mag_01970119;spire_mag_01970120;spire_mag_01970123;spire_mag_01970125;spire_mag_01970127;spire_mag_01970130;spire_mag_01970138;spire_mag_01970139;spire_mag_01970144;spire_mag_01970146;spire_mag_01970151;spire_mag_01970161;spire_mag_01970163;spire_mag_01970164;spire_mag_01970165;spire_mag_01970170;spire_mag_01970171;spire_mag_01970173;spire_mag_01970174;spire_mag_01970177;spire_mag_01970181,SAMN07631760,False,,0,False,
SRR6181346,PRJNA406765,SAMN07631761,26,spire_mag_01973064;spire_mag_01973066;spire_mag_01973067;spire_mag_01973070;spire_mag_01973072;spire_mag_01973075;spire_mag_01973077;spire_mag_01973081;spire_mag_01973085;spire_mag_01973087;spire_mag_01973088;spire_mag_01973089;spire_mag_01973092;spire_mag_01973094;spire_mag_01973095;spire_mag_01973097;spire_mag_01973101;spire_mag_01973102;spire_mag_01973106;spire_mag_01973108;spire_mag_01973109;spire_mag_01973110;spire_mag_01973111;spire_mag_01973112;spire_mag_01973113;spire_mag_01973124,SAMN07631761,False,,0,False,
SRR6181347,PRJNA406766,SAMN07631762,34,spire_mag_01971912;spire_mag_01971918;spire_mag_01971920;spire_mag_01971922;spire_mag_01971924;spire_mag_01971926;spire_mag_01971929;spire_mag_01971936;spire_mag_01971937;spire_mag_01971938;spire_mag_01971940;spire_mag_01971942;spire_mag_01971945;spire_mag_01971946;spire_mag_01971951;spire_mag_01971952;spire_mag_01971953;spire_mag_01971954;spire_mag_01971957;spire_mag_01971962;spire_mag_01971968;spire_mag_01971973;spire_mag_01971976;spire_mag_01971977;spire_mag_01971978;spire_mag_01971981;spire_mag_01971982;spire_mag_01971984;spire_mag_01971985;spire_mag_01971986;spire_mag_01971987;spire_mag_01971992;spire_mag_01971993;spire_mag_01971995,SAMN07631762,False,,0,False,
SRR6182195,PRJNA406767,SAMN07631763,12,spire_mag_01974523;spire_mag_01974524;spire_mag_01974535;spire_mag_01974536;spire_mag_01974537;spire_mag_01974538;spire_mag_01974541;spire_mag_01974546;spire_mag_01974548;spire_mag_01974551;spire_mag_01974552;spire_mag_01974553,SAMN07631763,False,,0,False,
SRR6182196,PRJNA406768,SAMN07631764,23,spire_mag_01970910;spire_mag_01970911;spire_mag_01970912;spire_mag_01970922;spire_mag_01970923;spire_mag_01970925;spire_mag_01970928;spire_mag_01970932;spire_mag_01970935;spire_mag_01970938;spire_mag_01970941;spire_mag_01970942;spire_mag_01970944;spire_mag_01970951;spire_mag_01970952;spire_mag_01970953;spire_mag_01970955;spire_mag_01970959;spire_mag_01970961;spire_mag_01970964;spire_mag_01970966;spire_mag_01970970;spire_mag_01970971,SAMN07631764,False,,0,False,
SRR6182164,PRJNA406769,SAMN07631765,30,spire_mag_01973487;spire_mag_01973490;spire_mag_01973491;spire_mag_01973492;spire_mag_01973494;spire_mag_01973498;spire_mag_01973501;spire_mag_01973502;spire_mag_01973505;spire_mag_01973506;spire_mag_01973507;spire_mag_01973509;spire_mag_01973512;spire_mag_01973515;spire_mag_01973516;spire_mag_01973519;spire_mag_01973521;spire_mag_01973523;spire_mag_01973525;spire_mag_01973530;spire_mag_01973532;spire_mag_01973535;spire_mag_01973540;spire_mag_01973541;spire_mag_01973544;spire_mag_01973547;spire_mag_01973548;spire_mag_01973554;spire_mag_01973555;spire_mag_01973557,SAMN07631765,False,,0,False,
SRR6182818,PRJNA406770,SAMN07631766,14,spire_mag_01972149;spire_mag_01972152;spire_mag_01972154;spire_mag_01972155;spire_mag_01972156;spire_mag_01972157;spire_mag_01972163;spire_mag_01972168;spire_mag_01972173;spire_mag_01972178;spire_mag_01972180;spire_mag_01972181;spire_mag_01972184;spire_mag_01972185,SAMN07631766,False,,0,False,
SRR6182817,PRJNA406771,SAMN07631767,22,spire_mag_01974984;spire_mag_01974994;spire_mag_01974997;spire_mag_01974999;spire_mag_01975000;spire_mag_01975001;spire_mag_01975003;spire_mag_01975005;spire_mag_01975008;spire_mag_01975012;spire_mag_01975013;spire_mag_01975014;spire_mag_01975016;spire_mag_01975017;spire_mag_01975021;spire_mag_01975023;spire_mag_01975027;spire_mag_01975029;spire_mag_01975031;spire_mag_01975034;spire_mag_01975036;spire_mag_01975037,SAMN07631767,False,,0,False,
SRR6182855,PRJNA406772,SAMN07631768,32,spire_mag_01970040;spire_mag_01970042;spire_mag_01970043;spire_mag_01970044;spire_mag_01970049;spire_mag_01970050;spire_mag_01970054;spire_mag_01970055;spire_mag_01970057;spire_mag_01970060;spire_mag_01970062;spire_mag_01970066;spire_mag_01970067;spire_mag_01970069;spire_mag_01970070;spire_mag_01970071;spire_mag_01970072;spire_mag_01970073;spire_mag_01970078;spire_mag_01970080;spire_mag_01970082;spire_mag_01970083;spire_mag_01970084;spire_mag_01970086;spire_mag_01970088;spire_mag_01970089;spire_mag_01970090;spire_mag_01970093;spire_mag_01970095;spire_mag_01970096;spire_mag_01970097;spire_mag_01970102,SAMN07631768,False,,0,False,
SRR6182856,PRJNA406773,SAMN07631769,15,spire_mag_01972831;spire_mag_01972832;spire_mag_01972835;spire_mag_01972836;spire_mag_01972838;spire_mag_01972842;spire_mag_01972843;spire_mag_01972847;spire_mag_01972855;spire_mag_01972859;spire_mag_01972860;spire_mag_01972867;spire_mag_01972872;spire_mag_01972875;spire_mag_01972876,SAMN07631769,False,,0,False,
SRR6182865,PRJNA406774,SAMN07631770,20,spire_mag_01972948;spire_mag_01972952;spire_mag_01972953;spire_mag_01972958;spire_mag_01972959;spire_mag_01972960;spire_mag_01972975;spire_mag_01972978;spire_mag_01972980;spire_mag_01972988;spire_mag_01972990;spire_mag_01972992;spire_mag_01972996;spire_mag_01973002;spire_mag_01973003;spire_mag_01973004;spire_mag_01973012;spire_mag_01973018;spire_mag_01973019;spire_mag_01973022,SAMN07631770,False,,0,False,
SRR6183195,PRJNA406775,SAMN07631771,34,spire_mag_01971838;spire_mag_01971839;spire_mag_01971840;spire_mag_01971841;spire_mag_01971844;spire_mag_01971848;spire_mag_01971849;spire_mag_01971851;spire_mag_01971853;spire_mag_01971854;spire_mag_01971857;spire_mag_01971858;spire_mag_01971860;spire_mag_01971861;spire_mag_01971862;spire_mag_01971863;spire_mag_01971868;spire_mag_01971869;spire_mag_01971870;spire_mag_01971873;spire_mag_01971875;spire_mag_01971877;spire_mag_01971878;spire_mag_01971884;spire_mag_01971885;spire_mag_01971886;spire_mag_01971887;spire_mag_01971888;spire_mag_01971897;spire_mag_01971899;spire_mag_01971900;spire_mag_01971901;spire_mag_01971903;spire_mag_01971904,SAMN07631771,False,,0,False,
SRR6183461,PRJNA406776,SAMN07631772,12,spire_mag_01974380;spire_mag_01974383;spire_mag_01974384;spire_mag_01974390;spire_mag_01974391;spire_mag_01974395;spire_mag_01974399;spire_mag_01974402;spire_mag_01974403;spire_mag_01974406;spire_mag_01974408;spire_mag_01974412,SAMN07631772,False,,0,False,
SRR6183406,PRJNA406777,SAMN07631773,22,spire_mag_01970821;spire_mag_01970827;spire_mag_01970828;spire_mag_01970829;spire_mag_01970831;spire_mag_01970838;spire_mag_01970840;spire_mag_01970846;spire_mag_01970848;spire_mag_01970855;spire_mag_01970859;spire_mag_01970862;spire_mag_01970864;spire_mag_01970871;spire_mag_01970873;spire_mag_01970874;spire_mag_01970875;spire_mag_01970876;spire_mag_01970877;spire_mag_01970880;spire_mag_01970881;spire_mag_01970882,SAMN07631773,False,,0,False,
SRR6183484,PRJNA406778,SAMN07631774,34,spire_mag_01973301;spire_mag_01973304;spire_mag_01973305;spire_mag_01973307;spire_mag_01973308;spire_mag_01973310;spire_mag_01973311;spire_mag_01973315;spire_mag_01973316;spire_mag_01973317;spire_mag_01973318;spire_mag_01973320;spire_mag_01973325;spire_mag_01973327;spire_mag_01973329;spire_mag_01973330;spire_mag_01973331;spire_mag_01973332;spire_mag_01973335;spire_mag_01973336;spire_mag_01973337;spire_mag_01973339;spire_mag_01973341;spire_mag_01973343;spire_mag_01973345;spire_mag_01973347;spire_mag_01973350;spire_mag_01973353;spire_mag_01973356;spire_mag_01973360;spire_mag_01973361;spire_mag_01973369;spire_mag_01973370;spire_mag_01973372,SAMN07631774,False,,0,False,
SRR6183613,PRJNA406779,SAMN07631775,14,spire_mag_01972101;spire_mag_01972102;spire_mag_01972105;spire_mag_01972108;spire_mag_01972111;spire_mag_01972113;spire_mag_01972114;spire_mag_01972116;spire_mag_01972118;spire_mag_01972121;spire_mag_01972125;spire_mag_01972129;spire_mag_01972130;spire_mag_01972136,SAMN07631775,False,,0,False,
SRR6183662,PRJNA406780,SAMN07631776,40,spire_mag_01974902;spire_mag_01974903;spire_mag_01974904;spire_mag_01974906;spire_mag_01974907;spire_mag_01974910;spire_mag_01974911;spire_mag_01974912;spire_mag_01974913;spire_mag_01974914;spire_mag_01974917;spire_mag_01974918;spire_mag_01974922;spire_mag_01974926;spire_mag_01974927;spire_mag_01974930;spire_mag_01974932;spire_mag_01974933;spire_mag_01974935;spire_mag_01974936;spire_mag_01974942;spire_mag_01974945;spire_mag_01974949;spire_mag_01974951;spire_mag_01974957;spire_mag_01974958;spire_mag_01974961;spire_mag_01974963;spire_mag_01974964;spire_mag_01974965;spire_mag_01974966;spire_mag_01974971;spire_mag_01974972;spire_mag_01974974;spire_mag_01974975;spire_mag_01974976;spire_mag_01974978;spire_mag_01974979;spire_mag_01974981;spire_mag_01974982,SAMN07631776,False,,0,False,
SRR6183537,PRJNA406781,SAMN07631777,31,spire_mag_01969790;spire_mag_01969792;spire_mag_01969793;spire_mag_01969794;spire_mag_01969803;spire_mag_01969804;spire_mag_01969810;spire_mag_01969812;spire_mag_01969818;spire_mag_01969819;spire_mag_01969820;spire_mag_01969823;spire_mag_01969824;spire_mag_01969825;spire_mag_01969826;spire_mag_01969828;spire_mag_01969831;spire_mag_01969835;spire_mag_01969837;spire_mag_01969838;spire_mag_01969839;spire_mag_01969840;spire_mag_01969844;spire_mag_01969845;spire_mag_01969846;spire_mag_01969854;spire_mag_01969862;spire_mag_01969865;spire_mag_01969869;spire_mag_01969870;spire_mag_01969874,SAMN07631777,False,,0,False,
SRR6183736,PRJNA406783,SAMN07631779,33,spire_mag_01971460;spire_mag_01971461;spire_mag_01971466;spire_mag_01971467;spire_mag_01971471;spire_mag_01971472;spire_mag_01971475;spire_mag_01971477;spire_mag_01971482;spire_mag_01971483;spire_mag_01971484;spire_mag_01971485;spire_mag_01971487;spire_mag_01971490;spire_mag_01971491;spire_mag_01971492;spire_mag_01971493;spire_mag_01971495;spire_mag_01971497;spire_mag_01971500;spire_mag_01971501;spire_mag_01971506;spire_mag_01971507;spire_mag_01971509;spire_mag_01971510;spire_mag_01971513;spire_mag_01971515;spire_mag_01971520;spire_mag_01971521;spire_mag_01971522;spire_mag_01971525;spire_mag_01971527;spire_mag_01971528,SAMN07631779,False,,0,False,
SRR7027735,PRJNA443580,SAMN08777000,13,spire_mag_01974689;spire_mag_01974693;spire_mag_01974695;spire_mag_01974698;spire_mag_01974700;spire_mag_01974703;spire_mag_01974704;spire_mag_01974708;spire_mag_01974709;spire_mag_01974713;spire_mag_01974714;spire_mag_01974717;spire_mag_01974718,SAMN08777000,False,,0,False,
SRR7027741,PRJNA443581,SAMN08779011,23,spire_mag_01974467;spire_mag_01974468;spire_mag_01974473;spire_mag_01974474;spire_mag_01974477;spire_mag_01974479;spire_mag_01974480;spire_mag_01974481;spire_mag_01974482;spire_mag_01974484;spire_mag_01974485;spire_mag_01974487;spire_mag_01974488;spire_mag_01974496;spire_mag_01974499;spire_mag_01974506;spire_mag_01974507;spire_mag_01974508;spire_mag_01974510;spire_mag_01974511;spire_mag_01974514;spire_mag_01974515;spire_mag_01974520,SAMN08779011,False,,0,False,
SRR7027739,PRJNA443582,SAMN08776999,46,spire_mag_01972386;spire_mag_01972391;spire_mag_01972395;spire_mag_01972396;spire_mag_01972397;spire_mag_01972398;spire_mag_01972399;spire_mag_01972401;spire_mag_01972402;spire_mag_01972403;spire_mag_01972405;spire_mag_01972413;spire_mag_01972414;spire_mag_01972418;spire_mag_01972419;spire_mag_01972424;spire_mag_01972431;spire_mag_01972433;spire_mag_01972437;spire_mag_01972441;spire_mag_01972442;spire_mag_01972443;spire_mag_01972444;spire_mag_01972445;spire_mag_01972447;spire_mag_01972449;spire_mag_01972455;spire_mag_01972456;spire_mag_01972458;spire_mag_01972460;spire_mag_01972461;spire_mag_01972462;spire_mag_01972464;spire_mag_01972465;spire_mag_01972466;spire_mag_01972467;spire_mag_01972468;spire_mag_01972469;spire_mag_01972470;spire_mag_01972471;spire_mag_01972474;spire_mag_01972476;spire_mag_01972477;spire_mag_01972479;spire_mag_01972480;spire_mag_01972481,SAMN08776999,False,,0,False,
SRR7027740,PRJNA443583,SAMN08779012,46,spire_mag_01970973;spire_mag_01970974;spire_mag_01970975;spire_mag_01970976;spire_mag_01970978;spire_mag_01970979;spire_mag_01970983;spire_mag_01970985;spire_mag_01970991;spire_mag_01970992;spire_mag_01970994;spire_mag_01970995;spire_mag_01970996;spire_mag_01971000;spire_mag_01971003;spire_mag_01971007;spire_mag_01971009;spire_mag_01971015;spire_mag_01971017;spire_mag_01971020;spire_mag_01971021;spire_mag_01971024;spire_mag_01971025;spire_mag_01971026;spire_mag_01971027;spire_mag_01971029;spire_mag_01971032;spire_mag_01971035;spire_mag_01971036;spire_mag_01971037;spire_mag_01971039;spire_mag_01971040;spire_mag_01971041;spire_mag_01971049;spire_mag_01971050;spire_mag_01971052;spire_mag_01971059;spire_mag_01971061;spire_mag_01971062;spire_mag_01971067;spire_mag_01971072;spire_mag_01971075;spire_mag_01971078;spire_mag_01971079;spire_mag_01971080;spire_mag_01971081,SAMN08779012,False,,0,False,
SRR7027738,PRJNA443584,SAMN08776998,23,spire_mag_01969440;spire_mag_01969442;spire_mag_01969445;spire_mag_01969450;spire_mag_01969452;spire_mag_01969456;spire_mag_01969457;spire_mag_01969459;spire_mag_01969465;spire_mag_01969468;spire_mag_01969469;spire_mag_01969470;spire_mag_01969471;spire_mag_01969472;spire_mag_01969474;spire_mag_01969477;spire_mag_01969478;spire_mag_01969479;spire_mag_01969485;spire_mag_01969486;spire_mag_01969493;spire_mag_01969497;spire_mag_01969502,SAMN08776998,False,,0,False,
SRR7027742,PRJNA443585,SAMN08779013,22,spire_mag_01973429;spire_mag_01973431;spire_mag_01973437;spire_mag_01973440;spire_mag_01973442;spire_mag_01973447;spire_mag_01973450;spire_mag_01973452;spire_mag_01973454;spire_mag_01973458;spire_mag_01973461;spire_mag_01973462;spire_mag_01973463;spire_mag_01973464;spire_mag_01973470;spire_mag_01973471;spire_mag_01973472;spire_mag_01973473;spire_mag_01973477;spire_mag_01973478;spire_mag_01973481;spire_mag_01973482,SAMN08779013,False,,0,False,
SRR7027744,PRJNA443586,SAMN08776828,27,spire_mag_01970215;spire_mag_01970216;spire_mag_01970220;spire_mag_01970223;spire_mag_01970230;spire_mag_01970231;spire_mag_01970233;spire_mag_01970238;spire_mag_01970239;spire_mag_01970241;spire_mag_01970244;spire_mag_01970245;spire_mag_01970246;spire_mag_01970249;spire_mag_01970250;spire_mag_01970252;spire_mag_01970254;spire_mag_01970256;spire_mag_01970261;spire_mag_01970262;spire_mag_01970266;spire_mag_01970268;spire_mag_01970272;spire_mag_01970274;spire_mag_01970278;spire_mag_01970279;spire_mag_01970281,SAMN08776828,False,,0,False,
SRR7027743,PRJNA443587,SAMN08779014,41,spire_mag_01972193;spire_mag_01972194;spire_mag_01972195;spire_mag_01972198;spire_mag_01972201;spire_mag_01972203;spire_mag_01972212;spire_mag_01972214;spire_mag_01972215;spire_mag_01972216;spire_mag_01972219;spire_mag_01972220;spire_mag_01972223;spire_mag_01972225;spire_mag_01972227;spire_mag_01972230;spire_mag_01972233;spire_mag_01972235;spire_mag_01972238;spire_mag_01972240;spire_mag_01972241;spire_mag_01972243;spire_mag_01972244;spire_mag_01972246;spire_mag_01972249;spire_mag_01972251;spire_mag_01972253;spire_mag_01972255;spire_mag_01972257;spire_mag_01972258;spire_mag_01972259;spire_mag_01972261;spire_mag_01972263;spire_mag_01972264;spire_mag_01972267;spire_mag_01972270;spire_mag_01972272;spire_mag_01972276;spire_mag_01972277;spire_mag_01972279;spire_mag_01972280,SAMN08779014,False,,0,False,
SRR7027745,PRJNA443588,SAMN08776997,18,spire_mag_01975173;spire_mag_01975176;spire_mag_01975179;spire_mag_01975183;spire_mag_01975186;spire_mag_01975191;spire_mag_01975192;spire_mag_01975196;spire_mag_01975197;spire_mag_01975201;spire_mag_01975202;spire_mag_01975206;spire_mag_01975207;spire_mag_01975209;spire_mag_01975212;spire_mag_01975216;spire_mag_01975218;spire_mag_01975219,SAMN08776997,False,,0,False,
SRR7027752,PRJNA443589,SAMN08777133,19,spire_mag_01972324;spire_mag_01972328;spire_mag_01972331;spire_mag_01972334;spire_mag_01972335;spire_mag_01972336;spire_mag_01972338;spire_mag_01972344;spire_mag_01972350;spire_mag_01972352;spire_mag_01972353;spire_mag_01972355;spire_mag_01972358;spire_mag_01972360;spire_mag_01972363;spire_mag_01972366;spire_mag_01972368;spire_mag_01972370;spire_mag_01972373,SAMN08777133,False,,0,False,
SRR7027753,PRJNA443590,SAMN08779181,30,spire_mag_01974078;spire_mag_01974087;spire_mag_01974088;spire_mag_01974089;spire_mag_01974093;spire_mag_01974094;spire_mag_01974095;spire_mag_01974096;spire_mag_01974098;spire_mag_01974099;spire_mag_01974102;spire_mag_01974103;spire_mag_01974104;spire_mag_01974106;spire_mag_01974108;spire_mag_01974109;spire_mag_01974112;spire_mag_01974113;spire_mag_01974116;spire_mag_01974117;spire_mag_01974119;spire_mag_01974123;spire_mag_01974125;spire_mag_01974127;spire_mag_01974128;spire_mag_01974129;spire_mag_01974130;spire_mag_01974133;spire_mag_01974135;spire_mag_01974137,SAMN08779181,False,,0,False,
SRR7027823,PRJNA443591,SAMN08779015,40,spire_mag_01975042;spire_mag_01975043;spire_mag_01975046;spire_mag_01975047;spire_mag_01975048;spire_mag_01975056;spire_mag_01975059;spire_mag_01975062;spire_mag_01975065;spire_mag_01975067;spire_mag_01975069;spire_mag_01975070;spire_mag_01975072;spire_mag_01975073;spire_mag_01975075;spire_mag_01975076;spire_mag_01975079;spire_mag_01975081;spire_mag_01975092;spire_mag_01975100;spire_mag_01975101;spire_mag_01975103;spire_mag_01975104;spire_mag_01975107;spire_mag_01975113;spire_mag_01975115;spire_mag_01975118;spire_mag_01975120;spire_mag_01975121;spire_mag_01975129;spire_mag_01975131;spire_mag_01975132;spire_mag_01975135;spire_mag_01975136;spire_mag_01975141;spire_mag_01975143;spire_mag_01975146;spire_mag_01975147;spire_mag_01975149;spire_mag_01975151,SAMN08779015,False,,0,False,
SRR7027795,PRJNA443592,SAMN08777608,13,spire_mag_01973181;spire_mag_01973182;spire_mag_01973183;spire_mag_01973186;spire_mag_01973187;spire_mag_01973189;spire_mag_01973193;spire_mag_01973196;spire_mag_01973199;spire_mag_01973200;spire_mag_01973204;spire_mag_01973205;spire_mag_01973212,SAMN08777608,False,,0,False,
SRR7027822,PRJNA443593,SAMN08779043,21,spire_mag_01969643;spire_mag_01969644;spire_mag_01969646;spire_mag_01969647;spire_mag_01969653;spire_mag_01969659;spire_mag_01969661;spire_mag_01969663;spire_mag_01969666;spire_mag_01969668;spire_mag_01969674;spire_mag_01969686;spire_mag_01969687;spire_mag_01969689;spire_mag_01969691;spire_mag_01969692;spire_mag_01969694;spire_mag_01969698;spire_mag_01969704;spire_mag_01969706;spire_mag_01969710,SAMN08779043,False,,0,False,
SRR7027834,PRJNA443594,SAMN08777607,41,spire_mag_01970608;spire_mag_01970610;spire_mag_01970612;spire_mag_01970616;spire_mag_01970618;spire_mag_01970620;spire_mag_01970621;spire_mag_01970623;spire_mag_01970624;spire_mag_01970627;spire_mag_01970630;spire_mag_01970632;spire_mag_01970636;spire_mag_01970637;spire_mag_01970642;spire_mag_01970643;spire_mag_01970644;spire_mag_01970646;spire_mag_01970649;spire_mag_01970650;spire_mag_01970653;spire_mag_01970654;spire_mag_01970655;spire_mag_01970659;spire_mag_01970660;spire_mag_01970665;spire_mag_01970666;spire_mag_01970667;spire_mag_01970670;spire_mag_01970671;spire_mag_01970672;spire_mag_01970673;spire_mag_01970676;spire_mag_01970678;spire_mag_01970680;spire_mag_01970681;spire_mag_01970682;spire_mag_01970683;spire_mag_01970684;spire_mag_01970685;spire_mag_01970689,SAMN08777607,False,,0,False,
SRR7027835,PRJNA443595,SAMN08778332,33,spire_mag_01969879;spire_mag_01969881;spire_mag_01969887;spire_mag_01969888;spire_mag_01969889;spire_mag_01969892;spire_mag_01969893;spire_mag_01969895;spire_mag_01969897;spire_mag_01969898;spire_mag_01969900;spire_mag_01969901;spire_mag_01969905;spire_mag_01969911;spire_mag_01969912;spire_mag_01969913;spire_mag_01969919;spire_mag_01969920;spire_mag_01969921;spire_mag_01969922;spire_mag_01969924;spire_mag_01969926;spire_mag_01969931;spire_mag_01969934;spire_mag_01969937;spire_mag_01969939;spire_mag_01969940;spire_mag_01969941;spire_mag_01969945;spire_mag_01969946;spire_mag_01969947;spire_mag_01969949;spire_mag_01969957,SAMN08778332,False,,0,False,
SRR7027836,PRJNA443596,SAMN08776827,16,spire_mag_01974794;spire_mag_01974797;spire_mag_01974798;spire_mag_01974799;spire_mag_01974800;spire_mag_01974801;spire_mag_01974803;spire_mag_01974805;spire_mag_01974809;spire_mag_01974811;spire_mag_01974815;spire_mag_01974816;spire_mag_01974817;spire_mag_01974825;spire_mag_01974826;spire_mag_01974829,SAMN08776827,False,,0,False,
SRR7027837,PRJNA443597,SAMN08778333,23,spire_mag_01972610;spire_mag_01972611;spire_mag_01972615;spire_mag_01972618;spire_mag_01972624;spire_mag_01972625;spire_mag_01972628;spire_mag_01972629;spire_mag_01972636;spire_mag_01972637;spire_mag_01972640;spire_mag_01972650;spire_mag_01972653;spire_mag_01972655;spire_mag_01972656;spire_mag_01972660;spire_mag_01972665;spire_mag_01972666;spire_mag_01972668;spire_mag_01972671;spire_mag_01972672;spire_mag_01972673;spire_mag_01972681,SAMN08778333,False,,0,False,
SRR7027860,PRJNA443598,SAMN08779016,40,spire_mag_01969959;spire_mag_01969960;spire_mag_01969964;spire_mag_01969966;spire_mag_01969967;spire_mag_01969968;spire_mag_01969970;spire_mag_01969971;spire_mag_01969972;spire_mag_01969978;spire_mag_01969979;spire_mag_01969980;spire_mag_01969981;spire_mag_01969982;spire_mag_01969992;spire_mag_01969993;spire_mag_01969994;spire_mag_01969997;spire_mag_01970001;spire_mag_01970002;spire_mag_01970005;spire_mag_01970006;spire_mag_01970007;spire_mag_01970009;spire_mag_01970010;spire_mag_01970013;spire_mag_01970015;spire_mag_01970016;spire_mag_01970017;spire_mag_01970019;spire_mag_01970023;spire_mag_01970024;spire_mag_01970025;spire_mag_01970027;spire_mag_01970029;spire_mag_01970030;spire_mag_01970031;spire_mag_01970032;spire_mag_01970033;spire_mag_01970034,SAMN08779016,False,,0,False,
SRR7027862,PRJNA443599,SAMN08777606,46,spire_mag_01973875;spire_mag_01973879;spire_mag_01973880;spire_mag_01973881;spire_mag_01973882;spire_mag_01973884;spire_mag_01973886;spire_mag_01973887;spire_mag_01973888;spire_mag_01973895;spire_mag_01973896;spire_mag_01973898;spire_mag_01973903;spire_mag_01973904;spire_mag_01973907;spire_mag_01973908;spire_mag_01973910;spire_mag_01973911;spire_mag_01973913;spire_mag_01973916;spire_mag_01973917;spire_mag_01973919;spire_mag_01973923;spire_mag_01973924;spire_mag_01973927;spire_mag_01973929;spire_mag_01973933;spire_mag_01973935;spire_mag_01973936;spire_mag_01973937;spire_mag_01973938;spire_mag_01973939;spire_mag_01973940;spire_mag_01973941;spire_mag_01973943;spire_mag_01973946;spire_mag_01973950;spire_mag_01973951;spire_mag_01973952;spire_mag_01973956;spire_mag_01973960;spire_mag_01973961;spire_mag_01973962;spire_mag_01973964;spire_mag_01973965;spire_mag_01973967,SAMN08777606,False,,0,False,
SRR7027863,PRJNA443600,SAMN08779017,20,spire_mag_01972880;spire_mag_01972881;spire_mag_01972885;spire_mag_01972886;spire_mag_01972889;spire_mag_01972891;spire_mag_01972892;spire_mag_01972895;spire_mag_01972912;spire_mag_01972913;spire_mag_01972914;spire_mag_01972915;spire_mag_01972921;spire_mag_01972922;spire_mag_01972928;spire_mag_01972936;spire_mag_01972939;spire_mag_01972940;spire_mag_01972944;spire_mag_01972945,SAMN08779017,False,,0,False,
SRR7027864,PRJNA443601,SAMN08778334,18,spire_mag_01971529;spire_mag_01971538;spire_mag_01971546;spire_mag_01971550;spire_mag_01971551;spire_mag_01971552;spire_mag_01971559;spire_mag_01971561;spire_mag_01971565;spire_mag_01971567;spire_mag_01971569;spire_mag_01971572;spire_mag_01971573;spire_mag_01971574;spire_mag_01971575;spire_mag_01971580;spire_mag_01971581;spire_mag_01971587,SAMN08778334,False,,0,False,
SRR7027866,PRJNA443602,SAMN08777593,24,spire_mag_01970282;spire_mag_01970285;spire_mag_01970287;spire_mag_01970295;spire_mag_01970298;spire_mag_01970299;spire_mag_01970304;spire_mag_01970305;spire_mag_01970306;spire_mag_01970308;spire_mag_01970310;spire_mag_01970313;spire_mag_01970315;spire_mag_01970316;spire_mag_01970319;spire_mag_01970321;spire_mag_01970325;spire_mag_01970329;spire_mag_01970335;spire_mag_01970336;spire_mag_01970338;spire_mag_01970340;spire_mag_01970347;spire_mag_01970348,SAMN08777593,False,,0,False,
SRR7027865,PRJNA443603,SAMN08777132,47,spire_mag_01973565;spire_mag_01973572;spire_mag_01973576;spire_mag_01973577;spire_mag_01973579;spire_mag_01973580;spire_mag_01973582;spire_mag_01973587;spire_mag_01973590;spire_mag_01973593;spire_mag_01973594;spire_mag_01973595;spire_mag_01973596;spire_mag_01973597;spire_mag_01973599;spire_mag_01973601;spire_mag_01973603;spire_mag_01973604;spire_mag_01973605;spire_mag_01973607;spire_mag_01973608;spire_mag_01973610;spire_mag_01973611;spire_mag_01973612;spire_mag_01973613;spire_mag_01973616;spire_mag_01973617;spire_mag_01973619;spire_mag_01973620;spire_mag_01973622;spire_mag_01973625;spire_mag_01973626;spire_mag_01973627;spire_mag_01973632;spire_mag_01973635;spire_mag_01973636;spire_mag_01973637;spire_mag_01973638;spire_mag_01973639;spire_mag_01973640;spire_mag_01973641;spire_mag_01973642;spire_mag_01973644;spire_mag_01973645;spire_mag_01973648;spire_mag_01973649;spire_mag_01973650,SAMN08777132,False,,0,False,
SRR7027867,PRJNA443604,SAMN08779182,17,spire_mag_01970514;spire_mag_01970517;spire_mag_01970518;spire_mag_01970519;spire_mag_01970520;spire_mag_01970529;spire_mag_01970533;spire_mag_01970534;spire_mag_01970535;spire_mag_01970537;spire_mag_01970539;spire_mag_01970541;spire_mag_01970542;spire_mag_01970546;spire_mag_01970549;spire_mag_01970551;spire_mag_01970552,SAMN08779182,False,,0,False,
SRR7027868,PRJNA443605,SAMN08779025,19,spire_mag_01969724;spire_mag_01969726;spire_mag_01969727;spire_mag_01969729;spire_mag_01969732;spire_mag_01969736;spire_mag_01969739;spire_mag_01969745;spire_mag_01969750;spire_mag_01969752;spire_mag_01969754;spire_mag_01969760;spire_mag_01969763;spire_mag_01969767;spire_mag_01969773;spire_mag_01969779;spire_mag_01969783;spire_mag_01969787;spire_mag_01969788,SAMN08779025,False,,0,False,
SRR7027877,PRJNA443606,SAMN08777592,31,spire_mag_01974727;spire_mag_01974728;spire_mag_01974730;spire_mag_01974732;spire_mag_01974735;spire_mag_01974736;spire_mag_01974740;spire_mag_01974742;spire_mag_01974747;spire_mag_01974749;spire_mag_01974750;spire_mag_01974753;spire_mag_01974754;spire_mag_01974756;spire_mag_01974758;spire_mag_01974763;spire_mag_01974765;spire_mag_01974766;spire_mag_01974768;spire_mag_01974770;spire_mag_01974771;spire_mag_01974772;spire_mag_01974773;spire_mag_01974776;spire_mag_01974777;spire_mag_01974779;spire_mag_01974780;spire_mag_01974781;spire_mag_01974782;spire_mag_01974784;spire_mag_01974785,SAMN08777592,False,,0,False,
SRR7027918,PRJNA443607,SAMN08778335,31,spire_mag_01973972;spire_mag_01973973;spire_mag_01973977;spire_mag_01973979;spire_mag_01973980;spire_mag_01973983;spire_mag_01973984;spire_mag_01973985;spire_mag_01973987;spire_mag_01973988;spire_mag_01973989;spire_mag_01973990;spire_mag_01973993;spire_mag_01973996;spire_mag_01973997;spire_mag_01973998;spire_mag_01974002;spire_mag_01974003;spire_mag_01974004;spire_mag_01974006;spire_mag_01974007;spire_mag_01974008;spire_mag_01974009;spire_mag_01974012;spire_mag_01974014;spire_mag_01974015;spire_mag_01974016;spire_mag_01974021;spire_mag_01974022;spire_mag_01974032;spire_mag_01974033,SAMN08778335,False,,0,False,
SRR7027994,PRJNA443609,SAMN08779183,25,spire_mag_01973217;spire_mag_01973219;spire_mag_01973220;spire_mag_01973221;spire_mag_01973222;spire_mag_01973223;spire_mag_01973228;spire_mag_01973229;spire_mag_01973231;spire_mag_01973232;spire_mag_01973234;spire_mag_01973239;spire_mag_01973241;spire_mag_01973243;spire_mag_01973245;spire_mag_01973246;spire_mag_01973247;spire_mag_01973248;spire_mag_01973250;spire_mag_01973252;spire_mag_01973253;spire_mag_01973255;spire_mag_01973256;spire_mag_01973257;spire_mag_01973259,SAMN08779183,False,,0,False,
SRR7028008,PRJNA443610,SAMN08778350,30,spire_mag_01969510;spire_mag_01969511;spire_mag_01969513;spire_mag_01969514;spire_mag_01969516;spire_mag_01969518;spire_mag_01969519;spire_mag_01969524;spire_mag_01969526;spire_mag_01969529;spire_mag_01969531;spire_mag_01969532;spire_mag_01969533;spire_mag_01969534;spire_mag_01969540;spire_mag_01969541;spire_mag_01969544;spire_mag_01969547;spire_mag_01969548;spire_mag_01969555;spire_mag_01969556;spire_mag_01969557;spire_mag_01969558;spire_mag_01969560;spire_mag_01969561;spire_mag_01969563;spire_mag_01969564;spire_mag_01969573;spire_mag_01969574;spire_mag_01969576,SAMN08778350,False,,0,False,
SRR7028199,PRJNA443611,SAMN08779026,40,spire_mag_01972746;spire_mag_01972749;spire_mag_01972750;spire_mag_01972751;spire_mag_01972752;spire_mag_01972753;spire_mag_01972759;spire_mag_01972761;spire_mag_01972762;spire_mag_01972763;spire_mag_01972764;spire_mag_01972767;spire_mag_01972769;spire_mag_01972770;spire_mag_01972771;spire_mag_01972772;spire_mag_01972774;spire_mag_01972776;spire_mag_01972778;spire_mag_01972779;spire_mag_01972780;spire_mag_01972781;spire_mag_01972783;spire_mag_01972785;spire_mag_01972786;spire_mag_01972791;spire_mag_01972793;spire_mag_01972794;spire_mag_01972799;spire_mag_01972800;spire_mag_01972802;spire_mag_01972805;spire_mag_01972811;spire_mag_01972819;spire_mag_01972821;spire_mag_01972823;spire_mag_01972824;spire_mag_01972827;spire_mag_01972829;spire_mag_01972830,SAMN08779026,False,,0,False,
SRR7028231,PRJNA443612,SAMN08777130,13,spire_mag_01974639;spire_mag_01974641;spire_mag_01974642;spire_mag_01974644;spire_mag_01974645;spire_mag_01974647;spire_mag_01974651;spire_mag_01974659;spire_mag_01974662;spire_mag_01974666;spire_mag_01974670;spire_mag_01974673;spire_mag_01974677,SAMN08777130,False,,0,False,
SRR7028236,PRJNA443613,SAMN08776814,16,spire_mag_01973701;spire_mag_01973709;spire_mag_01973710;spire_mag_01973712;spire_mag_01973716;spire_mag_01973719;spire_mag_01973720;spire_mag_01973726;spire_mag_01973732;spire_mag_01973740;spire_mag_01973742;spire_mag_01973743;spire_mag_01973753;spire_mag_01973755;spire_mag_01973756;spire_mag_01973757,SAMN08776814,False,,0,False,
SRR7028227,PRJNA443614,SAMN08779027,41,spire_mag_01971373;spire_mag_01971377;spire_mag_01971380;spire_mag_01971382;spire_mag_01971383;spire_mag_01971384;spire_mag_01971386;spire_mag_01971389;spire_mag_01971390;spire_mag_01971391;spire_mag_01971392;spire_mag_01971393;spire_mag_01971394;spire_mag_01971396;spire_mag_01971397;spire_mag_01971399;spire_mag_01971400;spire_mag_01971404;spire_mag_01971406;spire_mag_01971407;spire_mag_01971409;spire_mag_01971410;spire_mag_01971414;spire_mag_01971417;spire_mag_01971420;spire_mag_01971421;spire_mag_01971422;spire_mag_01971424;spire_mag_01971426;spire_mag_01971431;spire_mag_01971433;spire_mag_01971438;spire_mag_01971439;spire_mag_01971441;spire_mag_01971443;spire_mag_01971449;spire_mag_01971450;spire_mag_01971451;spire_mag_01971453;spire_mag_01971456;spire_mag_01971458,SAMN08779027,False,,0,False,
SRR7028244,PRJNA443615,SAMN08778351,37,spire_mag_01972532;spire_mag_01972537;spire_mag_01972541;spire_mag_01972544;spire_mag_01972546;spire_mag_01972551;spire_mag_01972552;spire_mag_01972553;spire_mag_01972555;spire_mag_01972556;spire_mag_01972558;spire_mag_01972560;spire_mag_01972561;spire_mag_01972562;spire_mag_01972568;spire_mag_01972569;spire_mag_01972572;spire_mag_01972574;spire_mag_01972575;spire_mag_01972577;spire_mag_01972580;spire_mag_01972581;spire_mag_01972582;spire_mag_01972583;spire_mag_01972585;spire_mag_01972586;spire_mag_01972591;spire_mag_01972592;spire_mag_01972593;spire_mag_01972597;spire_mag_01972599;spire_mag_01972601;spire_mag_01972603;spire_mag_01972604;spire_mag_01972606;spire_mag_01972607;spire_mag_01972608,SAMN08778351,False,,0,False,
SRR7028363,PRJNA443616,SAMN08777129,13,spire_mag_01974034;spire_mag_01974036;spire_mag_01974037;spire_mag_01974041;spire_mag_01974042;spire_mag_01974044;spire_mag_01974047;spire_mag_01974048;spire_mag_01974050;spire_mag_01974053;spire_mag_01974056;spire_mag_01974065;spire_mag_01974073,SAMN08777129,False,,0,False,
SRR7028364,PRJNA443617,SAMN08776813,19,spire_mag_01971309;spire_mag_01971314;spire_mag_01971317;spire_mag_01971318;spire_mag_01971320;spire_mag_01971323;spire_mag_01971324;spire_mag_01971333;spire_mag_01971336;spire_mag_01971337;spire_mag_01971339;spire_mag_01971340;spire_mag_01971343;spire_mag_01971344;spire_mag_01971346;spire_mag_01971349;spire_mag_01971351;spire_mag_01971355;spire_mag_01971364,SAMN08776813,False,,0,False,
SRR6946416,PRJNA443832,SAMN08778604,59,spire_mag_01971646;spire_mag_01971647;spire_mag_01971649;spire_mag_01971652;spire_mag_01971653;spire_mag_01971656;spire_mag_01971660;spire_mag_01971662;spire_mag_01971663;spire_mag_01971665;spire_mag_01971673;spire_mag_01971677;spire_mag_01971679;spire_mag_01971680;spire_mag_01971682;spire_mag_01971684;spire_mag_01971689;spire_mag_01971695;spire_mag_01971697;spire_mag_01971699;spire_mag_01971701;spire_mag_01971705;spire_mag_01971708;spire_mag_01971709;spire_mag_01971710;spire_mag_01971712;spire_mag_01971713;spire_mag_01971717;spire_mag_01971719;spire_mag_01971720;spire_mag_01971724;spire_mag_01971725;spire_mag_01971726;spire_mag_01971728;spire_mag_01971729;spire_mag_01971731;spire_mag_01971735;spire_mag_01971736;spire_mag_01971738;spire_mag_01971740;spire_mag_01971742;spire_mag_01971744;spire_mag_01971746;spire_mag_01971748;spire_mag_01971754;spire_mag_01971757;spire_mag_01971760;spire_mag_01971762;spire_mag_01971766;spire_mag_01971772;spire_mag_01971774;spire_mag_01971777;spire_mag_01971778;spire_mag_01971780;spire_mag_01971784;spire_mag_01971786;spire_mag_01971787;spire_mag_01971788;spire_mag_01971789,SAMN08778604,False,,0,False,
SRR7028380,PRJNA444884,SAMN08778352,38,spire_mag_01971226;spire_mag_01971227;spire_mag_01971228;spire_mag_01971231;spire_mag_01971232;spire_mag_01971233;spire_mag_01971234;spire_mag_01971237;spire_mag_01971238;spire_mag_01971239;spire_mag_01971240;spire_mag_01971248;spire_mag_01971251;spire_mag_01971258;spire_mag_01971259;spire_mag_01971261;spire_mag_01971262;spire_mag_01971264;spire_mag_01971265;spire_mag_01971273;spire_mag_01971275;spire_mag_01971277;spire_mag_01971278;spire_mag_01971283;spire_mag_01971284;spire_mag_01971285;spire_mag_01971288;spire_mag_01971290;spire_mag_01971292;spire_mag_01971293;spire_mag_01971294;spire_mag_01971295;spire_mag_01971296;spire_mag_01971297;spire_mag_01971299;spire_mag_01971300;spire_mag_01971303;spire_mag_01971305,SAMN08778352,False,,0,False,
SRR7028477,PRJNA444885,SAMN08778353,50,spire_mag_01973760;spire_mag_01973764;spire_mag_01973770;spire_mag_01973771;spire_mag_01973772;spire_mag_01973773;spire_mag_01973774;spire_mag_01973776;spire_mag_01973777;spire_mag_01973784;spire_mag_01973785;spire_mag_01973788;spire_mag_01973792;spire_mag_01973795;spire_mag_01973800;spire_mag_01973803;spire_mag_01973805;spire_mag_01973806;spire_mag_01973812;spire_mag_01973813;spire_mag_01973814;spire_mag_01973815;spire_mag_01973816;spire_mag_01973817;spire_mag_01973818;spire_mag_01973822;spire_mag_01973823;spire_mag_01973825;spire_mag_01973829;spire_mag_01973830;spire_mag_01973831;spire_mag_01973832;spire_mag_01973833;spire_mag_01973834;spire_mag_01973836;spire_mag_01973837;spire_mag_01973838;spire_mag_01973841;spire_mag_01973842;spire_mag_01973844;spire_mag_01973849;spire_mag_01973851;spire_mag_01973852;spire_mag_01973855;spire_mag_01973856;spire_mag_01973857;spire_mag_01973860;spire_mag_01973862;spire_mag_01973870;spire_mag_01973872,SAMN08778353,False,,0,False,
SRR7028480,PRJNA444886,SAMN08777128,21,spire_mag_01971589;spire_mag_01971590;spire_mag_01971594;spire_mag_01971601;spire_mag_01971602;spire_mag_01971606;spire_mag_01971612;spire_mag_01971615;spire_mag_01971616;spire_mag_01971618;spire_mag_01971619;spire_mag_01971620;spire_mag_01971624;spire_mag_01971625;spire_mag_01971630;spire_mag_01971631;spire_mag_01971634;spire_mag_01971636;spire_mag_01971637;spire_mag_01971641;spire_mag_01971643,SAMN08777128,False,,0,False,
SRR7028485,PRJNA444887,SAMN08778354,23,spire_mag_01970443;spire_mag_01970444;spire_mag_01970445;spire_mag_01970451;spire_mag_01970453;spire_mag_01970456;spire_mag_01970461;spire_mag_01970463;spire_mag_01970465;spire_mag_01970468;spire_mag_01970469;spire_mag_01970472;spire_mag_01970476;spire_mag_01970479;spire_mag_01970481;spire_mag_01970482;spire_mag_01970484;spire_mag_01970486;spire_mag_01970487;spire_mag_01970491;spire_mag_01970493;spire_mag_01970498;spire_mag_01970507,SAMN08778354,False,,0,False,
SRR7028486,PRJNA444888,SAMN08779028,32,spire_mag_01974140;spire_mag_01974144;spire_mag_01974146;spire_mag_01974147;spire_mag_01974151;spire_mag_01974161;spire_mag_01974165;spire_mag_01974166;spire_mag_01974169;spire_mag_01974173;spire_mag_01974174;spire_mag_01974181;spire_mag_01974183;spire_mag_01974185;spire_mag_01974188;spire_mag_01974189;spire_mag_01974194;spire_mag_01974196;spire_mag_01974198;spire_mag_01974199;spire_mag_01974201;spire_mag_01974202;spire_mag_01974204;spire_mag_01974205;spire_mag_01974206;spire_mag_01974207;spire_mag_01974208;spire_mag_01974209;spire_mag_01974217;spire_mag_01974222;spire_mag_01974223;spire_mag_01974224,SAMN08779028,False,,0,False,
SRR7028484,PRJNA444889,SAMN08776812,16,spire_mag_01972484;spire_mag_01972486;spire_mag_01972488;spire_mag_01972494;spire_mag_01972500;spire_mag_01972503;spire_mag_01972504;spire_mag_01972505;spire_mag_01972514;spire_mag_01972517;spire_mag_01972520;spire_mag_01972523;spire_mag_01972525;spire_mag_01972526;spire_mag_01972527;spire_mag_01972531,SAMN08776812,False,,0,False,
SRR7028531,PRJNA444890,SAMN08779029,17,spire_mag_01970555;spire_mag_01970568;spire_mag_01970569;spire_mag_01970570;spire_mag_01970572;spire_mag_01970573;spire_mag_01970574;spire_mag_01970576;spire_mag_01970577;spire_mag_01970578;spire_mag_01970581;spire_mag_01970583;spire_mag_01970585;spire_mag_01970591;spire_mag_01970595;spire_mag_01970601;spire_mag_01970602,SAMN08779029,False,,0,False,
SRR7974601,PRJNA465656,SAMN09092231,27,spire_mag_01970358;spire_mag_01970359;spire_mag_01970368;spire_mag_01970373;spire_mag_01970378;spire_mag_01970380;spire_mag_01970382;spire_mag_01970384;spire_mag_01970387;spire_mag_01970389;spire_mag_01970392;spire_mag_01970394;spire_mag_01970397;spire_mag_01970403;spire_mag_01970405;spire_mag_01970407;spire_mag_01970408;spire_mag_01970412;spire_mag_01970414;spire_mag_01970415;spire_mag_01970419;spire_mag_01970420;spire_mag_01970422;spire_mag_01970428;spire_mag_01970431;spire_mag_01970435;spire_mag_01970438,SAMN09092231,False,,0,False,
SRR8543849,PRJNA518431,SAMN10864298,0,,,False,,0,False,
SRR8544180,PRJNA518441,SAMN10864233,117,spire_mag_00519536;spire_mag_00519537;spire_mag_00519538;spire_mag_00519544;spire_mag_00519548;spire_mag_00519550;spire_mag_00519551;spire_mag_00519554;spire_mag_00519555;spire_mag_00519557;spire_mag_00519558;spire_mag_00519559;spire_mag_00519562;spire_mag_00519566;spire_mag_00519567;spire_mag_00519571;spire_mag_00519584;spire_mag_00519586;spire_mag_00519589;spire_mag_00519590;spire_mag_00519592;spire_mag_00519597;spire_mag_00519599;spire_mag_00519601;spire_mag_00519602;spire_mag_00519603;spire_mag_00519607;spire_mag_00519609;spire_mag_00519610;spire_mag_00519613;spire_mag_00519616;spire_mag_00519620;spire_mag_00519623;spire_mag_00519627;spire_mag_00519631;spire_mag_00519632;spire_mag_00519634;spire_mag_00519636;spire_mag_00519638;spire_mag_00519641;spire_mag_00519645;spire_mag_00519648;spire_mag_00519651;spire_mag_00519652;spire_mag_00519653;spire_mag_00519654;spire_mag_00519659;spire_mag_00519662;spire_mag_00519664;spire_mag_00519667;spire_mag_00519668;spire_mag_00519670;spire_mag_00519671;spire_mag_00519672;spire_mag_00519674;spire_mag_00519675;spire_mag_00519676;spire_mag_00519679;spire_mag_00519682;spire_mag_00519683;spire_mag_00519685;spire_mag_00519686;spire_mag_00519689;spire_mag_00519690;spire_mag_00519693;spire_mag_00519694;spire_mag_00519696;spire_mag_00519698;spire_mag_00519705;spire_mag_00519708;spire_mag_00519709;spire_mag_00519711;spire_mag_00519712;spire_mag_00519713;spire_mag_00519714;spire_mag_00519716;spire_mag_00519717;spire_mag_00519719;spire_mag_00519721;spire_mag_00519722;spire_mag_00519725;spire_mag_00519726;spire_mag_00519728;spire_mag_00519729;spire_mag_00519732;spire_mag_00519733;spire_mag_00519734;spire_mag_00519735;spire_mag_00519737;spire_mag_00519739;spire_mag_00519741;spire_mag_00519742;spire_mag_00519744;spire_mag_00519745;spire_mag_00519746;spire_mag_00519747;spire_mag_00519748;spire_mag_00519749;spire_mag_00519751;spire_mag_00519753;spire_mag_00519755;spire_mag_00519757;spire_mag_00519758;spire_mag_00519760;spire_mag_00519765;spire_mag_00519767;spire_mag_00519768;spire_mag_00519771;spire_mag_00519773;spire_mag_00519774;spire_mag_00519775;spire_mag_00519776;spire_mag_00519781;spire_mag_00519782;spire_mag_00519783;spire_mag_00519790;spire_mag_00519791,SAMN10864233,False,,0,False,
SRR10968273,PRJNA566911,SAMN12794094,0,,,False,,0,False,
SRR10968272,PRJNA566912,SAMN12793967,0,,,False,,0,False,
SRR10968276,PRJNA566913,SAMN12794091,0,,,False,,0,False,
SRR10968274,PRJNA566914,SAMN12794336,0,,,False,,0,False,
SRR10968275,PRJNA566915,SAMN12793953,0,,,False,,0,False,
SRR10968277,PRJNA566916,SAMN12794340,0,,,False,,0,False,
SRR10968278,PRJNA566917,SAMN12794332,0,,,False,,0,False,
SRR10968281,PRJNA566918,SAMN12793975,0,,,False,,0,False,
SRR10968280,PRJNA566919,SAMN12793950,0,,,False,,0,False,
SRR10968279,PRJNA566920,SAMN12794186,0,,,False,,0,False,
SRR10968282,PRJNA566921,SAMN12794267,0,,,False,,0,False,
SRR10968223,PRJNA567017,SAMN12794404,0,,,False,,0,False,
SRR10968270,PRJNA567018,SAMN12794408,0,,,False,,0,False,
SRR10968271,PRJNA567019,SAMN12794337,0,,,False,,0,False,
SRR11070432,PRJNA567020,SAMN12794184,0,,,False,,0,False,
SRR10968162,PRJNA567021,SAMN12794268,0,,,False,,0,False,
SRR10968211,PRJNA567022,SAMN12794027,0,,,False,,0,False,
SRR10968218,PRJNA567023,SAMN12794181,0,,,False,,0,False,
SRR10968147,PRJNA567103,SAMN12794342,0,,,False,,0,False,
SRR10968148,PRJNA567104,SAMN12794341,0,,,False,,0,False,
SRR10968149,PRJNA567117,SAMN12793968,0,,,False,,0,False,
SRR10968151,PRJNA567120,SAMN12793952,0,,,False,,0,False,
SRR10968155,PRJNA567121,SAMN12793951,0,,,False,,0,False,
SRR10968156,PRJNA567122,SAMN12793976,0,,,False,,0,False,
SRR10968153,PRJNA567123,SAMN12794187,0,,,False,,0,False,
SRR10968168,PRJNA567125,SAMN12793947,0,,,False,,0,False,
SRR10968221,PRJNA567126,SAMN12794030,0,,,False,,0,False,
SRR10968219,PRJNA567127,SAMN12793948,0,,,False,,0,False,
SRR10968224,PRJNA567128,SAMN12794095,0,,,False,,0,False,
SRR10968222,PRJNA567129,SAMN12793978,0,,,False,,0,False,
SRR10873223,PRJNA568276,SAMN12794815,26,spire_mag_01830549;spire_mag_01830550;spire_mag_01830554;spire_mag_01830556;spire_mag_01830566;spire_mag_01830569;spire_mag_01830571;spire_mag_01830572;spire_mag_01830576;spire_mag_01830577;spire_mag_01830578;spire_mag_01830587;spire_mag_01830588;spire_mag_01830593;spire_mag_01830594;spire_mag_01830595;spire_mag_01830598;spire_mag_01830599;spire_mag_01830602;spire_mag_01830603;spire_mag_01830605;spire_mag_01830606;spire_mag_01830608;spire_mag_01830610;spire_mag_01830611;spire_mag_01830614,SAMN12794815,False,,0,False,
SRR10873265,PRJNA568277,SAMN12794949,57,spire_mag_01830247;spire_mag_01830250;spire_mag_01830251;spire_mag_01830261;spire_mag_01830262;spire_mag_01830264;spire_mag_01830266;spire_mag_01830268;spire_mag_01830272;spire_mag_01830274;spire_mag_01830278;spire_mag_01830279;spire_mag_01830283;spire_mag_01830285;spire_mag_01830289;spire_mag_01830290;spire_mag_01830291;spire_mag_01830292;spire_mag_01830294;spire_mag_01830295;spire_mag_01830296;spire_mag_01830302;spire_mag_01830306;spire_mag_01830308;spire_mag_01830311;spire_mag_01830319;spire_mag_01830322;spire_mag_01830323;spire_mag_01830326;spire_mag_01830327;spire_mag_01830329;spire_mag_01830330;spire_mag_01830343;spire_mag_01830346;spire_mag_01830348;spire_mag_01830351;spire_mag_01830352;spire_mag_01830353;spire_mag_01830357;spire_mag_01830358;spire_mag_01830359;spire_mag_01830360;spire_mag_01830362;spire_mag_01830363;spire_mag_01830365;spire_mag_01830367;spire_mag_01830368;spire_mag_01830369;spire_mag_01830370;spire_mag_01830371;spire_mag_01830374;spire_mag_01830381;spire_mag_01830385;spire_mag_01830387;spire_mag_01830391;spire_mag_01830398;spire_mag_01830399,SAMN12794949,False,,0,False,
SRR10389008,PRJNA571617,SAMN12812486,19,spire_mag_01823278;spire_mag_01823280;spire_mag_01823288;spire_mag_01823290;spire_mag_01823292;spire_mag_01823301;spire_mag_01823302;spire_mag_01823336;spire_mag_01823337;spire_mag_01823339;spire_mag_01823345;spire_mag_01823348;spire_mag_01823349;spire_mag_01823357;spire_mag_01823368;spire_mag_01823374;spire_mag_01823375;spire_mag_01823377;spire_mag_01823378,SAMN12812486,False,,0,False,
SRR11668386,PRJNA621650,SAMN14515341,0,,,False,,0,False,
SRR11668400,PRJNA621651,SAMN14515648,0,,,False,,0,False,
SRR11668419,PRJNA621652,SAMN14515559,0,,,False,,0,False,
SRR12951267,PRJNA651484,SAMN15721752,0,,,False,,0,False,
SRR12951263,PRJNA651485,SAMN15721287,0,,,False,,0,False,
SRR12951270,PRJNA651489,SAMN15722017,0,,,False,,0,False,
SRR13780018,PRJNA651490,SAMN15722042,0,,,False,,0,False,
SRR13780019,PRJNA651490,SAMN15722042,0,,,False,,0,False,
SRR12951266,PRJNA651492,SAMN15721584,0,,,False,,0,False,
SRR13621567,PRJNA651493,SAMN15721181,0,,,False,,0,False,
SRR13621568,PRJNA651493,SAMN15721181,0,,,False,,0,False,
SRR13021855,PRJNA651494,SAMN15721480,0,,,False,,0,False,
SRR13021853,PRJNA651495,SAMN15721573,0,,,False,,0,False,
SRR13021852,PRJNA651497,SAMN15721478,0,,,False,,0,False,
SRR13021854,PRJNA651498,SAMN15721135,0,,,False,,0,False,
SRR13021904,PRJNA651499,SAMN15721932,0,,,False,,0,False,
SRR13021940,PRJNA651500,SAMN15721161,0,,,False,,0,False,
SRR13021941,PRJNA651501,SAMN15722032,0,,,False,,0,False,
SRR12951269,PRJNA651502,SAMN15722043,0,,,False,,0,False,
SRR13021957,PRJNA651503,SAMN15721930,0,,,False,,0,False,
SRR13021960,PRJNA651504,SAMN15721931,0,,,False,,0,False,
SRR12736058,PRJNA666221,SAMN16285458,0,,,False,,0,False,
SRR12736051,PRJNA666221,SAMN16285465,0,,,False,,0,False,
SRR12736050,PRJNA666221,SAMN16285466,0,,,False,,0,False,
SRR12736059,PRJNA666221,SAMN16285457,0,,,False,,0,False,
SRR12736055,PRJNA666221,SAMN16285461,0,,,False,,0,False,
SRR12736056,PRJNA666221,SAMN16285460,0,,,False,,0,False,
SRR13222405,PRJNA676800,SAMN16773514,0,,,False,,0,False,
SRR13222411,PRJNA676803,SAMN16773142,0,,,False,,0,False,
SRR13234433,PRJNA676919,SAMN16772971,0,,,False,,0,False,
SRR13201553,PRJNA677007,SAMN16773199,0,,,False,,0,False,
SRR13201552,PRJNA677007,SAMN16773199,0,,,False,,0,False,
SRR13202124,PRJNA677008,SAMN16773254,0,,,False,,0,False,
SRR13202123,PRJNA677008,SAMN16773254,0,,,False,,0,False,
SRR13201605,PRJNA677009,SAMN16773047,0,,,False,,0,False,
SRR13201604,PRJNA677009,SAMN16773047,0,,,False,,0,False,
SRR13201563,PRJNA677010,SAMN16773058,0,,,False,,0,False,
SRR13201562,PRJNA677010,SAMN16773058,0,,,False,,0,False,
SRR13201612,PRJNA677011,SAMN16772997,0,,,False,,0,False,
SRR13201614,PRJNA677012,SAMN16772993,0,,,False,,0,False,
SRR13201613,PRJNA677012,SAMN16772993,0,,,False,,0,False,
SRR13201618,PRJNA677013,SAMN16773666,0,,,False,,0,False,
SRR13201617,PRJNA677013,SAMN16773666,0,,,False,,0,False,
SRR13201616,PRJNA677014,SAMN16773405,0,,,False,,0,False,
SRR13201615,PRJNA677014,SAMN16773405,0,,,False,,0,False,
SRR13201822,PRJNA677015,SAMN16772962,0,,,False,,0,False,
SRR13201821,PRJNA677015,SAMN16772962,0,,,False,,0,False,
SRR13201825,PRJNA677016,SAMN16772961,0,,,False,,0,False,
SRR13201824,PRJNA677016,SAMN16772961,0,,,False,,0,False,
SRR13201919,PRJNA677017,SAMN16773673,0,,,False,,0,False,
SRR13201920,PRJNA677018,SAMN16773123,0,,,False,,0,False,
SRR13201962,PRJNA677019,SAMN16773261,0,,,False,,0,False,
SRR13201976,PRJNA677020,SAMN16773963,0,,,False,,0,False,
SRR13781415,PRJNA697594,SAMN17675944,0,,,False,,0,False,
SRR13781585,PRJNA697595,SAMN17674492,0,,,False,,0,False,
SRR13781586,PRJNA697596,SAMN17676000,0,,,False,,0,False,
SRR13781587,PRJNA697597,SAMN17675503,0,,,False,,0,False,
SRR13781756,PRJNA697598,SAMN17675309,0,,,False,,0,False,
SRR13781758,PRJNA697599,SAMN17675502,0,,,False,,0,False,
SRR13781757,PRJNA697600,SAMN17675286,0,,,False,,0,False,
SRR13780020,PRJNA697709,SAMN17675287,0,,,False,,0,False,
SRR13781414,PRJNA697710,SAMN17674490,0,,,False,,0,False,
SRR6195975,PRJNA412436,SAMN05384255,0,,,False,,0,False,
SRR6152564,PRJNA412436,SAMN05384256,0,,,False,,0,False,
SRR6193119,PRJNA412436,SAMN05384256,0,,,False,,0,False,
SRR6195974,PRJNA412436,SAMN05384255,0,,,False,,0,False,
SRR5829540,PRJNA421255,SAMN05384266,0,,,False,,0,False,
SRR5829549,PRJNA421255,SAMN05384276,0,,,False,,0,False,
SRR5829547,PRJNA421255,SAMN05384341,0,,,False,,0,False,
SRR5829544,PRJNA421255,SAMN05384391,0,,,False,,0,False,
SRR5829546,PRJNA421255,SAMN05384396,0,,,False,,0,False,
SRR5829548,PRJNA421255,SAMN05384426,0,,,False,,0,False,
SRR5829550,PRJNA421255,SAMN05384311,0,,,False,,0,False,
SRR5829542,PRJNA421255,SAMN05384291,0,,,False,,0,False,
SRR5214708,PRJNA421255,SAMN05384411,0,,,False,,0,False,
SRR5214707,PRJNA421255,SAMN05384376,0,,,False,,0,False,
SRR5829543,PRJNA421255,SAMN05384321,0,,,False,,0,False,
SRR5829545,PRJNA421255,SAMN05384351,0,,,False,,0,False,
SRR9617301,PRJNA551662,SAMN12162597,0,,,False,,0,False,
SRR9617326,PRJNA551662,SAMN12162614,0,,,False,,0,False,
SRR9617312,PRJNA551662,SAMN12162612,0,,,False,,0,False,
SRR9617303,PRJNA551662,SAMN12162595,0,,,False,,0,False,
SRR9617318,PRJNA551662,SAMN12162606,0,,,False,,0,False,
SRR9617311,PRJNA551662,SAMN12162611,0,,,False,,0,False,
SRR9617314,PRJNA551662,SAMN12162610,0,,,False,,0,False,
SRR9617325,PRJNA551662,SAMN12162613,0,,,False,,0,False,
SRR9617298,PRJNA551662,SAMN12162602,0,,,False,,0,False,
SRR9617317,PRJNA551662,SAMN12162605,0,,,False,,0,False,
SRR9617296,PRJNA551662,SAMN12162604,0,,,False,,0,False,
SRR9617297,PRJNA551662,SAMN12162601,0,,,False,,0,False,
SRR9617295,PRJNA551662,SAMN12162603,0,,,False,,0,False,
SRR18649605,PRJNA820795,SAMN27025326,0,,,False,,0,False,
SRR18649726,PRJNA820798,SAMN27025331,0,,,False,,0,False,
SRR18649409,PRJNA820799,SAMN27025340,0,,,False,,0,False,
SRR18685364,PRJNA820811,SAMN27025337,0,,,False,,0,False,
SRR18686410,PRJNA820834,SAMN27025321,0,,,False,,0,False,
SRR18686408,PRJNA820838,SAMN27025343,0,,,False,,0,False,
SRR18686432,PRJNA820839,SAMN27025300,0,,,False,,0,False,
SRR18693123,PRJNA820844,SAMN27025339,0,,,False,,0,False,
SRR18693124,PRJNA820845,SAMN27025299,0,,,False,,0,False,
SRR7151488,PRJNA386568,SAMN07124903,2,spire_mag_01678087;spire_mag_01678090,SAMN07124903,False,,0,False,
SRR7151511,PRJNA386568,SAMN07124910,6,spire_mag_01679128;spire_mag_01679131;spire_mag_01679138;spire_mag_01679139;spire_mag_01679140;spire_mag_01679142,SAMN07124910,False,,0,False,
SRR7151514,PRJNA386568,SAMN07124927,2,spire_mag_01679578;spire_mag_01679580,SAMN07124927,False,,0,False,
SRR7151515,PRJNA386568,SAMN07124932,1,spire_mag_01679819,SAMN07124932,False,,0,False,
SRR7151520,PRJNA386568,SAMN07124914,26,spire_mag_01679732;spire_mag_01679736;spire_mag_01679737;spire_mag_01679739;spire_mag_01679740;spire_mag_01679749;spire_mag_01679750;spire_mag_01679754;spire_mag_01679758;spire_mag_01679761;spire_mag_01679763;spire_mag_01679764;spire_mag_01679766;spire_mag_01679769;spire_mag_01679770;spire_mag_01679773;spire_mag_01679774;spire_mag_01679775;spire_mag_01679776;spire_mag_01679778;spire_mag_01679790;spire_mag_01679791;spire_mag_01679793;spire_mag_01679794;spire_mag_01679796;spire_mag_01679797,SAMN07124914,False,,0,False,
SRR7151538,PRJNA386568,SAMN07125044,7,spire_mag_01680149;spire_mag_01680150;spire_mag_01680151;spire_mag_01680157;spire_mag_01680160;spire_mag_01680161;spire_mag_01680162,SAMN07125044,False,,0,False,
SRR7151539,PRJNA386568,SAMN07125045,117,spire_mag_01678675;spire_mag_01678678;spire_mag_01678680;spire_mag_01678682;spire_mag_01678687;spire_mag_01678688;spire_mag_01678690;spire_mag_01678701;spire_mag_01678705;spire_mag_01678710;spire_mag_01678711;spire_mag_01678718;spire_mag_01678720;spire_mag_01678722;spire_mag_01678730;spire_mag_01678731;spire_mag_01678732;spire_mag_01678742;spire_mag_01678743;spire_mag_01678749;spire_mag_01678753;spire_mag_01678756;spire_mag_01678757;spire_mag_01678758;spire_mag_01678762;spire_mag_01678767;spire_mag_01678768;spire_mag_01678769;spire_mag_01678775;spire_mag_01678778;spire_mag_01678779;spire_mag_01678780;spire_mag_01678782;spire_mag_01678784;spire_mag_01678790;spire_mag_01678791;spire_mag_01678792;spire_mag_01678797;spire_mag_01678802;spire_mag_01678807;spire_mag_01678811;spire_mag_01678814;spire_mag_01678820;spire_mag_01678825;spire_mag_01678827;spire_mag_01678828;spire_mag_01678833;spire_mag_01678835;spire_mag_01678838;spire_mag_01678843;spire_mag_01678845;spire_mag_01678853;spire_mag_01678857;spire_mag_01678858;spire_mag_01678860;spire_mag_01678861;spire_mag_01678862;spire_mag_01678864;spire_mag_01678867;spire_mag_01678872;spire_mag_01678875;spire_mag_01678879;spire_mag_01678882;spire_mag_01678885;spire_mag_01678890;spire_mag_01678892;spire_mag_01678901;spire_mag_01678909;spire_mag_01678913;spire_mag_01678915;spire_mag_01678916;spire_mag_01678922;spire_mag_01678927;spire_mag_01678928;spire_mag_01678930;spire_mag_01678931;spire_mag_01678933;spire_mag_01678938;spire_mag_01678943;spire_mag_01678947;spire_mag_01678948;spire_mag_01678952;spire_mag_01678967;spire_mag_01678969;spire_mag_01678972;spire_mag_01678979;spire_mag_01678998;spire_mag_01679001;spire_mag_01679003;spire_mag_01679004;spire_mag_01679011;spire_mag_01679012;spire_mag_01679015;spire_mag_01679022;spire_mag_01679025;spire_mag_01679029;spire_mag_01679032;spire_mag_01679036;spire_mag_01679043;spire_mag_01679049;spire_mag_01679050;spire_mag_01679052;spire_mag_01679058;spire_mag_01679059;spire_mag_01679062;spire_mag_01679064;spire_mag_01679067;spire_mag_01679069;spire_mag_01679071;spire_mag_01679072;spire_mag_01679073;spire_mag_01679074;spire_mag_01679091;spire_mag_01679093;spire_mag_01679098;spire_mag_01679103;spire_mag_01679104,SAMN07125045,False,,0,False,
SRR7151543,PRJNA386568,SAMN07124978,0,,,False,,0,False,
SRR7151561,PRJNA386568,SAMN07124920,10,spire_mag_01681741;spire_mag_01681746;spire_mag_01681747;spire_mag_01681754;spire_mag_01681755;spire_mag_01681757;spire_mag_01681758;spire_mag_01681759;spire_mag_01681760;spire_mag_01681762,SAMN07124920,False,,0,False,
SRR7151563,PRJNA386568,SAMN07124921,16,spire_mag_01678009;spire_mag_01678011;spire_mag_01678012;spire_mag_01678014;spire_mag_01678017;spire_mag_01678018;spire_mag_01678021;spire_mag_01678022;spire_mag_01678024;spire_mag_01678029;spire_mag_01678031;spire_mag_01678033;spire_mag_01678036;spire_mag_01678037;spire_mag_01678039;spire_mag_01678040,SAMN07124921,False,,0,False,
SRR7151588,PRJNA386568,SAMN07124972,13,spire_mag_01679500;spire_mag_01679504;spire_mag_01679505;spire_mag_01679507;spire_mag_01679509;spire_mag_01679510;spire_mag_01679512;spire_mag_01679513;spire_mag_01679515;spire_mag_01679518;spire_mag_01679519;spire_mag_01679524;spire_mag_01679528,SAMN07124972,False,,0,False,
SRR7151598,PRJNA386568,SAMN07124950,13,spire_mag_01679690;spire_mag_01679698;spire_mag_01679701;spire_mag_01679702;spire_mag_01679709;spire_mag_01679711;spire_mag_01679713;spire_mag_01679715;spire_mag_01679717;spire_mag_01679723;spire_mag_01679725;spire_mag_01679726;spire_mag_01679729,SAMN07124950,False,,0,False,
SRR7151600,PRJNA386568,SAMN07124948,5,spire_mag_01681523;spire_mag_01681528;spire_mag_01681531;spire_mag_01681541;spire_mag_01681543,SAMN07124948,False,,0,False,
SRR7151624,PRJNA386568,SAMN07124934,25,spire_mag_01677801;spire_mag_01677802;spire_mag_01677807;spire_mag_01677808;spire_mag_01677809;spire_mag_01677812;spire_mag_01677813;spire_mag_01677814;spire_mag_01677815;spire_mag_01677816;spire_mag_01677817;spire_mag_01677818;spire_mag_01677822;spire_mag_01677825;spire_mag_01677826;spire_mag_01677827;spire_mag_01677833;spire_mag_01677835;spire_mag_01677839;spire_mag_01677841;spire_mag_01677842;spire_mag_01677843;spire_mag_01677845;spire_mag_01677853;spire_mag_01677854,SAMN07124934,False,,0,False,
SRR7151625,PRJNA386568,SAMN07124935,29,spire_mag_01680895;spire_mag_01680899;spire_mag_01680902;spire_mag_01680903;spire_mag_01680904;spire_mag_01680905;spire_mag_01680909;spire_mag_01680910;spire_mag_01680911;spire_mag_01680912;spire_mag_01680914;spire_mag_01680920;spire_mag_01680922;spire_mag_01680923;spire_mag_01680929;spire_mag_01680931;spire_mag_01680932;spire_mag_01680935;spire_mag_01680937;spire_mag_01680939;spire_mag_01680942;spire_mag_01680944;spire_mag_01680945;spire_mag_01680946;spire_mag_01680947;spire_mag_01680949;spire_mag_01680950;spire_mag_01680951;spire_mag_01680952,SAMN07124935,False,,0,False,
SRR7151629,PRJNA386568,SAMN07124936,12,spire_mag_01679530;spire_mag_01679532;spire_mag_01679535;spire_mag_01679538;spire_mag_01679543;spire_mag_01679544;spire_mag_01679545;spire_mag_01679550;spire_mag_01679551;spire_mag_01679552;spire_mag_01679553;spire_mag_01679555,SAMN07124936,False,,0,False,
SRR7151693,PRJNA386568,SAMN07124960,3,spire_mag_01682359;spire_mag_01682360;spire_mag_01682361,SAMN07124960,False,,0,False,
SRR7151694,PRJNA386568,SAMN07124965,22,spire_mag_01678319;spire_mag_01678323;spire_mag_01678331;spire_mag_01678332;spire_mag_01678333;spire_mag_01678335;spire_mag_01678336;spire_mag_01678337;spire_mag_01678340;spire_mag_01678341;spire_mag_01678343;spire_mag_01678344;spire_mag_01678345;spire_mag_01678346;spire_mag_01678349;spire_mag_01678350;spire_mag_01678352;spire_mag_01678356;spire_mag_01678358;spire_mag_01678367;spire_mag_01678368;spire_mag_01678369,SAMN07124965,False,,0,False,
SRR7151712,PRJNA386568,SAMN07124904,0,,,False,,0,False,
SRR7151713,PRJNA386568,SAMN07124908,6,spire_mag_01681115;spire_mag_01681118;spire_mag_01681121;spire_mag_01681122;spire_mag_01681128;spire_mag_01681129,SAMN07124908,False,,0,False,
SRR7151717,PRJNA386568,SAMN07124888,25,spire_mag_01677573;spire_mag_01677575;spire_mag_01677576;spire_mag_01677577;spire_mag_01677580;spire_mag_01677581;spire_mag_01677583;spire_mag_01677584;spire_mag_01677588;spire_mag_01677595;spire_mag_01677598;spire_mag_01677599;spire_mag_01677600;spire_mag_01677602;spire_mag_01677605;spire_mag_01677606;spire_mag_01677608;spire_mag_01677609;spire_mag_01677610;spire_mag_01677612;spire_mag_01677615;spire_mag_01677617;spire_mag_01677620;spire_mag_01677622;spire_mag_01677628,SAMN07124888,False,,0,False,
SRR7151722,PRJNA386568,SAMN07124979,3,spire_mag_01680770;spire_mag_01680773;spire_mag_01680776,SAMN07124979,False,,0,False,
SRR7151736,PRJNA386568,SAMN07124898,4,spire_mag_01680758;spire_mag_01680761;spire_mag_01680767;spire_mag_01680768,SAMN07124898,False,,0,False,
SRR7151737,PRJNA386568,SAMN07124897,15,spire_mag_01677522;spire_mag_01677525;spire_mag_01677527;spire_mag_01677530;spire_mag_01677531;spire_mag_01677532;spire_mag_01677535;spire_mag_01677538;spire_mag_01677541;spire_mag_01677542;spire_mag_01677547;spire_mag_01677548;spire_mag_01677549;spire_mag_01677551;spire_mag_01677552,SAMN07124897,False,,0,False,
SRR7151738,PRJNA386568,SAMN07124892,10,spire_mag_01681902;spire_mag_01681905;spire_mag_01681906;spire_mag_01681907;spire_mag_01681908;spire_mag_01681909;spire_mag_01681910;spire_mag_01681912;spire_mag_01681913;spire_mag_01681914,SAMN07124892,False,,0,False,
SRR7151742,PRJNA386568,SAMN07124924,1,spire_mag_01682353,SAMN07124924,False,,0,False,
SRR7151651,PRJNA386568,SAMN07125001,4,spire_mag_01679664;spire_mag_01679665;spire_mag_01679667;spire_mag_01679668,SAMN07125001,False,,0,False,
SRR7151581,PRJNA386568,SAMN07124987,6,spire_mag_01677636;spire_mag_01677639;spire_mag_01677640;spire_mag_01677642;spire_mag_01677644;spire_mag_01677648,SAMN07124987,False,,0,False,
SRR7151582,PRJNA386568,SAMN07124986,6,spire_mag_01682634;spire_mag_01682637;spire_mag_01682640;spire_mag_01682643;spire_mag_01682644;spire_mag_01682645,SAMN07124986,False,,0,False,
SRR7151614,PRJNA386568,SAMN07125026,0,,,False,,0,False,
SRR7151709,PRJNA386568,SAMN07125009,0,,,False,,0,False,
SRR7151656,PRJNA386568,SAMN07125004,6,spire_mag_01681582;spire_mag_01681584;spire_mag_01681585;spire_mag_01681586;spire_mag_01681587;spire_mag_01681590,SAMN07125004,False,,0,False,
SRR7151553,PRJNA386568,SAMN07124996,6,spire_mag_01677502;spire_mag_01677506;spire_mag_01677508;spire_mag_01677513;spire_mag_01677519;spire_mag_01677521,SAMN07124996,False,,0,False,
SRR7151636,PRJNA386568,SAMN07124901,0,,,False,,0,False,
SRR7151584,PRJNA386568,SAMN07124984,2,spire_mag_01681546;spire_mag_01681556,SAMN07124984,False,,0,False,
SRR7151652,PRJNA386568,SAMN07125000,6,spire_mag_01681130;spire_mag_01681131;spire_mag_01681132;spire_mag_01681133;spire_mag_01681135;spire_mag_01681139,SAMN07125000,False,,0,False,
SRR7151646,PRJNA386568,SAMN07125027,45,spire_mag_01679154;spire_mag_01679155;spire_mag_01679156;spire_mag_01679167;spire_mag_01679168;spire_mag_01679174;spire_mag_01679176;spire_mag_01679185;spire_mag_01679187;spire_mag_01679190;spire_mag_01679191;spire_mag_01679193;spire_mag_01679194;spire_mag_01679196;spire_mag_01679198;spire_mag_01679199;spire_mag_01679204;spire_mag_01679205;spire_mag_01679216;spire_mag_01679218;spire_mag_01679220;spire_mag_01679221;spire_mag_01679224;spire_mag_01679226;spire_mag_01679227;spire_mag_01679233;spire_mag_01679234;spire_mag_01679236;spire_mag_01679237;spire_mag_01679238;spire_mag_01679240;spire_mag_01679244;spire_mag_01679246;spire_mag_01679247;spire_mag_01679251;spire_mag_01679253;spire_mag_01679254;spire_mag_01679262;spire_mag_01679264;spire_mag_01679265;spire_mag_01679268;spire_mag_01679270;spire_mag_01679273;spire_mag_01679274;spire_mag_01679276,SAMN07125027,False,,0,False,
SRR7151611,PRJNA386568,SAMN07125028,0,,,False,,0,False,
SRR7151615,PRJNA386568,SAMN07125025,0,,,False,,0,False,
SRR7151585,PRJNA386568,SAMN07124983,9,spire_mag_01678411;spire_mag_01678415;spire_mag_01678417;spire_mag_01678418;spire_mag_01678419;spire_mag_01678421;spire_mag_01678424;spire_mag_01678428;spire_mag_01678429,SAMN07124983,False,,0,False,
SRR7151647,PRJNA386568,SAMN07125006,9,spire_mag_01683717;spire_mag_01683723;spire_mag_01683724;spire_mag_01683728;spire_mag_01683731;spire_mag_01683732;spire_mag_01683733;spire_mag_01683736;spire_mag_01683739,SAMN07125006,False,,0,False,
SRR7151583,PRJNA386568,SAMN07124985,3,spire_mag_01680034;spire_mag_01680036;spire_mag_01680038,SAMN07124985,False,,0,False,
SRR7151702,PRJNA386568,SAMN07125031,1,spire_mag_01681564,SAMN07125031,False,,0,False,
SRR7151586,PRJNA386568,SAMN07124982,1,spire_mag_01682118,SAMN07124982,False,,0,False,
SRR7151684,PRJNA386568,SAMN07124975,0,,,False,,0,False,
SRR7151550,PRJNA386568,SAMN07124993,9,spire_mag_01681366;spire_mag_01681370;spire_mag_01681372;spire_mag_01681373;spire_mag_01681374;spire_mag_01681377;spire_mag_01681379;spire_mag_01681380;spire_mag_01681381,SAMN07124993,False,,0,False,
SRR7151619,PRJNA386568,SAMN07125029,0,,,False,,0,False,
SRR7151587,PRJNA386568,SAMN07124981,2,spire_mag_01679583;spire_mag_01679585,SAMN07124981,False,,0,False,
SRR7151620,PRJNA386568,SAMN07125030,46,spire_mag_01678502;spire_mag_01678506;spire_mag_01678507;spire_mag_01678511;spire_mag_01678512;spire_mag_01678514;spire_mag_01678515;spire_mag_01678518;spire_mag_01678520;spire_mag_01678525;spire_mag_01678528;spire_mag_01678532;spire_mag_01678533;spire_mag_01678539;spire_mag_01678540;spire_mag_01678541;spire_mag_01678544;spire_mag_01678547;spire_mag_01678548;spire_mag_01678557;spire_mag_01678559;spire_mag_01678561;spire_mag_01678565;spire_mag_01678569;spire_mag_01678572;spire_mag_01678573;spire_mag_01678574;spire_mag_01678577;spire_mag_01678580;spire_mag_01678583;spire_mag_01678585;spire_mag_01678588;spire_mag_01678593;spire_mag_01678598;spire_mag_01678602;spire_mag_01678609;spire_mag_01678613;spire_mag_01678621;spire_mag_01678624;spire_mag_01678625;spire_mag_01678627;spire_mag_01678628;spire_mag_01678629;spire_mag_01678630;spire_mag_01678631;spire_mag_01678632,SAMN07125030,False,,0,False,
SRR7151654,PRJNA386568,SAMN07125002,8,spire_mag_01682176;spire_mag_01682178;spire_mag_01682179;spire_mag_01682180;spire_mag_01682181;spire_mag_01682184;spire_mag_01682185;spire_mag_01682187,SAMN07125002,False,,0,False,
SRR7151517,PRJNA386568,SAMN07124928,4,spire_mag_01681941;spire_mag_01681945;spire_mag_01681947;spire_mag_01681948,SAMN07124928,False,,0,False,
SRR7151549,PRJNA386568,SAMN07124992,7,spire_mag_01678222;spire_mag_01678224;spire_mag_01678226;spire_mag_01678230;spire_mag_01678231;spire_mag_01678232;spire_mag_01678235,SAMN07124992,False,,0,False,
SRR7151689,PRJNA386568,SAMN07125015,2,spire_mag_01682650;spire_mag_01682651,SAMN07125015,False,,0,False,
SRR7151551,PRJNA386568,SAMN07124994,7,spire_mag_01679982;spire_mag_01679986;spire_mag_01679987;spire_mag_01679990;spire_mag_01679991;spire_mag_01679992;spire_mag_01679997,SAMN07124994,False,,0,False,
SRR7151513,PRJNA386568,SAMN07124930,1,spire_mag_01677992,SAMN07124930,False,,0,False,
SRR7151649,PRJNA386568,SAMN07124999,9,spire_mag_01681806;spire_mag_01681810;spire_mag_01681811;spire_mag_01681813;spire_mag_01681814;spire_mag_01681816;spire_mag_01681817;spire_mag_01681818;spire_mag_01681821,SAMN07124999,False,,0,False,
SRR7151552,PRJNA386568,SAMN07124995,12,spire_mag_01682452;spire_mag_01682453;spire_mag_01682454;spire_mag_01682456;spire_mag_01682459;spire_mag_01682460;spire_mag_01682461;spire_mag_01682465;spire_mag_01682466;spire_mag_01682469;spire_mag_01682472;spire_mag_01682473,SAMN07124995,False,,0,False,
SRR7151703,PRJNA386568,SAMN07125032,4,spire_mag_01680091;spire_mag_01680093;spire_mag_01680096;spire_mag_01680097,SAMN07125032,False,,0,False,
SRR7151691,PRJNA386568,SAMN07125013,5,spire_mag_01681558;spire_mag_01681560;spire_mag_01681561;spire_mag_01681562;spire_mag_01681563,SAMN07125013,False,,0,False,
SRR7151685,PRJNA386568,SAMN07125017,6,spire_mag_01680615;spire_mag_01680617;spire_mag_01680620;spire_mag_01680621;spire_mag_01680623;spire_mag_01680624,SAMN07125017,False,,0,False,
SRR7151661,PRJNA386568,SAMN07124939,14,spire_mag_01681400;spire_mag_01681403;spire_mag_01681406;spire_mag_01681408;spire_mag_01681409;spire_mag_01681411;spire_mag_01681413;spire_mag_01681425;spire_mag_01681427;spire_mag_01681428;spire_mag_01681430;spire_mag_01681432;spire_mag_01681437;spire_mag_01681441,SAMN07124939,False,,0,False,
SRR7151623,PRJNA386568,SAMN07124940,23,spire_mag_01681296;spire_mag_01681298;spire_mag_01681300;spire_mag_01681304;spire_mag_01681305;spire_mag_01681307;spire_mag_01681308;spire_mag_01681312;spire_mag_01681315;spire_mag_01681316;spire_mag_01681318;spire_mag_01681319;spire_mag_01681320;spire_mag_01681321;spire_mag_01681322;spire_mag_01681324;spire_mag_01681328;spire_mag_01681329;spire_mag_01681331;spire_mag_01681332;spire_mag_01681335;spire_mag_01681340;spire_mag_01681345,SAMN07124940,False,,0,False,
SRR7151506,PRJNA386568,SAMN07125055,2,spire_mag_01681763;spire_mag_01681764,SAMN07125055,False,,0,False,
SRR7151505,PRJNA386568,SAMN07125023,8,spire_mag_01680101;spire_mag_01680102;spire_mag_01680105;spire_mag_01680107;spire_mag_01680111;spire_mag_01680114;spire_mag_01680115;spire_mag_01680116,SAMN07125023,False,,0,False,
SRR7151507,PRJNA386568,SAMN07125056,6,spire_mag_01677993;spire_mag_01677995;spire_mag_01677997;spire_mag_01677998;spire_mag_01678002;spire_mag_01678007,SAMN07125056,False,,0,False,
SRR7151632,PRJNA386568,SAMN07124944,9,spire_mag_01681040;spire_mag_01681044;spire_mag_01681051;spire_mag_01681053;spire_mag_01681054;spire_mag_01681057;spire_mag_01681059;spire_mag_01681062;spire_mag_01681071,SAMN07124944,False,,0,False,
SRR7151502,PRJNA386568,SAMN07125058,0,,,False,,0,False,
SRR7151509,PRJNA386568,SAMN07125060,126,spire_mag_01682824;spire_mag_01682826;spire_mag_01682827;spire_mag_01682829;spire_mag_01682830;spire_mag_01682834;spire_mag_01682839;spire_mag_01682840;spire_mag_01682842;spire_mag_01682845;spire_mag_01682847;spire_mag_01682848;spire_mag_01682850;spire_mag_01682851;spire_mag_01682856;spire_mag_01682857;spire_mag_01682860;spire_mag_01682863;spire_mag_01682864;spire_mag_01682870;spire_mag_01682871;spire_mag_01682873;spire_mag_01682876;spire_mag_01682879;spire_mag_01682883;spire_mag_01682887;spire_mag_01682889;spire_mag_01682892;spire_mag_01682893;spire_mag_01682894;spire_mag_01682896;spire_mag_01682897;spire_mag_01682901;spire_mag_01682904;spire_mag_01682906;spire_mag_01682907;spire_mag_01682908;spire_mag_01682910;spire_mag_01682912;spire_mag_01682913;spire_mag_01682916;spire_mag_01682919;spire_mag_01682921;spire_mag_01682922;spire_mag_01682927;spire_mag_01682930;spire_mag_01682934;spire_mag_01682937;spire_mag_01682941;spire_mag_01682945;spire_mag_01682948;spire_mag_01682951;spire_mag_01682956;spire_mag_01682958;spire_mag_01682959;spire_mag_01682960;spire_mag_01682961;spire_mag_01682964;spire_mag_01682967;spire_mag_01682970;spire_mag_01682971;spire_mag_01682972;spire_mag_01682977;spire_mag_01682991;spire_mag_01682995;spire_mag_01682999;spire_mag_01683014;spire_mag_01683021;spire_mag_01683023;spire_mag_01683038;spire_mag_01683039;spire_mag_01683042;spire_mag_01683045;spire_mag_01683046;spire_mag_01683047;spire_mag_01683048;spire_mag_01683054;spire_mag_01683056;spire_mag_01683058;spire_mag_01683059;spire_mag_01683064;spire_mag_01683065;spire_mag_01683070;spire_mag_01683071;spire_mag_01683073;spire_mag_01683075;spire_mag_01683078;spire_mag_01683082;spire_mag_01683090;spire_mag_01683097;spire_mag_01683099;spire_mag_01683101;spire_mag_01683102;spire_mag_01683103;spire_mag_01683104;spire_mag_01683107;spire_mag_01683111;spire_mag_01683113;spire_mag_01683115;spire_mag_01683122;spire_mag_01683126;spire_mag_01683129;spire_mag_01683133;spire_mag_01683136;spire_mag_01683137;spire_mag_01683141;spire_mag_01683142;spire_mag_01683144;spire_mag_01683146;spire_mag_01683147;spire_mag_01683153;spire_mag_01683154;spire_mag_01683155;spire_mag_01683156;spire_mag_01683158;spire_mag_01683163;spire_mag_01683166;spire_mag_01683168;spire_mag_01683170;spire_mag_01683174;spire_mag_01683176;spire_mag_01683178;spire_mag_01683180;spire_mag_01683182;spire_mag_01683187;spire_mag_01683198,SAMN07125060,False,,0,False,
SRR7151500,PRJNA386568,SAMN07125057,8,spire_mag_01681252;spire_mag_01681255;spire_mag_01681256;spire_mag_01681257;spire_mag_01681258;spire_mag_01681260;spire_mag_01681264;spire_mag_01681266,SAMN07125057,False,,0,False,
SRR7151554,PRJNA386568,SAMN07124997,22,spire_mag_01680714;spire_mag_01680717;spire_mag_01680718;spire_mag_01680719;spire_mag_01680721;spire_mag_01680722;spire_mag_01680724;spire_mag_01680727;spire_mag_01680728;spire_mag_01680729;spire_mag_01680730;spire_mag_01680731;spire_mag_01680733;spire_mag_01680735;spire_mag_01680736;spire_mag_01680738;spire_mag_01680741;spire_mag_01680744;spire_mag_01680746;spire_mag_01680751;spire_mag_01680752;spire_mag_01680754,SAMN07124997,False,,0,False,
SRR7151682,PRJNA386568,SAMN07125024,11,spire_mag_01682799;spire_mag_01682801;spire_mag_01682804;spire_mag_01682805;spire_mag_01682807;spire_mag_01682809;spire_mag_01682812;spire_mag_01682813;spire_mag_01682815;spire_mag_01682818;spire_mag_01682819,SAMN07125024,False,,0,False,
SRR7151692,PRJNA386568,SAMN07125018,12,spire_mag_01679333;spire_mag_01679334;spire_mag_01679336;spire_mag_01679339;spire_mag_01679341;spire_mag_01679345;spire_mag_01679348;spire_mag_01679349;spire_mag_01679350;spire_mag_01679351;spire_mag_01679352;spire_mag_01679353,SAMN07125018,False,,0,False,
SRR7151501,PRJNA386568,SAMN07125054,3,spire_mag_01679280;spire_mag_01679283;spire_mag_01679285,SAMN07125054,False,,0,False,
SRR7151696,PRJNA386568,SAMN07125010,5,spire_mag_01679653;spire_mag_01679654;spire_mag_01679656;spire_mag_01679657;spire_mag_01679661,SAMN07125010,False,,0,False,
SRR7151489,PRJNA386568,SAMN07124942,4,spire_mag_01682392;spire_mag_01682398;spire_mag_01682399;spire_mag_01682404,SAMN07124942,False,,0,False,
SRR7151660,PRJNA386568,SAMN07124943,15,spire_mag_01677910;spire_mag_01677911;spire_mag_01677916;spire_mag_01677917;spire_mag_01677923;spire_mag_01677925;spire_mag_01677926;spire_mag_01677928;spire_mag_01677929;spire_mag_01677930;spire_mag_01677934;spire_mag_01677938;spire_mag_01677940;spire_mag_01677941;spire_mag_01677942,SAMN07124943,False,,0,False,
SRR7151687,PRJNA386568,SAMN07125021,12,spire_mag_01678634;spire_mag_01678637;spire_mag_01678638;spire_mag_01678639;spire_mag_01678640;spire_mag_01678644;spire_mag_01678646;spire_mag_01678647;spire_mag_01678649;spire_mag_01678653;spire_mag_01678659;spire_mag_01678660,SAMN07125021,False,,0,False,
SRR7151580,PRJNA386568,SAMN07125064,6,spire_mag_01681662;spire_mag_01681663;spire_mag_01681666;spire_mag_01681667;spire_mag_01681669;spire_mag_01681670,SAMN07125064,False,,0,False,
SRR7151686,PRJNA386568,SAMN07125016,6,spire_mag_01677474;spire_mag_01677475;spire_mag_01677476;spire_mag_01677480;spire_mag_01677482;spire_mag_01677483,SAMN07125016,False,,0,False,
SRR7151690,PRJNA386568,SAMN07125014,7,spire_mag_01680079;spire_mag_01680080;spire_mag_01680082;spire_mag_01680085;spire_mag_01680087;spire_mag_01680088;spire_mag_01680089,SAMN07125014,False,,0,False,
SRR7151546,PRJNA386568,SAMN07124989,14,spire_mag_01679419;spire_mag_01679422;spire_mag_01679425;spire_mag_01679426;spire_mag_01679431;spire_mag_01679433;spire_mag_01679434;spire_mag_01679435;spire_mag_01679436;spire_mag_01679438;spire_mag_01679440;spire_mag_01679441;spire_mag_01679448;spire_mag_01679449,SAMN07124989,False,,0,False,
SRR7151565,PRJNA386568,SAMN07125061,0,,,False,,0,False,
SRR7151528,PRJNA386568,SAMN07125037,4,spire_mag_01681769;spire_mag_01681770;spire_mag_01681772;spire_mag_01681773,SAMN07125037,False,,0,False,
SRR7151688,PRJNA386568,SAMN07125020,16,spire_mag_01682145;spire_mag_01682147;spire_mag_01682148;spire_mag_01682150;spire_mag_01682152;spire_mag_01682155;spire_mag_01682157;spire_mag_01682158;spire_mag_01682160;spire_mag_01682161;spire_mag_01682163;spire_mag_01682165;spire_mag_01682167;spire_mag_01682169;spire_mag_01682172;spire_mag_01682174,SAMN07125020,False,,0,False,
SRR7151504,PRJNA386568,SAMN07125022,2,spire_mag_01681568;spire_mag_01681572,SAMN07125022,False,,0,False,
SRR7151724,PRJNA386568,SAMN07125063,2,spire_mag_01679144;spire_mag_01679146,SAMN07125063,False,,0,False,
SRR7151579,PRJNA386568,SAMN07125036,6,spire_mag_01679362;spire_mag_01679365;spire_mag_01679366;spire_mag_01679367;spire_mag_01679372;spire_mag_01679375,SAMN07125036,False,,0,False,
SRR7151526,PRJNA386568,SAMN07125039,16,spire_mag_01681270;spire_mag_01681271;spire_mag_01681273;spire_mag_01681275;spire_mag_01681276;spire_mag_01681279;spire_mag_01681280;spire_mag_01681281;spire_mag_01681282;spire_mag_01681283;spire_mag_01681284;spire_mag_01681285;spire_mag_01681287;spire_mag_01681288;spire_mag_01681290;spire_mag_01681291,SAMN07125039,False,,0,False,
SRR7151512,PRJNA386568,SAMN07124931,3,spire_mag_01681178;spire_mag_01681181;spire_mag_01681188,SAMN07124931,False,,0,False,
SRR7151529,PRJNA386568,SAMN07125042,11,spire_mag_01683238;spire_mag_01683289;spire_mag_01683291;spire_mag_01683319;spire_mag_01683355;spire_mag_01683397;spire_mag_01683431;spire_mag_01683472;spire_mag_01683485;spire_mag_01683654;spire_mag_01683673,SAMN07125042,False,,0,False,
SRR7151527,PRJNA386568,SAMN07125038,4,spire_mag_01678115;spire_mag_01678116;spire_mag_01678118;spire_mag_01678127,SAMN07125038,False,,0,False,
SRR7151490,PRJNA386568,SAMN07125041,1,spire_mag_01680132,SAMN07125041,False,,0,False,
SRR7151491,PRJNA386568,SAMN07125040,5,spire_mag_01681573;spire_mag_01681574;spire_mag_01681576;spire_mag_01681580;spire_mag_01681581,SAMN07125040,False,,0,False,
SRR7151697,PRJNA386568,SAMN07125011,11,spire_mag_01682119;spire_mag_01682120;spire_mag_01682121;spire_mag_01682123;spire_mag_01682127;spire_mag_01682129;spire_mag_01682130;spire_mag_01682131;spire_mag_01682134;spire_mag_01682138;spire_mag_01682139,SAMN07125011,False,,0,False,
SRR7151541,PRJNA386568,SAMN07125048,5,spire_mag_01681163;spire_mag_01681166;spire_mag_01681170;spire_mag_01681171;spire_mag_01681172,SAMN07125048,False,,0,False,
SRR7151675,PRJNA386568,SAMN07125047,3,spire_mag_01677946;spire_mag_01677948;spire_mag_01677949,SAMN07125047,False,,0,False,
SRR7151503,PRJNA386568,SAMN07125059,10,spire_mag_01682362;spire_mag_01682363;spire_mag_01682364;spire_mag_01682374;spire_mag_01682375;spire_mag_01682376;spire_mag_01682380;spire_mag_01682381;spire_mag_01682383;spire_mag_01682388,SAMN07125059,False,,0,False,
SRR7151731,PRJNA386568,SAMN07125062,131,spire_mag_01680175;spire_mag_01680176;spire_mag_01680178;spire_mag_01680185;spire_mag_01680190;spire_mag_01680196;spire_mag_01680203;spire_mag_01680206;spire_mag_01680209;spire_mag_01680210;spire_mag_01680211;spire_mag_01680214;spire_mag_01680216;spire_mag_01680217;spire_mag_01680224;spire_mag_01680225;spire_mag_01680233;spire_mag_01680236;spire_mag_01680249;spire_mag_01680251;spire_mag_01680252;spire_mag_01680253;spire_mag_01680260;spire_mag_01680261;spire_mag_01680264;spire_mag_01680267;spire_mag_01680268;spire_mag_01680271;spire_mag_01680273;spire_mag_01680277;spire_mag_01680280;spire_mag_01680295;spire_mag_01680297;spire_mag_01680299;spire_mag_01680303;spire_mag_01680311;spire_mag_01680313;spire_mag_01680317;spire_mag_01680320;spire_mag_01680324;spire_mag_01680325;spire_mag_01680327;spire_mag_01680330;spire_mag_01680332;spire_mag_01680333;spire_mag_01680334;spire_mag_01680335;spire_mag_01680338;spire_mag_01680339;spire_mag_01680343;spire_mag_01680348;spire_mag_01680350;spire_mag_01680368;spire_mag_01680374;spire_mag_01680387;spire_mag_01680388;spire_mag_01680390;spire_mag_01680394;spire_mag_01680397;spire_mag_01680399;spire_mag_01680403;spire_mag_01680405;spire_mag_01680406;spire_mag_01680407;spire_mag_01680408;spire_mag_01680409;spire_mag_01680411;spire_mag_01680413;spire_mag_01680414;spire_mag_01680418;spire_mag_01680419;spire_mag_01680423;spire_mag_01680425;spire_mag_01680430;spire_mag_01680443;spire_mag_01680447;spire_mag_01680449;spire_mag_01680451;spire_mag_01680452;spire_mag_01680460;spire_mag_01680465;spire_mag_01680468;spire_mag_01680469;spire_mag_01680472;spire_mag_01680473;spire_mag_01680475;spire_mag_01680481;spire_mag_01680486;spire_mag_01680487;spire_mag_01680492;spire_mag_01680494;spire_mag_01680495;spire_mag_01680496;spire_mag_01680499;spire_mag_01680501;spire_mag_01680502;spire_mag_01680503;spire_mag_01680504;spire_mag_01680507;spire_mag_01680515;spire_mag_01680516;spire_mag_01680517;spire_mag_01680520;spire_mag_01680522;spire_mag_01680524;spire_mag_01680525;spire_mag_01680528;spire_mag_01680531;spire_mag_01680534;spire_mag_01680535;spire_mag_01680536;spire_mag_01680544;spire_mag_01680545;spire_mag_01680546;spire_mag_01680550;spire_mag_01680552;spire_mag_01680556;spire_mag_01680560;spire_mag_01680561;spire_mag_01680581;spire_mag_01680585;spire_mag_01680586;spire_mag_01680587;spire_mag_01680589;spire_mag_01680591;spire_mag_01680598;spire_mag_01680599;spire_mag_01680602;spire_mag_01680604;spire_mag_01680607;spire_mag_01680609,SAMN07125062,False,,0,False,
SRR7151578,PRJNA386568,SAMN07125051,2,spire_mag_01682654;spire_mag_01682657,SAMN07125051,False,,0,False,
SRR7151591,PRJNA386568,SAMN07124955,5,spire_mag_01681870;spire_mag_01681872;spire_mag_01681874;spire_mag_01681880;spire_mag_01681881,SAMN07124955,False,,0,False,
SRR7151542,PRJNA386568,SAMN07125049,10,spire_mag_01679672;spire_mag_01679674;spire_mag_01679676;spire_mag_01679677;spire_mag_01679678;spire_mag_01679680;spire_mag_01679681;spire_mag_01679685;spire_mag_01679687;spire_mag_01679689,SAMN07125049,False,,0,False,
SRR7151492,PRJNA386568,SAMN07125045,117,spire_mag_01678675;spire_mag_01678678;spire_mag_01678680;spire_mag_01678682;spire_mag_01678687;spire_mag_01678688;spire_mag_01678690;spire_mag_01678701;spire_mag_01678705;spire_mag_01678710;spire_mag_01678711;spire_mag_01678718;spire_mag_01678720;spire_mag_01678722;spire_mag_01678730;spire_mag_01678731;spire_mag_01678732;spire_mag_01678742;spire_mag_01678743;spire_mag_01678749;spire_mag_01678753;spire_mag_01678756;spire_mag_01678757;spire_mag_01678758;spire_mag_01678762;spire_mag_01678767;spire_mag_01678768;spire_mag_01678769;spire_mag_01678775;spire_mag_01678778;spire_mag_01678779;spire_mag_01678780;spire_mag_01678782;spire_mag_01678784;spire_mag_01678790;spire_mag_01678791;spire_mag_01678792;spire_mag_01678797;spire_mag_01678802;spire_mag_01678807;spire_mag_01678811;spire_mag_01678814;spire_mag_01678820;spire_mag_01678825;spire_mag_01678827;spire_mag_01678828;spire_mag_01678833;spire_mag_01678835;spire_mag_01678838;spire_mag_01678843;spire_mag_01678845;spire_mag_01678853;spire_mag_01678857;spire_mag_01678858;spire_mag_01678860;spire_mag_01678861;spire_mag_01678862;spire_mag_01678864;spire_mag_01678867;spire_mag_01678872;spire_mag_01678875;spire_mag_01678879;spire_mag_01678882;spire_mag_01678885;spire_mag_01678890;spire_mag_01678892;spire_mag_01678901;spire_mag_01678909;spire_mag_01678913;spire_mag_01678915;spire_mag_01678916;spire_mag_01678922;spire_mag_01678927;spire_mag_01678928;spire_mag_01678930;spire_mag_01678931;spire_mag_01678933;spire_mag_01678938;spire_mag_01678943;spire_mag_01678947;spire_mag_01678948;spire_mag_01678952;spire_mag_01678967;spire_mag_01678969;spire_mag_01678972;spire_mag_01678979;spire_mag_01678998;spire_mag_01679001;spire_mag_01679003;spire_mag_01679004;spire_mag_01679011;spire_mag_01679012;spire_mag_01679015;spire_mag_01679022;spire_mag_01679025;spire_mag_01679029;spire_mag_01679032;spire_mag_01679036;spire_mag_01679043;spire_mag_01679049;spire_mag_01679050;spire_mag_01679052;spire_mag_01679058;spire_mag_01679059;spire_mag_01679062;spire_mag_01679064;spire_mag_01679067;spire_mag_01679069;spire_mag_01679071;spire_mag_01679072;spire_mag_01679073;spire_mag_01679074;spire_mag_01679091;spire_mag_01679093;spire_mag_01679098;spire_mag_01679103;spire_mag_01679104,SAMN07125045,False,,0,False,
SRR7151676,PRJNA386568,SAMN07125050,9,spire_mag_01680057;spire_mag_01680058;spire_mag_01680059;spire_mag_01680063;spire_mag_01680066;spire_mag_01680071;spire_mag_01680072;spire_mag_01680074;spire_mag_01680075,SAMN07125050,False,,0,False,
SRR7151574,PRJNA386568,SAMN07125084,0,,,False,,0,False,
SRR7151573,PRJNA386568,SAMN07125085,0,,,False,,0,False,
SRR7151594,PRJNA386568,SAMN07124952,13,spire_mag_01677652;spire_mag_01677656;spire_mag_01677658;spire_mag_01677660;spire_mag_01677662;spire_mag_01677665;spire_mag_01677668;spire_mag_01677669;spire_mag_01677671;spire_mag_01677672;spire_mag_01677675;spire_mag_01677678;spire_mag_01677685,SAMN07124952,False,,0,False,
SRR7151524,PRJNA386568,SAMN07125035,5,spire_mag_01680671;spire_mag_01680672;spire_mag_01680675;spire_mag_01680678;spire_mag_01680683,SAMN07125035,False,,0,False,
SRR7151602,PRJNA386568,SAMN07125066,1,spire_mag_01681205,SAMN07125066,False,,0,False,
SRR7151536,PRJNA386568,SAMN07125046,13,spire_mag_01681627;spire_mag_01681629;spire_mag_01681638;spire_mag_01681639;spire_mag_01681640;spire_mag_01681641;spire_mag_01681642;spire_mag_01681643;spire_mag_01681648;spire_mag_01681649;spire_mag_01681653;spire_mag_01681654;spire_mag_01681656,SAMN07125046,False,,0,False,
SRR7151605,PRJNA386568,SAMN07125067,4,spire_mag_01679800;spire_mag_01679803;spire_mag_01679804;spire_mag_01679809,SAMN07125067,False,,0,False,
SRR7151641,PRJNA386568,SAMN07125071,1,spire_mag_01680687,SAMN07125071,False,,0,False,
SRR7151666,PRJNA386568,SAMN07124947,21,spire_mag_01678434;spire_mag_01678438;spire_mag_01678439;spire_mag_01678443;spire_mag_01678444;spire_mag_01678446;spire_mag_01678448;spire_mag_01678449;spire_mag_01678450;spire_mag_01678454;spire_mag_01678455;spire_mag_01678458;spire_mag_01678460;spire_mag_01678461;spire_mag_01678464;spire_mag_01678467;spire_mag_01678469;spire_mag_01678473;spire_mag_01678475;spire_mag_01678483;spire_mag_01678486,SAMN07124947,False,,0,False,
SRR7151604,PRJNA386568,SAMN07125093,0,,,False,,0,False,
SRR7151633,PRJNA386568,SAMN07125074,10,spire_mag_01678092;spire_mag_01678093;spire_mag_01678094;spire_mag_01678096;spire_mag_01678098;spire_mag_01678102;spire_mag_01678106;spire_mag_01678107;spire_mag_01678110;spire_mag_01678111,SAMN07125074,False,,0,False,
SRR7151674,PRJNA386568,SAMN07125076,5,spire_mag_01679897;spire_mag_01679899;spire_mag_01679902;spire_mag_01679903;spire_mag_01679906,SAMN07125076,False,,0,False,
SRR7151597,PRJNA386568,SAMN07124923,23,spire_mag_01679843;spire_mag_01679845;spire_mag_01679848;spire_mag_01679850;spire_mag_01679854;spire_mag_01679855;spire_mag_01679857;spire_mag_01679858;spire_mag_01679859;spire_mag_01679862;spire_mag_01679864;spire_mag_01679865;spire_mag_01679868;spire_mag_01679873;spire_mag_01679877;spire_mag_01679878;spire_mag_01679880;spire_mag_01679881;spire_mag_01679883;spire_mag_01679886;spire_mag_01679887;spire_mag_01679893;spire_mag_01679894,SAMN07124923,False,,0,False,
SRR7151639,PRJNA386568,SAMN07125069,9,spire_mag_01677782;spire_mag_01677784;spire_mag_01677785;spire_mag_01677787;spire_mag_01677788;spire_mag_01677790;spire_mag_01677794;spire_mag_01677795;spire_mag_01677797,SAMN07125069,False,,0,False,
SRR7151607,PRJNA386568,SAMN07125088,2,spire_mag_01680830;spire_mag_01680834,SAMN07125088,False,,0,False,
SRR7151635,PRJNA386568,SAMN07125077,4,spire_mag_01682435;spire_mag_01682439;spire_mag_01682441;spire_mag_01682444,SAMN07125077,False,,0,False,
SRR7151669,PRJNA386568,SAMN07125083,9,spire_mag_01677965;spire_mag_01677967;spire_mag_01677968;spire_mag_01677970;spire_mag_01677972;spire_mag_01677973;spire_mag_01677978;spire_mag_01677979;spire_mag_01677981,SAMN07125083,False,,0,False,
SRR7151645,PRJNA386568,SAMN07125075,9,spire_mag_01681346;spire_mag_01681349;spire_mag_01681355;spire_mag_01681356;spire_mag_01681358;spire_mag_01681359;spire_mag_01681361;spire_mag_01681362;spire_mag_01681363,SAMN07125075,False,,0,False,
SRR7151634,PRJNA386568,SAMN07125078,5,spire_mag_01677897;spire_mag_01677900;spire_mag_01677901;spire_mag_01677903;spire_mag_01677904,SAMN07125078,False,,0,False,
SRR7151540,PRJNA386568,SAMN07125072,3,spire_mag_01679356;spire_mag_01679359;spire_mag_01679361,SAMN07125072,False,,0,False,
SRR7151659,PRJNA386568,SAMN07125087,16,spire_mag_01677712;spire_mag_01677714;spire_mag_01677715;spire_mag_01677716;spire_mag_01677717;spire_mag_01677722;spire_mag_01677724;spire_mag_01677725;spire_mag_01677726;spire_mag_01677730;spire_mag_01677732;spire_mag_01677736;spire_mag_01677737;spire_mag_01677739;spire_mag_01677752;spire_mag_01677754,SAMN07125087,False,,0,False,
SRR7151673,PRJNA386568,SAMN07125079,6,spire_mag_01681094;spire_mag_01681095;spire_mag_01681096;spire_mag_01681106;spire_mag_01681110;spire_mag_01681112,SAMN07125079,False,,0,False,
SRR7151644,PRJNA386568,SAMN07124885,15,spire_mag_01681481;spire_mag_01681483;spire_mag_01681484;spire_mag_01681485;spire_mag_01681488;spire_mag_01681489;spire_mag_01681490;spire_mag_01681491;spire_mag_01681493;spire_mag_01681495;spire_mag_01681496;spire_mag_01681503;spire_mag_01681505;spire_mag_01681507;spire_mag_01681512,SAMN07124885,False,,0,False,
SRR7151627,PRJNA386568,SAMN07124934,25,spire_mag_01677801;spire_mag_01677802;spire_mag_01677807;spire_mag_01677808;spire_mag_01677809;spire_mag_01677812;spire_mag_01677813;spire_mag_01677814;spire_mag_01677815;spire_mag_01677816;spire_mag_01677817;spire_mag_01677818;spire_mag_01677822;spire_mag_01677825;spire_mag_01677826;spire_mag_01677827;spire_mag_01677833;spire_mag_01677835;spire_mag_01677839;spire_mag_01677841;spire_mag_01677842;spire_mag_01677843;spire_mag_01677845;spire_mag_01677853;spire_mag_01677854,SAMN07124934,False,,0,False,
SRR7151670,PRJNA386568,SAMN07125080,1,spire_mag_01680147,SAMN07125080,False,,0,False,
SRR7151608,PRJNA386568,SAMN07125089,2,spire_mag_01679465;spire_mag_01679466,SAMN07125089,False,,0,False,
SRR7151671,PRJNA386568,SAMN07125081,8,spire_mag_01679106;spire_mag_01679110;spire_mag_01679116;spire_mag_01679117;spire_mag_01679119;spire_mag_01679122;spire_mag_01679123;spire_mag_01679125,SAMN07125081,False,,0,False,
SRR7151575,PRJNA386568,SAMN07125053,20,spire_mag_01680625;spire_mag_01680630;spire_mag_01680631;spire_mag_01680632;spire_mag_01680635;spire_mag_01680637;spire_mag_01680638;spire_mag_01680639;spire_mag_01680640;spire_mag_01680641;spire_mag_01680642;spire_mag_01680648;spire_mag_01680651;spire_mag_01680652;spire_mag_01680656;spire_mag_01680663;spire_mag_01680665;spire_mag_01680668;spire_mag_01680669;spire_mag_01680670,SAMN07125053,False,,0,False,
SRR7151537,PRJNA386568,SAMN07125043,6,spire_mag_01677400;spire_mag_01677402;spire_mag_01677404;spire_mag_01677409;spire_mag_01677415;spire_mag_01677416,SAMN07125043,False,,0,False,
SRR7151609,PRJNA386568,SAMN07125094,7,spire_mag_01679822;spire_mag_01679830;spire_mag_01679832;spire_mag_01679833;spire_mag_01679836;spire_mag_01679838;spire_mag_01679840,SAMN07125094,False,,0,False,
SRR7151603,PRJNA386568,SAMN07125092,20,spire_mag_01678044;spire_mag_01678045;spire_mag_01678048;spire_mag_01678051;spire_mag_01678055;spire_mag_01678057;spire_mag_01678058;spire_mag_01678062;spire_mag_01678063;spire_mag_01678064;spire_mag_01678068;spire_mag_01678070;spire_mag_01678073;spire_mag_01678074;spire_mag_01678075;spire_mag_01678076;spire_mag_01678078;spire_mag_01678079;spire_mag_01678080;spire_mag_01678081,SAMN07125092,False,,0,False,
SRR7151648,PRJNA386568,SAMN07125073,13,spire_mag_01681784;spire_mag_01681785;spire_mag_01681788;spire_mag_01681789;spire_mag_01681791;spire_mag_01681792;spire_mag_01681793;spire_mag_01681794;spire_mag_01681795;spire_mag_01681800;spire_mag_01681801;spire_mag_01681802;spire_mag_01681804,SAMN07125073,False,,0,False,
SRR7151577,PRJNA386568,SAMN07125052,21,spire_mag_01677421;spire_mag_01677422;spire_mag_01677423;spire_mag_01677424;spire_mag_01677426;spire_mag_01677427;spire_mag_01677431;spire_mag_01677432;spire_mag_01677434;spire_mag_01677436;spire_mag_01677438;spire_mag_01677441;spire_mag_01677443;spire_mag_01677446;spire_mag_01677452;spire_mag_01677455;spire_mag_01677459;spire_mag_01677460;spire_mag_01677461;spire_mag_01677462;spire_mag_01677465,SAMN07125052,False,,0,False,
SRR7151606,PRJNA386568,SAMN07125095,25,spire_mag_01682297;spire_mag_01682302;spire_mag_01682305;spire_mag_01682306;spire_mag_01682307;spire_mag_01682309;spire_mag_01682310;spire_mag_01682313;spire_mag_01682315;spire_mag_01682316;spire_mag_01682317;spire_mag_01682323;spire_mag_01682327;spire_mag_01682328;spire_mag_01682332;spire_mag_01682333;spire_mag_01682334;spire_mag_01682336;spire_mag_01682338;spire_mag_01682341;spire_mag_01682342;spire_mag_01682343;spire_mag_01682345;spire_mag_01682349;spire_mag_01682350,SAMN07125095,False,,0,False,
SRR7151665,PRJNA386568,SAMN07125090,17,spire_mag_01679291;spire_mag_01679292;spire_mag_01679294;spire_mag_01679295;spire_mag_01679297;spire_mag_01679298;spire_mag_01679306;spire_mag_01679313;spire_mag_01679314;spire_mag_01679316;spire_mag_01679317;spire_mag_01679318;spire_mag_01679319;spire_mag_01679321;spire_mag_01679326;spire_mag_01679329;spire_mag_01679332,SAMN07125090,False,,0,False,
SRR7151610,PRJNA386568,SAMN07125091,21,spire_mag_01681673;spire_mag_01681674;spire_mag_01681675;spire_mag_01681677;spire_mag_01681678;spire_mag_01681681;spire_mag_01681683;spire_mag_01681687;spire_mag_01681691;spire_mag_01681692;spire_mag_01681693;spire_mag_01681694;spire_mag_01681697;spire_mag_01681703;spire_mag_01681705;spire_mag_01681708;spire_mag_01681711;spire_mag_01681714;spire_mag_01681716;spire_mag_01681717;spire_mag_01681719,SAMN07125091,False,,0,False,
SRR7151672,PRJNA386568,SAMN07125082,8,spire_mag_01681591;spire_mag_01681592;spire_mag_01681594;spire_mag_01681595;spire_mag_01681596;spire_mag_01681599;spire_mag_01681602;spire_mag_01681603,SAMN07125082,False,,0,False,
SRR7151668,PRJNA386568,SAMN07124964,40,spire_mag_01682001;spire_mag_01682002;spire_mag_01682003;spire_mag_01682006;spire_mag_01682008;spire_mag_01682009;spire_mag_01682010;spire_mag_01682013;spire_mag_01682014;spire_mag_01682015;spire_mag_01682021;spire_mag_01682022;spire_mag_01682027;spire_mag_01682031;spire_mag_01682033;spire_mag_01682036;spire_mag_01682038;spire_mag_01682042;spire_mag_01682043;spire_mag_01682044;spire_mag_01682046;spire_mag_01682047;spire_mag_01682049;spire_mag_01682050;spire_mag_01682051;spire_mag_01682052;spire_mag_01682055;spire_mag_01682058;spire_mag_01682059;spire_mag_01682061;spire_mag_01682063;spire_mag_01682066;spire_mag_01682068;spire_mag_01682069;spire_mag_01682071;spire_mag_01682072;spire_mag_01682074;spire_mag_01682075;spire_mag_01682076;spire_mag_01682077,SAMN07124964,False,,0,False,
SRR7151720,PRJNA386568,SAMN07124887,18,spire_mag_01682553;spire_mag_01682556;spire_mag_01682558;spire_mag_01682561;spire_mag_01682566;spire_mag_01682567;spire_mag_01682578;spire_mag_01682580;spire_mag_01682587;spire_mag_01682588;spire_mag_01682592;spire_mag_01682593;spire_mag_01682596;spire_mag_01682597;spire_mag_01682598;spire_mag_01682599;spire_mag_01682602;spire_mag_01682604,SAMN07124887,False,,0,False,
SRR7151664,PRJNA386568,SAMN07124945,18,spire_mag_01679602;spire_mag_01679605;spire_mag_01679608;spire_mag_01679609;spire_mag_01679610;spire_mag_01679612;spire_mag_01679613;spire_mag_01679614;spire_mag_01679617;spire_mag_01679618;spire_mag_01679622;spire_mag_01679627;spire_mag_01679628;spire_mag_01679634;spire_mag_01679641;spire_mag_01679644;spire_mag_01679649;spire_mag_01679650,SAMN07124945,False,,0,False,
SRR7151576,PRJNA386568,SAMN07125086,20,spire_mag_01682191;spire_mag_01682192;spire_mag_01682194;spire_mag_01682195;spire_mag_01682197;spire_mag_01682198;spire_mag_01682200;spire_mag_01682201;spire_mag_01682206;spire_mag_01682213;spire_mag_01682219;spire_mag_01682220;spire_mag_01682221;spire_mag_01682228;spire_mag_01682229;spire_mag_01682232;spire_mag_01682234;spire_mag_01682235;spire_mag_01682236;spire_mag_01682237,SAMN07125086,False,,0,False,
SRR7151643,PRJNA386568,SAMN07124882,3,spire_mag_01679557;spire_mag_01679560;spire_mag_01679569,SAMN07124882,False,,0,False,
SRR7151499,PRJNA386568,SAMN07125045,117,spire_mag_01678675;spire_mag_01678678;spire_mag_01678680;spire_mag_01678682;spire_mag_01678687;spire_mag_01678688;spire_mag_01678690;spire_mag_01678701;spire_mag_01678705;spire_mag_01678710;spire_mag_01678711;spire_mag_01678718;spire_mag_01678720;spire_mag_01678722;spire_mag_01678730;spire_mag_01678731;spire_mag_01678732;spire_mag_01678742;spire_mag_01678743;spire_mag_01678749;spire_mag_01678753;spire_mag_01678756;spire_mag_01678757;spire_mag_01678758;spire_mag_01678762;spire_mag_01678767;spire_mag_01678768;spire_mag_01678769;spire_mag_01678775;spire_mag_01678778;spire_mag_01678779;spire_mag_01678780;spire_mag_01678782;spire_mag_01678784;spire_mag_01678790;spire_mag_01678791;spire_mag_01678792;spire_mag_01678797;spire_mag_01678802;spire_mag_01678807;spire_mag_01678811;spire_mag_01678814;spire_mag_01678820;spire_mag_01678825;spire_mag_01678827;spire_mag_01678828;spire_mag_01678833;spire_mag_01678835;spire_mag_01678838;spire_mag_01678843;spire_mag_01678845;spire_mag_01678853;spire_mag_01678857;spire_mag_01678858;spire_mag_01678860;spire_mag_01678861;spire_mag_01678862;spire_mag_01678864;spire_mag_01678867;spire_mag_01678872;spire_mag_01678875;spire_mag_01678879;spire_mag_01678882;spire_mag_01678885;spire_mag_01678890;spire_mag_01678892;spire_mag_01678901;spire_mag_01678909;spire_mag_01678913;spire_mag_01678915;spire_mag_01678916;spire_mag_01678922;spire_mag_01678927;spire_mag_01678928;spire_mag_01678930;spire_mag_01678931;spire_mag_01678933;spire_mag_01678938;spire_mag_01678943;spire_mag_01678947;spire_mag_01678948;spire_mag_01678952;spire_mag_01678967;spire_mag_01678969;spire_mag_01678972;spire_mag_01678979;spire_mag_01678998;spire_mag_01679001;spire_mag_01679003;spire_mag_01679004;spire_mag_01679011;spire_mag_01679012;spire_mag_01679015;spire_mag_01679022;spire_mag_01679025;spire_mag_01679029;spire_mag_01679032;spire_mag_01679036;spire_mag_01679043;spire_mag_01679049;spire_mag_01679050;spire_mag_01679052;spire_mag_01679058;spire_mag_01679059;spire_mag_01679062;spire_mag_01679064;spire_mag_01679067;spire_mag_01679069;spire_mag_01679071;spire_mag_01679072;spire_mag_01679073;spire_mag_01679074;spire_mag_01679091;spire_mag_01679093;spire_mag_01679098;spire_mag_01679103;spire_mag_01679104,SAMN07125045,False,,0,False,
SRR7151544,PRJNA386568,SAMN07124884,7,spire_mag_01678370;spire_mag_01678371;spire_mag_01678372;spire_mag_01678374;spire_mag_01678377;spire_mag_01678379;spire_mag_01678380,SAMN07124884,False,,0,False,
SRR7151522,PRJNA386568,SAMN07125042,11,spire_mag_01683238;spire_mag_01683289;spire_mag_01683291;spire_mag_01683319;spire_mag_01683355;spire_mag_01683397;spire_mag_01683431;spire_mag_01683472;spire_mag_01683485;spire_mag_01683654;spire_mag_01683673,SAMN07125042,False,,0,False,
SRR7151495,PRJNA386568,SAMN07125042,11,spire_mag_01683238;spire_mag_01683289;spire_mag_01683291;spire_mag_01683319;spire_mag_01683355;spire_mag_01683397;spire_mag_01683431;spire_mag_01683472;spire_mag_01683485;spire_mag_01683654;spire_mag_01683673,SAMN07125042,False,,0,False,
SRR7151535,PRJNA386568,SAMN07125045,117,spire_mag_01678675;spire_mag_01678678;spire_mag_01678680;spire_mag_01678682;spire_mag_01678687;spire_mag_01678688;spire_mag_01678690;spire_mag_01678701;spire_mag_01678705;spire_mag_01678710;spire_mag_01678711;spire_mag_01678718;spire_mag_01678720;spire_mag_01678722;spire_mag_01678730;spire_mag_01678731;spire_mag_01678732;spire_mag_01678742;spire_mag_01678743;spire_mag_01678749;spire_mag_01678753;spire_mag_01678756;spire_mag_01678757;spire_mag_01678758;spire_mag_01678762;spire_mag_01678767;spire_mag_01678768;spire_mag_01678769;spire_mag_01678775;spire_mag_01678778;spire_mag_01678779;spire_mag_01678780;spire_mag_01678782;spire_mag_01678784;spire_mag_01678790;spire_mag_01678791;spire_mag_01678792;spire_mag_01678797;spire_mag_01678802;spire_mag_01678807;spire_mag_01678811;spire_mag_01678814;spire_mag_01678820;spire_mag_01678825;spire_mag_01678827;spire_mag_01678828;spire_mag_01678833;spire_mag_01678835;spire_mag_01678838;spire_mag_01678843;spire_mag_01678845;spire_mag_01678853;spire_mag_01678857;spire_mag_01678858;spire_mag_01678860;spire_mag_01678861;spire_mag_01678862;spire_mag_01678864;spire_mag_01678867;spire_mag_01678872;spire_mag_01678875;spire_mag_01678879;spire_mag_01678882;spire_mag_01678885;spire_mag_01678890;spire_mag_01678892;spire_mag_01678901;spire_mag_01678909;spire_mag_01678913;spire_mag_01678915;spire_mag_01678916;spire_mag_01678922;spire_mag_01678927;spire_mag_01678928;spire_mag_01678930;spire_mag_01678931;spire_mag_01678933;spire_mag_01678938;spire_mag_01678943;spire_mag_01678947;spire_mag_01678948;spire_mag_01678952;spire_mag_01678967;spire_mag_01678969;spire_mag_01678972;spire_mag_01678979;spire_mag_01678998;spire_mag_01679001;spire_mag_01679003;spire_mag_01679004;spire_mag_01679011;spire_mag_01679012;spire_mag_01679015;spire_mag_01679022;spire_mag_01679025;spire_mag_01679029;spire_mag_01679032;spire_mag_01679036;spire_mag_01679043;spire_mag_01679049;spire_mag_01679050;spire_mag_01679052;spire_mag_01679058;spire_mag_01679059;spire_mag_01679062;spire_mag_01679064;spire_mag_01679067;spire_mag_01679069;spire_mag_01679071;spire_mag_01679072;spire_mag_01679073;spire_mag_01679074;spire_mag_01679091;spire_mag_01679093;spire_mag_01679098;spire_mag_01679103;spire_mag_01679104,SAMN07125045,False,,0,False,
SRR7151494,PRJNA386568,SAMN07125042,11,spire_mag_01683238;spire_mag_01683289;spire_mag_01683291;spire_mag_01683319;spire_mag_01683355;spire_mag_01683397;spire_mag_01683431;spire_mag_01683472;spire_mag_01683485;spire_mag_01683654;spire_mag_01683673,SAMN07125042,False,,0,False,
SRR7151534,PRJNA386568,SAMN07125045,117,spire_mag_01678675;spire_mag_01678678;spire_mag_01678680;spire_mag_01678682;spire_mag_01678687;spire_mag_01678688;spire_mag_01678690;spire_mag_01678701;spire_mag_01678705;spire_mag_01678710;spire_mag_01678711;spire_mag_01678718;spire_mag_01678720;spire_mag_01678722;spire_mag_01678730;spire_mag_01678731;spire_mag_01678732;spire_mag_01678742;spire_mag_01678743;spire_mag_01678749;spire_mag_01678753;spire_mag_01678756;spire_mag_01678757;spire_mag_01678758;spire_mag_01678762;spire_mag_01678767;spire_mag_01678768;spire_mag_01678769;spire_mag_01678775;spire_mag_01678778;spire_mag_01678779;spire_mag_01678780;spire_mag_01678782;spire_mag_01678784;spire_mag_01678790;spire_mag_01678791;spire_mag_01678792;spire_mag_01678797;spire_mag_01678802;spire_mag_01678807;spire_mag_01678811;spire_mag_01678814;spire_mag_01678820;spire_mag_01678825;spire_mag_01678827;spire_mag_01678828;spire_mag_01678833;spire_mag_01678835;spire_mag_01678838;spire_mag_01678843;spire_mag_01678845;spire_mag_01678853;spire_mag_01678857;spire_mag_01678858;spire_mag_01678860;spire_mag_01678861;spire_mag_01678862;spire_mag_01678864;spire_mag_01678867;spire_mag_01678872;spire_mag_01678875;spire_mag_01678879;spire_mag_01678882;spire_mag_01678885;spire_mag_01678890;spire_mag_01678892;spire_mag_01678901;spire_mag_01678909;spire_mag_01678913;spire_mag_01678915;spire_mag_01678916;spire_mag_01678922;spire_mag_01678927;spire_mag_01678928;spire_mag_01678930;spire_mag_01678931;spire_mag_01678933;spire_mag_01678938;spire_mag_01678943;spire_mag_01678947;spire_mag_01678948;spire_mag_01678952;spire_mag_01678967;spire_mag_01678969;spire_mag_01678972;spire_mag_01678979;spire_mag_01678998;spire_mag_01679001;spire_mag_01679003;spire_mag_01679004;spire_mag_01679011;spire_mag_01679012;spire_mag_01679015;spire_mag_01679022;spire_mag_01679025;spire_mag_01679029;spire_mag_01679032;spire_mag_01679036;spire_mag_01679043;spire_mag_01679049;spire_mag_01679050;spire_mag_01679052;spire_mag_01679058;spire_mag_01679059;spire_mag_01679062;spire_mag_01679064;spire_mag_01679067;spire_mag_01679069;spire_mag_01679071;spire_mag_01679072;spire_mag_01679073;spire_mag_01679074;spire_mag_01679091;spire_mag_01679093;spire_mag_01679098;spire_mag_01679103;spire_mag_01679104,SAMN07125045,False,,0,False,
SRR7151533,PRJNA386568,SAMN07125045,117,spire_mag_01678675;spire_mag_01678678;spire_mag_01678680;spire_mag_01678682;spire_mag_01678687;spire_mag_01678688;spire_mag_01678690;spire_mag_01678701;spire_mag_01678705;spire_mag_01678710;spire_mag_01678711;spire_mag_01678718;spire_mag_01678720;spire_mag_01678722;spire_mag_01678730;spire_mag_01678731;spire_mag_01678732;spire_mag_01678742;spire_mag_01678743;spire_mag_01678749;spire_mag_01678753;spire_mag_01678756;spire_mag_01678757;spire_mag_01678758;spire_mag_01678762;spire_mag_01678767;spire_mag_01678768;spire_mag_01678769;spire_mag_01678775;spire_mag_01678778;spire_mag_01678779;spire_mag_01678780;spire_mag_01678782;spire_mag_01678784;spire_mag_01678790;spire_mag_01678791;spire_mag_01678792;spire_mag_01678797;spire_mag_01678802;spire_mag_01678807;spire_mag_01678811;spire_mag_01678814;spire_mag_01678820;spire_mag_01678825;spire_mag_01678827;spire_mag_01678828;spire_mag_01678833;spire_mag_01678835;spire_mag_01678838;spire_mag_01678843;spire_mag_01678845;spire_mag_01678853;spire_mag_01678857;spire_mag_01678858;spire_mag_01678860;spire_mag_01678861;spire_mag_01678862;spire_mag_01678864;spire_mag_01678867;spire_mag_01678872;spire_mag_01678875;spire_mag_01678879;spire_mag_01678882;spire_mag_01678885;spire_mag_01678890;spire_mag_01678892;spire_mag_01678901;spire_mag_01678909;spire_mag_01678913;spire_mag_01678915;spire_mag_01678916;spire_mag_01678922;spire_mag_01678927;spire_mag_01678928;spire_mag_01678930;spire_mag_01678931;spire_mag_01678933;spire_mag_01678938;spire_mag_01678943;spire_mag_01678947;spire_mag_01678948;spire_mag_01678952;spire_mag_01678967;spire_mag_01678969;spire_mag_01678972;spire_mag_01678979;spire_mag_01678998;spire_mag_01679001;spire_mag_01679003;spire_mag_01679004;spire_mag_01679011;spire_mag_01679012;spire_mag_01679015;spire_mag_01679022;spire_mag_01679025;spire_mag_01679029;spire_mag_01679032;spire_mag_01679036;spire_mag_01679043;spire_mag_01679049;spire_mag_01679050;spire_mag_01679052;spire_mag_01679058;spire_mag_01679059;spire_mag_01679062;spire_mag_01679064;spire_mag_01679067;spire_mag_01679069;spire_mag_01679071;spire_mag_01679072;spire_mag_01679073;spire_mag_01679074;spire_mag_01679091;spire_mag_01679093;spire_mag_01679098;spire_mag_01679103;spire_mag_01679104,SAMN07125045,False,,0,False,
SRR7151530,PRJNA386568,SAMN07125042,11,spire_mag_01683238;spire_mag_01683289;spire_mag_01683291;spire_mag_01683319;spire_mag_01683355;spire_mag_01683397;spire_mag_01683431;spire_mag_01683472;spire_mag_01683485;spire_mag_01683654;spire_mag_01683673,SAMN07125042,False,,0,False,
SRR7151498,PRJNA386568,SAMN07125045,117,spire_mag_01678675;spire_mag_01678678;spire_mag_01678680;spire_mag_01678682;spire_mag_01678687;spire_mag_01678688;spire_mag_01678690;spire_mag_01678701;spire_mag_01678705;spire_mag_01678710;spire_mag_01678711;spire_mag_01678718;spire_mag_01678720;spire_mag_01678722;spire_mag_01678730;spire_mag_01678731;spire_mag_01678732;spire_mag_01678742;spire_mag_01678743;spire_mag_01678749;spire_mag_01678753;spire_mag_01678756;spire_mag_01678757;spire_mag_01678758;spire_mag_01678762;spire_mag_01678767;spire_mag_01678768;spire_mag_01678769;spire_mag_01678775;spire_mag_01678778;spire_mag_01678779;spire_mag_01678780;spire_mag_01678782;spire_mag_01678784;spire_mag_01678790;spire_mag_01678791;spire_mag_01678792;spire_mag_01678797;spire_mag_01678802;spire_mag_01678807;spire_mag_01678811;spire_mag_01678814;spire_mag_01678820;spire_mag_01678825;spire_mag_01678827;spire_mag_01678828;spire_mag_01678833;spire_mag_01678835;spire_mag_01678838;spire_mag_01678843;spire_mag_01678845;spire_mag_01678853;spire_mag_01678857;spire_mag_01678858;spire_mag_01678860;spire_mag_01678861;spire_mag_01678862;spire_mag_01678864;spire_mag_01678867;spire_mag_01678872;spire_mag_01678875;spire_mag_01678879;spire_mag_01678882;spire_mag_01678885;spire_mag_01678890;spire_mag_01678892;spire_mag_01678901;spire_mag_01678909;spire_mag_01678913;spire_mag_01678915;spire_mag_01678916;spire_mag_01678922;spire_mag_01678927;spire_mag_01678928;spire_mag_01678930;spire_mag_01678931;spire_mag_01678933;spire_mag_01678938;spire_mag_01678943;spire_mag_01678947;spire_mag_01678948;spire_mag_01678952;spire_mag_01678967;spire_mag_01678969;spire_mag_01678972;spire_mag_01678979;spire_mag_01678998;spire_mag_01679001;spire_mag_01679003;spire_mag_01679004;spire_mag_01679011;spire_mag_01679012;spire_mag_01679015;spire_mag_01679022;spire_mag_01679025;spire_mag_01679029;spire_mag_01679032;spire_mag_01679036;spire_mag_01679043;spire_mag_01679049;spire_mag_01679050;spire_mag_01679052;spire_mag_01679058;spire_mag_01679059;spire_mag_01679062;spire_mag_01679064;spire_mag_01679067;spire_mag_01679069;spire_mag_01679071;spire_mag_01679072;spire_mag_01679073;spire_mag_01679074;spire_mag_01679091;spire_mag_01679093;spire_mag_01679098;spire_mag_01679103;spire_mag_01679104,SAMN07125045,False,,0,False,
SRR7151493,PRJNA386568,SAMN07125045,117,spire_mag_01678675;spire_mag_01678678;spire_mag_01678680;spire_mag_01678682;spire_mag_01678687;spire_mag_01678688;spire_mag_01678690;spire_mag_01678701;spire_mag_01678705;spire_mag_01678710;spire_mag_01678711;spire_mag_01678718;spire_mag_01678720;spire_mag_01678722;spire_mag_01678730;spire_mag_01678731;spire_mag_01678732;spire_mag_01678742;spire_mag_01678743;spire_mag_01678749;spire_mag_01678753;spire_mag_01678756;spire_mag_01678757;spire_mag_01678758;spire_mag_01678762;spire_mag_01678767;spire_mag_01678768;spire_mag_01678769;spire_mag_01678775;spire_mag_01678778;spire_mag_01678779;spire_mag_01678780;spire_mag_01678782;spire_mag_01678784;spire_mag_01678790;spire_mag_01678791;spire_mag_01678792;spire_mag_01678797;spire_mag_01678802;spire_mag_01678807;spire_mag_01678811;spire_mag_01678814;spire_mag_01678820;spire_mag_01678825;spire_mag_01678827;spire_mag_01678828;spire_mag_01678833;spire_mag_01678835;spire_mag_01678838;spire_mag_01678843;spire_mag_01678845;spire_mag_01678853;spire_mag_01678857;spire_mag_01678858;spire_mag_01678860;spire_mag_01678861;spire_mag_01678862;spire_mag_01678864;spire_mag_01678867;spire_mag_01678872;spire_mag_01678875;spire_mag_01678879;spire_mag_01678882;spire_mag_01678885;spire_mag_01678890;spire_mag_01678892;spire_mag_01678901;spire_mag_01678909;spire_mag_01678913;spire_mag_01678915;spire_mag_01678916;spire_mag_01678922;spire_mag_01678927;spire_mag_01678928;spire_mag_01678930;spire_mag_01678931;spire_mag_01678933;spire_mag_01678938;spire_mag_01678943;spire_mag_01678947;spire_mag_01678948;spire_mag_01678952;spire_mag_01678967;spire_mag_01678969;spire_mag_01678972;spire_mag_01678979;spire_mag_01678998;spire_mag_01679001;spire_mag_01679003;spire_mag_01679004;spire_mag_01679011;spire_mag_01679012;spire_mag_01679015;spire_mag_01679022;spire_mag_01679025;spire_mag_01679029;spire_mag_01679032;spire_mag_01679036;spire_mag_01679043;spire_mag_01679049;spire_mag_01679050;spire_mag_01679052;spire_mag_01679058;spire_mag_01679059;spire_mag_01679062;spire_mag_01679064;spire_mag_01679067;spire_mag_01679069;spire_mag_01679071;spire_mag_01679072;spire_mag_01679073;spire_mag_01679074;spire_mag_01679091;spire_mag_01679093;spire_mag_01679098;spire_mag_01679103;spire_mag_01679104,SAMN07125045,False,,0,False,
SRR7151531,PRJNA386568,SAMN07125042,11,spire_mag_01683238;spire_mag_01683289;spire_mag_01683291;spire_mag_01683319;spire_mag_01683355;spire_mag_01683397;spire_mag_01683431;spire_mag_01683472;spire_mag_01683485;spire_mag_01683654;spire_mag_01683673,SAMN07125042,False,,0,False,
SRR7151727,PRJNA386568,SAMN07125060,126,spire_mag_01682824;spire_mag_01682826;spire_mag_01682827;spire_mag_01682829;spire_mag_01682830;spire_mag_01682834;spire_mag_01682839;spire_mag_01682840;spire_mag_01682842;spire_mag_01682845;spire_mag_01682847;spire_mag_01682848;spire_mag_01682850;spire_mag_01682851;spire_mag_01682856;spire_mag_01682857;spire_mag_01682860;spire_mag_01682863;spire_mag_01682864;spire_mag_01682870;spire_mag_01682871;spire_mag_01682873;spire_mag_01682876;spire_mag_01682879;spire_mag_01682883;spire_mag_01682887;spire_mag_01682889;spire_mag_01682892;spire_mag_01682893;spire_mag_01682894;spire_mag_01682896;spire_mag_01682897;spire_mag_01682901;spire_mag_01682904;spire_mag_01682906;spire_mag_01682907;spire_mag_01682908;spire_mag_01682910;spire_mag_01682912;spire_mag_01682913;spire_mag_01682916;spire_mag_01682919;spire_mag_01682921;spire_mag_01682922;spire_mag_01682927;spire_mag_01682930;spire_mag_01682934;spire_mag_01682937;spire_mag_01682941;spire_mag_01682945;spire_mag_01682948;spire_mag_01682951;spire_mag_01682956;spire_mag_01682958;spire_mag_01682959;spire_mag_01682960;spire_mag_01682961;spire_mag_01682964;spire_mag_01682967;spire_mag_01682970;spire_mag_01682971;spire_mag_01682972;spire_mag_01682977;spire_mag_01682991;spire_mag_01682995;spire_mag_01682999;spire_mag_01683014;spire_mag_01683021;spire_mag_01683023;spire_mag_01683038;spire_mag_01683039;spire_mag_01683042;spire_mag_01683045;spire_mag_01683046;spire_mag_01683047;spire_mag_01683048;spire_mag_01683054;spire_mag_01683056;spire_mag_01683058;spire_mag_01683059;spire_mag_01683064;spire_mag_01683065;spire_mag_01683070;spire_mag_01683071;spire_mag_01683073;spire_mag_01683075;spire_mag_01683078;spire_mag_01683082;spire_mag_01683090;spire_mag_01683097;spire_mag_01683099;spire_mag_01683101;spire_mag_01683102;spire_mag_01683103;spire_mag_01683104;spire_mag_01683107;spire_mag_01683111;spire_mag_01683113;spire_mag_01683115;spire_mag_01683122;spire_mag_01683126;spire_mag_01683129;spire_mag_01683133;spire_mag_01683136;spire_mag_01683137;spire_mag_01683141;spire_mag_01683142;spire_mag_01683144;spire_mag_01683146;spire_mag_01683147;spire_mag_01683153;spire_mag_01683154;spire_mag_01683155;spire_mag_01683156;spire_mag_01683158;spire_mag_01683163;spire_mag_01683166;spire_mag_01683168;spire_mag_01683170;spire_mag_01683174;spire_mag_01683176;spire_mag_01683178;spire_mag_01683180;spire_mag_01683182;spire_mag_01683187;spire_mag_01683198,SAMN07125060,False,,0,False,
SRR7151730,PRJNA386568,SAMN07125060,126,spire_mag_01682824;spire_mag_01682826;spire_mag_01682827;spire_mag_01682829;spire_mag_01682830;spire_mag_01682834;spire_mag_01682839;spire_mag_01682840;spire_mag_01682842;spire_mag_01682845;spire_mag_01682847;spire_mag_01682848;spire_mag_01682850;spire_mag_01682851;spire_mag_01682856;spire_mag_01682857;spire_mag_01682860;spire_mag_01682863;spire_mag_01682864;spire_mag_01682870;spire_mag_01682871;spire_mag_01682873;spire_mag_01682876;spire_mag_01682879;spire_mag_01682883;spire_mag_01682887;spire_mag_01682889;spire_mag_01682892;spire_mag_01682893;spire_mag_01682894;spire_mag_01682896;spire_mag_01682897;spire_mag_01682901;spire_mag_01682904;spire_mag_01682906;spire_mag_01682907;spire_mag_01682908;spire_mag_01682910;spire_mag_01682912;spire_mag_01682913;spire_mag_01682916;spire_mag_01682919;spire_mag_01682921;spire_mag_01682922;spire_mag_01682927;spire_mag_01682930;spire_mag_01682934;spire_mag_01682937;spire_mag_01682941;spire_mag_01682945;spire_mag_01682948;spire_mag_01682951;spire_mag_01682956;spire_mag_01682958;spire_mag_01682959;spire_mag_01682960;spire_mag_01682961;spire_mag_01682964;spire_mag_01682967;spire_mag_01682970;spire_mag_01682971;spire_mag_01682972;spire_mag_01682977;spire_mag_01682991;spire_mag_01682995;spire_mag_01682999;spire_mag_01683014;spire_mag_01683021;spire_mag_01683023;spire_mag_01683038;spire_mag_01683039;spire_mag_01683042;spire_mag_01683045;spire_mag_01683046;spire_mag_01683047;spire_mag_01683048;spire_mag_01683054;spire_mag_01683056;spire_mag_01683058;spire_mag_01683059;spire_mag_01683064;spire_mag_01683065;spire_mag_01683070;spire_mag_01683071;spire_mag_01683073;spire_mag_01683075;spire_mag_01683078;spire_mag_01683082;spire_mag_01683090;spire_mag_01683097;spire_mag_01683099;spire_mag_01683101;spire_mag_01683102;spire_mag_01683103;spire_mag_01683104;spire_mag_01683107;spire_mag_01683111;spire_mag_01683113;spire_mag_01683115;spire_mag_01683122;spire_mag_01683126;spire_mag_01683129;spire_mag_01683133;spire_mag_01683136;spire_mag_01683137;spire_mag_01683141;spire_mag_01683142;spire_mag_01683144;spire_mag_01683146;spire_mag_01683147;spire_mag_01683153;spire_mag_01683154;spire_mag_01683155;spire_mag_01683156;spire_mag_01683158;spire_mag_01683163;spire_mag_01683166;spire_mag_01683168;spire_mag_01683170;spire_mag_01683174;spire_mag_01683176;spire_mag_01683178;spire_mag_01683180;spire_mag_01683182;spire_mag_01683187;spire_mag_01683198,SAMN07125060,False,,0,False,
SRR7151508,PRJNA386568,SAMN07125060,126,spire_mag_01682824;spire_mag_01682826;spire_mag_01682827;spire_mag_01682829;spire_mag_01682830;spire_mag_01682834;spire_mag_01682839;spire_mag_01682840;spire_mag_01682842;spire_mag_01682845;spire_mag_01682847;spire_mag_01682848;spire_mag_01682850;spire_mag_01682851;spire_mag_01682856;spire_mag_01682857;spire_mag_01682860;spire_mag_01682863;spire_mag_01682864;spire_mag_01682870;spire_mag_01682871;spire_mag_01682873;spire_mag_01682876;spire_mag_01682879;spire_mag_01682883;spire_mag_01682887;spire_mag_01682889;spire_mag_01682892;spire_mag_01682893;spire_mag_01682894;spire_mag_01682896;spire_mag_01682897;spire_mag_01682901;spire_mag_01682904;spire_mag_01682906;spire_mag_01682907;spire_mag_01682908;spire_mag_01682910;spire_mag_01682912;spire_mag_01682913;spire_mag_01682916;spire_mag_01682919;spire_mag_01682921;spire_mag_01682922;spire_mag_01682927;spire_mag_01682930;spire_mag_01682934;spire_mag_01682937;spire_mag_01682941;spire_mag_01682945;spire_mag_01682948;spire_mag_01682951;spire_mag_01682956;spire_mag_01682958;spire_mag_01682959;spire_mag_01682960;spire_mag_01682961;spire_mag_01682964;spire_mag_01682967;spire_mag_01682970;spire_mag_01682971;spire_mag_01682972;spire_mag_01682977;spire_mag_01682991;spire_mag_01682995;spire_mag_01682999;spire_mag_01683014;spire_mag_01683021;spire_mag_01683023;spire_mag_01683038;spire_mag_01683039;spire_mag_01683042;spire_mag_01683045;spire_mag_01683046;spire_mag_01683047;spire_mag_01683048;spire_mag_01683054;spire_mag_01683056;spire_mag_01683058;spire_mag_01683059;spire_mag_01683064;spire_mag_01683065;spire_mag_01683070;spire_mag_01683071;spire_mag_01683073;spire_mag_01683075;spire_mag_01683078;spire_mag_01683082;spire_mag_01683090;spire_mag_01683097;spire_mag_01683099;spire_mag_01683101;spire_mag_01683102;spire_mag_01683103;spire_mag_01683104;spire_mag_01683107;spire_mag_01683111;spire_mag_01683113;spire_mag_01683115;spire_mag_01683122;spire_mag_01683126;spire_mag_01683129;spire_mag_01683133;spire_mag_01683136;spire_mag_01683137;spire_mag_01683141;spire_mag_01683142;spire_mag_01683144;spire_mag_01683146;spire_mag_01683147;spire_mag_01683153;spire_mag_01683154;spire_mag_01683155;spire_mag_01683156;spire_mag_01683158;spire_mag_01683163;spire_mag_01683166;spire_mag_01683168;spire_mag_01683170;spire_mag_01683174;spire_mag_01683176;spire_mag_01683178;spire_mag_01683180;spire_mag_01683182;spire_mag_01683187;spire_mag_01683198,SAMN07125060,False,,0,False,
SRR7151729,PRJNA386568,SAMN07125060,126,spire_mag_01682824;spire_mag_01682826;spire_mag_01682827;spire_mag_01682829;spire_mag_01682830;spire_mag_01682834;spire_mag_01682839;spire_mag_01682840;spire_mag_01682842;spire_mag_01682845;spire_mag_01682847;spire_mag_01682848;spire_mag_01682850;spire_mag_01682851;spire_mag_01682856;spire_mag_01682857;spire_mag_01682860;spire_mag_01682863;spire_mag_01682864;spire_mag_01682870;spire_mag_01682871;spire_mag_01682873;spire_mag_01682876;spire_mag_01682879;spire_mag_01682883;spire_mag_01682887;spire_mag_01682889;spire_mag_01682892;spire_mag_01682893;spire_mag_01682894;spire_mag_01682896;spire_mag_01682897;spire_mag_01682901;spire_mag_01682904;spire_mag_01682906;spire_mag_01682907;spire_mag_01682908;spire_mag_01682910;spire_mag_01682912;spire_mag_01682913;spire_mag_01682916;spire_mag_01682919;spire_mag_01682921;spire_mag_01682922;spire_mag_01682927;spire_mag_01682930;spire_mag_01682934;spire_mag_01682937;spire_mag_01682941;spire_mag_01682945;spire_mag_01682948;spire_mag_01682951;spire_mag_01682956;spire_mag_01682958;spire_mag_01682959;spire_mag_01682960;spire_mag_01682961;spire_mag_01682964;spire_mag_01682967;spire_mag_01682970;spire_mag_01682971;spire_mag_01682972;spire_mag_01682977;spire_mag_01682991;spire_mag_01682995;spire_mag_01682999;spire_mag_01683014;spire_mag_01683021;spire_mag_01683023;spire_mag_01683038;spire_mag_01683039;spire_mag_01683042;spire_mag_01683045;spire_mag_01683046;spire_mag_01683047;spire_mag_01683048;spire_mag_01683054;spire_mag_01683056;spire_mag_01683058;spire_mag_01683059;spire_mag_01683064;spire_mag_01683065;spire_mag_01683070;spire_mag_01683071;spire_mag_01683073;spire_mag_01683075;spire_mag_01683078;spire_mag_01683082;spire_mag_01683090;spire_mag_01683097;spire_mag_01683099;spire_mag_01683101;spire_mag_01683102;spire_mag_01683103;spire_mag_01683104;spire_mag_01683107;spire_mag_01683111;spire_mag_01683113;spire_mag_01683115;spire_mag_01683122;spire_mag_01683126;spire_mag_01683129;spire_mag_01683133;spire_mag_01683136;spire_mag_01683137;spire_mag_01683141;spire_mag_01683142;spire_mag_01683144;spire_mag_01683146;spire_mag_01683147;spire_mag_01683153;spire_mag_01683154;spire_mag_01683155;spire_mag_01683156;spire_mag_01683158;spire_mag_01683163;spire_mag_01683166;spire_mag_01683168;spire_mag_01683170;spire_mag_01683174;spire_mag_01683176;spire_mag_01683178;spire_mag_01683180;spire_mag_01683182;spire_mag_01683187;spire_mag_01683198,SAMN07125060,False,,0,False,
SRR7151570,PRJNA386568,SAMN07125062,131,spire_mag_01680175;spire_mag_01680176;spire_mag_01680178;spire_mag_01680185;spire_mag_01680190;spire_mag_01680196;spire_mag_01680203;spire_mag_01680206;spire_mag_01680209;spire_mag_01680210;spire_mag_01680211;spire_mag_01680214;spire_mag_01680216;spire_mag_01680217;spire_mag_01680224;spire_mag_01680225;spire_mag_01680233;spire_mag_01680236;spire_mag_01680249;spire_mag_01680251;spire_mag_01680252;spire_mag_01680253;spire_mag_01680260;spire_mag_01680261;spire_mag_01680264;spire_mag_01680267;spire_mag_01680268;spire_mag_01680271;spire_mag_01680273;spire_mag_01680277;spire_mag_01680280;spire_mag_01680295;spire_mag_01680297;spire_mag_01680299;spire_mag_01680303;spire_mag_01680311;spire_mag_01680313;spire_mag_01680317;spire_mag_01680320;spire_mag_01680324;spire_mag_01680325;spire_mag_01680327;spire_mag_01680330;spire_mag_01680332;spire_mag_01680333;spire_mag_01680334;spire_mag_01680335;spire_mag_01680338;spire_mag_01680339;spire_mag_01680343;spire_mag_01680348;spire_mag_01680350;spire_mag_01680368;spire_mag_01680374;spire_mag_01680387;spire_mag_01680388;spire_mag_01680390;spire_mag_01680394;spire_mag_01680397;spire_mag_01680399;spire_mag_01680403;spire_mag_01680405;spire_mag_01680406;spire_mag_01680407;spire_mag_01680408;spire_mag_01680409;spire_mag_01680411;spire_mag_01680413;spire_mag_01680414;spire_mag_01680418;spire_mag_01680419;spire_mag_01680423;spire_mag_01680425;spire_mag_01680430;spire_mag_01680443;spire_mag_01680447;spire_mag_01680449;spire_mag_01680451;spire_mag_01680452;spire_mag_01680460;spire_mag_01680465;spire_mag_01680468;spire_mag_01680469;spire_mag_01680472;spire_mag_01680473;spire_mag_01680475;spire_mag_01680481;spire_mag_01680486;spire_mag_01680487;spire_mag_01680492;spire_mag_01680494;spire_mag_01680495;spire_mag_01680496;spire_mag_01680499;spire_mag_01680501;spire_mag_01680502;spire_mag_01680503;spire_mag_01680504;spire_mag_01680507;spire_mag_01680515;spire_mag_01680516;spire_mag_01680517;spire_mag_01680520;spire_mag_01680522;spire_mag_01680524;spire_mag_01680525;spire_mag_01680528;spire_mag_01680531;spire_mag_01680534;spire_mag_01680535;spire_mag_01680536;spire_mag_01680544;spire_mag_01680545;spire_mag_01680546;spire_mag_01680550;spire_mag_01680552;spire_mag_01680556;spire_mag_01680560;spire_mag_01680561;spire_mag_01680581;spire_mag_01680585;spire_mag_01680586;spire_mag_01680587;spire_mag_01680589;spire_mag_01680591;spire_mag_01680598;spire_mag_01680599;spire_mag_01680602;spire_mag_01680604;spire_mag_01680607;spire_mag_01680609,SAMN07125062,False,,0,False,
SRR7151571,PRJNA386568,SAMN07125062,131,spire_mag_01680175;spire_mag_01680176;spire_mag_01680178;spire_mag_01680185;spire_mag_01680190;spire_mag_01680196;spire_mag_01680203;spire_mag_01680206;spire_mag_01680209;spire_mag_01680210;spire_mag_01680211;spire_mag_01680214;spire_mag_01680216;spire_mag_01680217;spire_mag_01680224;spire_mag_01680225;spire_mag_01680233;spire_mag_01680236;spire_mag_01680249;spire_mag_01680251;spire_mag_01680252;spire_mag_01680253;spire_mag_01680260;spire_mag_01680261;spire_mag_01680264;spire_mag_01680267;spire_mag_01680268;spire_mag_01680271;spire_mag_01680273;spire_mag_01680277;spire_mag_01680280;spire_mag_01680295;spire_mag_01680297;spire_mag_01680299;spire_mag_01680303;spire_mag_01680311;spire_mag_01680313;spire_mag_01680317;spire_mag_01680320;spire_mag_01680324;spire_mag_01680325;spire_mag_01680327;spire_mag_01680330;spire_mag_01680332;spire_mag_01680333;spire_mag_01680334;spire_mag_01680335;spire_mag_01680338;spire_mag_01680339;spire_mag_01680343;spire_mag_01680348;spire_mag_01680350;spire_mag_01680368;spire_mag_01680374;spire_mag_01680387;spire_mag_01680388;spire_mag_01680390;spire_mag_01680394;spire_mag_01680397;spire_mag_01680399;spire_mag_01680403;spire_mag_01680405;spire_mag_01680406;spire_mag_01680407;spire_mag_01680408;spire_mag_01680409;spire_mag_01680411;spire_mag_01680413;spire_mag_01680414;spire_mag_01680418;spire_mag_01680419;spire_mag_01680423;spire_mag_01680425;spire_mag_01680430;spire_mag_01680443;spire_mag_01680447;spire_mag_01680449;spire_mag_01680451;spire_mag_01680452;spire_mag_01680460;spire_mag_01680465;spire_mag_01680468;spire_mag_01680469;spire_mag_01680472;spire_mag_01680473;spire_mag_01680475;spire_mag_01680481;spire_mag_01680486;spire_mag_01680487;spire_mag_01680492;spire_mag_01680494;spire_mag_01680495;spire_mag_01680496;spire_mag_01680499;spire_mag_01680501;spire_mag_01680502;spire_mag_01680503;spire_mag_01680504;spire_mag_01680507;spire_mag_01680515;spire_mag_01680516;spire_mag_01680517;spire_mag_01680520;spire_mag_01680522;spire_mag_01680524;spire_mag_01680525;spire_mag_01680528;spire_mag_01680531;spire_mag_01680534;spire_mag_01680535;spire_mag_01680536;spire_mag_01680544;spire_mag_01680545;spire_mag_01680546;spire_mag_01680550;spire_mag_01680552;spire_mag_01680556;spire_mag_01680560;spire_mag_01680561;spire_mag_01680581;spire_mag_01680585;spire_mag_01680586;spire_mag_01680587;spire_mag_01680589;spire_mag_01680591;spire_mag_01680598;spire_mag_01680599;spire_mag_01680602;spire_mag_01680604;spire_mag_01680607;spire_mag_01680609,SAMN07125062,False,,0,False,
SRR7151568,PRJNA386568,SAMN07125062,131,spire_mag_01680175;spire_mag_01680176;spire_mag_01680178;spire_mag_01680185;spire_mag_01680190;spire_mag_01680196;spire_mag_01680203;spire_mag_01680206;spire_mag_01680209;spire_mag_01680210;spire_mag_01680211;spire_mag_01680214;spire_mag_01680216;spire_mag_01680217;spire_mag_01680224;spire_mag_01680225;spire_mag_01680233;spire_mag_01680236;spire_mag_01680249;spire_mag_01680251;spire_mag_01680252;spire_mag_01680253;spire_mag_01680260;spire_mag_01680261;spire_mag_01680264;spire_mag_01680267;spire_mag_01680268;spire_mag_01680271;spire_mag_01680273;spire_mag_01680277;spire_mag_01680280;spire_mag_01680295;spire_mag_01680297;spire_mag_01680299;spire_mag_01680303;spire_mag_01680311;spire_mag_01680313;spire_mag_01680317;spire_mag_01680320;spire_mag_01680324;spire_mag_01680325;spire_mag_01680327;spire_mag_01680330;spire_mag_01680332;spire_mag_01680333;spire_mag_01680334;spire_mag_01680335;spire_mag_01680338;spire_mag_01680339;spire_mag_01680343;spire_mag_01680348;spire_mag_01680350;spire_mag_01680368;spire_mag_01680374;spire_mag_01680387;spire_mag_01680388;spire_mag_01680390;spire_mag_01680394;spire_mag_01680397;spire_mag_01680399;spire_mag_01680403;spire_mag_01680405;spire_mag_01680406;spire_mag_01680407;spire_mag_01680408;spire_mag_01680409;spire_mag_01680411;spire_mag_01680413;spire_mag_01680414;spire_mag_01680418;spire_mag_01680419;spire_mag_01680423;spire_mag_01680425;spire_mag_01680430;spire_mag_01680443;spire_mag_01680447;spire_mag_01680449;spire_mag_01680451;spire_mag_01680452;spire_mag_01680460;spire_mag_01680465;spire_mag_01680468;spire_mag_01680469;spire_mag_01680472;spire_mag_01680473;spire_mag_01680475;spire_mag_01680481;spire_mag_01680486;spire_mag_01680487;spire_mag_01680492;spire_mag_01680494;spire_mag_01680495;spire_mag_01680496;spire_mag_01680499;spire_mag_01680501;spire_mag_01680502;spire_mag_01680503;spire_mag_01680504;spire_mag_01680507;spire_mag_01680515;spire_mag_01680516;spire_mag_01680517;spire_mag_01680520;spire_mag_01680522;spire_mag_01680524;spire_mag_01680525;spire_mag_01680528;spire_mag_01680531;spire_mag_01680534;spire_mag_01680535;spire_mag_01680536;spire_mag_01680544;spire_mag_01680545;spire_mag_01680546;spire_mag_01680550;spire_mag_01680552;spire_mag_01680556;spire_mag_01680560;spire_mag_01680561;spire_mag_01680581;spire_mag_01680585;spire_mag_01680586;spire_mag_01680587;spire_mag_01680589;spire_mag_01680591;spire_mag_01680598;spire_mag_01680599;spire_mag_01680602;spire_mag_01680604;spire_mag_01680607;spire_mag_01680609,SAMN07125062,False,,0,False,
SRR7151732,PRJNA386568,SAMN07125062,131,spire_mag_01680175;spire_mag_01680176;spire_mag_01680178;spire_mag_01680185;spire_mag_01680190;spire_mag_01680196;spire_mag_01680203;spire_mag_01680206;spire_mag_01680209;spire_mag_01680210;spire_mag_01680211;spire_mag_01680214;spire_mag_01680216;spire_mag_01680217;spire_mag_01680224;spire_mag_01680225;spire_mag_01680233;spire_mag_01680236;spire_mag_01680249;spire_mag_01680251;spire_mag_01680252;spire_mag_01680253;spire_mag_01680260;spire_mag_01680261;spire_mag_01680264;spire_mag_01680267;spire_mag_01680268;spire_mag_01680271;spire_mag_01680273;spire_mag_01680277;spire_mag_01680280;spire_mag_01680295;spire_mag_01680297;spire_mag_01680299;spire_mag_01680303;spire_mag_01680311;spire_mag_01680313;spire_mag_01680317;spire_mag_01680320;spire_mag_01680324;spire_mag_01680325;spire_mag_01680327;spire_mag_01680330;spire_mag_01680332;spire_mag_01680333;spire_mag_01680334;spire_mag_01680335;spire_mag_01680338;spire_mag_01680339;spire_mag_01680343;spire_mag_01680348;spire_mag_01680350;spire_mag_01680368;spire_mag_01680374;spire_mag_01680387;spire_mag_01680388;spire_mag_01680390;spire_mag_01680394;spire_mag_01680397;spire_mag_01680399;spire_mag_01680403;spire_mag_01680405;spire_mag_01680406;spire_mag_01680407;spire_mag_01680408;spire_mag_01680409;spire_mag_01680411;spire_mag_01680413;spire_mag_01680414;spire_mag_01680418;spire_mag_01680419;spire_mag_01680423;spire_mag_01680425;spire_mag_01680430;spire_mag_01680443;spire_mag_01680447;spire_mag_01680449;spire_mag_01680451;spire_mag_01680452;spire_mag_01680460;spire_mag_01680465;spire_mag_01680468;spire_mag_01680469;spire_mag_01680472;spire_mag_01680473;spire_mag_01680475;spire_mag_01680481;spire_mag_01680486;spire_mag_01680487;spire_mag_01680492;spire_mag_01680494;spire_mag_01680495;spire_mag_01680496;spire_mag_01680499;spire_mag_01680501;spire_mag_01680502;spire_mag_01680503;spire_mag_01680504;spire_mag_01680507;spire_mag_01680515;spire_mag_01680516;spire_mag_01680517;spire_mag_01680520;spire_mag_01680522;spire_mag_01680524;spire_mag_01680525;spire_mag_01680528;spire_mag_01680531;spire_mag_01680534;spire_mag_01680535;spire_mag_01680536;spire_mag_01680544;spire_mag_01680545;spire_mag_01680546;spire_mag_01680550;spire_mag_01680552;spire_mag_01680556;spire_mag_01680560;spire_mag_01680561;spire_mag_01680581;spire_mag_01680585;spire_mag_01680586;spire_mag_01680587;spire_mag_01680589;spire_mag_01680591;spire_mag_01680598;spire_mag_01680599;spire_mag_01680602;spire_mag_01680604;spire_mag_01680607;spire_mag_01680609,SAMN07125062,False,,0,False,
SRR7151572,PRJNA386568,SAMN07125062,131,spire_mag_01680175;spire_mag_01680176;spire_mag_01680178;spire_mag_01680185;spire_mag_01680190;spire_mag_01680196;spire_mag_01680203;spire_mag_01680206;spire_mag_01680209;spire_mag_01680210;spire_mag_01680211;spire_mag_01680214;spire_mag_01680216;spire_mag_01680217;spire_mag_01680224;spire_mag_01680225;spire_mag_01680233;spire_mag_01680236;spire_mag_01680249;spire_mag_01680251;spire_mag_01680252;spire_mag_01680253;spire_mag_01680260;spire_mag_01680261;spire_mag_01680264;spire_mag_01680267;spire_mag_01680268;spire_mag_01680271;spire_mag_01680273;spire_mag_01680277;spire_mag_01680280;spire_mag_01680295;spire_mag_01680297;spire_mag_01680299;spire_mag_01680303;spire_mag_01680311;spire_mag_01680313;spire_mag_01680317;spire_mag_01680320;spire_mag_01680324;spire_mag_01680325;spire_mag_01680327;spire_mag_01680330;spire_mag_01680332;spire_mag_01680333;spire_mag_01680334;spire_mag_01680335;spire_mag_01680338;spire_mag_01680339;spire_mag_01680343;spire_mag_01680348;spire_mag_01680350;spire_mag_01680368;spire_mag_01680374;spire_mag_01680387;spire_mag_01680388;spire_mag_01680390;spire_mag_01680394;spire_mag_01680397;spire_mag_01680399;spire_mag_01680403;spire_mag_01680405;spire_mag_01680406;spire_mag_01680407;spire_mag_01680408;spire_mag_01680409;spire_mag_01680411;spire_mag_01680413;spire_mag_01680414;spire_mag_01680418;spire_mag_01680419;spire_mag_01680423;spire_mag_01680425;spire_mag_01680430;spire_mag_01680443;spire_mag_01680447;spire_mag_01680449;spire_mag_01680451;spire_mag_01680452;spire_mag_01680460;spire_mag_01680465;spire_mag_01680468;spire_mag_01680469;spire_mag_01680472;spire_mag_01680473;spire_mag_01680475;spire_mag_01680481;spire_mag_01680486;spire_mag_01680487;spire_mag_01680492;spire_mag_01680494;spire_mag_01680495;spire_mag_01680496;spire_mag_01680499;spire_mag_01680501;spire_mag_01680502;spire_mag_01680503;spire_mag_01680504;spire_mag_01680507;spire_mag_01680515;spire_mag_01680516;spire_mag_01680517;spire_mag_01680520;spire_mag_01680522;spire_mag_01680524;spire_mag_01680525;spire_mag_01680528;spire_mag_01680531;spire_mag_01680534;spire_mag_01680535;spire_mag_01680536;spire_mag_01680544;spire_mag_01680545;spire_mag_01680546;spire_mag_01680550;spire_mag_01680552;spire_mag_01680556;spire_mag_01680560;spire_mag_01680561;spire_mag_01680581;spire_mag_01680585;spire_mag_01680586;spire_mag_01680587;spire_mag_01680589;spire_mag_01680591;spire_mag_01680598;spire_mag_01680599;spire_mag_01680602;spire_mag_01680604;spire_mag_01680607;spire_mag_01680609,SAMN07125062,False,,0,False,
SRR23247698,PRJNA386568,SAMN32901017,0,,,False,,0,False,
SRR23247733,PRJNA386568,SAMN32901036,0,,,False,,0,False,
SRR23247692,PRJNA386568,SAMN32901022,0,,,False,,0,False,
SRR23247697,PRJNA386568,SAMN32901018,0,,,False,,0,False,
SRR23247702,PRJNA386568,SAMN32901013,0,,,False,,0,False,
SRR23247742,PRJNA386568,SAMN32901002,0,,,False,,0,False,
SRR23247708,PRJNA386568,SAMN32901008,0,,,False,,0,False,
SRR23247678,PRJNA386568,SAMN32901060,0,,,False,,0,False,
SRR23247677,PRJNA386568,SAMN32901061,0,,,False,,0,False,
SRR23247675,PRJNA386568,SAMN32901063,0,,,False,,0,False,
SRR23247709,PRJNA386568,SAMN32901007,0,,,False,,0,False,
SRR23247741,PRJNA386568,SAMN32901003,0,,,False,,0,False,
SRR23247691,PRJNA386568,SAMN32901023,0,,,False,,0,False,
SRR23247687,PRJNA386568,SAMN32901027,0,,,False,,0,False,
SRR23247699,PRJNA386568,SAMN32901016,0,,,False,,0,False,
SRR23247771,PRJNA386568,SAMN32900991,0,,,False,,0,False,
SRR23247727,PRJNA386568,SAMN32901041,0,,,False,,0,False,
SRR23247716,PRJNA386568,SAMN32901051,0,,,False,,0,False,
SRR23247724,PRJNA386568,SAMN32901044,0,,,False,,0,False,
SRR23247721,PRJNA386568,SAMN32901047,0,,,False,,0,False,
SRR23247705,PRJNA386568,SAMN32901010,0,,,False,,0,False,
SRR23247738,PRJNA386568,SAMN32901031,0,,,False,,0,False,
SRR23247667,PRJNA386568,SAMN32901070,0,,,False,,0,False,
SRR23247704,PRJNA386568,SAMN32901011,0,,,False,,0,False,
SRR23247684,PRJNA386568,SAMN32901029,0,,,False,,0,False,
SRR23247701,PRJNA386568,SAMN32901014,0,,,False,,0,False,
SRR23247714,PRJNA386568,SAMN32901053,0,,,False,,0,False,
SRR23247752,PRJNA386568,SAMN32900993,0,,,False,,0,False,
SRR23247782,PRJNA386568,SAMN32900990,0,,,False,,0,False,
SRR23247749,PRJNA386568,SAMN32900996,0,,,False,,0,False,
SRR23247700,PRJNA386568,SAMN32901015,0,,,False,,0,False,
SRR23247729,PRJNA386568,SAMN32901039,0,,,False,,0,False,
SRR23247686,PRJNA386568,SAMN32901028,0,,,False,,0,False,
SRR23247726,PRJNA386568,SAMN32901042,0,,,False,,0,False,
SRR23247750,PRJNA386568,SAMN32900995,0,,,False,,0,False,
SRR23247744,PRJNA386568,SAMN32901000,0,,,False,,0,False,
SRR23247717,PRJNA386568,SAMN32901050,0,,,False,,0,False,
SRR23247703,PRJNA386568,SAMN32901012,0,,,False,,0,False,
SRR23247737,PRJNA386568,SAMN32901032,0,,,False,,0,False,
SRR23247713,PRJNA386568,SAMN32901054,0,,,False,,0,False,
SRR23247693,PRJNA386568,SAMN32901021,0,,,False,,0,False,
SRR23247735,PRJNA386568,SAMN32901034,0,,,False,,0,False,
SRR23247679,PRJNA386568,SAMN32901059,0,,,False,,0,False,
SRR23247668,PRJNA386568,SAMN32901069,0,,,False,,0,False,
SRR23247739,PRJNA386568,SAMN32901030,0,,,False,,0,False,
SRR23247747,PRJNA386568,SAMN32900998,0,,,False,,0,False,
SRR23247748,PRJNA386568,SAMN32900997,0,,,False,,0,False,
SRR23247683,PRJNA386568,SAMN32901056,0,,,False,,0,False,
SRR23247736,PRJNA386568,SAMN32901033,0,,,False,,0,False,
SRR23247689,PRJNA386568,SAMN32901025,0,,,False,,0,False,
SRR23247712,PRJNA386568,SAMN32901055,0,,,False,,0,False,
SRR23247715,PRJNA386568,SAMN32901052,0,,,False,,0,False,
SRR23247731,PRJNA386568,SAMN32901038,0,,,False,,0,False,
SRR23247665,PRJNA386568,SAMN32901072,0,,,False,,0,False,
SRR23247664,PRJNA386568,SAMN32901073,0,,,False,,0,False,
SRR23247757,PRJNA386568,SAMN32901112,0,,,False,,0,False,
SRR23247792,PRJNA386568,SAMN32901079,0,,,False,,0,False,
SRR23247754,PRJNA386568,SAMN32901115,0,,,False,,0,False,
SRR23247662,PRJNA386568,SAMN32901075,0,,,False,,0,False,
SRR23247666,PRJNA386568,SAMN32901071,0,,,False,,0,False,
SRR23247663,PRJNA386568,SAMN32901074,0,,,False,,0,False,
SRR23247690,PRJNA386568,SAMN32901024,0,,,False,,0,False,
SRR23247734,PRJNA386568,SAMN32901035,0,,,False,,0,False,
SRR23247728,PRJNA386568,SAMN32901040,0,,,False,,0,False,
SRR23247778,PRJNA386568,SAMN32901092,0,,,False,,0,False,
SRR23247753,PRJNA386568,SAMN32901116,0,,,False,,0,False,
SRR23247761,PRJNA386568,SAMN32901109,0,,,False,,0,False,
SRR23247660,PRJNA386568,SAMN32901077,0,,,False,,0,False,
SRR23247787,PRJNA386568,SAMN32901084,0,,,False,,0,False,
SRR23247756,PRJNA386568,SAMN32901113,0,,,False,,0,False,
SRR23247790,PRJNA386568,SAMN32901081,0,,,False,,0,False,
SRR23247762,PRJNA386568,SAMN32901108,0,,,False,,0,False,
SRR23247764,PRJNA386568,SAMN32901106,0,,,False,,0,False,
SRR23247763,PRJNA386568,SAMN32901107,0,,,False,,0,False,
SRR23247788,PRJNA386568,SAMN32901083,0,,,False,,0,False,
SRR23247785,PRJNA386568,SAMN32901086,0,,,False,,0,False,
SRR23247775,PRJNA386568,SAMN32901096,0,,,False,,0,False,
SRR23247765,PRJNA386568,SAMN32901105,0,,,False,,0,False,
SRR23247780,PRJNA386568,SAMN32901090,0,,,False,,0,False,
SRR23247786,PRJNA386568,SAMN32901085,0,,,False,,0,False,
SRR23247789,PRJNA386568,SAMN32901082,0,,,False,,0,False,
SRR23247783,PRJNA386568,SAMN32901088,0,,,False,,0,False,
SRR23247707,PRJNA386568,SAMN32900982,0,,,False,,0,False,
SRR23247793,PRJNA386568,SAMN32900989,0,,,False,,0,False,
SRR23247719,PRJNA386568,SAMN32900986,0,,,False,,0,False,
SRR23247795,PRJNA386568,SAMN32900979,0,,,False,,0,False,
SRR7151637,PRJNA386568,SAMN07124905,7,spire_mag_01679907;spire_mag_01679911;spire_mag_01679914;spire_mag_01679918;spire_mag_01679919;spire_mag_01679921;spire_mag_01679924,SAMN07124905,False,,0,False,
SRR7151734,PRJNA386568,SAMN07124900,11,spire_mag_01680691;spire_mag_01680695;spire_mag_01680698;spire_mag_01680701;spire_mag_01680702;spire_mag_01680705;spire_mag_01680706;spire_mag_01680708;spire_mag_01680710;spire_mag_01680711;spire_mag_01680713,SAMN07124900,False,,0,False,
SRR7151523,PRJNA386568,SAMN07124902,4,spire_mag_01681779;spire_mag_01681780;spire_mag_01681781;spire_mag_01681782,SAMN07124902,False,,0,False,
SRR7151739,PRJNA386568,SAMN07124895,3,spire_mag_01680000;spire_mag_01680001;spire_mag_01680002,SAMN07124895,False,,0,False,
SRR7151740,PRJNA386568,SAMN07124896,7,spire_mag_01682511;spire_mag_01682512;spire_mag_01682513;spire_mag_01682514;spire_mag_01682515;spire_mag_01682516;spire_mag_01682520,SAMN07124896,False,,0,False,
SRR7151715,PRJNA386568,SAMN07124906,7,spire_mag_01682414;spire_mag_01682420;spire_mag_01682421;spire_mag_01682423;spire_mag_01682425;spire_mag_01682428;spire_mag_01682430,SAMN07124906,False,,0,False,
SRR7151710,PRJNA386568,SAMN07124894,15,spire_mag_01681444;spire_mag_01681453;spire_mag_01681455;spire_mag_01681456;spire_mag_01681459;spire_mag_01681461;spire_mag_01681462;spire_mag_01681463;spire_mag_01681465;spire_mag_01681468;spire_mag_01681469;spire_mag_01681470;spire_mag_01681472;spire_mag_01681474;spire_mag_01681478,SAMN07124894,False,,0,False,
SRR7151557,PRJNA386568,SAMN07124912,4,spire_mag_01677950;spire_mag_01677955;spire_mag_01677956;spire_mag_01677959,SAMN07124912,False,,0,False,
SRR7151733,PRJNA386568,SAMN07124899,11,spire_mag_01679397;spire_mag_01679399;spire_mag_01679400;spire_mag_01679401;spire_mag_01679405;spire_mag_01679406;spire_mag_01679408;spire_mag_01679409;spire_mag_01679416;spire_mag_01679417;spire_mag_01679418,SAMN07124899,False,,0,False,
SRR7151559,PRJNA386568,SAMN07124918,2,spire_mag_01679471;spire_mag_01679474,SAMN07124918,False,,0,False,
SRR7151743,PRJNA386568,SAMN07124925,2,spire_mag_01677875;spire_mag_01677883,SAMN07124925,False,,0,False,
SRR7151510,PRJNA386568,SAMN07124911,11,spire_mag_01681608;spire_mag_01681609;spire_mag_01681610;spire_mag_01681611;spire_mag_01681613;spire_mag_01681616;spire_mag_01681618;spire_mag_01681620;spire_mag_01681621;spire_mag_01681622;spire_mag_01681623,SAMN07124911,False,,0,False,
SRR7151716,PRJNA386568,SAMN07124889,10,spire_mag_01680781;spire_mag_01680784;spire_mag_01680789;spire_mag_01680790;spire_mag_01680793;spire_mag_01680797;spire_mag_01680798;spire_mag_01680801;spire_mag_01680803;spire_mag_01680804,SAMN07124889,False,,0,False,
SRR7151711,PRJNA386568,SAMN07124893,14,spire_mag_01678262;spire_mag_01678263;spire_mag_01678267;spire_mag_01678269;spire_mag_01678271;spire_mag_01678273;spire_mag_01678274;spire_mag_01678275;spire_mag_01678276;spire_mag_01678277;spire_mag_01678280;spire_mag_01678281;spire_mag_01678285;spire_mag_01678290,SAMN07124893,False,,0,False,
SRR7151556,PRJNA386568,SAMN07124917,7,spire_mag_01680809;spire_mag_01680810;spire_mag_01680812;spire_mag_01680813;spire_mag_01680818;spire_mag_01680825;spire_mag_01680829,SAMN07124917,False,,0,False,
SRR7151558,PRJNA386568,SAMN07124913,9,spire_mag_01681140;spire_mag_01681141;spire_mag_01681143;spire_mag_01681148;spire_mag_01681153;spire_mag_01681154;spire_mag_01681156;spire_mag_01681158;spire_mag_01681159,SAMN07124913,False,,0,False,
SRR7151560,PRJNA386568,SAMN07124919,14,spire_mag_01681836;spire_mag_01681842;spire_mag_01681847;spire_mag_01681848;spire_mag_01681850;spire_mag_01681851;spire_mag_01681855;spire_mag_01681856;spire_mag_01681858;spire_mag_01681859;spire_mag_01681861;spire_mag_01681862;spire_mag_01681863;spire_mag_01681865,SAMN07124919,False,,0,False,
SRR7151695,PRJNA386568,SAMN07124964,40,spire_mag_01682001;spire_mag_01682002;spire_mag_01682003;spire_mag_01682006;spire_mag_01682008;spire_mag_01682009;spire_mag_01682010;spire_mag_01682013;spire_mag_01682014;spire_mag_01682015;spire_mag_01682021;spire_mag_01682022;spire_mag_01682027;spire_mag_01682031;spire_mag_01682033;spire_mag_01682036;spire_mag_01682038;spire_mag_01682042;spire_mag_01682043;spire_mag_01682044;spire_mag_01682046;spire_mag_01682047;spire_mag_01682049;spire_mag_01682050;spire_mag_01682051;spire_mag_01682052;spire_mag_01682055;spire_mag_01682058;spire_mag_01682059;spire_mag_01682061;spire_mag_01682063;spire_mag_01682066;spire_mag_01682068;spire_mag_01682069;spire_mag_01682071;spire_mag_01682072;spire_mag_01682074;spire_mag_01682075;spire_mag_01682076;spire_mag_01682077,SAMN07124964,False,,0,False,
SRR7151662,PRJNA386568,SAMN07124939,14,spire_mag_01681400;spire_mag_01681403;spire_mag_01681406;spire_mag_01681408;spire_mag_01681409;spire_mag_01681411;spire_mag_01681413;spire_mag_01681425;spire_mag_01681427;spire_mag_01681428;spire_mag_01681430;spire_mag_01681432;spire_mag_01681437;spire_mag_01681441,SAMN07124939,False,,0,False,
SRR7151555,PRJNA386568,SAMN07124916,9,spire_mag_01677686;spire_mag_01677687;spire_mag_01677690;spire_mag_01677692;spire_mag_01677696;spire_mag_01677701;spire_mag_01677705;spire_mag_01677708;spire_mag_01677710,SAMN07124916,False,,0,False,
SRR7151680,PRJNA386568,SAMN07124959,12,spire_mag_01682481;spire_mag_01682483;spire_mag_01682484;spire_mag_01682488;spire_mag_01682489;spire_mag_01682491;spire_mag_01682492;spire_mag_01682495;spire_mag_01682498;spire_mag_01682500;spire_mag_01682503;spire_mag_01682506,SAMN07124959,False,,0,False,
SRR7151564,PRJNA386568,SAMN07124922,14,spire_mag_01681206;spire_mag_01681209;spire_mag_01681213;spire_mag_01681214;spire_mag_01681216;spire_mag_01681225;spire_mag_01681228;spire_mag_01681230;spire_mag_01681232;spire_mag_01681233;spire_mag_01681234;spire_mag_01681235;spire_mag_01681240;spire_mag_01681244,SAMN07124922,False,,0,False,
SRR7151628,PRJNA386568,SAMN07124938,14,spire_mag_01678293;spire_mag_01678294;spire_mag_01678295;spire_mag_01678297;spire_mag_01678298;spire_mag_01678300;spire_mag_01678306;spire_mag_01678308;spire_mag_01678309;spire_mag_01678311;spire_mag_01678312;spire_mag_01678315;spire_mag_01678316;spire_mag_01678317,SAMN07124938,False,,0,False,
SRR7151698,PRJNA386568,SAMN07124968,14,spire_mag_01682606;spire_mag_01682608;spire_mag_01682610;spire_mag_01682611;spire_mag_01682613;spire_mag_01682618;spire_mag_01682619;spire_mag_01682620;spire_mag_01682621;spire_mag_01682623;spire_mag_01682624;spire_mag_01682626;spire_mag_01682628;spire_mag_01682629,SAMN07124968,False,,0,False,
SRR7151631,PRJNA386568,SAMN07124937,6,spire_mag_01681885;spire_mag_01681886;spire_mag_01681888;spire_mag_01681892;spire_mag_01681893;spire_mag_01681897,SAMN07124937,False,,0,False,
SRR7151683,PRJNA386568,SAMN07124980,6,spire_mag_01681072;spire_mag_01681073;spire_mag_01681074;spire_mag_01681076;spire_mag_01681081;spire_mag_01681082,SAMN07124980,False,,0,False,
SRR7151663,PRJNA386568,SAMN07124946,13,spire_mag_01682082;spire_mag_01682083;spire_mag_01682084;spire_mag_01682087;spire_mag_01682088;spire_mag_01682094;spire_mag_01682095;spire_mag_01682097;spire_mag_01682101;spire_mag_01682106;spire_mag_01682110;spire_mag_01682111;spire_mag_01682112,SAMN07124946,False,,0,False,
SRR7151679,PRJNA386568,SAMN07124958,13,spire_mag_01679951;spire_mag_01679953;spire_mag_01679955;spire_mag_01679957;spire_mag_01679960;spire_mag_01679961;spire_mag_01679963;spire_mag_01679967;spire_mag_01679968;spire_mag_01679970;spire_mag_01679971;spire_mag_01679972;spire_mag_01679974,SAMN07124958,False,,0,False,
SRR7151595,PRJNA386568,SAMN07124951,7,spire_mag_01682258;spire_mag_01682260;spire_mag_01682264;spire_mag_01682265;spire_mag_01682266;spire_mag_01682274;spire_mag_01682277,SAMN07124951,False,,0,False,
SRR7151593,PRJNA386568,SAMN07124953,23,spire_mag_01680839;spire_mag_01680841;spire_mag_01680842;spire_mag_01680843;spire_mag_01680850;spire_mag_01680852;spire_mag_01680855;spire_mag_01680856;spire_mag_01680858;spire_mag_01680861;spire_mag_01680864;spire_mag_01680865;spire_mag_01680866;spire_mag_01680870;spire_mag_01680873;spire_mag_01680876;spire_mag_01680877;spire_mag_01680884;spire_mag_01680885;spire_mag_01680886;spire_mag_01680887;spire_mag_01680888;spire_mag_01680890,SAMN07124953,False,,0,False,
SRR7151592,PRJNA386568,SAMN07124954,4,spire_mag_01679450;spire_mag_01679451;spire_mag_01679454;spire_mag_01679457,SAMN07124954,False,,0,False,
SRR7151596,PRJNA386568,SAMN07124956,33,spire_mag_01678129;spire_mag_01678130;spire_mag_01678132;spire_mag_01678133;spire_mag_01678136;spire_mag_01678138;spire_mag_01678141;spire_mag_01678148;spire_mag_01678150;spire_mag_01678156;spire_mag_01678157;spire_mag_01678158;spire_mag_01678159;spire_mag_01678161;spire_mag_01678163;spire_mag_01678167;spire_mag_01678170;spire_mag_01678171;spire_mag_01678172;spire_mag_01678175;spire_mag_01678177;spire_mag_01678179;spire_mag_01678180;spire_mag_01678184;spire_mag_01678188;spire_mag_01678192;spire_mag_01678194;spire_mag_01678197;spire_mag_01678210;spire_mag_01678212;spire_mag_01678213;spire_mag_01678215;spire_mag_01678217,SAMN07124956,False,,0,False,
SRR7151700,PRJNA386568,SAMN07124966,1,spire_mag_01681520,SAMN07124966,False,,0,False,
SRR7151590,PRJNA386568,SAMN07124974,12,spire_mag_01678237;spire_mag_01678239;spire_mag_01678241;spire_mag_01678244;spire_mag_01678246;spire_mag_01678249;spire_mag_01678250;spire_mag_01678252;spire_mag_01678253;spire_mag_01678255;spire_mag_01678259;spire_mag_01678260,SAMN07124974,False,,0,False,
SRR7151589,PRJNA386568,SAMN07124973,12,spire_mag_01681915;spire_mag_01681917;spire_mag_01681921;spire_mag_01681925;spire_mag_01681926;spire_mag_01681928;spire_mag_01681930;spire_mag_01681931;spire_mag_01681933;spire_mag_01681935;spire_mag_01681936;spire_mag_01681937,SAMN07124973,False,,0,False,
SRR7151701,PRJNA386568,SAMN07124971,14,spire_mag_01680953;spire_mag_01680955;spire_mag_01680957;spire_mag_01680958;spire_mag_01680959;spire_mag_01680960;spire_mag_01680961;spire_mag_01680963;spire_mag_01680964;spire_mag_01680968;spire_mag_01680971;spire_mag_01680973;spire_mag_01680974;spire_mag_01680977,SAMN07124971,False,,0,False,
SRR7151741,PRJNA386568,SAMN07124969,6,spire_mag_01677555;spire_mag_01677557;spire_mag_01677559;spire_mag_01677560;spire_mag_01677566;spire_mag_01677568,SAMN07124969,False,,0,False,
SRR7151617,PRJNA386568,SAMN07125027,45,spire_mag_01679154;spire_mag_01679155;spire_mag_01679156;spire_mag_01679167;spire_mag_01679168;spire_mag_01679174;spire_mag_01679176;spire_mag_01679185;spire_mag_01679187;spire_mag_01679190;spire_mag_01679191;spire_mag_01679193;spire_mag_01679194;spire_mag_01679196;spire_mag_01679198;spire_mag_01679199;spire_mag_01679204;spire_mag_01679205;spire_mag_01679216;spire_mag_01679218;spire_mag_01679220;spire_mag_01679221;spire_mag_01679224;spire_mag_01679226;spire_mag_01679227;spire_mag_01679233;spire_mag_01679234;spire_mag_01679236;spire_mag_01679237;spire_mag_01679238;spire_mag_01679240;spire_mag_01679244;spire_mag_01679246;spire_mag_01679247;spire_mag_01679251;spire_mag_01679253;spire_mag_01679254;spire_mag_01679262;spire_mag_01679264;spire_mag_01679265;spire_mag_01679268;spire_mag_01679270;spire_mag_01679273;spire_mag_01679274;spire_mag_01679276,SAMN07125027,False,,0,False,
SRR7151616,PRJNA386568,SAMN07125027,45,spire_mag_01679154;spire_mag_01679155;spire_mag_01679156;spire_mag_01679167;spire_mag_01679168;spire_mag_01679174;spire_mag_01679176;spire_mag_01679185;spire_mag_01679187;spire_mag_01679190;spire_mag_01679191;spire_mag_01679193;spire_mag_01679194;spire_mag_01679196;spire_mag_01679198;spire_mag_01679199;spire_mag_01679204;spire_mag_01679205;spire_mag_01679216;spire_mag_01679218;spire_mag_01679220;spire_mag_01679221;spire_mag_01679224;spire_mag_01679226;spire_mag_01679227;spire_mag_01679233;spire_mag_01679234;spire_mag_01679236;spire_mag_01679237;spire_mag_01679238;spire_mag_01679240;spire_mag_01679244;spire_mag_01679246;spire_mag_01679247;spire_mag_01679251;spire_mag_01679253;spire_mag_01679254;spire_mag_01679262;spire_mag_01679264;spire_mag_01679265;spire_mag_01679268;spire_mag_01679270;spire_mag_01679273;spire_mag_01679274;spire_mag_01679276,SAMN07125027,False,,0,False,
SRR7151704,PRJNA386568,SAMN07125033,39,spire_mag_01682658;spire_mag_01682665;spire_mag_01682668;spire_mag_01682669;spire_mag_01682672;spire_mag_01682676;spire_mag_01682678;spire_mag_01682681;spire_mag_01682683;spire_mag_01682685;spire_mag_01682687;spire_mag_01682689;spire_mag_01682695;spire_mag_01682705;spire_mag_01682708;spire_mag_01682711;spire_mag_01682713;spire_mag_01682714;spire_mag_01682717;spire_mag_01682721;spire_mag_01682728;spire_mag_01682730;spire_mag_01682733;spire_mag_01682736;spire_mag_01682737;spire_mag_01682742;spire_mag_01682751;spire_mag_01682757;spire_mag_01682760;spire_mag_01682761;spire_mag_01682763;spire_mag_01682764;spire_mag_01682765;spire_mag_01682771;spire_mag_01682781;spire_mag_01682783;spire_mag_01682788;spire_mag_01682791;spire_mag_01682794,SAMN07125033,False,,0,False,
SRR7151705,PRJNA386568,SAMN07125033,39,spire_mag_01682658;spire_mag_01682665;spire_mag_01682668;spire_mag_01682669;spire_mag_01682672;spire_mag_01682676;spire_mag_01682678;spire_mag_01682681;spire_mag_01682683;spire_mag_01682685;spire_mag_01682687;spire_mag_01682689;spire_mag_01682695;spire_mag_01682705;spire_mag_01682708;spire_mag_01682711;spire_mag_01682713;spire_mag_01682714;spire_mag_01682717;spire_mag_01682721;spire_mag_01682728;spire_mag_01682730;spire_mag_01682733;spire_mag_01682736;spire_mag_01682737;spire_mag_01682742;spire_mag_01682751;spire_mag_01682757;spire_mag_01682760;spire_mag_01682761;spire_mag_01682763;spire_mag_01682764;spire_mag_01682765;spire_mag_01682771;spire_mag_01682781;spire_mag_01682783;spire_mag_01682788;spire_mag_01682791;spire_mag_01682794,SAMN07125033,False,,0,False,
SRR7151618,PRJNA386568,SAMN07125030,46,spire_mag_01678502;spire_mag_01678506;spire_mag_01678507;spire_mag_01678511;spire_mag_01678512;spire_mag_01678514;spire_mag_01678515;spire_mag_01678518;spire_mag_01678520;spire_mag_01678525;spire_mag_01678528;spire_mag_01678532;spire_mag_01678533;spire_mag_01678539;spire_mag_01678540;spire_mag_01678541;spire_mag_01678544;spire_mag_01678547;spire_mag_01678548;spire_mag_01678557;spire_mag_01678559;spire_mag_01678561;spire_mag_01678565;spire_mag_01678569;spire_mag_01678572;spire_mag_01678573;spire_mag_01678574;spire_mag_01678577;spire_mag_01678580;spire_mag_01678583;spire_mag_01678585;spire_mag_01678588;spire_mag_01678593;spire_mag_01678598;spire_mag_01678602;spire_mag_01678609;spire_mag_01678613;spire_mag_01678621;spire_mag_01678624;spire_mag_01678625;spire_mag_01678627;spire_mag_01678628;spire_mag_01678629;spire_mag_01678630;spire_mag_01678631;spire_mag_01678632,SAMN07125030,False,,0,False,
SRR7151496,PRJNA386568,SAMN07125042,11,spire_mag_01683238;spire_mag_01683289;spire_mag_01683291;spire_mag_01683319;spire_mag_01683355;spire_mag_01683397;spire_mag_01683431;spire_mag_01683472;spire_mag_01683485;spire_mag_01683654;spire_mag_01683673,SAMN07125042,False,,0,False,
SRR7151532,PRJNA386568,SAMN07125045,117,spire_mag_01678675;spire_mag_01678678;spire_mag_01678680;spire_mag_01678682;spire_mag_01678687;spire_mag_01678688;spire_mag_01678690;spire_mag_01678701;spire_mag_01678705;spire_mag_01678710;spire_mag_01678711;spire_mag_01678718;spire_mag_01678720;spire_mag_01678722;spire_mag_01678730;spire_mag_01678731;spire_mag_01678732;spire_mag_01678742;spire_mag_01678743;spire_mag_01678749;spire_mag_01678753;spire_mag_01678756;spire_mag_01678757;spire_mag_01678758;spire_mag_01678762;spire_mag_01678767;spire_mag_01678768;spire_mag_01678769;spire_mag_01678775;spire_mag_01678778;spire_mag_01678779;spire_mag_01678780;spire_mag_01678782;spire_mag_01678784;spire_mag_01678790;spire_mag_01678791;spire_mag_01678792;spire_mag_01678797;spire_mag_01678802;spire_mag_01678807;spire_mag_01678811;spire_mag_01678814;spire_mag_01678820;spire_mag_01678825;spire_mag_01678827;spire_mag_01678828;spire_mag_01678833;spire_mag_01678835;spire_mag_01678838;spire_mag_01678843;spire_mag_01678845;spire_mag_01678853;spire_mag_01678857;spire_mag_01678858;spire_mag_01678860;spire_mag_01678861;spire_mag_01678862;spire_mag_01678864;spire_mag_01678867;spire_mag_01678872;spire_mag_01678875;spire_mag_01678879;spire_mag_01678882;spire_mag_01678885;spire_mag_01678890;spire_mag_01678892;spire_mag_01678901;spire_mag_01678909;spire_mag_01678913;spire_mag_01678915;spire_mag_01678916;spire_mag_01678922;spire_mag_01678927;spire_mag_01678928;spire_mag_01678930;spire_mag_01678931;spire_mag_01678933;spire_mag_01678938;spire_mag_01678943;spire_mag_01678947;spire_mag_01678948;spire_mag_01678952;spire_mag_01678967;spire_mag_01678969;spire_mag_01678972;spire_mag_01678979;spire_mag_01678998;spire_mag_01679001;spire_mag_01679003;spire_mag_01679004;spire_mag_01679011;spire_mag_01679012;spire_mag_01679015;spire_mag_01679022;spire_mag_01679025;spire_mag_01679029;spire_mag_01679032;spire_mag_01679036;spire_mag_01679043;spire_mag_01679049;spire_mag_01679050;spire_mag_01679052;spire_mag_01679058;spire_mag_01679059;spire_mag_01679062;spire_mag_01679064;spire_mag_01679067;spire_mag_01679069;spire_mag_01679071;spire_mag_01679072;spire_mag_01679073;spire_mag_01679074;spire_mag_01679091;spire_mag_01679093;spire_mag_01679098;spire_mag_01679103;spire_mag_01679104,SAMN07125045,False,,0,False,
SRR7151723,PRJNA386568,SAMN07125060,126,spire_mag_01682824;spire_mag_01682826;spire_mag_01682827;spire_mag_01682829;spire_mag_01682830;spire_mag_01682834;spire_mag_01682839;spire_mag_01682840;spire_mag_01682842;spire_mag_01682845;spire_mag_01682847;spire_mag_01682848;spire_mag_01682850;spire_mag_01682851;spire_mag_01682856;spire_mag_01682857;spire_mag_01682860;spire_mag_01682863;spire_mag_01682864;spire_mag_01682870;spire_mag_01682871;spire_mag_01682873;spire_mag_01682876;spire_mag_01682879;spire_mag_01682883;spire_mag_01682887;spire_mag_01682889;spire_mag_01682892;spire_mag_01682893;spire_mag_01682894;spire_mag_01682896;spire_mag_01682897;spire_mag_01682901;spire_mag_01682904;spire_mag_01682906;spire_mag_01682907;spire_mag_01682908;spire_mag_01682910;spire_mag_01682912;spire_mag_01682913;spire_mag_01682916;spire_mag_01682919;spire_mag_01682921;spire_mag_01682922;spire_mag_01682927;spire_mag_01682930;spire_mag_01682934;spire_mag_01682937;spire_mag_01682941;spire_mag_01682945;spire_mag_01682948;spire_mag_01682951;spire_mag_01682956;spire_mag_01682958;spire_mag_01682959;spire_mag_01682960;spire_mag_01682961;spire_mag_01682964;spire_mag_01682967;spire_mag_01682970;spire_mag_01682971;spire_mag_01682972;spire_mag_01682977;spire_mag_01682991;spire_mag_01682995;spire_mag_01682999;spire_mag_01683014;spire_mag_01683021;spire_mag_01683023;spire_mag_01683038;spire_mag_01683039;spire_mag_01683042;spire_mag_01683045;spire_mag_01683046;spire_mag_01683047;spire_mag_01683048;spire_mag_01683054;spire_mag_01683056;spire_mag_01683058;spire_mag_01683059;spire_mag_01683064;spire_mag_01683065;spire_mag_01683070;spire_mag_01683071;spire_mag_01683073;spire_mag_01683075;spire_mag_01683078;spire_mag_01683082;spire_mag_01683090;spire_mag_01683097;spire_mag_01683099;spire_mag_01683101;spire_mag_01683102;spire_mag_01683103;spire_mag_01683104;spire_mag_01683107;spire_mag_01683111;spire_mag_01683113;spire_mag_01683115;spire_mag_01683122;spire_mag_01683126;spire_mag_01683129;spire_mag_01683133;spire_mag_01683136;spire_mag_01683137;spire_mag_01683141;spire_mag_01683142;spire_mag_01683144;spire_mag_01683146;spire_mag_01683147;spire_mag_01683153;spire_mag_01683154;spire_mag_01683155;spire_mag_01683156;spire_mag_01683158;spire_mag_01683163;spire_mag_01683166;spire_mag_01683168;spire_mag_01683170;spire_mag_01683174;spire_mag_01683176;spire_mag_01683178;spire_mag_01683180;spire_mag_01683182;spire_mag_01683187;spire_mag_01683198,SAMN07125060,False,,0,False,
SRR7151726,PRJNA386568,SAMN07125060,126,spire_mag_01682824;spire_mag_01682826;spire_mag_01682827;spire_mag_01682829;spire_mag_01682830;spire_mag_01682834;spire_mag_01682839;spire_mag_01682840;spire_mag_01682842;spire_mag_01682845;spire_mag_01682847;spire_mag_01682848;spire_mag_01682850;spire_mag_01682851;spire_mag_01682856;spire_mag_01682857;spire_mag_01682860;spire_mag_01682863;spire_mag_01682864;spire_mag_01682870;spire_mag_01682871;spire_mag_01682873;spire_mag_01682876;spire_mag_01682879;spire_mag_01682883;spire_mag_01682887;spire_mag_01682889;spire_mag_01682892;spire_mag_01682893;spire_mag_01682894;spire_mag_01682896;spire_mag_01682897;spire_mag_01682901;spire_mag_01682904;spire_mag_01682906;spire_mag_01682907;spire_mag_01682908;spire_mag_01682910;spire_mag_01682912;spire_mag_01682913;spire_mag_01682916;spire_mag_01682919;spire_mag_01682921;spire_mag_01682922;spire_mag_01682927;spire_mag_01682930;spire_mag_01682934;spire_mag_01682937;spire_mag_01682941;spire_mag_01682945;spire_mag_01682948;spire_mag_01682951;spire_mag_01682956;spire_mag_01682958;spire_mag_01682959;spire_mag_01682960;spire_mag_01682961;spire_mag_01682964;spire_mag_01682967;spire_mag_01682970;spire_mag_01682971;spire_mag_01682972;spire_mag_01682977;spire_mag_01682991;spire_mag_01682995;spire_mag_01682999;spire_mag_01683014;spire_mag_01683021;spire_mag_01683023;spire_mag_01683038;spire_mag_01683039;spire_mag_01683042;spire_mag_01683045;spire_mag_01683046;spire_mag_01683047;spire_mag_01683048;spire_mag_01683054;spire_mag_01683056;spire_mag_01683058;spire_mag_01683059;spire_mag_01683064;spire_mag_01683065;spire_mag_01683070;spire_mag_01683071;spire_mag_01683073;spire_mag_01683075;spire_mag_01683078;spire_mag_01683082;spire_mag_01683090;spire_mag_01683097;spire_mag_01683099;spire_mag_01683101;spire_mag_01683102;spire_mag_01683103;spire_mag_01683104;spire_mag_01683107;spire_mag_01683111;spire_mag_01683113;spire_mag_01683115;spire_mag_01683122;spire_mag_01683126;spire_mag_01683129;spire_mag_01683133;spire_mag_01683136;spire_mag_01683137;spire_mag_01683141;spire_mag_01683142;spire_mag_01683144;spire_mag_01683146;spire_mag_01683147;spire_mag_01683153;spire_mag_01683154;spire_mag_01683155;spire_mag_01683156;spire_mag_01683158;spire_mag_01683163;spire_mag_01683166;spire_mag_01683168;spire_mag_01683170;spire_mag_01683174;spire_mag_01683176;spire_mag_01683178;spire_mag_01683180;spire_mag_01683182;spire_mag_01683187;spire_mag_01683198,SAMN07125060,False,,0,False,
SRR6960558,PRJNA443723,SAMN08777510,1,spire_mag_02560499,SAMN08777510,False,,0,False,
SRR6960539,PRJNA443724,SAMN08778865,6,spire_mag_02556174;spire_mag_02557044;spire_mag_02558754;spire_mag_02558777;spire_mag_02560363;spire_mag_02560378,SAMN08778865,False,,0,False,
SRR6962291,PRJNA443725,SAMN08777267,2,spire_mag_02556724;spire_mag_02560623,SAMN08777267,False,,0,False,
SRR6960546,PRJNA443726,SAMN08778866,4,spire_mag_02556161;spire_mag_02556448;spire_mag_02557745;spire_mag_02559768,SAMN08778866,False,,0,False,
SRR8475546,PRJNA502763,SAMN10350948,6,spire_mag_02556846;spire_mag_02556903;spire_mag_02557875;spire_mag_02558841;spire_mag_02558996;spire_mag_02560478,SAMN10350948,False,,0,False,
SRR8475545,PRJNA502764,SAMN10351099,20,spire_mag_02556262;spire_mag_02556283;spire_mag_02556635;spire_mag_02556864;spire_mag_02556966;spire_mag_02557482;spire_mag_02557542;spire_mag_02557590;spire_mag_02557599;spire_mag_02557786;spire_mag_02557948;spire_mag_02558179;spire_mag_02559014;spire_mag_02559152;spire_mag_02559215;spire_mag_02559509;spire_mag_02560126;spire_mag_02560144;spire_mag_02560196;spire_mag_02560535,SAMN10351099,False,,0,False,
SRR8475547,PRJNA502765,SAMN10350947,8,spire_mag_02556244;spire_mag_02557506;spire_mag_02558874;spire_mag_02558992;spire_mag_02559554;spire_mag_02560205;spire_mag_02560272;spire_mag_02560328,SAMN10350947,False,,0,False,
SRR8475544,PRJNA502766,SAMN10350942,9,spire_mag_02555751;spire_mag_02556819;spire_mag_02556928;spire_mag_02557554;spire_mag_02557665;spire_mag_02558201;spire_mag_02559719;spire_mag_02560180;spire_mag_02560857,SAMN10350942,False,,0,False,
SRR8475549,PRJNA502767,SAMN10351331,21,spire_mag_02555809;spire_mag_02555892;spire_mag_02556133;spire_mag_02556158;spire_mag_02556450;spire_mag_02556465;spire_mag_02556980;spire_mag_02557053;spire_mag_02557089;spire_mag_02557127;spire_mag_02558232;spire_mag_02558281;spire_mag_02558333;spire_mag_02558510;spire_mag_02559062;spire_mag_02559063;spire_mag_02559641;spire_mag_02559709;spire_mag_02559730;spire_mag_02559743;spire_mag_02560906,SAMN10351331,False,,0,False,
SRR8475571,PRJNA502768,SAMN10350941,9,spire_mag_02555807;spire_mag_02555886;spire_mag_02557497;spire_mag_02558225;spire_mag_02559532;spire_mag_02559616;spire_mag_02560132;spire_mag_02560316;spire_mag_02560993,SAMN10350941,False,,0,False,
SRR8475548,PRJNA502769,SAMN10351347,14,spire_mag_02555788;spire_mag_02555814;spire_mag_02555901;spire_mag_02556829;spire_mag_02557124;spire_mag_02558216;spire_mag_02559524;spire_mag_02559760;spire_mag_02560167;spire_mag_02560228;spire_mag_02560827;spire_mag_02560870;spire_mag_02560973;spire_mag_02560981,SAMN10351347,False,,0,False,
SRR8475614,PRJNA502770,SAMN10350940,1,spire_mag_02558476,SAMN10350940,False,,0,False,
SRR8475651,PRJNA502771,SAMN10350946,3,spire_mag_02557511;spire_mag_02560271;spire_mag_02560479,SAMN10350946,False,,0,False,
SRR8475652,PRJNA502772,SAMN10351150,2,spire_mag_02557440;spire_mag_02558750,SAMN10351150,False,,0,False,
SRR8475653,PRJNA502773,SAMN10350945,6,spire_mag_02556371;spire_mag_02556990;spire_mag_02558260;spire_mag_02558817;spire_mag_02558931;spire_mag_02560155,SAMN10350945,False,,0,False,
SRR8475662,PRJNA502774,SAMN10351348,3,spire_mag_02555873;spire_mag_02558190;spire_mag_02558303,SAMN10351348,False,,0,False,
SRR8476209,PRJNA502775,SAMN10351075,4,spire_mag_02556428;spire_mag_02556458;spire_mag_02557098;spire_mag_02559048,SAMN10351075,False,,0,False,
SRR8476221,PRJNA502776,SAMN10350944,2,spire_mag_02556883;spire_mag_02560157,SAMN10350944,False,,0,False,
SRR8476227,PRJNA502777,SAMN10350943,7,spire_mag_02556816;spire_mag_02557114;spire_mag_02557636;spire_mag_02558202;spire_mag_02558312;spire_mag_02558919;spire_mag_02560859,SAMN10350943,False,,0,False,
SRR8553822,PRJNA518330,SAMN10864235,7,spire_mag_02556881;spire_mag_02557711;spire_mag_02557849;spire_mag_02558251;spire_mag_02558834;spire_mag_02559111;spire_mag_02559496,SAMN10864235,False,,0,False,
SRR8553821,PRJNA518331,SAMN10863994,15,spire_mag_02555975;spire_mag_02556083;spire_mag_02556140;spire_mag_02556703;spire_mag_02556764;spire_mag_02557277;spire_mag_02557470;spire_mag_02558105;spire_mag_02558625;spire_mag_02558728;spire_mag_02559322;spire_mag_02559363;spire_mag_02559960;spire_mag_02560088;spire_mag_02560793,SAMN10863994,False,,0,False,
SRR8553823,PRJNA518332,SAMN10864026,6,spire_mag_02556919;spire_mag_02556974;spire_mag_02557603;spire_mag_02558866;spire_mag_02560123;spire_mag_02560589,SAMN10864026,False,,0,False,
SRR8553829,PRJNA518333,SAMN10864438,12,spire_mag_02556064;spire_mag_02556233;spire_mag_02556356;spire_mag_02556538;spire_mag_02556629;spire_mag_02557784;spire_mag_02557850;spire_mag_02558577;spire_mag_02559298;spire_mag_02559912;spire_mag_02560536;spire_mag_02560562,SAMN10864438,False,,0,False,
SRR8553828,PRJNA518334,SAMN10863993,12,spire_mag_02556030;spire_mag_02556498;spire_mag_02556781;spire_mag_02557294;spire_mag_02558054;spire_mag_02558149;spire_mag_02558617;spire_mag_02559358;spire_mag_02559869;spire_mag_02560003;spire_mag_02560083;spire_mag_02560661,SAMN10863993,False,,0,False,
SRR8553832,PRJNA518335,SAMN10864393,15,spire_mag_02556004;spire_mag_02556520;spire_mag_02557345;spire_mag_02557802;spire_mag_02557919;spire_mag_02558546;spire_mag_02558591;spire_mag_02558647;spire_mag_02558672;spire_mag_02559143;spire_mag_02559170;spire_mag_02559830;spire_mag_02559918;spire_mag_02560732;spire_mag_02560786,SAMN10864393,False,,0,False,
SRR8553831,PRJNA518336,SAMN10864439,0,,,False,,0,False,
SRR8553830,PRJNA518337,SAMN10863992,0,,,False,,0,False,
SRR8553834,PRJNA518338,SAMN10864440,2,spire_mag_02555862;spire_mag_02560878,SAMN10864440,False,,0,False,
SRR8553843,PRJNA518339,SAMN10864025,5,spire_mag_02556972;spire_mag_02557605;spire_mag_02558291;spire_mag_02559018;spire_mag_02559536,SAMN10864025,False,,0,False,
SRR8553849,PRJNA518342,SAMN10864425,9,spire_mag_02556196;spire_mag_02556287;spire_mag_02556833;spire_mag_02557641;spire_mag_02557920;spire_mag_02559192;spire_mag_02560160;spire_mag_02560518;spire_mag_02560566,SAMN10864425,False,,0,False,
SRR8553851,PRJNA518343,SAMN10864007,10,spire_mag_02556865;spire_mag_02556975;spire_mag_02557491;spire_mag_02557655;spire_mag_02558240;spire_mag_02558289;spire_mag_02558469;spire_mag_02558867;spire_mag_02560305;spire_mag_02560591,SAMN10864007,False,,0,False,
SRR8553858,PRJNA518345,SAMN10864429,0,,,False,,0,False,
SRR8553952,PRJNA518349,SAMN10864021,16,spire_mag_02555735;spire_mag_02555776;spire_mag_02555909;spire_mag_02557021;spire_mag_02557082;spire_mag_02558195;spire_mag_02558215;spire_mag_02558308;spire_mag_02558487;spire_mag_02558506;spire_mag_02559516;spire_mag_02559661;spire_mag_02559739;spire_mag_02559762;spire_mag_02560110;spire_mag_02560961,SAMN10864021,False,,0,False,
SRR8553977,PRJNA518351,SAMN10864006,30,spire_mag_02555763;spire_mag_02555844;spire_mag_02555881;spire_mag_02556301;spire_mag_02556491;spire_mag_02556921;spire_mag_02556970;spire_mag_02557005;spire_mag_02557020;spire_mag_02557134;spire_mag_02557529;spire_mag_02557672;spire_mag_02557844;spire_mag_02557895;spire_mag_02558472;spire_mag_02558489;spire_mag_02558837;spire_mag_02559041;spire_mag_02559194;spire_mag_02559482;spire_mag_02559537;spire_mag_02559569;spire_mag_02560159;spire_mag_02560221;spire_mag_02560251;spire_mag_02560438;spire_mag_02560464;spire_mag_02560540;spire_mag_02560835;spire_mag_02560893,SAMN10864006,False,,0,False,
SRR8554006,PRJNA518353,SAMN10863985,0,,,False,,0,False,
SRR8554049,PRJNA518354,SAMN10863984,0,,,False,,0,False,
SRR8554043,PRJNA518355,SAMN10864369,36,spire_mag_02555912;spire_mag_02555965;spire_mag_02556118;spire_mag_02556143;spire_mag_02556163;spire_mag_02556179;spire_mag_02556627;spire_mag_02556754;spire_mag_02556805;spire_mag_02557271;spire_mag_02557400;spire_mag_02557431;spire_mag_02557781;spire_mag_02557837;spire_mag_02557985;spire_mag_02557998;spire_mag_02558026;spire_mag_02558035;spire_mag_02558072;spire_mag_02558084;spire_mag_02558123;spire_mag_02558144;spire_mag_02558595;spire_mag_02558703;spire_mag_02558745;spire_mag_02558795;spire_mag_02559157;spire_mag_02559306;spire_mag_02559419;spire_mag_02559442;spire_mag_02559812;spire_mag_02560058;spire_mag_02560391;spire_mag_02560598;spire_mag_02560715;spire_mag_02560762,SAMN10864369,False,,0,False,
SRR8554046,PRJNA518356,SAMN10864005,0,,,False,,0,False,
SRR8554042,PRJNA518357,SAMN10864019,2,spire_mag_02556933;spire_mag_02558927,SAMN10864019,False,,0,False,
SRR8554074,PRJNA518358,SAMN10864273,2,spire_mag_02560296;spire_mag_02560564,SAMN10864273,False,,0,False,
SRR8554076,PRJNA518359,SAMN10864018,7,spire_mag_02557933;spire_mag_02558339;spire_mag_02559132;spire_mag_02559562;spire_mag_02559625;spire_mag_02560849;spire_mag_02560901,SAMN10864018,False,,0,False,
SRR8554078,PRJNA518360,SAMN10864274,8,spire_mag_02557194;spire_mag_02557648;spire_mag_02557852;spire_mag_02558827;spire_mag_02559205;spire_mag_02559248;spire_mag_02559885;spire_mag_02560289,SAMN10864274,False,,0,False,
SRR8554077,PRJNA518361,SAMN10864370,6,spire_mag_02556235;spire_mag_02557771;spire_mag_02557870;spire_mag_02558270;spire_mag_02558937;spire_mag_02558997,SAMN10864370,False,,0,False,
SRR8554079,PRJNA518362,SAMN10864017,8,spire_mag_02555884;spire_mag_02556383;spire_mag_02557598;spire_mag_02557652;spire_mag_02558984;spire_mag_02560240;spire_mag_02560401;spire_mag_02560899,SAMN10864017,False,,0,False,
SRR8554080,PRJNA518363,SAMN10863983,13,spire_mag_02556085;spire_mag_02556516;spire_mag_02556617;spire_mag_02556706;spire_mag_02557338;spire_mag_02557973;spire_mag_02558156;spire_mag_02558628;spire_mag_02559176;spire_mag_02559224;spire_mag_02559355;spire_mag_02559872;spire_mag_02560625,SAMN10863983,False,,0,False,
SRR8554879,PRJNA518381,SAMN10864011,7,spire_mag_02557087;spire_mag_02557737;spire_mag_02557746;spire_mag_02558194;spire_mag_02559047;spire_mag_02559630;spire_mag_02560926,SAMN10864011,False,,0,False,
SRR8554881,PRJNA518383,SAMN10864010,8,spire_mag_02557066;spire_mag_02557758;spire_mag_02558212;spire_mag_02559067;spire_mag_02559099;spire_mag_02559756;spire_mag_02560355;spire_mag_02560876,SAMN10864010,False,,0,False,
SRR8554880,PRJNA518384,SAMN10864315,4,spire_mag_02556193;spire_mag_02558920;spire_mag_02560162;spire_mag_02560567,SAMN10864315,False,,0,False,
SRR8554886,PRJNA518386,SAMN10864004,4,spire_mag_02556451;spire_mag_02559535;spire_mag_02559589;spire_mag_02560840,SAMN10864004,False,,0,False,
SRR8554887,PRJNA518387,SAMN10864008,4,spire_mag_02558342;spire_mag_02559507;spire_mag_02560508;spire_mag_02560904,SAMN10864008,False,,0,False,
SRR8554885,PRJNA518388,SAMN10864373,6,spire_mag_02557675;spire_mag_02557922;spire_mag_02558848;spire_mag_02559142;spire_mag_02560415;spire_mag_02560519,SAMN10864373,False,,0,False,
SRR8554891,PRJNA518390,SAMN10864237,13,spire_mag_02556267;spire_mag_02556605;spire_mag_02557357;spire_mag_02557805;spire_mag_02557952;spire_mag_02558533;spire_mag_02558950;spire_mag_02559010;spire_mag_02559026;spire_mag_02559295;spire_mag_02560259;spire_mag_02560487;spire_mag_02560539,SAMN10864237,False,,0,False,
SRR8554889,PRJNA518391,SAMN10864382,8,spire_mag_02556392;spire_mag_02557278;spire_mag_02557628;spire_mag_02558875;spire_mag_02558966;spire_mag_02559172;spire_mag_02560114;spire_mag_02560229,SAMN10864382,False,,0,False,
SRR8554890,PRJNA518392,SAMN10864316,13,spire_mag_02205331;spire_mag_02205334;spire_mag_02205339;spire_mag_02205340;spire_mag_02205343;spire_mag_02205344;spire_mag_02205345;spire_mag_02205347;spire_mag_02205350;spire_mag_02205352;spire_mag_02205365;spire_mag_02205366;spire_mag_02205368,SAMN10864316,False,,0,False,
SRR8554892,PRJNA518393,SAMN10863977,13,spire_mag_02209615;spire_mag_02209619;spire_mag_02209621;spire_mag_02209626;spire_mag_02209628;spire_mag_02209636;spire_mag_02209639;spire_mag_02209644;spire_mag_02209649;spire_mag_02209651;spire_mag_02209653;spire_mag_02209654;spire_mag_02209656,SAMN10863977,False,,0,False,
SRR8554897,PRJNA518394,SAMN10863976,0,,,False,,0,False,
SRR8554894,PRJNA518395,SAMN10863958,12,spire_mag_02198485;spire_mag_02198486;spire_mag_02198489;spire_mag_02198495;spire_mag_02198498;spire_mag_02198500;spire_mag_02198501;spire_mag_02198503;spire_mag_02198506;spire_mag_02198508;spire_mag_02198516;spire_mag_02198517,SAMN10863958,False,,0,False,
SRR8554899,PRJNA518496,SAMN10863975,0,,,False,,0,False,
SRR8554905,PRJNA518497,SAMN10864383,0,,,False,,0,False,
SRR8554904,PRJNA518498,SAMN10864003,11,spire_mag_02555780;spire_mag_02555824;spire_mag_02556415;spire_mag_02556422;spire_mag_02557063;spire_mag_02558381;spire_mag_02558428;spire_mag_02559479;spire_mag_02559754;spire_mag_02560841;spire_mag_02560921,SAMN10864003,False,,0,False,
SRR8555042,PRJNA518499,SAMN10863974,13,spire_mag_02555931;spire_mag_02556704;spire_mag_02557178;spire_mag_02557235;spire_mag_02557439;spire_mag_02558109;spire_mag_02558722;spire_mag_02559320;spire_mag_02559357;spire_mag_02559402;spire_mag_02560004;spire_mag_02560688;spire_mag_02560753,SAMN10863974,False,,0,False,
SRR8555051,PRJNA518500,SAMN10864278,0,,,False,,0,False,
SRR8555128,PRJNA518501,SAMN10863973,0,,,False,,0,False,
SRR8555127,PRJNA518502,SAMN10864312,32,spire_mag_02555817;spire_mag_02555907;spire_mag_02556269;spire_mag_02556659;spire_mag_02556850;spire_mag_02556912;spire_mag_02557060;spire_mag_02557502;spire_mag_02557559;spire_mag_02557571;spire_mag_02557620;spire_mag_02557633;spire_mag_02557663;spire_mag_02557939;spire_mag_02557963;spire_mag_02558164;spire_mag_02558263;spire_mag_02558326;spire_mag_02558880;spire_mag_02558941;spire_mag_02558981;spire_mag_02559042;spire_mag_02559234;spire_mag_02559518;spire_mag_02559628;spire_mag_02559660;spire_mag_02560158;spire_mag_02560213;spire_mag_02560278;spire_mag_02560510;spire_mag_02560919;spire_mag_02560976,SAMN10864312,False,,0,False,
SRR8555123,PRJNA518503,SAMN10864002,25,spire_mag_02555777;spire_mag_02556236;spire_mag_02556410;spire_mag_02556453;spire_mag_02557120;spire_mag_02557561;spire_mag_02557764;spire_mag_02558217;spire_mag_02558255;spire_mag_02558273;spire_mag_02558307;spire_mag_02558452;spire_mag_02558465;spire_mag_02558505;spire_mag_02559044;spire_mag_02559103;spire_mag_02559550;spire_mag_02559570;spire_mag_02559624;spire_mag_02559662;spire_mag_02559717;spire_mag_02559737;spire_mag_02560216;spire_mag_02560822;spire_mag_02560975,SAMN10864002,False,,0,False,
SRR8555068,PRJNA518504,SAMN10864228,1,spire_mag_02163768,SAMN10864228,False,,0,False,
SRR8555072,PRJNA518506,SAMN10863972,31,spire_mag_02555980;spire_mag_02556129;spire_mag_02556169;spire_mag_02556522;spire_mag_02556570;spire_mag_02556780;spire_mag_02556793;spire_mag_02556817;spire_mag_02557189;spire_mag_02557296;spire_mag_02557348;spire_mag_02557427;spire_mag_02557976;spire_mag_02558003;spire_mag_02558037;spire_mag_02558052;spire_mag_02558521;spire_mag_02558614;spire_mag_02558723;spire_mag_02559126;spire_mag_02559225;spire_mag_02559325;spire_mag_02559347;spire_mag_02559369;spire_mag_02559785;spire_mag_02559987;spire_mag_02560029;spire_mag_02560051;spire_mag_02560422;spire_mag_02560692;spire_mag_02560749,SAMN10863972,False,,0,False,
SRR8555044,PRJNA518507,SAMN10864229,27,spire_mag_02555941;spire_mag_02556328;spire_mag_02556384;spire_mag_02556492;spire_mag_02556515;spire_mag_02556562;spire_mag_02556637;spire_mag_02556662;spire_mag_02557168;spire_mag_02557218;spire_mag_02557250;spire_mag_02557546;spire_mag_02557606;spire_mag_02557783;spire_mag_02557835;spire_mag_02557846;spire_mag_02557881;spire_mag_02557897;spire_mag_02558097;spire_mag_02558592;spire_mag_02558697;spire_mag_02559021;spire_mag_02559117;spire_mag_02559196;spire_mag_02559216;spire_mag_02559468;spire_mag_02559791,SAMN10864229,False,,0,False,
SRR8555071,PRJNA518508,SAMN10864000,18,spire_mag_02555821;spire_mag_02555861;spire_mag_02555906;spire_mag_02556124;spire_mag_02556156;spire_mag_02556435;spire_mag_02557059;spire_mag_02557084;spire_mag_02557720;spire_mag_02558389;spire_mag_02558424;spire_mag_02558483;spire_mag_02559056;spire_mag_02559068;spire_mag_02559092;spire_mag_02559721;spire_mag_02559731;spire_mag_02559761,SAMN10864000,False,,0,False,
SRR8555679,PRJNA518509,SAMN10864249,23,spire_mag_02555940;spire_mag_02556326;spire_mag_02556513;spire_mag_02556563;spire_mag_02556588;spire_mag_02556661;spire_mag_02556709;spire_mag_02557252;spire_mag_02557306;spire_mag_02557336;spire_mag_02557360;spire_mag_02557780;spire_mag_02557834;spire_mag_02557883;spire_mag_02558527;spire_mag_02558594;spire_mag_02558684;spire_mag_02558701;spire_mag_02559232;spire_mag_02559832;spire_mag_02559900;spire_mag_02559955;spire_mag_02560698,SAMN10864249,False,,0,False,
SRR8555677,PRJNA518510,SAMN10863971,5,spire_mag_02555976;spire_mag_02556032;spire_mag_02556571;spire_mag_02557193;spire_mag_02557821,SAMN10863971,False,,0,False,
SRR8555681,PRJNA518511,SAMN10863970,9,spire_mag_02556091;spire_mag_02556567;spire_mag_02557327;spire_mag_02557841;spire_mag_02557918;spire_mag_02558616;spire_mag_02559135;spire_mag_02559237;spire_mag_02559892,SAMN10863970,False,,0,False,
SRR8555691,PRJNA518512,SAMN10864250,0,,,False,,0,False,
SRR8555683,PRJNA518513,SAMN10864324,15,spire_mag_02556242;spire_mag_02556904;spire_mag_02556939;spire_mag_02556953;spire_mag_02557514;spire_mag_02557647;spire_mag_02558191;spire_mag_02558301;spire_mag_02558909;spire_mag_02558995;spire_mag_02559174;spire_mag_02559270;spire_mag_02559968;spire_mag_02560460;spire_mag_02560477,SAMN10864324,False,,0,False,
SRR8555684,PRJNA518514,SAMN10863999,14,spire_mag_02556150;spire_mag_02556159;spire_mag_02556711;spire_mag_02556747;spire_mag_02557085;spire_mag_02557437;spire_mag_02557461;spire_mag_02557724;spire_mag_02558760;spire_mag_02558809;spire_mag_02559085;spire_mag_02560075;spire_mag_02560347;spire_mag_02560354,SAMN10863999,False,,0,False,
SRR8555682,PRJNA518515,SAMN10863969,14,spire_mag_02556120;spire_mag_02556153;spire_mag_02556676;spire_mag_02556755;spire_mag_02557448;spire_mag_02557756;spire_mag_02558702;spire_mag_02558767;spire_mag_02558815;spire_mag_02559371;spire_mag_02560008;spire_mag_02560041;spire_mag_02560353;spire_mag_02560372,SAMN10863969,False,,0,False,
SRR8555678,PRJNA518516,SAMN10863998,9,spire_mag_02556155;spire_mag_02556670;spire_mag_02557450;spire_mag_02557718;spire_mag_02558781;spire_mag_02558806;spire_mag_02559339;spire_mag_02559977;spire_mag_02560337,SAMN10863998,False,,0,False,
SRR8555680,PRJNA518517,SAMN10864251,11,spire_mag_02555738;spire_mag_02556987;spire_mag_02558268;spire_mag_02558321;spire_mag_02558933;spire_mag_02558970;spire_mag_02559003;spire_mag_02560117;spire_mag_02560574;spire_mag_02560924;spire_mag_02560978,SAMN10864251,False,,0,False,
SRR8555692,PRJNA518518,SAMN10864384,11,spire_mag_02555913;spire_mag_02556062;spire_mag_02556305;spire_mag_02557828;spire_mag_02557929;spire_mag_02558654;spire_mag_02558912;spire_mag_02559296;spire_mag_02560419;spire_mag_02560517;spire_mag_02560780,SAMN10864384,False,,0,False,
SRR8555696,PRJNA518519,SAMN10863968,20,spire_mag_02555910;spire_mag_02556016;spire_mag_02556111;spire_mag_02556730;spire_mag_02557200;spire_mag_02557383;spire_mag_02557434;spire_mag_02557446;spire_mag_02557463;spire_mag_02558125;spire_mag_02558698;spire_mag_02558766;spire_mag_02558788;spire_mag_02559414;spire_mag_02559440;spire_mag_02560042;spire_mag_02560102;spire_mag_02560615;spire_mag_02560767;spire_mag_02560785,SAMN10863968,False,,0,False,
SRR8555697,PRJNA518520,SAMN10863997,8,spire_mag_02555919;spire_mag_02556147;spire_mag_02558018;spire_mag_02558121;spire_mag_02559338;spire_mag_02559445;spire_mag_02560045;spire_mag_02560721,SAMN10863997,False,,0,False,
SRR8555694,PRJNA518521,SAMN10864307,4,spire_mag_02557945;spire_mag_02558895;spire_mag_02558958;spire_mag_02560531,SAMN10864307,False,,0,False,
SRR8555698,PRJNA518522,SAMN10864385,14,spire_mag_02556261;spire_mag_02556485;spire_mag_02556648;spire_mag_02556731;spire_mag_02557925;spire_mag_02557997;spire_mag_02559106;spire_mag_02559146;spire_mag_02559413;spire_mag_02559434;spire_mag_02559807;spire_mag_02559887;spire_mag_02560459;spire_mag_02560614,SAMN10864385,False,,0,False,
SRR8555695,PRJNA518523,SAMN10863996,8,spire_mag_02556683;spire_mag_02556800;spire_mag_02557402;spire_mag_02557712;spire_mag_02557968;spire_mag_02558645;spire_mag_02558793;spire_mag_02560789,SAMN10863996,False,,0,False,
SRR8555699,PRJNA518524,SAMN10863967,0,,,False,,0,False,
SRR8556220,PRJNA518542,SAMN10863960,0,,,False,,0,False,
SRR8556253,PRJNA518543,SAMN10863990,2,spire_mag_02163762;spire_mag_02163763,SAMN10863990,False,,0,False,
SRR8556258,PRJNA518544,SAMN10863989,0,,,False,,0,False,
SRR8556252,PRJNA518545,SAMN10864431,0,,,False,,0,False,
SRR9020978,PRJNA539550,SAMN11528533,1,spire_mag_02163765,SAMN11528533,False,,0,False,
SRR9020979,PRJNA539550,SAMN11528533,1,spire_mag_02163765,SAMN11528533,False,,0,False,
SRR9021073,PRJNA539551,SAMN11532089,31,spire_mag_02556100;spire_mag_02556206;spire_mag_02556245;spire_mag_02556277;spire_mag_02556369;spire_mag_02556565;spire_mag_02556956;spire_mag_02556988;spire_mag_02557286;spire_mag_02557509;spire_mag_02557627;spire_mag_02557634;spire_mag_02557775;spire_mag_02557820;spire_mag_02557960;spire_mag_02558265;spire_mag_02558816;spire_mag_02558873;spire_mag_02558976;spire_mag_02559038;spire_mag_02559129;spire_mag_02559173;spire_mag_02559235;spire_mag_02559666;spire_mag_02559849;spire_mag_02559897;spire_mag_02559947;spire_mag_02560154;spire_mag_02560208;spire_mag_02560300;spire_mag_02560578,SAMN11532089,False,,0,False,
SRR9021064,PRJNA539552,SAMN11532530,0,,,False,,0,False,
SRR9020977,PRJNA539553,SAMN11533331,1,spire_mag_02559080,SAMN11533331,False,,0,False,
SRR9020976,PRJNA539554,SAMN11532509,6,spire_mag_02555842;spire_mag_02558334;spire_mag_02558433;spire_mag_02559557;spire_mag_02560135;spire_mag_02560807,SAMN11532509,False,,0,False,
SRR9021057,PRJNA539555,SAMN11532193,4,spire_mag_02556219;spire_mag_02557015;spire_mag_02558475;spire_mag_02560837,SAMN11532193,False,,0,False,
SRR9020972,PRJNA539556,SAMN11528532,3,spire_mag_02555747;spire_mag_02558208;spire_mag_02560236,SAMN11528532,False,,0,False,
SRR9021102,PRJNA539560,SAMN11532795,13,spire_mag_02556298;spire_mag_02556641;spire_mag_02557229;spire_mag_02557284;spire_mag_02557313;spire_mag_02557583;spire_mag_02557813;spire_mag_02558606;spire_mag_02558820;spire_mag_02558904;spire_mag_02559023;spire_mag_02559775;spire_mag_02559827,SAMN11532795,False,,0,False,
SRR9021105,PRJNA539561,SAMN11532863,0,,,False,,0,False,
SRR9021104,PRJNA539561,SAMN11532863,0,,,False,,0,False,
SRR9021103,PRJNA539562,SAMN11532365,19,spire_mag_02555856;spire_mag_02556189;spire_mag_02556251;spire_mag_02556319;spire_mag_02556577;spire_mag_02556898;spire_mag_02557524;spire_mag_02557549;spire_mag_02557695;spire_mag_02558172;spire_mag_02558229;spire_mag_02558245;spire_mag_02558907;spire_mag_02559282;spire_mag_02559474;spire_mag_02559638;spire_mag_02560173;spire_mag_02560469;spire_mag_02560883,SAMN11532365,False,,0,False,
SRR9021112,PRJNA539563,SAMN11532265,13,spire_mag_02556322;spire_mag_02557011;spire_mag_02557135;spire_mag_02557556;spire_mag_02558226;spire_mag_02558241;spire_mag_02558277;spire_mag_02558479;spire_mag_02560130;spire_mag_02560446;spire_mag_02560547;spire_mag_02560910;spire_mag_02560940,SAMN11532265,False,,0,False,
SRR9021116,PRJNA539565,SAMN11532364,19,spire_mag_02555810;spire_mag_02555854;spire_mag_02556871;spire_mag_02556977;spire_mag_02557013;spire_mag_02557101;spire_mag_02557525;spire_mag_02558177;spire_mag_02558400;spire_mag_02558946;spire_mag_02559022;spire_mag_02559637;spire_mag_02559689;spire_mag_02560149;spire_mag_02560200;spire_mag_02560298;spire_mag_02560321;spire_mag_02560886;spire_mag_02560936,SAMN11532364,False,,0,False,
SRR9021117,PRJNA539566,SAMN11533386,0,,,False,,0,False,
SRR9021113,PRJNA539567,SAMN11533412,7,spire_mag_02555812;spire_mag_02555836;spire_mag_02558508;spire_mag_02559061;spire_mag_02559083;spire_mag_02559732;spire_mag_02560358,SAMN11533412,False,,0,False,
SRR9021115,PRJNA539568,SAMN11532280,23,spire_mag_02555857;spire_mag_02556344;spire_mag_02557126;spire_mag_02557143;spire_mag_02557557;spire_mag_02558209;spire_mag_02558264;spire_mag_02558316;spire_mag_02558383;spire_mag_02558454;spire_mag_02558467;spire_mag_02559555;spire_mag_02559576;spire_mag_02559669;spire_mag_02559700;spire_mag_02559710;spire_mag_02559745;spire_mag_02559753;spire_mag_02560118;spire_mag_02560203;spire_mag_02560269;spire_mag_02560484;spire_mag_02560969,SAMN11532280,False,,0,False,
SRR9021166,PRJNA539569,SAMN11528530,0,,,False,,0,False,
SRR9021244,PRJNA539570,SAMN11532876,4,spire_mag_02556530;spire_mag_02557860;spire_mag_02558713;spire_mag_02560467,SAMN11532876,False,,0,False,
SRR9021245,PRJNA539571,SAMN11532531,9,spire_mag_02201863;spire_mag_02201866;spire_mag_02201868;spire_mag_02201870;spire_mag_02201872;spire_mag_02201890;spire_mag_02201894;spire_mag_02201896;spire_mag_02201897,SAMN11532531,False,,0,False,
SRR9021243,PRJNA539572,SAMN11532663,5,spire_mag_02555835;spire_mag_02556190;spire_mag_02557526;spire_mag_02558314;spire_mag_02560914,SAMN11532663,False,,0,False,
SRR9021249,PRJNA539573,SAMN11532864,6,spire_mag_02556296;spire_mag_02556914;spire_mag_02557668;spire_mag_02557833;spire_mag_02557930;spire_mag_02559578,SAMN11532864,False,,0,False,
SRR9021247,PRJNA539574,SAMN11532363,7,spire_mag_02557010;spire_mag_02558243;spire_mag_02558298;spire_mag_02558825;spire_mag_02559724;spire_mag_02560204;spire_mag_02560955,SAMN11532363,False,,0,False,
SRR9021246,PRJNA539575,SAMN11533336,9,spire_mag_02555876;spire_mag_02557495;spire_mag_02557612;spire_mag_02558280;spire_mag_02558415;spire_mag_02558883;spire_mag_02558947;spire_mag_02559529;spire_mag_02560890,SAMN11533336,False,,0,False,
SRR9021270,PRJNA539576,SAMN11532528,11,spire_mag_02555895;spire_mag_02556321;spire_mag_02556923;spire_mag_02557037;spire_mag_02557551;spire_mag_02558856;spire_mag_02558980;spire_mag_02559497;spire_mag_02559639;spire_mag_02560137;spire_mag_02560985,SAMN11532528,False,,0,False,
SRR9021248,PRJNA539577,SAMN11532925,1,spire_mag_02560860,SAMN11532925,False,,0,False,
SRR9023237,PRJNA539579,SAMN11532194,7,spire_mag_02555752;spire_mag_02555888;spire_mag_02557664;spire_mag_02558477;spire_mag_02558853;spire_mag_02560243;spire_mag_02560317,SAMN11532194,False,,0,False,
SRR9023238,PRJNA539579,SAMN11532194,7,spire_mag_02555752;spire_mag_02555888;spire_mag_02557664;spire_mag_02558477;spire_mag_02558853;spire_mag_02560243;spire_mag_02560317,SAMN11532194,False,,0,False,
SRR9648400,PRJNA539581,SAMN11532526,0,,,False,,0,False,
SRR9023608,PRJNA539582,SAMN11532366,0,,,False,,0,False,
SRR16963053,PRJNA610704,SAMN14309750,0,,,False,,0,False,
SRR16963054,PRJNA610704,SAMN14309750,0,,,False,,0,False,
SRR11846591,PRJNA617210,SAMN14503943,0,,,False,,0,False,
SRR11846590,PRJNA617211,SAMN14504061,0,,,False,,0,False,
SRR11846667,PRJNA618049,SAMN14505051,0,,,False,,0,False,
SRR11846589,PRJNA618050,SAMN14505381,0,,,False,,0,False,
SRR11846743,PRJNA618051,SAMN14506205,0,,,False,,0,False,
SRR11846745,PRJNA618052,SAMN14505885,0,,,False,,0,False,
SRR11846747,PRJNA618054,SAMN14503923,0,,,False,,0,False,
SRR11846744,PRJNA618055,SAMN14505380,0,,,False,,0,False,
SRR11846816,PRJNA618057,SAMN14506022,0,,,False,,0,False,
SRR11846865,PRJNA618058,SAMN14505449,0,,,False,,0,False,
SRR11847362,PRJNA618059,SAMN14506008,0,,,False,,0,False,
SRR11847361,PRJNA618061,SAMN14505476,0,,,False,,0,False,
SRR11847918,PRJNA618062,SAMN14506204,0,,,False,,0,False,
SRR11847930,PRJNA618063,SAMN14505820,0,,,False,,0,False,
SRR11847932,PRJNA618064,SAMN14505060,0,,,False,,0,False,
SRR11847931,PRJNA618065,SAMN14505379,0,,,False,,0,False,
SRR11595448,PRJNA618093,SAMN14505120,0,,,False,,0,False,
SRR11595477,PRJNA618094,SAMN14503928,0,,,False,,0,False,
SRR11595466,PRJNA618095,SAMN14506015,0,,,False,,0,False,
SRR11596268,PRJNA618096,SAMN14506014,0,,,False,,0,False,
SRR11596274,PRJNA618098,SAMN14505384,0,,,False,,0,False,
SRR11596272,PRJNA618099,SAMN14504052,0,,,False,,0,False,
SRR11596694,PRJNA618100,SAMN14506225,0,,,False,,0,False,
SRR11596703,PRJNA618103,SAMN14505062,0,,,False,,0,False,
SRR11596856,PRJNA618104,SAMN14506000,0,,,False,,0,False,
SRR11607806,PRJNA618106,SAMN14505403,0,,,False,,0,False,
SRR11597346,PRJNA618107,SAMN14506017,0,,,False,,0,False,
SRR11599182,PRJNA618108,SAMN14505053,0,,,False,,0,False,
SRR11600280,PRJNA618113,SAMN14506202,0,,,False,,0,False,
SRR12354223,PRJNA618118,SAMN14505462,0,,,False,,0,False,
SRR12354356,PRJNA618119,SAMN14504112,0,,,False,,0,False,
SRR12354359,PRJNA618120,SAMN14505393,0,,,False,,0,False,
SRR12354358,PRJNA618121,SAMN14506029,0,,,False,,0,False,
SRR12354357,PRJNA618122,SAMN14506012,0,,,False,,0,False,
SRR12362150,PRJNA618123,SAMN14505889,0,,,False,,0,False,
SRR12362147,PRJNA618124,SAMN14504115,0,,,False,,0,False,
SRR12362148,PRJNA618125,SAMN14505370,0,,,False,,0,False,
SRR12362146,PRJNA618126,SAMN14506011,0,,,False,,0,False,
SRR12362149,PRJNA618127,SAMN14503917,0,,,False,,0,False,
SRR12362164,PRJNA618129,SAMN14505474,0,,,False,,0,False,
SRR12362597,PRJNA618130,SAMN14505467,0,,,False,,0,False,
SRR12362719,PRJNA618131,SAMN14503937,0,,,False,,0,False,
SRR11570472,PRJNA618251,SAMN14506208,0,,,False,,0,False,
SRR11574456,PRJNA618252,SAMN14506016,0,,,False,,0,False,
SRR11575340,PRJNA618253,SAMN14505387,0,,,False,,0,False,
SRR11575341,PRJNA618255,SAMN14505812,0,,,False,,0,False,
SRR11575430,PRJNA618256,SAMN14503944,0,,,False,,0,False,
SRR11575653,PRJNA618257,SAMN14503932,0,,,False,,0,False,
SRR11575655,PRJNA618258,SAMN14503940,0,,,False,,0,False,
SRR11575706,PRJNA618259,SAMN14506164,0,,,False,,0,False,
SRR11576545,PRJNA618260,SAMN14506020,0,,,False,,0,False,
SRR11576586,PRJNA618261,SAMN14503931,0,,,False,,0,False,
SRR11576585,PRJNA618263,SAMN14505822,0,,,False,,0,False,
SRR11576590,PRJNA618265,SAMN14505453,0,,,False,,0,False,
SRR11576861,PRJNA618266,SAMN14505821,0,,,False,,0,False,
SRR11576860,PRJNA618267,SAMN14505768,0,,,False,,0,False,
SRR11576877,PRJNA618269,SAMN14505398,0,,,False,,0,False,
SRR11577013,PRJNA618271,SAMN14505769,0,,,False,,0,False,
SRR11576985,PRJNA618272,SAMN14505372,0,,,False,,0,False,
SRR11577034,PRJNA618276,SAMN14504098,0,,,False,,0,False,
SRR11577047,PRJNA618277,SAMN14504058,0,,,False,,0,False,
SRR11577070,PRJNA618278,SAMN14505363,0,,,False,,0,False,
SRR11577071,PRJNA618279,SAMN14503927,0,,,False,,0,False,
SRR11577120,PRJNA618281,SAMN14506197,0,,,False,,0,False,
SRR11577122,PRJNA618282,SAMN14503916,0,,,False,,0,False,
SRR11577220,PRJNA618284,SAMN14506018,0,,,False,,0,False,
SRR11577221,PRJNA618285,SAMN14505057,0,,,False,,0,False,
SRR11577225,PRJNA618286,SAMN14503915,0,,,False,,0,False,
SRR11577228,PRJNA618287,SAMN14505074,0,,,False,,0,False,
SRR11577827,PRJNA618289,SAMN14503909,0,,,False,,0,False,
SRR11577830,PRJNA618292,SAMN14505056,0,,,False,,0,False,
SRR11578404,PRJNA618293,SAMN14503930,0,,,False,,0,False,
SRR11578468,PRJNA618294,SAMN14506023,0,,,False,,0,False,
SRR11578509,PRJNA618295,SAMN14504049,0,,,False,,0,False,
SRR11578510,PRJNA618296,SAMN14505073,0,,,False,,0,False,
SRR11578511,PRJNA618297,SAMN14505890,0,,,False,,0,False,
SRR11578515,PRJNA618299,SAMN14505475,0,,,False,,0,False,
SRR11578593,PRJNA618300,SAMN14506002,0,,,False,,0,False,
SRR11578594,PRJNA618301,SAMN14504106,0,,,False,,0,False,
SRR11578758,PRJNA618302,SAMN14506198,0,,,False,,0,False,
SRR11578710,PRJNA618303,SAMN14506006,0,,,False,,0,False,
SRR11578828,PRJNA618304,SAMN14503942,0,,,False,,0,False,
SRR11578959,PRJNA618305,SAMN14503910,0,,,False,,0,False,
SRR11578969,PRJNA618306,SAMN14506212,0,,,False,,0,False,
SRR11578960,PRJNA618307,SAMN14505055,0,,,False,,0,False,
SRR11579127,PRJNA618308,SAMN14506210,0,,,False,,0,False,
SRR11579128,PRJNA618310,SAMN14506024,0,,,False,,0,False,
SRR11579229,PRJNA618311,SAMN14505458,0,,,False,,0,False,
SRR11579629,PRJNA618313,SAMN14504099,0,,,False,,0,False,
SRR11579640,PRJNA618314,SAMN14503913,0,,,False,,0,False,
SRR11580821,PRJNA618316,SAMN14505830,0,,,False,,0,False,
SRR11580890,PRJNA618317,SAMN14504100,0,,,False,,0,False,
SRR11581745,PRJNA618318,SAMN14505397,0,,,False,,0,False,
SRR11580891,PRJNA618319,SAMN14505770,0,,,False,,0,False,
SRR11581882,PRJNA618320,SAMN14505818,0,,,False,,0,False,
SRR11593346,PRJNA618321,SAMN14505395,0,,,False,,0,False,
SRR11593349,PRJNA618322,SAMN14506001,0,,,False,,0,False,
SRR11593347,PRJNA618324,SAMN14504057,0,,,False,,0,False,
SRR11826759,PRJNA618325,SAMN14505829,0,,,False,,0,False,
SRR11593438,PRJNA618326,SAMN14505457,0,,,False,,0,False,
SRR11593437,PRJNA618327,SAMN14505054,0,,,False,,0,False,
SRR11593439,PRJNA618328,SAMN14505774,0,,,False,,0,False,
SRR11593519,PRJNA618329,SAMN14505068,0,,,False,,0,False,
SRR11593521,PRJNA618330,SAMN14506226,0,,,False,,0,False,
SRR11593522,PRJNA618331,SAMN14505385,0,,,False,,0,False,
SRR11594158,PRJNA618332,SAMN14505456,0,,,False,,0,False,
SRR11594180,PRJNA618333,SAMN14504120,0,,,False,,0,False,
SRR11594358,PRJNA618334,SAMN14506199,0,,,False,,0,False,
SRR11594338,PRJNA618650,SAMN14505817,0,,,False,,0,False,
SRR11594395,PRJNA618651,SAMN14505371,0,,,False,,0,False,
SRR11594479,PRJNA618652,SAMN14503941,0,,,False,,0,False,
SRR11595121,PRJNA618653,SAMN14504117,0,,,False,,0,False,
SRR12666049,PRJNA653775,SAMN15740469,0,,,False,,0,False,
SRR12603941,PRJNA653820,SAMN15739580,0,,,False,,0,False,
SRR12603939,PRJNA653821,SAMN15741806,0,,,False,,0,False,
SRR12603940,PRJNA654071,SAMN15740713,0,,,False,,0,False,
SRR12666237,PRJNA654072,SAMN15741582,0,,,False,,0,False,
SRR12666278,PRJNA654074,SAMN15741233,0,,,False,,0,False,
SRR12613915,PRJNA654175,SAMN15741611,0,,,False,,0,False,
SRR12613918,PRJNA654176,SAMN15739567,0,,,False,,0,False,
SRR12613920,PRJNA654177,SAMN15739867,0,,,False,,0,False,
SRR12613919,PRJNA654178,SAMN15739895,0,,,False,,0,False,
SRR12613917,PRJNA654179,SAMN15741795,0,,,False,,0,False,
SRR12689503,PRJNA654182,SAMN15739650,0,,,False,,0,False,
SRR12689505,PRJNA654183,SAMN15741932,0,,,False,,0,False,
SRR12689504,PRJNA654184,SAMN15740722,0,,,False,,0,False,
SRR13557791,PRJNA695060,SAMN17600081,0,,,False,,0,False,
SRR13557792,PRJNA695060,SAMN17600085,0,,,False,,0,False,
SRR13557795,PRJNA695060,SAMN17600041,0,,,False,,0,False,
SRR13557794,PRJNA695060,SAMN17600093,0,,,False,,0,False,
SRR13557793,PRJNA695060,SAMN17600062,0,,,False,,0,False,
SRR13557796,PRJNA695060,SAMN17600050,0,,,False,,0,False,
SRR18649381,PRJNA820803,SAMN27025344,0,,,False,,0,False,
SRR18649380,PRJNA820804,SAMN27025323,0,,,False,,0,False,
SRR18649283,PRJNA820805,SAMN27025322,0,,,False,,0,False,
SRR18649382,PRJNA820806,SAMN27025301,0,,,False,,0,False,
SRR18679925,PRJNA820807,SAMN27025303,0,,,False,,0,False,
SRR18679922,PRJNA820808,SAMN27025332,0,,,False,,0,False,
SRR18686495,PRJNA820823,SAMN27025315,0,,,False,,0,False,
SRR5471032,PRJNA365101,SAMN06266082,9,spire_mag_01291178;spire_mag_01291180;spire_mag_01291183;spire_mag_01291186;spire_mag_01291189;spire_mag_01291192;spire_mag_01291195;spire_mag_01291197;spire_mag_01291198,SAMN06266082,False,,0,False,
SRR5471031,PRJNA365102,SAMN06264426,5,spire_mag_01291159;spire_mag_01291163;spire_mag_01291170;spire_mag_01291172;spire_mag_01291173,SAMN06264426,False,,0,False,
SRR5471030,PRJNA365103,SAMN06266083,6,spire_mag_01291398;spire_mag_01291400;spire_mag_01291404;spire_mag_01291412;spire_mag_01291414;spire_mag_01291416,SAMN06266083,False,,0,False,
SRR5471221,PRJNA365104,SAMN06264767,2,spire_mag_01291080;spire_mag_01291082,SAMN06264767,False,,0,False,
SRR5476649,PRJNA365105,SAMN06266084,6,spire_mag_01291345;spire_mag_01291346;spire_mag_01291349;spire_mag_01291350;spire_mag_01291351;spire_mag_01291352,SAMN06266084,False,,0,False,
SRR5476651,PRJNA365106,SAMN06266085,4,spire_mag_01291490;spire_mag_01291495;spire_mag_01291496;spire_mag_01291498,SAMN06266085,False,,0,False,
SRR5450431,PRJNA365644,SAMN06264825,4,spire_mag_01291500;spire_mag_01291502;spire_mag_01291508;spire_mag_01291510,SAMN06264825,False,,0,False,
SRR5450434,PRJNA365646,SAMN06264824,1,spire_mag_01291333,SAMN06264824,False,,0,False,
SRR5450438,PRJNA365647,SAMN06264613,3,spire_mag_01291394;spire_mag_01291395;spire_mag_01291397,SAMN06264613,False,,0,False,
SRR5450631,PRJNA367091,SAMN06267411,6,spire_mag_01291455;spire_mag_01291458;spire_mag_01291471;spire_mag_01291472;spire_mag_01291477;spire_mag_01291484,SAMN06267411,False,,0,False,
SRR5450755,PRJNA367092,SAMN06267412,11,spire_mag_01291353;spire_mag_01291355;spire_mag_01291357;spire_mag_01291360;spire_mag_01291361;spire_mag_01291363;spire_mag_01291368;spire_mag_01291375;spire_mag_01291382;spire_mag_01291383;spire_mag_01291385,SAMN06267412,False,,0,False,
SRR5450747,PRJNA367093,SAMN06267413,4,spire_mag_01291543;spire_mag_01291546;spire_mag_01291547;spire_mag_01291551,SAMN06267413,False,,0,False,
SRR5450759,PRJNA367094,SAMN06267414,23,spire_mag_01291094;spire_mag_01291098;spire_mag_01291105;spire_mag_01291111;spire_mag_01291115;spire_mag_01291118;spire_mag_01291119;spire_mag_01291120;spire_mag_01291126;spire_mag_01291128;spire_mag_01291129;spire_mag_01291130;spire_mag_01291131;spire_mag_01291134;spire_mag_01291137;spire_mag_01291139;spire_mag_01291140;spire_mag_01291146;spire_mag_01291148;spire_mag_01291150;spire_mag_01291155;spire_mag_01291157;spire_mag_01291158,SAMN06267414,False,,0,False,
SRR5450757,PRJNA367095,SAMN06267415,18,spire_mag_01291420;spire_mag_01291422;spire_mag_01291423;spire_mag_01291424;spire_mag_01291425;spire_mag_01291428;spire_mag_01291430;spire_mag_01291431;spire_mag_01291433;spire_mag_01291435;spire_mag_01291436;spire_mag_01291439;spire_mag_01291440;spire_mag_01291443;spire_mag_01291448;spire_mag_01291449;spire_mag_01291450;spire_mag_01291451,SAMN06267415,False,,0,False,
SRR5450758,PRJNA367096,SAMN06267416,11,spire_mag_01291298;spire_mag_01291300;spire_mag_01291304;spire_mag_01291310;spire_mag_01291315;spire_mag_01291316;spire_mag_01291318;spire_mag_01291319;spire_mag_01291320;spire_mag_01291324;spire_mag_01291329,SAMN06267416,False,,0,False,
SRR5450756,PRJNA367097,SAMN06267417,7,spire_mag_01291516;spire_mag_01291522;spire_mag_01291528;spire_mag_01291529;spire_mag_01291530;spire_mag_01291536;spire_mag_01291540,SAMN06267417,False,,0,False,
SRR5664280,PRJNA375630,SAMN06343932,18,spire_mag_00719861;spire_mag_00719862;spire_mag_00719868;spire_mag_00719876;spire_mag_00719877;spire_mag_00719881;spire_mag_00719884;spire_mag_00719885;spire_mag_00719890;spire_mag_00719892;spire_mag_00719893;spire_mag_00719897;spire_mag_00719898;spire_mag_00719901;spire_mag_00719910;spire_mag_00719911;spire_mag_00719914;spire_mag_00719916,SAMN06343932,False,,0,False,
SRR5664279,PRJNA375631,SAMN06343933,13,spire_mag_00721464;spire_mag_00721466;spire_mag_00721467;spire_mag_00721470;spire_mag_00721475;spire_mag_00721477;spire_mag_00721479;spire_mag_00721481;spire_mag_00721482;spire_mag_00721483;spire_mag_00721484;spire_mag_00721492;spire_mag_00721499,SAMN06343933,False,,0,False,
SRR5665254,PRJNA375633,SAMN06343935,0,,,False,,0,False,
SRR5665648,PRJNA375635,SAMN06343937,9,spire_mag_00721763;spire_mag_00721766;spire_mag_00721769;spire_mag_00721770;spire_mag_00721772;spire_mag_00721773;spire_mag_00721774;spire_mag_00721778;spire_mag_00721779,SAMN06343937,False,,0,False,
SRR5665809,PRJNA375636,SAMN06343938,1,spire_mag_00720876,SAMN06343938,False,,0,False,
SRR5665811,PRJNA375637,SAMN06343939,11,spire_mag_00722229;spire_mag_00722232;spire_mag_00722235;spire_mag_00722239;spire_mag_00722240;spire_mag_00722241;spire_mag_00722244;spire_mag_00722245;spire_mag_00722246;spire_mag_00722251;spire_mag_00722253,SAMN06343939,False,,0,False,
SRR5680860,PRJNA375640,SAMN06343942,27,spire_mag_00721373;spire_mag_00721374;spire_mag_00721378;spire_mag_00721379;spire_mag_00721382;spire_mag_00721386;spire_mag_00721388;spire_mag_00721389;spire_mag_00721390;spire_mag_00721394;spire_mag_00721395;spire_mag_00721397;spire_mag_00721403;spire_mag_00721404;spire_mag_00721405;spire_mag_00721406;spire_mag_00721408;spire_mag_00721409;spire_mag_00721410;spire_mag_00721411;spire_mag_00721412;spire_mag_00721413;spire_mag_00721414;spire_mag_00721415;spire_mag_00721416;spire_mag_00721418;spire_mag_00721420,SAMN06343942,False,,0,False,
SRR11551193,PRJNA625573,SAMN14603648,0,,,False,,0,False,
SRR4242550,PRJNA343018,SAMN05772499,0,,,False,,0,False,
SRR5493777,PRJNA375376,SAMN06344034,0,,,False,,0,False,
SRR5493776,PRJNA375377,SAMN06344035,4,spire_mag_00057889;spire_mag_00057890;spire_mag_00057893;spire_mag_00057894,SAMN06344035,False,,0,False,
SRR5493778,PRJNA375378,SAMN06344036,3,spire_mag_00055145;spire_mag_00055148;spire_mag_00055149,SAMN06344036,False,,0,False,
SRR5493710,PRJNA375506,SAMN06344031,1,spire_mag_00058425,SAMN06344031,False,,0,False,
SRR5493781,PRJNA375508,SAMN06344033,0,,,False,,0,False,
SRR6490521,PRJNA406790,SAMN07631786,15,spire_mag_02556033;spire_mag_02556045;spire_mag_02556664;spire_mag_02556775;spire_mag_02557190;spire_mag_02557979;spire_mag_02558590;spire_mag_02558720;spire_mag_02559184;spire_mag_02559327;spire_mag_02559454;spire_mag_02559944;spire_mag_02560026;spire_mag_02560709;spire_mag_02560794,SAMN07631786,False,,0,False,
SRR6490522,PRJNA406791,SAMN07631787,41,spire_mag_02555933;spire_mag_02556093;spire_mag_02556136;spire_mag_02556421;spire_mag_02556568;spire_mag_02556698;spire_mag_02556702;spire_mag_02556736;spire_mag_02556742;spire_mag_02557182;spire_mag_02557372;spire_mag_02557382;spire_mag_02557397;spire_mag_02557444;spire_mag_02557453;spire_mag_02557454;spire_mag_02557739;spire_mag_02557977;spire_mag_02558028;spire_mag_02558108;spire_mag_02558522;spire_mag_02558608;spire_mag_02558662;spire_mag_02558721;spire_mag_02558791;spire_mag_02558802;spire_mag_02558804;spire_mag_02559049;spire_mag_02559348;spire_mag_02559365;spire_mag_02559455;spire_mag_02559820;spire_mag_02559842;spire_mag_02559894;spire_mag_02559942;spire_mag_02559989;spire_mag_02560052;spire_mag_02560089;spire_mag_02560377;spire_mag_02560605;spire_mag_02560792,SAMN07631787,False,,0,False,
SRR6490520,PRJNA406792,SAMN07631788,29,spire_mag_02555977;spire_mag_02556084;spire_mag_02556127;spire_mag_02556131;spire_mag_02556417;spire_mag_02556663;spire_mag_02556701;spire_mag_02556745;spire_mag_02556783;spire_mag_02556791;spire_mag_02557429;spire_mag_02557459;spire_mag_02558031;spire_mag_02558517;spire_mag_02558747;spire_mag_02558769;spire_mag_02559058;spire_mag_02559349;spire_mag_02559400;spire_mag_02559452;spire_mag_02559917;spire_mag_02560027;spire_mag_02560055;spire_mag_02560068;spire_mag_02560086;spire_mag_02560336;spire_mag_02560394;spire_mag_02560606;spire_mag_02560629,SAMN07631788,False,,0,False,
SRR6490523,PRJNA406793,SAMN07631789,2,spire_mag_02557177;spire_mag_02558566,SAMN07631789,False,,0,False,
SRR6491179,PRJNA406794,SAMN07631790,1,spire_mag_02558944,SAMN07631790,False,,0,False,
SRR6505096,PRJNA406795,SAMN07631791,32,spire_mag_02555971;spire_mag_02556026;spire_mag_02556052;spire_mag_02556077;spire_mag_02556220;spire_mag_02556252;spire_mag_02556348;spire_mag_02556479;spire_mag_02556524;spire_mag_02557159;spire_mag_02557285;spire_mag_02557311;spire_mag_02557811;spire_mag_02557956;spire_mag_02557989;spire_mag_02558063;spire_mag_02558538;spire_mag_02558549;spire_mag_02558574;spire_mag_02558584;spire_mag_02558605;spire_mag_02558646;spire_mag_02558655;spire_mag_02558710;spire_mag_02558888;spire_mag_02559122;spire_mag_02559220;spire_mag_02559342;spire_mag_02559776;spire_mag_02560444;spire_mag_02560545;spire_mag_02560638,SAMN07631791,False,,0,False,
SRR6505091,PRJNA406796,SAMN07631792,38,spire_mag_02555946;spire_mag_02556024;spire_mag_02556074;spire_mag_02556218;spire_mag_02556501;spire_mag_02556622;spire_mag_02556684;spire_mag_02556733;spire_mag_02556759;spire_mag_02557205;spire_mag_02557228;spire_mag_02557256;spire_mag_02557314;spire_mag_02557340;spire_mag_02557795;spire_mag_02557986;spire_mag_02558038;spire_mag_02558064;spire_mag_02558089;spire_mag_02558140;spire_mag_02558553;spire_mag_02558607;spire_mag_02558680;spire_mag_02558687;spire_mag_02559123;spire_mag_02559166;spire_mag_02559285;spire_mag_02559341;spire_mag_02559450;spire_mag_02559798;spire_mag_02559930;spire_mag_02560018;spire_mag_02560049;spire_mag_02560502;spire_mag_02560548;spire_mag_02560608;spire_mag_02560689;spire_mag_02560713,SAMN07631792,False,,0,False,
SRR6505097,PRJNA406797,SAMN07631793,31,spire_mag_02555944;spire_mag_02555972;spire_mag_02556027;spire_mag_02556075;spire_mag_02556505;spire_mag_02556623;spire_mag_02556682;spire_mag_02556758;spire_mag_02557160;spire_mag_02557263;spire_mag_02557363;spire_mag_02557443;spire_mag_02557458;spire_mag_02557794;spire_mag_02557799;spire_mag_02557987;spire_mag_02558040;spire_mag_02558062;spire_mag_02558540;spire_mag_02558642;spire_mag_02559137;spire_mag_02559389;spire_mag_02559789;spire_mag_02559858;spire_mag_02560000;spire_mag_02560392;spire_mag_02560663;spire_mag_02560690;spire_mag_02560712;spire_mag_02560757;spire_mag_02560776,SAMN07631793,False,,0,False,
SRR6505094,PRJNA406798,SAMN07631794,25,spire_mag_02555973;spire_mag_02556047;spire_mag_02556096;spire_mag_02556771;spire_mag_02557212;spire_mag_02557261;spire_mag_02557445;spire_mag_02557474;spire_mag_02557838;spire_mag_02558034;spire_mag_02558039;spire_mag_02558141;spire_mag_02558541;spire_mag_02558564;spire_mag_02558658;spire_mag_02558730;spire_mag_02559236;spire_mag_02559260;spire_mag_02559388;spire_mag_02559856;spire_mag_02559896;spire_mag_02560635;spire_mag_02560687;spire_mag_02560738;spire_mag_02560788,SAMN07631794,False,,0,False,
SRR6505095,PRJNA406799,SAMN07631795,20,spire_mag_02555945;spire_mag_02555994;spire_mag_02556170;spire_mag_02556653;spire_mag_02556695;spire_mag_02556717;spire_mag_02556734;spire_mag_02557422;spire_mag_02558033;spire_mag_02558557;spire_mag_02558669;spire_mag_02559238;spire_mag_02559301;spire_mag_02559344;spire_mag_02559364;spire_mag_02559950;spire_mag_02559999;spire_mag_02560064;spire_mag_02560095;spire_mag_02560700,SAMN07631795,False,,0,False,
SRR4242551,PRJNA343018,SAMN05772500,0,,,False,,0,False,
SRR10489813,PRJNA588342,SAMN13241871,0,,,False,,0,False,
SRR10489812,PRJNA588342,SAMN13241871,0,,,False,,0,False,
SRR10489820,PRJNA588342,SAMN13241871,0,,,False,,0,False,
SRR10489814,PRJNA588342,SAMN13241871,0,,,False,,0,False,
SRR10489817,PRJNA588342,SAMN13241871,0,,,False,,0,False,
SRR10489816,PRJNA588342,SAMN13241871,0,,,False,,0,False,
SRR10489824,PRJNA588342,SAMN13241871,0,,,False,,0,False,
SRR10489811,PRJNA588342,SAMN13241871,0,,,False,,0,False,
SRR10489819,PRJNA588342,SAMN13241871,0,,,False,,0,False,
SRR10489815,PRJNA588342,SAMN13241871,0,,,False,,0,False,
SRR10489821,PRJNA588342,SAMN13241871,0,,,False,,0,False,
SRR13451248,PRJNA588342,SAMN13241871,0,,,False,,0,False,
SRR10489829,PRJNA588342,SAMN13241871,0,,,False,,0,False,
SRR10489827,PRJNA588342,SAMN13241871,0,,,False,,0,False,
SRR10489833,PRJNA588342,SAMN13241871,0,,,False,,0,False,
SRR10489822,PRJNA588342,SAMN13241871,0,,,False,,0,False,
SRR10489830,PRJNA588342,SAMN13241871,0,,,False,,0,False,
SRR10489825,PRJNA588342,SAMN13241871,0,,,False,,0,False,
SRR10489826,PRJNA588342,SAMN13241871,0,,,False,,0,False,
SRR10489823,PRJNA588342,SAMN13241871,0,,,False,,0,False,
SRR10489831,PRJNA588342,SAMN13241871,0,,,False,,0,False,
SRR10489818,PRJNA588342,SAMN13241871,0,,,False,,0,False,
SRR10489832,PRJNA588342,SAMN13241871,0,,,False,,0,False,
SRR10489839,PRJNA588342,SAMN13241871,0,,,False,,0,False,
SRR10489838,PRJNA588342,SAMN13241871,0,,,False,,0,False,
SRR10489837,PRJNA588342,SAMN13241871,0,,,False,,0,False,
SRR10489836,PRJNA588342,SAMN13241871,0,,,False,,0,False,
SRR10489834,PRJNA588342,SAMN13241871,0,,,False,,0,False,
SRR10489835,PRJNA588342,SAMN13241871,0,,,False,,0,False,
SRR10489828,PRJNA588342,SAMN13241871,0,,,False,,0,False,
SRR13615825,PRJNA596250,SAMN17582678,0,,,False,,0,False,
SRR13615823,PRJNA596250,SAMN17582680,0,,,False,,0,False,
SRR13615826,PRJNA596250,SAMN17582677,0,,,False,,0,False,
SRR13615824,PRJNA596250,SAMN17582679,0,,,False,,0,False,
SRR10907115,PRJNA601698,SAMN13871993,0,,,False,,0,False,
SRR10907113,PRJNA601698,SAMN13872236,0,,,False,,0,False,
SRR10907121,PRJNA601698,SAMN13871993,0,,,False,,0,False,
SRR10907118,PRJNA601698,SAMN13871993,0,,,False,,0,False,
SRR10907116,PRJNA601698,SAMN13871993,0,,,False,,0,False,
SRR10907114,PRJNA601698,SAMN13871993,0,,,False,,0,False,
SRR13106737,PRJNA680161,SAMN16870984,0,,,False,,0,False,
SRR13106729,PRJNA680161,SAMN16870982,0,,,False,,0,False,
SRR13106738,PRJNA680161,SAMN16870983,0,,,False,,0,False,
SRR13106730,PRJNA680161,SAMN16870981,0,,,False,,0,False,
SRR13106734,PRJNA680161,SAMN16870977,0,,,False,,0,False,
SRR14373431,PRJNA680161,SAMN18945480,3,spire_mag_02501891;spire_mag_02501892;spire_mag_02501899,SAMN18945480,False,,0,False,
SRR14373433,PRJNA680161,SAMN18945478,1,spire_mag_02501897,SAMN18945478,False,,0,False,
SRR14373432,PRJNA680161,SAMN18945479,1,spire_mag_02501898,SAMN18945479,False,,0,False,
SRR19116070,PRJNA821074,SAMN28107562,0,,,False,,0,False,
SRR19116074,PRJNA821074,SAMN28107561,0,,,False,,0,False,
SRR19116065,PRJNA821074,SAMN28107564,0,,,False,,0,False,
SRR19116067,PRJNA821074,SAMN28107563,0,,,False,,0,False,
SRR10127268,PRJNA465696,SAMN12740640,0,,,False,,0,False,
SRR9691033,PRJNA554750,SAMN12283002,10,spire_mag_01125754;spire_mag_01125758;spire_mag_01125759;spire_mag_01125762;spire_mag_01125764;spire_mag_01125765;spire_mag_01125768;spire_mag_01125769;spire_mag_01125772;spire_mag_01125773,SAMN12283002,False,,0,False,
SRR9691040,PRJNA554750,SAMN12283000,5,spire_mag_01125898;spire_mag_01125901;spire_mag_01125903;spire_mag_01125906;spire_mag_01125911,SAMN12283000,False,,0,False,
SRR10156758,PRJNA573108,SAMN12802178,0,,,False,,0,False,
SRR10156756,PRJNA573108,SAMN12802188,0,,,False,,0,False,
SRR10156724,PRJNA573108,SAMN12802182,0,,,False,,0,False,
SRR10156707,PRJNA573108,SAMN12802187,0,,,False,,0,False,
SRR10156757,PRJNA573108,SAMN12802179,0,,,False,,0,False,
SRR10156746,PRJNA573108,SAMN12802180,0,,,False,,0,False,
SRR10156751,PRJNA573108,SAMN12802193,0,,,False,,0,False,
SRR10156708,PRJNA573108,SAMN12802186,0,,,False,,0,False,
SRR10156750,PRJNA573108,SAMN12802194,0,,,False,,0,False,
SRR10156752,PRJNA573108,SAMN12802192,0,,,False,,0,False,
SRR10156753,PRJNA573108,SAMN12802191,0,,,False,,0,False,
SRR12444882,PRJNA626576,SAMN15808769,0,,,False,,0,False,
SRR20218960,PRJNA858966,SAMN29762245,0,,,False,,0,False,
SRR20218962,PRJNA858966,SAMN29762257,0,,,False,,0,False,
SRR20218963,PRJNA858966,SAMN29762255,0,,,False,,0,False,
SRR20218964,PRJNA858966,SAMN29762254,0,,,False,,0,False,
SRR20218965,PRJNA858966,SAMN29762253,0,,,False,,0,False,
SRR20218966,PRJNA858966,SAMN29762244,0,,,False,,0,False,
SRR20218967,PRJNA858966,SAMN29762252,0,,,False,,0,False,
SRR20218968,PRJNA858966,SAMN29762251,0,,,False,,0,False,
SRR20218969,PRJNA858966,SAMN29762250,0,,,False,,0,False,
SRR20218970,PRJNA858966,SAMN29762249,0,,,False,,0,False,
SRR20218971,PRJNA858966,SAMN29762248,0,,,False,,0,False,
SRR20218972,PRJNA858966,SAMN29762243,0,,,False,,0,False,
SRR7188250,PRJNA472209,SAMN09229065,0,,,False,,0,False,
SRR7188251,PRJNA472209,SAMN09229066,0,,,False,,0,False,
SRR7188252,PRJNA472209,SAMN09229067,0,,,False,,0,False,
SRR7188253,PRJNA472209,SAMN09229068,0,,,False,,0,False,
SRR7188254,PRJNA472209,SAMN09229061,0,,,False,,0,False,
SRR7188255,PRJNA472209,SAMN09229062,0,,,False,,0,False,
SRR7188256,PRJNA472209,SAMN09229063,0,,,False,,0,False,
SRR9691025,PRJNA554750,SAMN12282986,3,spire_mag_01125681;spire_mag_01125682;spire_mag_01125683,SAMN12282986,False,,0,False,
SRR9691028,PRJNA554750,SAMN12282987,1,spire_mag_01126174,SAMN12282987,False,,0,False,
SRR9691018,PRJNA554750,SAMN12282990,1,spire_mag_01126318,SAMN12282990,False,,0,False,
SRR9691019,PRJNA554750,SAMN12282989,9,spire_mag_01126285;spire_mag_01126287;spire_mag_01126293;spire_mag_01126297;spire_mag_01126299;spire_mag_01126301;spire_mag_01126302;spire_mag_01126306;spire_mag_01126309,SAMN12282989,False,,0,False,
SRR9691021,PRJNA554750,SAMN12282982,0,,,False,,0,False,
SRR9691023,PRJNA554750,SAMN12282984,2,spire_mag_01126048;spire_mag_01126051,SAMN12282984,False,,0,False,
SRR9691024,PRJNA554750,SAMN12282983,1,spire_mag_01126233,SAMN12282983,False,,0,False,
SRR9691026,PRJNA554750,SAMN12282985,6,spire_mag_01126470;spire_mag_01126472;spire_mag_01126473;spire_mag_01126474;spire_mag_01126478;spire_mag_01126493,SAMN12282985,False,,0,False,
SRR9691027,PRJNA554750,SAMN12282988,6,spire_mag_01125828;spire_mag_01125832;spire_mag_01125833;spire_mag_01125834;spire_mag_01125838;spire_mag_01125840,SAMN12282988,False,,0,False,
SRR9691029,PRJNA554750,SAMN12282991,2,spire_mag_01125696;spire_mag_01125700,SAMN12282991,False,,0,False,
SRR9691032,PRJNA554750,SAMN12283003,8,spire_mag_01126237;spire_mag_01126239;spire_mag_01126241;spire_mag_01126248;spire_mag_01126255;spire_mag_01126262;spire_mag_01126263;spire_mag_01126268,SAMN12283003,False,,0,False,
SRR9691034,PRJNA554750,SAMN12283001,5,spire_mag_01126397;spire_mag_01126398;spire_mag_01126401;spire_mag_01126403;spire_mag_01126411,SAMN12283001,False,,0,False,
SRR10260005,PRJNA576996,SAMN13016621,0,,,False,,0,False,
SRR11241201,PRJNA587831,SAMN13567417,0,,,False,,0,False,
SRR11241203,PRJNA587831,SAMN13567415,0,,,False,,0,False,
SRR11241202,PRJNA587831,SAMN13567416,0,,,False,,0,False,
SRR11241200,PRJNA587831,SAMN13567418,0,,,False,,0,False,
SRR11534415,PRJNA625046,SAMN14591723,0,,,False,,0,False,
SRR11534414,PRJNA625046,SAMN14591724,0,,,False,,0,False,
SRR11534417,PRJNA625046,SAMN14591721,0,,,False,,0,False,
SRR11534412,PRJNA625046,SAMN14591726,0,,,False,,0,False,
SRR11534413,PRJNA625046,SAMN14591725,0,,,False,,0,False,
SRR11534416,PRJNA625046,SAMN14591722,0,,,False,,0,False,
SRR11793863,PRJNA629047,SAMN14929655,0,,,False,,0,False,
SRR11793864,PRJNA629047,SAMN14929654,0,,,False,,0,False,
SRR14699985,PRJNA680430,SAMN16453546,0,,,False,,0,False,
SRR14699986,PRJNA680430,SAMN16453547,0,,,False,,0,False,
SRR14699984,PRJNA680430,SAMN16453545,0,,,False,,0,False,
SRR14699987,PRJNA680430,SAMN16453549,0,,,False,,0,False,
SRR13206473,PRJNA682931,SAMN17013953,0,,,False,,0,False,
SRR13206469,PRJNA682931,SAMN17013957,0,,,False,,0,False,
SRR13206475,PRJNA682931,SAMN17013951,0,,,False,,0,False,
SRR13206478,PRJNA682931,SAMN17013958,0,,,False,,0,False,
SRR13206474,PRJNA682931,SAMN17013952,0,,,False,,0,False,
SRR13206470,PRJNA682931,SAMN17013956,0,,,False,,0,False,
SRR13206479,PRJNA682931,SAMN17013949,0,,,False,,0,False,
SRR13206471,PRJNA682931,SAMN17013955,0,,,False,,0,False,
SRR13343982,PRJNA689293,SAMN17204509,0,,,False,,0,False,
SRR13343983,PRJNA689293,SAMN17204508,0,,,False,,0,False,
SRR13343984,PRJNA689293,SAMN17204507,0,,,False,,0,False,
SRR13343985,PRJNA689293,SAMN17204506,0,,,False,,0,False,
SRR13343992,PRJNA689293,SAMN17204513,0,,,False,,0,False,
SRR13343993,PRJNA689293,SAMN17204512,0,,,False,,0,False,
SRR13600617,PRJNA698080,SAMN17705161,0,,,False,,0,False,
SRR13600618,PRJNA698080,SAMN17705160,0,,,False,,0,False,
SRR13600619,PRJNA698080,SAMN17705159,0,,,False,,0,False,
SRR15614352,PRJNA757625,SAMN20969813,0,,,False,,0,False,
SRR15614354,PRJNA757625,SAMN20969810,0,,,False,,0,False,
SRR15614346,PRJNA757625,SAMN20969819,0,,,False,,0,False,
SRR15614344,PRJNA757625,SAMN20969822,0,,,False,,0,False,
SRR15614349,PRJNA757625,SAMN20969816,0,,,False,,0,False,
SRR15614341,PRJNA757625,SAMN20969825,0,,,False,,0,False,
SRR15836109,PRJNA762108,SAMN21374178,0,,,False,,0,False,
SRR15836110,PRJNA762108,SAMN21374177,0,,,False,,0,False,
SRR16106681,PRJNA767118,SAMN21891209,0,,,False,,0,False,
SRR16106686,PRJNA767118,SAMN21891204,0,,,False,,0,False,
SRR16106687,PRJNA767118,SAMN21891203,0,,,False,,0,False,
SRR16106688,PRJNA767118,SAMN21891202,0,,,False,,0,False,
SRR16106689,PRJNA767118,SAMN21891201,0,,,False,,0,False,
SRR20746678,PRJNA816601,SAMN29862834,0,,,False,,0,False,
SRR20746680,PRJNA816601,SAMN29862832,0,,,False,,0,False,
SRR20746686,PRJNA816601,SAMN29862830,0,,,False,,0,False,
SRR20746688,PRJNA816601,SAMN29862846,0,,,False,,0,False,
SRR20746689,PRJNA816601,SAMN29862845,0,,,False,,0,False,
SRR20746690,PRJNA816601,SAMN29862844,0,,,False,,0,False,
SRR20746693,PRJNA816601,SAMN29862841,0,,,False,,0,False,
SRR20746694,PRJNA816601,SAMN29862840,0,,,False,,0,False,
SRR20746697,PRJNA816601,SAMN29862829,0,,,False,,0,False,
SRR20746698,PRJNA816601,SAMN29862828,0,,,False,,0,False,
SRR18644989,PRJNA823681,SAMN27351817,0,,,False,,0,False,
SRR18644983,PRJNA823681,SAMN27351823,0,,,False,,0,False,
SRR18644985,PRJNA823681,SAMN27351821,0,,,False,,0,False,
SRR18644982,PRJNA823681,SAMN27351824,0,,,False,,0,False,
SRR18644987,PRJNA823681,SAMN27351819,0,,,False,,0,False,
SRR18644981,PRJNA823681,SAMN27351825,0,,,False,,0,False,
SRR18644984,PRJNA823681,SAMN27351822,0,,,False,,0,False,
SRR18644948,PRJNA823681,SAMN27351855,0,,,False,,0,False,
SRR18644953,PRJNA823681,SAMN27351850,0,,,False,,0,False,
SRR18644957,PRJNA823681,SAMN27351846,0,,,False,,0,False,
SRR19666933,PRJNA846364,SAMN28822349,0,,,False,,0,False,
SRR19666934,PRJNA846364,SAMN28822348,0,,,False,,0,False,
SRR19666935,PRJNA846364,SAMN28822347,0,,,False,,0,False,
SRR19666936,PRJNA846364,SAMN28822346,0,,,False,,0,False,
SRR19666937,PRJNA846364,SAMN28822345,0,,,False,,0,False,
SRR19666938,PRJNA846364,SAMN28822344,0,,,False,,0,False,
SRR19666939,PRJNA846364,SAMN28822343,0,,,False,,0,False,
SRR19666940,PRJNA846364,SAMN28822342,0,,,False,,0,False,
SRR19666941,PRJNA846364,SAMN28822341,0,,,False,,0,False,
SRR19627608,PRJNA847709,SAMN28980023,0,,,False,,0,False,
SRR19627609,PRJNA847709,SAMN28980022,0,,,False,,0,False,
SRR19627610,PRJNA847709,SAMN28980021,0,,,False,,0,False,
SRR19627612,PRJNA847709,SAMN28980019,0,,,False,,0,False,
SRR19627614,PRJNA847709,SAMN28980028,0,,,False,,0,False,
SRR19627618,PRJNA847709,SAMN28980016,0,,,False,,0,False,
SRR21398026,PRJNA863385,SAMN30009800,0,,,False,,0,False,
SRR21398027,PRJNA863385,SAMN30009799,0,,,False,,0,False,
SRR21398042,PRJNA863385,SAMN30009806,0,,,False,,0,False,
SRR21398043,PRJNA863385,SAMN30009805,0,,,False,,0,False,
SRR21398044,PRJNA863385,SAMN30009803,0,,,False,,0,False,
SRR21398045,PRJNA863385,SAMN30009802,0,,,False,,0,False,
SRR21398046,PRJNA863385,SAMN30009801,0,,,False,,0,False,
DZ1B,This study,,0,,,False,,0,False,
DZ2M,This study,,0,,,False,,0,False,
H03B,This study,,0,,,False,,0,False,
QM01A_25-30,This study,,0,,,False,,0,False,
Z2-45-50,This study,,0,,,False,,0,False,
SRR5817588,PRJNA338276,SAMN05892986,0,,,False,,0,False,
SRR5817589,PRJNA338276,SAMN05893001,0,,,False,,0,False,
SRR5817590,PRJNA338276,SAMN05893009,0,,,False,,0,False,
SRR5198901,PRJNA362960,SAMN06251439,0,,,False,,0,False,
SRR5198903,PRJNA362960,SAMN06251439,0,,,False,,0,False,
SRR5209943,PRJNA365331,SAMN06265041,33,spire_mag_00520718;spire_mag_00520719;spire_mag_00520721;spire_mag_00520722;spire_mag_00520725;spire_mag_00520727;spire_mag_00520728;spire_mag_00520730;spire_mag_00520731;spire_mag_00520732;spire_mag_00520733;spire_mag_00520734;spire_mag_00520735;spire_mag_00520742;spire_mag_00520748;spire_mag_00520753;spire_mag_00520756;spire_mag_00520757;spire_mag_00520758;spire_mag_00520760;spire_mag_00520761;spire_mag_00520764;spire_mag_00520768;spire_mag_00520769;spire_mag_00520770;spire_mag_00520772;spire_mag_00520775;spire_mag_00520776;spire_mag_00520777;spire_mag_00520778;spire_mag_00520779;spire_mag_00520783;spire_mag_00520785,SAMN06265041,False,,0,False,
SRR5209944,PRJNA365332,SAMN06266236,31,spire_mag_00521171;spire_mag_00521172;spire_mag_00521173;spire_mag_00521175;spire_mag_00521176;spire_mag_00521177;spire_mag_00521179;spire_mag_00521183;spire_mag_00521188;spire_mag_00521190;spire_mag_00521194;spire_mag_00521195;spire_mag_00521196;spire_mag_00521199;spire_mag_00521200;spire_mag_00521202;spire_mag_00521204;spire_mag_00521211;spire_mag_00521215;spire_mag_00521216;spire_mag_00521219;spire_mag_00521220;spire_mag_00521221;spire_mag_00521222;spire_mag_00521223;spire_mag_00521225;spire_mag_00521227;spire_mag_00521230;spire_mag_00521231;spire_mag_00521233;spire_mag_00521236,SAMN06266236,False,,0,False,
SRR5209942,PRJNA365333,SAMN06264492,27,spire_mag_00521665;spire_mag_00521670;spire_mag_00521672;spire_mag_00521677;spire_mag_00521678;spire_mag_00521680;spire_mag_00521684;spire_mag_00521685;spire_mag_00521687;spire_mag_00521688;spire_mag_00521691;spire_mag_00521694;spire_mag_00521697;spire_mag_00521704;spire_mag_00521708;spire_mag_00521709;spire_mag_00521712;spire_mag_00521714;spire_mag_00521715;spire_mag_00521717;spire_mag_00521719;spire_mag_00521720;spire_mag_00521724;spire_mag_00521726;spire_mag_00521728;spire_mag_00521729;spire_mag_00521733,SAMN06264492,False,,0,False,
SRR5209946,PRJNA365334,SAMN06264691,28,spire_mag_00520609;spire_mag_00520614;spire_mag_00520616;spire_mag_00520617;spire_mag_00520618;spire_mag_00520621;spire_mag_00520629;spire_mag_00520630;spire_mag_00520631;spire_mag_00520632;spire_mag_00520636;spire_mag_00520637;spire_mag_00520639;spire_mag_00520643;spire_mag_00520644;spire_mag_00520645;spire_mag_00520646;spire_mag_00520647;spire_mag_00520649;spire_mag_00520652;spire_mag_00520655;spire_mag_00520657;spire_mag_00520659;spire_mag_00520660;spire_mag_00520662;spire_mag_00520667;spire_mag_00520669;spire_mag_00520670,SAMN06264691,False,,0,False,
SRR14626311,PRJNA365335,SAMN06266271,0,,,False,,0,False,
SRR5468416,PRJNA365336,SAMN06266261,18,spire_mag_00521738;spire_mag_00521739;spire_mag_00521742;spire_mag_00521743;spire_mag_00521745;spire_mag_00521746;spire_mag_00521747;spire_mag_00521748;spire_mag_00521751;spire_mag_00521755;spire_mag_00521760;spire_mag_00521763;spire_mag_00521767;spire_mag_00521768;spire_mag_00521770;spire_mag_00521772;spire_mag_00521779;spire_mag_00521780,SAMN06266261,False,,0,False,
SRR5468419,PRJNA365337,SAMN06266228,37,spire_mag_00520927;spire_mag_00520931;spire_mag_00520935;spire_mag_00520936;spire_mag_00520938;spire_mag_00520940;spire_mag_00520943;spire_mag_00520944;spire_mag_00520945;spire_mag_00520947;spire_mag_00520952;spire_mag_00520953;spire_mag_00520957;spire_mag_00520961;spire_mag_00520962;spire_mag_00520965;spire_mag_00520966;spire_mag_00520967;spire_mag_00520969;spire_mag_00520971;spire_mag_00520974;spire_mag_00520978;spire_mag_00520980;spire_mag_00520982;spire_mag_00520984;spire_mag_00520985;spire_mag_00520986;spire_mag_00520988;spire_mag_00520990;spire_mag_00520991;spire_mag_00520998;spire_mag_00521000;spire_mag_00521001;spire_mag_00521005;spire_mag_00521007;spire_mag_00521008;spire_mag_00521010,SAMN06266228,False,,0,False,
SRR14626312,PRJNA365338,SAMN06264491,0,,,False,,0,False,
SRR5210208,PRJNA365340,SAMN06266230,30,spire_mag_00521453;spire_mag_00521456;spire_mag_00521459;spire_mag_00521460;spire_mag_00521462;spire_mag_00521463;spire_mag_00521464;spire_mag_00521467;spire_mag_00521468;spire_mag_00521472;spire_mag_00521475;spire_mag_00521477;spire_mag_00521479;spire_mag_00521480;spire_mag_00521485;spire_mag_00521486;spire_mag_00521488;spire_mag_00521497;spire_mag_00521498;spire_mag_00521499;spire_mag_00521501;spire_mag_00521504;spire_mag_00521506;spire_mag_00521508;spire_mag_00521509;spire_mag_00521510;spire_mag_00521511;spire_mag_00521512;spire_mag_00521514;spire_mag_00521515,SAMN06266230,False,,0,False,
SRR10375808,PRJNA365341,SAMN06264690,13,spire_mag_00521603;spire_mag_00521608;spire_mag_00521610;spire_mag_00521613;spire_mag_00521616;spire_mag_00521617;spire_mag_00521619;spire_mag_00521620;spire_mag_00521621;spire_mag_00521623;spire_mag_00521626;spire_mag_00521629;spire_mag_00521636,SAMN06264690,False,,0,False,
SRR5210210,PRJNA365342,SAMN06266272,22,spire_mag_00521295;spire_mag_00521297;spire_mag_00521301;spire_mag_00521302;spire_mag_00521303;spire_mag_00521306;spire_mag_00521309;spire_mag_00521310;spire_mag_00521313;spire_mag_00521320;spire_mag_00521323;spire_mag_00521324;spire_mag_00521325;spire_mag_00521327;spire_mag_00521329;spire_mag_00521332;spire_mag_00521333;spire_mag_00521339;spire_mag_00521345;spire_mag_00521348;spire_mag_00521349;spire_mag_00521351,SAMN06266272,False,,0,False,
SRR5210213,PRJNA365343,SAMN06264490,23,spire_mag_00521239;spire_mag_00521245;spire_mag_00521246;spire_mag_00521247;spire_mag_00521252;spire_mag_00521253;spire_mag_00521255;spire_mag_00521257;spire_mag_00521258;spire_mag_00521260;spire_mag_00521263;spire_mag_00521264;spire_mag_00521265;spire_mag_00521273;spire_mag_00521274;spire_mag_00521275;spire_mag_00521278;spire_mag_00521279;spire_mag_00521281;spire_mag_00521282;spire_mag_00521284;spire_mag_00521285;spire_mag_00521286,SAMN06264490,False,,0,False,
SRR5210216,PRJNA365346,SAMN06266282,13,spire_mag_00521016;spire_mag_00521019;spire_mag_00521020;spire_mag_00521022;spire_mag_00521024;spire_mag_00521025;spire_mag_00521026;spire_mag_00521028;spire_mag_00521030;spire_mag_00521035;spire_mag_00521038;spire_mag_00521040;spire_mag_00521041,SAMN06266282,False,,0,False,
SRR5209947,PRJNA365348,SAMN06266274,10,spire_mag_00521641;spire_mag_00521642;spire_mag_00521643;spire_mag_00521644;spire_mag_00521649;spire_mag_00521651;spire_mag_00521655;spire_mag_00521656;spire_mag_00521661;spire_mag_00521663,SAMN06266274,False,,0,False,
SRR14626313,PRJNA365349,SAMN06265039,0,,,False,,0,False,
SRR5210317,PRJNA365350,SAMN06266275,8,spire_mag_00520573;spire_mag_00520577;spire_mag_00520588;spire_mag_00520589;spire_mag_00520593;spire_mag_00520596;spire_mag_00520598;spire_mag_00520603,SAMN06266275,False,,0,False,
SRR5468418,PRJNA365353,SAMN06264478,1,spire_mag_00521867,SAMN06264478,False,,0,False,
SRR5210212,PRJNA365354,SAMN06265055,8,spire_mag_00521781;spire_mag_00521782;spire_mag_00521785;spire_mag_00521787;spire_mag_00521788;spire_mag_00521790;spire_mag_00521793;spire_mag_00521794,SAMN06265055,False,,0,False,
SRR5210316,PRJNA365355,SAMN06266277,11,spire_mag_00521080;spire_mag_00521084;spire_mag_00521087;spire_mag_00521089;spire_mag_00521091;spire_mag_00521092;spire_mag_00521093;spire_mag_00521094;spire_mag_00521099;spire_mag_00521100;spire_mag_00521103,SAMN06266277,False,,0,False,
SRR5210470,PRJNA365356,SAMN06266278,25,spire_mag_00521805;spire_mag_00521808;spire_mag_00521809;spire_mag_00521810;spire_mag_00521813;spire_mag_00521814;spire_mag_00521817;spire_mag_00521822;spire_mag_00521824;spire_mag_00521825;spire_mag_00521826;spire_mag_00521830;spire_mag_00521834;spire_mag_00521835;spire_mag_00521842;spire_mag_00521844;spire_mag_00521847;spire_mag_00521849;spire_mag_00521858;spire_mag_00521859;spire_mag_00521860;spire_mag_00521861;spire_mag_00521863;spire_mag_00521864;spire_mag_00521865,SAMN06266278,False,,0,False,
SRR14626156,PRJNA365360,SAMN06264477,0,,,False,,0,False,
SRR5210466,PRJNA365361,SAMN06266280,8,spire_mag_00520432;spire_mag_00520435;spire_mag_00520438;spire_mag_00520440;spire_mag_00520445;spire_mag_00520449;spire_mag_00520450;spire_mag_00520452,SAMN06266280,False,,0,False,
SRR5210468,PRJNA365363,SAMN06266281,4,spire_mag_00521159;spire_mag_00521162;spire_mag_00521163;spire_mag_00521167,SAMN06266281,False,,0,False,
SRR5246785,PRJNA366360,SAMN06268462,0,,,False,,0,False,
SRR5246790,PRJNA366364,SAMN06268466,0,,,False,,0,False,
SRR5246791,PRJNA366364,SAMN06268466,0,,,False,,0,False,
SRR5476650,PRJNA367439,SAMN06267290,6,spire_mag_00908073;spire_mag_00908076;spire_mag_00908088;spire_mag_00908092;spire_mag_00908094;spire_mag_00908100,SAMN06267290,False,,0,False,
SRR5476985,PRJNA367440,SAMN06267291,7,spire_mag_00909025;spire_mag_00909027;spire_mag_00909032;spire_mag_00909051;spire_mag_00909052;spire_mag_00909056;spire_mag_00909057,SAMN06267291,False,,0,False,
SRR5476986,PRJNA367441,SAMN06267292,7,spire_mag_00907605;spire_mag_00907608;spire_mag_00907609;spire_mag_00907614;spire_mag_00907616;spire_mag_00907634;spire_mag_00907637,SAMN06267292,False,,0,False,
SRR6047969,PRJNA405726,SAMN07632879,0,,,False,,0,False,
SRR6056297,PRJNA405998,SAMN07631159,35,spire_mag_00520841;spire_mag_00520843;spire_mag_00520849;spire_mag_00520850;spire_mag_00520854;spire_mag_00520855;spire_mag_00520859;spire_mag_00520862;spire_mag_00520864;spire_mag_00520867;spire_mag_00520868;spire_mag_00520869;spire_mag_00520876;spire_mag_00520881;spire_mag_00520886;spire_mag_00520890;spire_mag_00520892;spire_mag_00520893;spire_mag_00520895;spire_mag_00520899;spire_mag_00520900;spire_mag_00520902;spire_mag_00520904;spire_mag_00520906;spire_mag_00520907;spire_mag_00520911;spire_mag_00520913;spire_mag_00520915;spire_mag_00520917;spire_mag_00520918;spire_mag_00520919;spire_mag_00520922;spire_mag_00520924;spire_mag_00520925;spire_mag_00520926,SAMN07631159,False,,0,False,
SRR6056296,PRJNA405999,SAMN07631160,18,spire_mag_00520673;spire_mag_00520676;spire_mag_00520678;spire_mag_00520679;spire_mag_00520682;spire_mag_00520685;spire_mag_00520687;spire_mag_00520690;spire_mag_00520691;spire_mag_00520692;spire_mag_00520694;spire_mag_00520697;spire_mag_00520698;spire_mag_00520699;spire_mag_00520700;spire_mag_00520707;spire_mag_00520710;spire_mag_00520713,SAMN07631160,False,,0,False,
SRR6056300,PRJNA406000,SAMN07631161,14,spire_mag_00521404;spire_mag_00521405;spire_mag_00521407;spire_mag_00521409;spire_mag_00521411;spire_mag_00521420;spire_mag_00521424;spire_mag_00521433;spire_mag_00521436;spire_mag_00521437;spire_mag_00521438;spire_mag_00521442;spire_mag_00521444;spire_mag_00521446,SAMN07631161,False,,0,False,
SRR6056278,PRJNA406002,SAMN07631163,8,spire_mag_00521354;spire_mag_00521355;spire_mag_00521358;spire_mag_00521360;spire_mag_00521362;spire_mag_00521364;spire_mag_00521367;spire_mag_00521369,SAMN07631163,False,,0,False,
SRR6056298,PRJNA406003,SAMN07631164,15,spire_mag_00521049;spire_mag_00521052;spire_mag_00521053;spire_mag_00521056;spire_mag_00521058;spire_mag_00521060;spire_mag_00521061;spire_mag_00521064;spire_mag_00521067;spire_mag_00521068;spire_mag_00521069;spire_mag_00521070;spire_mag_00521071;spire_mag_00521072;spire_mag_00521073,SAMN07631164,False,,0,False,
SRR6436070,PRJNA406094,SAMN07632198,2,spire_mag_01046812;spire_mag_01046814,SAMN07632198,False,,0,False,
SRR6436091,PRJNA406094,SAMN07632199,46,spire_mag_01046984;spire_mag_01046986;spire_mag_01046989;spire_mag_01046990;spire_mag_01046991;spire_mag_01046993;spire_mag_01046994;spire_mag_01046997;spire_mag_01046999;spire_mag_01047000;spire_mag_01047003;spire_mag_01047006;spire_mag_01047009;spire_mag_01047010;spire_mag_01047018;spire_mag_01047021;spire_mag_01047026;spire_mag_01047032;spire_mag_01047033;spire_mag_01047034;spire_mag_01047039;spire_mag_01047044;spire_mag_01047048;spire_mag_01047053;spire_mag_01047054;spire_mag_01047056;spire_mag_01047076;spire_mag_01047077;spire_mag_01047079;spire_mag_01047086;spire_mag_01047087;spire_mag_01047096;spire_mag_01047097;spire_mag_01047102;spire_mag_01047103;spire_mag_01047108;spire_mag_01047111;spire_mag_01047112;spire_mag_01047117;spire_mag_01047122;spire_mag_01047123;spire_mag_01047127;spire_mag_01047128;spire_mag_01047131;spire_mag_01047134;spire_mag_01047137,SAMN07632199,False,,0,False,
SRR6824232,PRJNA406784,SAMN07631780,69,spire_mag_00321966;spire_mag_00321968;spire_mag_00321969;spire_mag_00321970;spire_mag_00321973;spire_mag_00321974;spire_mag_00321977;spire_mag_00321978;spire_mag_00321979;spire_mag_00321982;spire_mag_00321987;spire_mag_00321992;spire_mag_00321993;spire_mag_00321998;spire_mag_00321999;spire_mag_00322007;spire_mag_00322011;spire_mag_00322021;spire_mag_00322025;spire_mag_00322026;spire_mag_00322027;spire_mag_00322029;spire_mag_00322031;spire_mag_00322043;spire_mag_00322045;spire_mag_00322050;spire_mag_00322057;spire_mag_00322061;spire_mag_00322063;spire_mag_00322064;spire_mag_00322067;spire_mag_00322068;spire_mag_00322069;spire_mag_00322070;spire_mag_00322073;spire_mag_00322075;spire_mag_00322079;spire_mag_00322082;spire_mag_00322085;spire_mag_00322086;spire_mag_00322089;spire_mag_00322091;spire_mag_00322092;spire_mag_00322096;spire_mag_00322101;spire_mag_00322106;spire_mag_00322108;spire_mag_00322111;spire_mag_00322119;spire_mag_00322123;spire_mag_00322126;spire_mag_00322127;spire_mag_00322136;spire_mag_00322142;spire_mag_00322143;spire_mag_00322144;spire_mag_00322147;spire_mag_00322152;spire_mag_00322153;spire_mag_00322154;spire_mag_00322158;spire_mag_00322159;spire_mag_00322161;spire_mag_00322165;spire_mag_00322167;spire_mag_00322170;spire_mag_00322171;spire_mag_00322179;spire_mag_00322180,SAMN07631780,False,,0,False,
SRR6977656,PRJNA443833,SAMN08779107,19,spire_mag_00323254;spire_mag_00323256;spire_mag_00323258;spire_mag_00323259;spire_mag_00323261;spire_mag_00323262;spire_mag_00323264;spire_mag_00323265;spire_mag_00323266;spire_mag_00323267;spire_mag_00323269;spire_mag_00323270;spire_mag_00323272;spire_mag_00323274;spire_mag_00323276;spire_mag_00323278;spire_mag_00323281;spire_mag_00323282;spire_mag_00323284,SAMN08779107,False,,0,False,
SRR6977655,PRJNA443834,SAMN08779118,59,spire_mag_00326182;spire_mag_00326191;spire_mag_00326192;spire_mag_00326196;spire_mag_00326197;spire_mag_00326199;spire_mag_00326200;spire_mag_00326201;spire_mag_00326202;spire_mag_00326204;spire_mag_00326207;spire_mag_00326209;spire_mag_00326218;spire_mag_00326219;spire_mag_00326220;spire_mag_00326221;spire_mag_00326222;spire_mag_00326229;spire_mag_00326241;spire_mag_00326243;spire_mag_00326244;spire_mag_00326248;spire_mag_00326249;spire_mag_00326250;spire_mag_00326255;spire_mag_00326261;spire_mag_00326262;spire_mag_00326267;spire_mag_00326268;spire_mag_00326276;spire_mag_00326277;spire_mag_00326279;spire_mag_00326281;spire_mag_00326285;spire_mag_00326294;spire_mag_00326296;spire_mag_00326304;spire_mag_00326306;spire_mag_00326308;spire_mag_00326311;spire_mag_00326313;spire_mag_00326315;spire_mag_00326320;spire_mag_00326324;spire_mag_00326328;spire_mag_00326329;spire_mag_00326330;spire_mag_00326333;spire_mag_00326338;spire_mag_00326339;spire_mag_00326344;spire_mag_00326354;spire_mag_00326356;spire_mag_00326359;spire_mag_00326364;spire_mag_00326369;spire_mag_00326376;spire_mag_00326382;spire_mag_00326383,SAMN08779118,False,,0,False,
SRR6978760,PRJNA443836,SAMN08779119,68,spire_mag_00320273;spire_mag_00320275;spire_mag_00320277;spire_mag_00320283;spire_mag_00320285;spire_mag_00320286;spire_mag_00320287;spire_mag_00320288;spire_mag_00320289;spire_mag_00320295;spire_mag_00320296;spire_mag_00320298;spire_mag_00320303;spire_mag_00320305;spire_mag_00320312;spire_mag_00320315;spire_mag_00320316;spire_mag_00320319;spire_mag_00320321;spire_mag_00320323;spire_mag_00320331;spire_mag_00320333;spire_mag_00320334;spire_mag_00320335;spire_mag_00320336;spire_mag_00320340;spire_mag_00320345;spire_mag_00320348;spire_mag_00320350;spire_mag_00320351;spire_mag_00320352;spire_mag_00320357;spire_mag_00320358;spire_mag_00320363;spire_mag_00320365;spire_mag_00320366;spire_mag_00320372;spire_mag_00320373;spire_mag_00320374;spire_mag_00320375;spire_mag_00320382;spire_mag_00320384;spire_mag_00320385;spire_mag_00320387;spire_mag_00320389;spire_mag_00320392;spire_mag_00320393;spire_mag_00320394;spire_mag_00320396;spire_mag_00320405;spire_mag_00320408;spire_mag_00320413;spire_mag_00320419;spire_mag_00320420;spire_mag_00320423;spire_mag_00320425;spire_mag_00320428;spire_mag_00320432;spire_mag_00320433;spire_mag_00320434;spire_mag_00320435;spire_mag_00320440;spire_mag_00320442;spire_mag_00320445;spire_mag_00320450;spire_mag_00320453;spire_mag_00320455;spire_mag_00320459,SAMN08779119,False,,0,False,
SRR6978759,PRJNA443837,SAMN08778807,55,spire_mag_00327693;spire_mag_00327695;spire_mag_00327699;spire_mag_00327704;spire_mag_00327710;spire_mag_00327711;spire_mag_00327715;spire_mag_00327717;spire_mag_00327723;spire_mag_00327731;spire_mag_00327735;spire_mag_00327737;spire_mag_00327738;spire_mag_00327742;spire_mag_00327745;spire_mag_00327747;spire_mag_00327763;spire_mag_00327764;spire_mag_00327768;spire_mag_00327784;spire_mag_00327792;spire_mag_00327793;spire_mag_00327794;spire_mag_00327795;spire_mag_00327802;spire_mag_00327803;spire_mag_00327804;spire_mag_00327807;spire_mag_00327809;spire_mag_00327811;spire_mag_00327813;spire_mag_00327816;spire_mag_00327818;spire_mag_00327820;spire_mag_00327821;spire_mag_00327822;spire_mag_00327825;spire_mag_00327827;spire_mag_00327828;spire_mag_00327831;spire_mag_00327836;spire_mag_00327838;spire_mag_00327839;spire_mag_00327841;spire_mag_00327845;spire_mag_00327859;spire_mag_00327860;spire_mag_00327863;spire_mag_00327864;spire_mag_00327866;spire_mag_00327867;spire_mag_00327876;spire_mag_00327879;spire_mag_00327880;spire_mag_00327882,SAMN08778807,False,,0,False,
SRR6978758,PRJNA443840,SAMN08777174,78,spire_mag_00326389;spire_mag_00326393;spire_mag_00326397;spire_mag_00326405;spire_mag_00326408;spire_mag_00326409;spire_mag_00326411;spire_mag_00326412;spire_mag_00326413;spire_mag_00326414;spire_mag_00326417;spire_mag_00326420;spire_mag_00326421;spire_mag_00326424;spire_mag_00326425;spire_mag_00326430;spire_mag_00326432;spire_mag_00326433;spire_mag_00326435;spire_mag_00326439;spire_mag_00326444;spire_mag_00326445;spire_mag_00326446;spire_mag_00326451;spire_mag_00326454;spire_mag_00326458;spire_mag_00326461;spire_mag_00326462;spire_mag_00326463;spire_mag_00326465;spire_mag_00326466;spire_mag_00326474;spire_mag_00326477;spire_mag_00326478;spire_mag_00326479;spire_mag_00326483;spire_mag_00326484;spire_mag_00326485;spire_mag_00326487;spire_mag_00326489;spire_mag_00326494;spire_mag_00326498;spire_mag_00326500;spire_mag_00326505;spire_mag_00326511;spire_mag_00326512;spire_mag_00326515;spire_mag_00326516;spire_mag_00326518;spire_mag_00326519;spire_mag_00326522;spire_mag_00326526;spire_mag_00326527;spire_mag_00326530;spire_mag_00326531;spire_mag_00326532;spire_mag_00326533;spire_mag_00326534;spire_mag_00326541;spire_mag_00326543;spire_mag_00326544;spire_mag_00326545;spire_mag_00326548;spire_mag_00326558;spire_mag_00326559;spire_mag_00326563;spire_mag_00326567;spire_mag_00326569;spire_mag_00326573;spire_mag_00326574;spire_mag_00326577;spire_mag_00326580;spire_mag_00326585;spire_mag_00326589;spire_mag_00326590;spire_mag_00326592;spire_mag_00326596;spire_mag_00326600,SAMN08777174,False,,0,False,
SRR6979426,PRJNA443841,SAMN08778809,91,spire_mag_00324144;spire_mag_00324146;spire_mag_00324148;spire_mag_00324150;spire_mag_00324153;spire_mag_00324157;spire_mag_00324158;spire_mag_00324160;spire_mag_00324162;spire_mag_00324164;spire_mag_00324173;spire_mag_00324176;spire_mag_00324179;spire_mag_00324181;spire_mag_00324183;spire_mag_00324184;spire_mag_00324185;spire_mag_00324186;spire_mag_00324189;spire_mag_00324192;spire_mag_00324193;spire_mag_00324198;spire_mag_00324199;spire_mag_00324213;spire_mag_00324214;spire_mag_00324218;spire_mag_00324219;spire_mag_00324222;spire_mag_00324223;spire_mag_00324224;spire_mag_00324225;spire_mag_00324227;spire_mag_00324228;spire_mag_00324230;spire_mag_00324231;spire_mag_00324236;spire_mag_00324238;spire_mag_00324239;spire_mag_00324242;spire_mag_00324252;spire_mag_00324253;spire_mag_00324254;spire_mag_00324255;spire_mag_00324256;spire_mag_00324257;spire_mag_00324258;spire_mag_00324259;spire_mag_00324260;spire_mag_00324261;spire_mag_00324262;spire_mag_00324263;spire_mag_00324264;spire_mag_00324266;spire_mag_00324270;spire_mag_00324272;spire_mag_00324273;spire_mag_00324276;spire_mag_00324279;spire_mag_00324284;spire_mag_00324286;spire_mag_00324288;spire_mag_00324289;spire_mag_00324294;spire_mag_00324297;spire_mag_00324298;spire_mag_00324302;spire_mag_00324305;spire_mag_00324307;spire_mag_00324314;spire_mag_00324316;spire_mag_00324318;spire_mag_00324320;spire_mag_00324321;spire_mag_00324322;spire_mag_00324323;spire_mag_00324329;spire_mag_00324330;spire_mag_00324332;spire_mag_00324335;spire_mag_00324337;spire_mag_00324338;spire_mag_00324341;spire_mag_00324342;spire_mag_00324343;spire_mag_00324344;spire_mag_00324346;spire_mag_00324348;spire_mag_00324354;spire_mag_00324355;spire_mag_00324357;spire_mag_00324359,SAMN08778809,False,,0,False,
SRR6979289,PRJNA443842,SAMN08777515,81,spire_mag_00321344;spire_mag_00321347;spire_mag_00321348;spire_mag_00321350;spire_mag_00321352;spire_mag_00321354;spire_mag_00321355;spire_mag_00321365;spire_mag_00321367;spire_mag_00321368;spire_mag_00321370;spire_mag_00321371;spire_mag_00321373;spire_mag_00321374;spire_mag_00321375;spire_mag_00321376;spire_mag_00321378;spire_mag_00321383;spire_mag_00321384;spire_mag_00321386;spire_mag_00321388;spire_mag_00321391;spire_mag_00321394;spire_mag_00321404;spire_mag_00321408;spire_mag_00321409;spire_mag_00321410;spire_mag_00321411;spire_mag_00321412;spire_mag_00321414;spire_mag_00321416;spire_mag_00321419;spire_mag_00321420;spire_mag_00321422;spire_mag_00321423;spire_mag_00321426;spire_mag_00321427;spire_mag_00321428;spire_mag_00321429;spire_mag_00321433;spire_mag_00321437;spire_mag_00321439;spire_mag_00321441;spire_mag_00321443;spire_mag_00321447;spire_mag_00321451;spire_mag_00321454;spire_mag_00321455;spire_mag_00321456;spire_mag_00321457;spire_mag_00321458;spire_mag_00321460;spire_mag_00321462;spire_mag_00321465;spire_mag_00321469;spire_mag_00321470;spire_mag_00321475;spire_mag_00321476;spire_mag_00321477;spire_mag_00321479;spire_mag_00321486;spire_mag_00321487;spire_mag_00321488;spire_mag_00321491;spire_mag_00321493;spire_mag_00321494;spire_mag_00321496;spire_mag_00321498;spire_mag_00321502;spire_mag_00321506;spire_mag_00321507;spire_mag_00321509;spire_mag_00321511;spire_mag_00321512;spire_mag_00321518;spire_mag_00321519;spire_mag_00321520;spire_mag_00321523;spire_mag_00321527;spire_mag_00321531;spire_mag_00321533,SAMN08777515,False,,0,False,
SRR6979552,PRJNA443844,SAMN08779133,84,spire_mag_00318653;spire_mag_00318655;spire_mag_00318658;spire_mag_00318661;spire_mag_00318664;spire_mag_00318667;spire_mag_00318668;spire_mag_00318670;spire_mag_00318671;spire_mag_00318675;spire_mag_00318678;spire_mag_00318679;spire_mag_00318680;spire_mag_00318689;spire_mag_00318691;spire_mag_00318694;spire_mag_00318695;spire_mag_00318697;spire_mag_00318698;spire_mag_00318701;spire_mag_00318703;spire_mag_00318710;spire_mag_00318711;spire_mag_00318712;spire_mag_00318713;spire_mag_00318717;spire_mag_00318721;spire_mag_00318725;spire_mag_00318728;spire_mag_00318729;spire_mag_00318731;spire_mag_00318735;spire_mag_00318738;spire_mag_00318739;spire_mag_00318740;spire_mag_00318742;spire_mag_00318743;spire_mag_00318747;spire_mag_00318749;spire_mag_00318750;spire_mag_00318751;spire_mag_00318752;spire_mag_00318753;spire_mag_00318754;spire_mag_00318756;spire_mag_00318757;spire_mag_00318761;spire_mag_00318764;spire_mag_00318765;spire_mag_00318766;spire_mag_00318767;spire_mag_00318768;spire_mag_00318769;spire_mag_00318772;spire_mag_00318773;spire_mag_00318774;spire_mag_00318776;spire_mag_00318778;spire_mag_00318779;spire_mag_00318783;spire_mag_00318790;spire_mag_00318791;spire_mag_00318794;spire_mag_00318795;spire_mag_00318798;spire_mag_00318800;spire_mag_00318801;spire_mag_00318803;spire_mag_00318805;spire_mag_00318809;spire_mag_00318810;spire_mag_00318811;spire_mag_00318813;spire_mag_00318815;spire_mag_00318821;spire_mag_00318822;spire_mag_00318823;spire_mag_00318828;spire_mag_00318829;spire_mag_00318830;spire_mag_00318832;spire_mag_00318835;spire_mag_00318837;spire_mag_00318838,SAMN08779133,False,,0,False,
SRR6979550,PRJNA443845,SAMN08779134,41,spire_mag_00323652;spire_mag_00323656;spire_mag_00323659;spire_mag_00323661;spire_mag_00323662;spire_mag_00323663;spire_mag_00323665;spire_mag_00323667;spire_mag_00323668;spire_mag_00323669;spire_mag_00323670;spire_mag_00323671;spire_mag_00323673;spire_mag_00323676;spire_mag_00323678;spire_mag_00323679;spire_mag_00323680;spire_mag_00323683;spire_mag_00323686;spire_mag_00323689;spire_mag_00323690;spire_mag_00323691;spire_mag_00323692;spire_mag_00323693;spire_mag_00323695;spire_mag_00323696;spire_mag_00323697;spire_mag_00323699;spire_mag_00323700;spire_mag_00323703;spire_mag_00323704;spire_mag_00323705;spire_mag_00323707;spire_mag_00323708;spire_mag_00323710;spire_mag_00323711;spire_mag_00323713;spire_mag_00323715;spire_mag_00323718;spire_mag_00323719;spire_mag_00323721,SAMN08779134,False,,0,False,
SRR6979585,PRJNA443846,SAMN08777299,87,spire_mag_00327054;spire_mag_00327058;spire_mag_00327059;spire_mag_00327061;spire_mag_00327062;spire_mag_00327063;spire_mag_00327065;spire_mag_00327067;spire_mag_00327068;spire_mag_00327072;spire_mag_00327074;spire_mag_00327075;spire_mag_00327076;spire_mag_00327078;spire_mag_00327080;spire_mag_00327082;spire_mag_00327087;spire_mag_00327088;spire_mag_00327089;spire_mag_00327090;spire_mag_00327105;spire_mag_00327106;spire_mag_00327107;spire_mag_00327108;spire_mag_00327111;spire_mag_00327114;spire_mag_00327115;spire_mag_00327116;spire_mag_00327118;spire_mag_00327120;spire_mag_00327122;spire_mag_00327123;spire_mag_00327124;spire_mag_00327127;spire_mag_00327131;spire_mag_00327132;spire_mag_00327134;spire_mag_00327137;spire_mag_00327142;spire_mag_00327145;spire_mag_00327147;spire_mag_00327149;spire_mag_00327150;spire_mag_00327152;spire_mag_00327155;spire_mag_00327158;spire_mag_00327161;spire_mag_00327164;spire_mag_00327166;spire_mag_00327169;spire_mag_00327170;spire_mag_00327172;spire_mag_00327174;spire_mag_00327175;spire_mag_00327176;spire_mag_00327180;spire_mag_00327182;spire_mag_00327183;spire_mag_00327184;spire_mag_00327186;spire_mag_00327190;spire_mag_00327194;spire_mag_00327204;spire_mag_00327208;spire_mag_00327212;spire_mag_00327213;spire_mag_00327215;spire_mag_00327219;spire_mag_00327222;spire_mag_00327225;spire_mag_00327227;spire_mag_00327229;spire_mag_00327237;spire_mag_00327240;spire_mag_00327242;spire_mag_00327248;spire_mag_00327249;spire_mag_00327250;spire_mag_00327252;spire_mag_00327258;spire_mag_00327260;spire_mag_00327263;spire_mag_00327265;spire_mag_00327267;spire_mag_00327268;spire_mag_00327273;spire_mag_00327276,SAMN08777299,False,,0,False,
SRR6979553,PRJNA443847,SAMN08779135,66,spire_mag_00321158;spire_mag_00321160;spire_mag_00321161;spire_mag_00321168;spire_mag_00321170;spire_mag_00321172;spire_mag_00321173;spire_mag_00321183;spire_mag_00321184;spire_mag_00321185;spire_mag_00321191;spire_mag_00321192;spire_mag_00321196;spire_mag_00321197;spire_mag_00321198;spire_mag_00321201;spire_mag_00321203;spire_mag_00321204;spire_mag_00321206;spire_mag_00321208;spire_mag_00321209;spire_mag_00321211;spire_mag_00321212;spire_mag_00321213;spire_mag_00321218;spire_mag_00321225;spire_mag_00321230;spire_mag_00321235;spire_mag_00321237;spire_mag_00321244;spire_mag_00321245;spire_mag_00321246;spire_mag_00321247;spire_mag_00321248;spire_mag_00321250;spire_mag_00321251;spire_mag_00321253;spire_mag_00321258;spire_mag_00321260;spire_mag_00321261;spire_mag_00321262;spire_mag_00321263;spire_mag_00321264;spire_mag_00321268;spire_mag_00321269;spire_mag_00321271;spire_mag_00321272;spire_mag_00321273;spire_mag_00321275;spire_mag_00321276;spire_mag_00321280;spire_mag_00321286;spire_mag_00321287;spire_mag_00321288;spire_mag_00321299;spire_mag_00321309;spire_mag_00321312;spire_mag_00321314;spire_mag_00321317;spire_mag_00321319;spire_mag_00321320;spire_mag_00321322;spire_mag_00321324;spire_mag_00321330;spire_mag_00321334;spire_mag_00321335,SAMN08779135,False,,0,False,
SRR6979610,PRJNA443848,SAMN08777514,66,spire_mag_00323484;spire_mag_00323487;spire_mag_00323491;spire_mag_00323493;spire_mag_00323494;spire_mag_00323498;spire_mag_00323499;spire_mag_00323502;spire_mag_00323505;spire_mag_00323509;spire_mag_00323511;spire_mag_00323512;spire_mag_00323513;spire_mag_00323517;spire_mag_00323518;spire_mag_00323519;spire_mag_00323526;spire_mag_00323528;spire_mag_00323529;spire_mag_00323530;spire_mag_00323531;spire_mag_00323532;spire_mag_00323534;spire_mag_00323540;spire_mag_00323541;spire_mag_00323543;spire_mag_00323547;spire_mag_00323548;spire_mag_00323549;spire_mag_00323559;spire_mag_00323564;spire_mag_00323568;spire_mag_00323569;spire_mag_00323581;spire_mag_00323584;spire_mag_00323586;spire_mag_00323590;spire_mag_00323592;spire_mag_00323593;spire_mag_00323594;spire_mag_00323595;spire_mag_00323597;spire_mag_00323598;spire_mag_00323599;spire_mag_00323600;spire_mag_00323601;spire_mag_00323602;spire_mag_00323604;spire_mag_00323608;spire_mag_00323614;spire_mag_00323617;spire_mag_00323619;spire_mag_00323622;spire_mag_00323624;spire_mag_00323629;spire_mag_00323630;spire_mag_00323631;spire_mag_00323632;spire_mag_00323635;spire_mag_00323638;spire_mag_00323640;spire_mag_00323641;spire_mag_00323642;spire_mag_00323643;spire_mag_00323644;spire_mag_00323647,SAMN08777514,False,,0,False,
SRR6980406,PRJNA443850,SAMN08776726,74,spire_mag_00324799;spire_mag_00324803;spire_mag_00324805;spire_mag_00324806;spire_mag_00324807;spire_mag_00324808;spire_mag_00324809;spire_mag_00324813;spire_mag_00324815;spire_mag_00324818;spire_mag_00324820;spire_mag_00324827;spire_mag_00324831;spire_mag_00324832;spire_mag_00324835;spire_mag_00324837;spire_mag_00324839;spire_mag_00324841;spire_mag_00324843;spire_mag_00324845;spire_mag_00324847;spire_mag_00324849;spire_mag_00324850;spire_mag_00324851;spire_mag_00324852;spire_mag_00324855;spire_mag_00324856;spire_mag_00324859;spire_mag_00324860;spire_mag_00324863;spire_mag_00324865;spire_mag_00324866;spire_mag_00324867;spire_mag_00324868;spire_mag_00324869;spire_mag_00324871;spire_mag_00324873;spire_mag_00324879;spire_mag_00324885;spire_mag_00324890;spire_mag_00324891;spire_mag_00324892;spire_mag_00324897;spire_mag_00324899;spire_mag_00324905;spire_mag_00324906;spire_mag_00324907;spire_mag_00324908;spire_mag_00324910;spire_mag_00324911;spire_mag_00324912;spire_mag_00324914;spire_mag_00324919;spire_mag_00324920;spire_mag_00324921;spire_mag_00324924;spire_mag_00324929;spire_mag_00324931;spire_mag_00324932;spire_mag_00324933;spire_mag_00324937;spire_mag_00324940;spire_mag_00324942;spire_mag_00324944;spire_mag_00324945;spire_mag_00324946;spire_mag_00324947;spire_mag_00324948;spire_mag_00324951;spire_mag_00324952;spire_mag_00324953;spire_mag_00324955;spire_mag_00324956;spire_mag_00324957,SAMN08776726,False,,0,False,
SRR7148980,PRJNA465659,SAMN09092115,11,spire_mag_00324772;spire_mag_00324773;spire_mag_00324774;spire_mag_00324775;spire_mag_00324777;spire_mag_00324778;spire_mag_00324780;spire_mag_00324783;spire_mag_00324786;spire_mag_00324790;spire_mag_00324797,SAMN09092115,False,,0,False,
SRR7148981,PRJNA465660,SAMN09092238,79,spire_mag_00326601;spire_mag_00326606;spire_mag_00326607;spire_mag_00326610;spire_mag_00326611;spire_mag_00326618;spire_mag_00326626;spire_mag_00326629;spire_mag_00326630;spire_mag_00326631;spire_mag_00326635;spire_mag_00326647;spire_mag_00326648;spire_mag_00326652;spire_mag_00326653;spire_mag_00326655;spire_mag_00326656;spire_mag_00326657;spire_mag_00326660;spire_mag_00326663;spire_mag_00326665;spire_mag_00326667;spire_mag_00326669;spire_mag_00326670;spire_mag_00326671;spire_mag_00326676;spire_mag_00326679;spire_mag_00326680;spire_mag_00326681;spire_mag_00326683;spire_mag_00326685;spire_mag_00326689;spire_mag_00326691;spire_mag_00326693;spire_mag_00326695;spire_mag_00326696;spire_mag_00326699;spire_mag_00326701;spire_mag_00326704;spire_mag_00326711;spire_mag_00326716;spire_mag_00326718;spire_mag_00326721;spire_mag_00326722;spire_mag_00326723;spire_mag_00326724;spire_mag_00326725;spire_mag_00326727;spire_mag_00326728;spire_mag_00326729;spire_mag_00326731;spire_mag_00326739;spire_mag_00326741;spire_mag_00326743;spire_mag_00326746;spire_mag_00326748;spire_mag_00326749;spire_mag_00326750;spire_mag_00326757;spire_mag_00326760;spire_mag_00326762;spire_mag_00326764;spire_mag_00326768;spire_mag_00326769;spire_mag_00326770;spire_mag_00326774;spire_mag_00326776;spire_mag_00326777;spire_mag_00326781;spire_mag_00326787;spire_mag_00326788;spire_mag_00326790;spire_mag_00326791;spire_mag_00326797;spire_mag_00326800;spire_mag_00326801;spire_mag_00326803;spire_mag_00326804;spire_mag_00326808,SAMN09092238,False,,0,False,
SRR7149128,PRJNA465661,SAMN09092043,80,spire_mag_00324561;spire_mag_00324563;spire_mag_00324564;spire_mag_00324570;spire_mag_00324577;spire_mag_00324579;spire_mag_00324582;spire_mag_00324586;spire_mag_00324588;spire_mag_00324589;spire_mag_00324590;spire_mag_00324592;spire_mag_00324597;spire_mag_00324603;spire_mag_00324605;spire_mag_00324606;spire_mag_00324607;spire_mag_00324608;spire_mag_00324609;spire_mag_00324610;spire_mag_00324611;spire_mag_00324614;spire_mag_00324618;spire_mag_00324621;spire_mag_00324622;spire_mag_00324624;spire_mag_00324625;spire_mag_00324627;spire_mag_00324628;spire_mag_00324632;spire_mag_00324633;spire_mag_00324634;spire_mag_00324635;spire_mag_00324642;spire_mag_00324648;spire_mag_00324651;spire_mag_00324655;spire_mag_00324656;spire_mag_00324658;spire_mag_00324666;spire_mag_00324670;spire_mag_00324671;spire_mag_00324673;spire_mag_00324677;spire_mag_00324678;spire_mag_00324679;spire_mag_00324680;spire_mag_00324685;spire_mag_00324686;spire_mag_00324689;spire_mag_00324691;spire_mag_00324697;spire_mag_00324701;spire_mag_00324702;spire_mag_00324712;spire_mag_00324716;spire_mag_00324720;spire_mag_00324721;spire_mag_00324727;spire_mag_00324732;spire_mag_00324738;spire_mag_00324739;spire_mag_00324740;spire_mag_00324742;spire_mag_00324745;spire_mag_00324746;spire_mag_00324747;spire_mag_00324748;spire_mag_00324749;spire_mag_00324751;spire_mag_00324752;spire_mag_00324753;spire_mag_00324755;spire_mag_00324759;spire_mag_00324760;spire_mag_00324763;spire_mag_00324766;spire_mag_00324767;spire_mag_00324768;spire_mag_00324770,SAMN09092043,False,,0,False,
SRR7149136,PRJNA465662,SAMN09092042,19,spire_mag_00319960;spire_mag_00319962;spire_mag_00319963;spire_mag_00319964;spire_mag_00319967;spire_mag_00319974;spire_mag_00319976;spire_mag_00319977;spire_mag_00319978;spire_mag_00319981;spire_mag_00319983;spire_mag_00319984;spire_mag_00319985;spire_mag_00319987;spire_mag_00319988;spire_mag_00319990;spire_mag_00319991;spire_mag_00319995;spire_mag_00319997,SAMN09092042,False,,0,False,
SRR7149135,PRJNA465663,SAMN09092239,18,spire_mag_00320636;spire_mag_00320637;spire_mag_00320639;spire_mag_00320641;spire_mag_00320643;spire_mag_00320648;spire_mag_00320650;spire_mag_00320652;spire_mag_00320653;spire_mag_00320654;spire_mag_00320655;spire_mag_00320658;spire_mag_00320662;spire_mag_00320663;spire_mag_00320665;spire_mag_00320669;spire_mag_00320671;spire_mag_00320674,SAMN09092239,False,,0,False,
SRR7151428,PRJNA465664,SAMN09092041,78,spire_mag_00325137;spire_mag_00325138;spire_mag_00325139;spire_mag_00325142;spire_mag_00325143;spire_mag_00325149;spire_mag_00325150;spire_mag_00325152;spire_mag_00325155;spire_mag_00325156;spire_mag_00325158;spire_mag_00325167;spire_mag_00325170;spire_mag_00325171;spire_mag_00325174;spire_mag_00325175;spire_mag_00325176;spire_mag_00325177;spire_mag_00325178;spire_mag_00325179;spire_mag_00325180;spire_mag_00325182;spire_mag_00325184;spire_mag_00325186;spire_mag_00325187;spire_mag_00325188;spire_mag_00325189;spire_mag_00325192;spire_mag_00325193;spire_mag_00325194;spire_mag_00325197;spire_mag_00325198;spire_mag_00325200;spire_mag_00325204;spire_mag_00325205;spire_mag_00325207;spire_mag_00325208;spire_mag_00325209;spire_mag_00325210;spire_mag_00325211;spire_mag_00325214;spire_mag_00325217;spire_mag_00325218;spire_mag_00325222;spire_mag_00325223;spire_mag_00325229;spire_mag_00325232;spire_mag_00325233;spire_mag_00325234;spire_mag_00325235;spire_mag_00325237;spire_mag_00325240;spire_mag_00325241;spire_mag_00325242;spire_mag_00325245;spire_mag_00325246;spire_mag_00325247;spire_mag_00325249;spire_mag_00325252;spire_mag_00325255;spire_mag_00325256;spire_mag_00325257;spire_mag_00325263;spire_mag_00325264;spire_mag_00325273;spire_mag_00325274;spire_mag_00325281;spire_mag_00325283;spire_mag_00325289;spire_mag_00325290;spire_mag_00325292;spire_mag_00325293;spire_mag_00325302;spire_mag_00325304;spire_mag_00325305;spire_mag_00325307;spire_mag_00325308;spire_mag_00325313,SAMN09092041,False,,0,False,
SRR7151429,PRJNA465665,SAMN09092240,18,spire_mag_00320002;spire_mag_00320003;spire_mag_00320005;spire_mag_00320006;spire_mag_00320007;spire_mag_00320010;spire_mag_00320011;spire_mag_00320012;spire_mag_00320015;spire_mag_00320016;spire_mag_00320024;spire_mag_00320025;spire_mag_00320026;spire_mag_00320028;spire_mag_00320029;spire_mag_00320030;spire_mag_00320031;spire_mag_00320033,SAMN09092240,False,,0,False,
SRR7151887,PRJNA465666,SAMN09092040,87,spire_mag_00320936;spire_mag_00320937;spire_mag_00320938;spire_mag_00320939;spire_mag_00320941;spire_mag_00320945;spire_mag_00320946;spire_mag_00320950;spire_mag_00320956;spire_mag_00320958;spire_mag_00320959;spire_mag_00320964;spire_mag_00320968;spire_mag_00320970;spire_mag_00320974;spire_mag_00320979;spire_mag_00320980;spire_mag_00320983;spire_mag_00320984;spire_mag_00320988;spire_mag_00320990;spire_mag_00320995;spire_mag_00320997;spire_mag_00320998;spire_mag_00321000;spire_mag_00321002;spire_mag_00321007;spire_mag_00321009;spire_mag_00321010;spire_mag_00321013;spire_mag_00321016;spire_mag_00321017;spire_mag_00321019;spire_mag_00321022;spire_mag_00321023;spire_mag_00321027;spire_mag_00321028;spire_mag_00321030;spire_mag_00321034;spire_mag_00321037;spire_mag_00321038;spire_mag_00321041;spire_mag_00321045;spire_mag_00321047;spire_mag_00321048;spire_mag_00321049;spire_mag_00321050;spire_mag_00321057;spire_mag_00321058;spire_mag_00321061;spire_mag_00321064;spire_mag_00321065;spire_mag_00321070;spire_mag_00321072;spire_mag_00321074;spire_mag_00321075;spire_mag_00321076;spire_mag_00321078;spire_mag_00321079;spire_mag_00321082;spire_mag_00321084;spire_mag_00321087;spire_mag_00321088;spire_mag_00321089;spire_mag_00321092;spire_mag_00321100;spire_mag_00321101;spire_mag_00321103;spire_mag_00321107;spire_mag_00321108;spire_mag_00321113;spire_mag_00321115;spire_mag_00321118;spire_mag_00321124;spire_mag_00321127;spire_mag_00321131;spire_mag_00321132;spire_mag_00321135;spire_mag_00321137;spire_mag_00321139;spire_mag_00321140;spire_mag_00321141;spire_mag_00321143;spire_mag_00321148;spire_mag_00321149;spire_mag_00321151;spire_mag_00321155,SAMN09092040,False,,0,False,
SRR7152121,PRJNA465667,SAMN09092241,89,spire_mag_00324360;spire_mag_00324362;spire_mag_00324365;spire_mag_00324366;spire_mag_00324369;spire_mag_00324371;spire_mag_00324372;spire_mag_00324374;spire_mag_00324381;spire_mag_00324382;spire_mag_00324383;spire_mag_00324384;spire_mag_00324388;spire_mag_00324389;spire_mag_00324391;spire_mag_00324392;spire_mag_00324396;spire_mag_00324398;spire_mag_00324399;spire_mag_00324401;spire_mag_00324404;spire_mag_00324405;spire_mag_00324410;spire_mag_00324411;spire_mag_00324413;spire_mag_00324414;spire_mag_00324415;spire_mag_00324416;spire_mag_00324418;spire_mag_00324421;spire_mag_00324423;spire_mag_00324425;spire_mag_00324427;spire_mag_00324431;spire_mag_00324433;spire_mag_00324434;spire_mag_00324435;spire_mag_00324440;spire_mag_00324441;spire_mag_00324443;spire_mag_00324446;spire_mag_00324451;spire_mag_00324452;spire_mag_00324453;spire_mag_00324455;spire_mag_00324456;spire_mag_00324458;spire_mag_00324461;spire_mag_00324466;spire_mag_00324468;spire_mag_00324470;spire_mag_00324472;spire_mag_00324473;spire_mag_00324474;spire_mag_00324478;spire_mag_00324479;spire_mag_00324480;spire_mag_00324484;spire_mag_00324487;spire_mag_00324490;spire_mag_00324492;spire_mag_00324494;spire_mag_00324496;spire_mag_00324497;spire_mag_00324503;spire_mag_00324504;spire_mag_00324507;spire_mag_00324508;spire_mag_00324509;spire_mag_00324511;spire_mag_00324512;spire_mag_00324516;spire_mag_00324517;spire_mag_00324518;spire_mag_00324519;spire_mag_00324523;spire_mag_00324524;spire_mag_00324527;spire_mag_00324529;spire_mag_00324531;spire_mag_00324532;spire_mag_00324537;spire_mag_00324540;spire_mag_00324542;spire_mag_00324546;spire_mag_00324549;spire_mag_00324550;spire_mag_00324552;spire_mag_00324553,SAMN09092241,False,,0,False,
SRR7152120,PRJNA465668,SAMN09092039,75,spire_mag_00321742;spire_mag_00321744;spire_mag_00321745;spire_mag_00321748;spire_mag_00321750;spire_mag_00321754;spire_mag_00321758;spire_mag_00321759;spire_mag_00321760;spire_mag_00321766;spire_mag_00321768;spire_mag_00321772;spire_mag_00321773;spire_mag_00321774;spire_mag_00321775;spire_mag_00321789;spire_mag_00321791;spire_mag_00321792;spire_mag_00321795;spire_mag_00321797;spire_mag_00321799;spire_mag_00321800;spire_mag_00321805;spire_mag_00321810;spire_mag_00321811;spire_mag_00321812;spire_mag_00321813;spire_mag_00321818;spire_mag_00321820;spire_mag_00321827;spire_mag_00321828;spire_mag_00321830;spire_mag_00321832;spire_mag_00321833;spire_mag_00321834;spire_mag_00321844;spire_mag_00321846;spire_mag_00321851;spire_mag_00321853;spire_mag_00321858;spire_mag_00321863;spire_mag_00321864;spire_mag_00321865;spire_mag_00321867;spire_mag_00321868;spire_mag_00321869;spire_mag_00321871;spire_mag_00321885;spire_mag_00321886;spire_mag_00321887;spire_mag_00321894;spire_mag_00321896;spire_mag_00321897;spire_mag_00321898;spire_mag_00321899;spire_mag_00321903;spire_mag_00321906;spire_mag_00321908;spire_mag_00321911;spire_mag_00321914;spire_mag_00321918;spire_mag_00321922;spire_mag_00321923;spire_mag_00321926;spire_mag_00321928;spire_mag_00321933;spire_mag_00321935;spire_mag_00321936;spire_mag_00321939;spire_mag_00321940;spire_mag_00321949;spire_mag_00321953;spire_mag_00321957;spire_mag_00321960;spire_mag_00321963,SAMN09092039,False,,0,False,
SRR7152119,PRJNA465669,SAMN09092014,66,spire_mag_00325724;spire_mag_00325725;spire_mag_00325728;spire_mag_00325738;spire_mag_00325740;spire_mag_00325743;spire_mag_00325744;spire_mag_00325745;spire_mag_00325746;spire_mag_00325748;spire_mag_00325769;spire_mag_00325774;spire_mag_00325782;spire_mag_00325784;spire_mag_00325786;spire_mag_00325788;spire_mag_00325789;spire_mag_00325794;spire_mag_00325796;spire_mag_00325797;spire_mag_00325798;spire_mag_00325800;spire_mag_00325809;spire_mag_00325816;spire_mag_00325818;spire_mag_00325819;spire_mag_00325821;spire_mag_00325823;spire_mag_00325827;spire_mag_00325830;spire_mag_00325832;spire_mag_00325833;spire_mag_00325836;spire_mag_00325838;spire_mag_00325841;spire_mag_00325844;spire_mag_00325846;spire_mag_00325847;spire_mag_00325848;spire_mag_00325849;spire_mag_00325853;spire_mag_00325855;spire_mag_00325857;spire_mag_00325859;spire_mag_00325863;spire_mag_00325865;spire_mag_00325866;spire_mag_00325873;spire_mag_00325874;spire_mag_00325875;spire_mag_00325877;spire_mag_00325883;spire_mag_00325891;spire_mag_00325899;spire_mag_00325902;spire_mag_00325904;spire_mag_00325905;spire_mag_00325908;spire_mag_00325910;spire_mag_00325915;spire_mag_00325918;spire_mag_00325919;spire_mag_00325920;spire_mag_00325925;spire_mag_00325927;spire_mag_00325933,SAMN09092014,False,,0,False,
SRR7152251,PRJNA465670,SAMN09092242,9,spire_mag_00322393;spire_mag_00322395;spire_mag_00322398;spire_mag_00322406;spire_mag_00322411;spire_mag_00322412;spire_mag_00322413;spire_mag_00322416;spire_mag_00322418,SAMN09092242,False,,0,False,
SRR7152297,PRJNA465671,SAMN09092243,5,spire_mag_00327476;spire_mag_00327488;spire_mag_00327492;spire_mag_00327495;spire_mag_00327498,SAMN09092243,False,,0,False,
SRR7152353,PRJNA465672,SAMN09092003,68,spire_mag_00323052;spire_mag_00323053;spire_mag_00323057;spire_mag_00323058;spire_mag_00323063;spire_mag_00323065;spire_mag_00323067;spire_mag_00323074;spire_mag_00323075;spire_mag_00323078;spire_mag_00323079;spire_mag_00323084;spire_mag_00323086;spire_mag_00323088;spire_mag_00323089;spire_mag_00323099;spire_mag_00323100;spire_mag_00323104;spire_mag_00323105;spire_mag_00323106;spire_mag_00323109;spire_mag_00323111;spire_mag_00323113;spire_mag_00323118;spire_mag_00323126;spire_mag_00323127;spire_mag_00323128;spire_mag_00323130;spire_mag_00323135;spire_mag_00323137;spire_mag_00323138;spire_mag_00323139;spire_mag_00323143;spire_mag_00323150;spire_mag_00323155;spire_mag_00323156;spire_mag_00323158;spire_mag_00323161;spire_mag_00323162;spire_mag_00323165;spire_mag_00323170;spire_mag_00323173;spire_mag_00323176;spire_mag_00323180;spire_mag_00323182;spire_mag_00323185;spire_mag_00323186;spire_mag_00323187;spire_mag_00323190;spire_mag_00323195;spire_mag_00323196;spire_mag_00323200;spire_mag_00323204;spire_mag_00323207;spire_mag_00323208;spire_mag_00323209;spire_mag_00323210;spire_mag_00323212;spire_mag_00323216;spire_mag_00323217;spire_mag_00323218;spire_mag_00323223;spire_mag_00323229;spire_mag_00323234;spire_mag_00323236;spire_mag_00323241;spire_mag_00323243;spire_mag_00323245,SAMN09092003,False,,0,False,
SRR7152439,PRJNA465673,SAMN09092002,57,spire_mag_00318456;spire_mag_00318462;spire_mag_00318470;spire_mag_00318478;spire_mag_00318483;spire_mag_00318484;spire_mag_00318493;spire_mag_00318494;spire_mag_00318498;spire_mag_00318512;spire_mag_00318519;spire_mag_00318521;spire_mag_00318522;spire_mag_00318525;spire_mag_00318529;spire_mag_00318530;spire_mag_00318532;spire_mag_00318535;spire_mag_00318536;spire_mag_00318537;spire_mag_00318542;spire_mag_00318546;spire_mag_00318548;spire_mag_00318550;spire_mag_00318553;spire_mag_00318555;spire_mag_00318557;spire_mag_00318559;spire_mag_00318560;spire_mag_00318562;spire_mag_00318563;spire_mag_00318569;spire_mag_00318571;spire_mag_00318572;spire_mag_00318582;spire_mag_00318583;spire_mag_00318584;spire_mag_00318592;spire_mag_00318597;spire_mag_00318599;spire_mag_00318601;spire_mag_00318605;spire_mag_00318606;spire_mag_00318608;spire_mag_00318612;spire_mag_00318614;spire_mag_00318618;spire_mag_00318619;spire_mag_00318620;spire_mag_00318623;spire_mag_00318626;spire_mag_00318630;spire_mag_00318631;spire_mag_00318635;spire_mag_00318639;spire_mag_00318646;spire_mag_00318650,SAMN09092002,False,,0,False,
SRR7152452,PRJNA465674,SAMN09092244,65,spire_mag_00319109;spire_mag_00319113;spire_mag_00319119;spire_mag_00319125;spire_mag_00319126;spire_mag_00319129;spire_mag_00319132;spire_mag_00319138;spire_mag_00319139;spire_mag_00319145;spire_mag_00319146;spire_mag_00319154;spire_mag_00319158;spire_mag_00319160;spire_mag_00319162;spire_mag_00319169;spire_mag_00319177;spire_mag_00319178;spire_mag_00319180;spire_mag_00319181;spire_mag_00319183;spire_mag_00319184;spire_mag_00319185;spire_mag_00319187;spire_mag_00319190;spire_mag_00319191;spire_mag_00319192;spire_mag_00319193;spire_mag_00319196;spire_mag_00319198;spire_mag_00319200;spire_mag_00319201;spire_mag_00319202;spire_mag_00319208;spire_mag_00319209;spire_mag_00319214;spire_mag_00319216;spire_mag_00319217;spire_mag_00319218;spire_mag_00319221;spire_mag_00319227;spire_mag_00319239;spire_mag_00319240;spire_mag_00319241;spire_mag_00319243;spire_mag_00319247;spire_mag_00319253;spire_mag_00319254;spire_mag_00319256;spire_mag_00319258;spire_mag_00319262;spire_mag_00319263;spire_mag_00319264;spire_mag_00319266;spire_mag_00319274;spire_mag_00319275;spire_mag_00319278;spire_mag_00319280;spire_mag_00319281;spire_mag_00319283;spire_mag_00319284;spire_mag_00319285;spire_mag_00319287;spire_mag_00319289;spire_mag_00319293,SAMN09092244,False,,0,False,
SRR7152503,PRJNA465675,SAMN09092001,75,spire_mag_00328235;spire_mag_00328237;spire_mag_00328239;spire_mag_00328240;spire_mag_00328245;spire_mag_00328247;spire_mag_00328249;spire_mag_00328253;spire_mag_00328261;spire_mag_00328262;spire_mag_00328264;spire_mag_00328267;spire_mag_00328269;spire_mag_00328270;spire_mag_00328272;spire_mag_00328278;spire_mag_00328279;spire_mag_00328281;spire_mag_00328282;spire_mag_00328283;spire_mag_00328284;spire_mag_00328292;spire_mag_00328296;spire_mag_00328297;spire_mag_00328298;spire_mag_00328303;spire_mag_00328304;spire_mag_00328310;spire_mag_00328312;spire_mag_00328314;spire_mag_00328318;spire_mag_00328319;spire_mag_00328321;spire_mag_00328323;spire_mag_00328324;spire_mag_00328327;spire_mag_00328330;spire_mag_00328333;spire_mag_00328334;spire_mag_00328335;spire_mag_00328336;spire_mag_00328337;spire_mag_00328338;spire_mag_00328340;spire_mag_00328342;spire_mag_00328343;spire_mag_00328344;spire_mag_00328346;spire_mag_00328348;spire_mag_00328351;spire_mag_00328353;spire_mag_00328354;spire_mag_00328357;spire_mag_00328362;spire_mag_00328365;spire_mag_00328373;spire_mag_00328376;spire_mag_00328379;spire_mag_00328382;spire_mag_00328384;spire_mag_00328389;spire_mag_00328391;spire_mag_00328393;spire_mag_00328394;spire_mag_00328395;spire_mag_00328398;spire_mag_00328400;spire_mag_00328401;spire_mag_00328407;spire_mag_00328411;spire_mag_00328415;spire_mag_00328418;spire_mag_00328419;spire_mag_00328423;spire_mag_00328426,SAMN09092001,False,,0,False,
SRR7152504,PRJNA465676,SAMN09092245,71,spire_mag_00323723;spire_mag_00323725;spire_mag_00323727;spire_mag_00323729;spire_mag_00323733;spire_mag_00323734;spire_mag_00323735;spire_mag_00323745;spire_mag_00323747;spire_mag_00323749;spire_mag_00323751;spire_mag_00323755;spire_mag_00323764;spire_mag_00323765;spire_mag_00323766;spire_mag_00323767;spire_mag_00323768;spire_mag_00323770;spire_mag_00323771;spire_mag_00323775;spire_mag_00323776;spire_mag_00323777;spire_mag_00323778;spire_mag_00323781;spire_mag_00323786;spire_mag_00323791;spire_mag_00323799;spire_mag_00323800;spire_mag_00323801;spire_mag_00323803;spire_mag_00323810;spire_mag_00323817;spire_mag_00323821;spire_mag_00323824;spire_mag_00323825;spire_mag_00323826;spire_mag_00323827;spire_mag_00323828;spire_mag_00323830;spire_mag_00323833;spire_mag_00323836;spire_mag_00323837;spire_mag_00323842;spire_mag_00323843;spire_mag_00323845;spire_mag_00323850;spire_mag_00323851;spire_mag_00323852;spire_mag_00323853;spire_mag_00323854;spire_mag_00323855;spire_mag_00323860;spire_mag_00323862;spire_mag_00323863;spire_mag_00323865;spire_mag_00323866;spire_mag_00323869;spire_mag_00323876;spire_mag_00323877;spire_mag_00323881;spire_mag_00323882;spire_mag_00323883;spire_mag_00323884;spire_mag_00323886;spire_mag_00323888;spire_mag_00323890;spire_mag_00323891;spire_mag_00323894;spire_mag_00323895;spire_mag_00323896;spire_mag_00323900,SAMN09092245,False,,0,False,
SRR7152676,PRJNA465678,SAMN09092253,72,spire_mag_00319297;spire_mag_00319301;spire_mag_00319306;spire_mag_00319307;spire_mag_00319309;spire_mag_00319310;spire_mag_00319312;spire_mag_00319313;spire_mag_00319319;spire_mag_00319320;spire_mag_00319321;spire_mag_00319325;spire_mag_00319330;spire_mag_00319332;spire_mag_00319333;spire_mag_00319339;spire_mag_00319344;spire_mag_00319347;spire_mag_00319349;spire_mag_00319352;spire_mag_00319354;spire_mag_00319356;spire_mag_00319359;spire_mag_00319364;spire_mag_00319365;spire_mag_00319371;spire_mag_00319377;spire_mag_00319379;spire_mag_00319381;spire_mag_00319383;spire_mag_00319385;spire_mag_00319388;spire_mag_00319391;spire_mag_00319399;spire_mag_00319403;spire_mag_00319406;spire_mag_00319407;spire_mag_00319408;spire_mag_00319412;spire_mag_00319414;spire_mag_00319416;spire_mag_00319417;spire_mag_00319426;spire_mag_00319427;spire_mag_00319428;spire_mag_00319430;spire_mag_00319440;spire_mag_00319445;spire_mag_00319446;spire_mag_00319447;spire_mag_00319452;spire_mag_00319453;spire_mag_00319455;spire_mag_00319456;spire_mag_00319458;spire_mag_00319460;spire_mag_00319465;spire_mag_00319467;spire_mag_00319468;spire_mag_00319471;spire_mag_00319473;spire_mag_00319476;spire_mag_00319482;spire_mag_00319489;spire_mag_00319490;spire_mag_00319493;spire_mag_00319495;spire_mag_00319497;spire_mag_00319500;spire_mag_00319501;spire_mag_00319503;spire_mag_00319505,SAMN09092253,False,,0,False,
SRR7152869,PRJNA465679,SAMN09091999,8,spire_mag_00319515;spire_mag_00319517;spire_mag_00319519;spire_mag_00319523;spire_mag_00319526;spire_mag_00319527;spire_mag_00319529;spire_mag_00319530,SAMN09091999,False,,0,False,
SRR7152995,PRJNA465682,SAMN09091986,93,spire_mag_00320036;spire_mag_00320043;spire_mag_00320047;spire_mag_00320050;spire_mag_00320055;spire_mag_00320056;spire_mag_00320063;spire_mag_00320073;spire_mag_00320078;spire_mag_00320080;spire_mag_00320084;spire_mag_00320085;spire_mag_00320087;spire_mag_00320088;spire_mag_00320091;spire_mag_00320094;spire_mag_00320096;spire_mag_00320097;spire_mag_00320101;spire_mag_00320102;spire_mag_00320104;spire_mag_00320105;spire_mag_00320106;spire_mag_00320108;spire_mag_00320112;spire_mag_00320115;spire_mag_00320116;spire_mag_00320117;spire_mag_00320122;spire_mag_00320126;spire_mag_00320127;spire_mag_00320128;spire_mag_00320129;spire_mag_00320133;spire_mag_00320134;spire_mag_00320135;spire_mag_00320136;spire_mag_00320137;spire_mag_00320138;spire_mag_00320140;spire_mag_00320141;spire_mag_00320142;spire_mag_00320143;spire_mag_00320144;spire_mag_00320149;spire_mag_00320150;spire_mag_00320152;spire_mag_00320156;spire_mag_00320158;spire_mag_00320163;spire_mag_00320165;spire_mag_00320167;spire_mag_00320169;spire_mag_00320170;spire_mag_00320176;spire_mag_00320178;spire_mag_00320179;spire_mag_00320183;spire_mag_00320185;spire_mag_00320188;spire_mag_00320189;spire_mag_00320194;spire_mag_00320197;spire_mag_00320199;spire_mag_00320200;spire_mag_00320202;spire_mag_00320203;spire_mag_00320204;spire_mag_00320210;spire_mag_00320212;spire_mag_00320214;spire_mag_00320215;spire_mag_00320216;spire_mag_00320218;spire_mag_00320220;spire_mag_00320226;spire_mag_00320230;spire_mag_00320232;spire_mag_00320233;spire_mag_00320236;spire_mag_00320240;spire_mag_00320247;spire_mag_00320249;spire_mag_00320251;spire_mag_00320252;spire_mag_00320256;spire_mag_00320257;spire_mag_00320258;spire_mag_00320259;spire_mag_00320260;spire_mag_00320263;spire_mag_00320266;spire_mag_00320267,SAMN09091986,False,,0,False,
SRR7153117,PRJNA465683,SAMN09092255,93,spire_mag_00322182;spire_mag_00322184;spire_mag_00322185;spire_mag_00322189;spire_mag_00322191;spire_mag_00322192;spire_mag_00322195;spire_mag_00322198;spire_mag_00322199;spire_mag_00322202;spire_mag_00322207;spire_mag_00322208;spire_mag_00322210;spire_mag_00322212;spire_mag_00322218;spire_mag_00322220;spire_mag_00322222;spire_mag_00322223;spire_mag_00322224;spire_mag_00322231;spire_mag_00322232;spire_mag_00322234;spire_mag_00322236;spire_mag_00322239;spire_mag_00322240;spire_mag_00322241;spire_mag_00322242;spire_mag_00322244;spire_mag_00322245;spire_mag_00322247;spire_mag_00322248;spire_mag_00322250;spire_mag_00322251;spire_mag_00322253;spire_mag_00322258;spire_mag_00322259;spire_mag_00322260;spire_mag_00322262;spire_mag_00322265;spire_mag_00322267;spire_mag_00322271;spire_mag_00322272;spire_mag_00322273;spire_mag_00322274;spire_mag_00322275;spire_mag_00322277;spire_mag_00322279;spire_mag_00322280;spire_mag_00322282;spire_mag_00322284;spire_mag_00322288;spire_mag_00322289;spire_mag_00322290;spire_mag_00322291;spire_mag_00322292;spire_mag_00322294;spire_mag_00322295;spire_mag_00322299;spire_mag_00322302;spire_mag_00322304;spire_mag_00322308;spire_mag_00322309;spire_mag_00322310;spire_mag_00322311;spire_mag_00322312;spire_mag_00322316;spire_mag_00322318;spire_mag_00322322;spire_mag_00322324;spire_mag_00322329;spire_mag_00322330;spire_mag_00322331;spire_mag_00322334;spire_mag_00322335;spire_mag_00322336;spire_mag_00322337;spire_mag_00322339;spire_mag_00322341;spire_mag_00322344;spire_mag_00322349;spire_mag_00322351;spire_mag_00322352;spire_mag_00322354;spire_mag_00322358;spire_mag_00322366;spire_mag_00322369;spire_mag_00322371;spire_mag_00322372;spire_mag_00322378;spire_mag_00322384;spire_mag_00322387;spire_mag_00322388;spire_mag_00322392,SAMN09092255,False,,0,False,
SRR7154838,PRJNA465684,SAMN09092038,94,spire_mag_00323902;spire_mag_00323903;spire_mag_00323905;spire_mag_00323907;spire_mag_00323908;spire_mag_00323913;spire_mag_00323915;spire_mag_00323916;spire_mag_00323924;spire_mag_00323928;spire_mag_00323929;spire_mag_00323930;spire_mag_00323938;spire_mag_00323939;spire_mag_00323941;spire_mag_00323944;spire_mag_00323945;spire_mag_00323947;spire_mag_00323951;spire_mag_00323953;spire_mag_00323956;spire_mag_00323958;spire_mag_00323962;spire_mag_00323964;spire_mag_00323966;spire_mag_00323967;spire_mag_00323968;spire_mag_00323969;spire_mag_00323973;spire_mag_00323974;spire_mag_00323975;spire_mag_00323977;spire_mag_00323978;spire_mag_00323979;spire_mag_00323986;spire_mag_00323987;spire_mag_00323991;spire_mag_00323995;spire_mag_00323996;spire_mag_00323997;spire_mag_00324001;spire_mag_00324004;spire_mag_00324005;spire_mag_00324009;spire_mag_00324011;spire_mag_00324012;spire_mag_00324013;spire_mag_00324015;spire_mag_00324017;spire_mag_00324022;spire_mag_00324025;spire_mag_00324028;spire_mag_00324029;spire_mag_00324031;spire_mag_00324032;spire_mag_00324035;spire_mag_00324037;spire_mag_00324039;spire_mag_00324040;spire_mag_00324041;spire_mag_00324044;spire_mag_00324045;spire_mag_00324049;spire_mag_00324050;spire_mag_00324051;spire_mag_00324053;spire_mag_00324055;spire_mag_00324058;spire_mag_00324059;spire_mag_00324060;spire_mag_00324062;spire_mag_00324065;spire_mag_00324072;spire_mag_00324074;spire_mag_00324076;spire_mag_00324077;spire_mag_00324081;spire_mag_00324084;spire_mag_00324086;spire_mag_00324089;spire_mag_00324090;spire_mag_00324095;spire_mag_00324096;spire_mag_00324097;spire_mag_00324100;spire_mag_00324101;spire_mag_00324102;spire_mag_00324103;spire_mag_00324105;spire_mag_00324107;spire_mag_00324108;spire_mag_00324111;spire_mag_00324114;spire_mag_00324115,SAMN09092038,False,,0,False,
SRR7154800,PRJNA465685,SAMN09092256,80,spire_mag_00326817;spire_mag_00326819;spire_mag_00326820;spire_mag_00326822;spire_mag_00326823;spire_mag_00326829;spire_mag_00326832;spire_mag_00326836;spire_mag_00326842;spire_mag_00326845;spire_mag_00326851;spire_mag_00326852;spire_mag_00326853;spire_mag_00326855;spire_mag_00326857;spire_mag_00326859;spire_mag_00326861;spire_mag_00326863;spire_mag_00326866;spire_mag_00326871;spire_mag_00326872;spire_mag_00326874;spire_mag_00326878;spire_mag_00326882;spire_mag_00326884;spire_mag_00326888;spire_mag_00326890;spire_mag_00326891;spire_mag_00326893;spire_mag_00326894;spire_mag_00326897;spire_mag_00326900;spire_mag_00326907;spire_mag_00326910;spire_mag_00326914;spire_mag_00326915;spire_mag_00326919;spire_mag_00326924;spire_mag_00326925;spire_mag_00326930;spire_mag_00326931;spire_mag_00326932;spire_mag_00326933;spire_mag_00326935;spire_mag_00326936;spire_mag_00326938;spire_mag_00326939;spire_mag_00326946;spire_mag_00326952;spire_mag_00326953;spire_mag_00326958;spire_mag_00326959;spire_mag_00326960;spire_mag_00326962;spire_mag_00326964;spire_mag_00326968;spire_mag_00326972;spire_mag_00326973;spire_mag_00326974;spire_mag_00326978;spire_mag_00326979;spire_mag_00326992;spire_mag_00326996;spire_mag_00326997;spire_mag_00326998;spire_mag_00327001;spire_mag_00327002;spire_mag_00327006;spire_mag_00327013;spire_mag_00327019;spire_mag_00327021;spire_mag_00327024;spire_mag_00327030;spire_mag_00327037;spire_mag_00327038;spire_mag_00327039;spire_mag_00327041;spire_mag_00327045;spire_mag_00327048;spire_mag_00327049,SAMN09092256,False,,0,False,
SRR7154831,PRJNA465686,SAMN09092257,91,spire_mag_00320678;spire_mag_00320679;spire_mag_00320688;spire_mag_00320690;spire_mag_00320692;spire_mag_00320694;spire_mag_00320695;spire_mag_00320696;spire_mag_00320698;spire_mag_00320700;spire_mag_00320702;spire_mag_00320703;spire_mag_00320708;spire_mag_00320712;spire_mag_00320713;spire_mag_00320715;spire_mag_00320719;spire_mag_00320723;spire_mag_00320725;spire_mag_00320729;spire_mag_00320731;spire_mag_00320732;spire_mag_00320738;spire_mag_00320741;spire_mag_00320743;spire_mag_00320744;spire_mag_00320745;spire_mag_00320750;spire_mag_00320753;spire_mag_00320756;spire_mag_00320758;spire_mag_00320765;spire_mag_00320767;spire_mag_00320768;spire_mag_00320773;spire_mag_00320775;spire_mag_00320780;spire_mag_00320785;spire_mag_00320786;spire_mag_00320792;spire_mag_00320794;spire_mag_00320796;spire_mag_00320797;spire_mag_00320798;spire_mag_00320799;spire_mag_00320800;spire_mag_00320802;spire_mag_00320811;spire_mag_00320814;spire_mag_00320815;spire_mag_00320816;spire_mag_00320820;spire_mag_00320822;spire_mag_00320823;spire_mag_00320824;spire_mag_00320826;spire_mag_00320827;spire_mag_00320830;spire_mag_00320831;spire_mag_00320832;spire_mag_00320837;spire_mag_00320839;spire_mag_00320840;spire_mag_00320843;spire_mag_00320845;spire_mag_00320847;spire_mag_00320848;spire_mag_00320861;spire_mag_00320864;spire_mag_00320865;spire_mag_00320868;spire_mag_00320872;spire_mag_00320873;spire_mag_00320875;spire_mag_00320876;spire_mag_00320881;spire_mag_00320883;spire_mag_00320885;spire_mag_00320886;spire_mag_00320892;spire_mag_00320894;spire_mag_00320895;spire_mag_00320896;spire_mag_00320897;spire_mag_00320900;spire_mag_00320905;spire_mag_00320910;spire_mag_00320914;spire_mag_00320918;spire_mag_00320922;spire_mag_00320927,SAMN09092257,False,,0,False,
SRR7154798,PRJNA465687,SAMN09091985,86,spire_mag_00325935;spire_mag_00325942;spire_mag_00325943;spire_mag_00325946;spire_mag_00325948;spire_mag_00325952;spire_mag_00325954;spire_mag_00325955;spire_mag_00325957;spire_mag_00325964;spire_mag_00325966;spire_mag_00325967;spire_mag_00325975;spire_mag_00325981;spire_mag_00325986;spire_mag_00325988;spire_mag_00325989;spire_mag_00325990;spire_mag_00325991;spire_mag_00325992;spire_mag_00325993;spire_mag_00325994;spire_mag_00326000;spire_mag_00326003;spire_mag_00326005;spire_mag_00326006;spire_mag_00326007;spire_mag_00326008;spire_mag_00326011;spire_mag_00326014;spire_mag_00326020;spire_mag_00326021;spire_mag_00326022;spire_mag_00326026;spire_mag_00326028;spire_mag_00326031;spire_mag_00326032;spire_mag_00326034;spire_mag_00326037;spire_mag_00326041;spire_mag_00326049;spire_mag_00326050;spire_mag_00326051;spire_mag_00326052;spire_mag_00326054;spire_mag_00326055;spire_mag_00326057;spire_mag_00326058;spire_mag_00326059;spire_mag_00326064;spire_mag_00326065;spire_mag_00326071;spire_mag_00326072;spire_mag_00326074;spire_mag_00326075;spire_mag_00326081;spire_mag_00326087;spire_mag_00326094;spire_mag_00326097;spire_mag_00326098;spire_mag_00326099;spire_mag_00326100;spire_mag_00326104;spire_mag_00326105;spire_mag_00326107;spire_mag_00326111;spire_mag_00326113;spire_mag_00326115;spire_mag_00326122;spire_mag_00326123;spire_mag_00326130;spire_mag_00326131;spire_mag_00326132;spire_mag_00326133;spire_mag_00326136;spire_mag_00326139;spire_mag_00326141;spire_mag_00326145;spire_mag_00326148;spire_mag_00326149;spire_mag_00326152;spire_mag_00326159;spire_mag_00326160;spire_mag_00326161;spire_mag_00326162;spire_mag_00326179,SAMN09091985,False,,0,False,
SRR7154837,PRJNA465689,SAMN09092258,69,spire_mag_00324959;spire_mag_00324961;spire_mag_00324962;spire_mag_00324970;spire_mag_00324972;spire_mag_00324975;spire_mag_00324979;spire_mag_00324981;spire_mag_00324985;spire_mag_00324988;spire_mag_00324989;spire_mag_00324990;spire_mag_00324991;spire_mag_00324993;spire_mag_00324996;spire_mag_00324997;spire_mag_00325003;spire_mag_00325005;spire_mag_00325006;spire_mag_00325007;spire_mag_00325009;spire_mag_00325011;spire_mag_00325015;spire_mag_00325020;spire_mag_00325022;spire_mag_00325023;spire_mag_00325024;spire_mag_00325028;spire_mag_00325030;spire_mag_00325031;spire_mag_00325034;spire_mag_00325036;spire_mag_00325037;spire_mag_00325042;spire_mag_00325043;spire_mag_00325046;spire_mag_00325048;spire_mag_00325050;spire_mag_00325051;spire_mag_00325054;spire_mag_00325055;spire_mag_00325057;spire_mag_00325058;spire_mag_00325062;spire_mag_00325066;spire_mag_00325070;spire_mag_00325073;spire_mag_00325074;spire_mag_00325077;spire_mag_00325079;spire_mag_00325080;spire_mag_00325088;spire_mag_00325089;spire_mag_00325090;spire_mag_00325091;spire_mag_00325095;spire_mag_00325097;spire_mag_00325099;spire_mag_00325103;spire_mag_00325104;spire_mag_00325106;spire_mag_00325107;spire_mag_00325109;spire_mag_00325111;spire_mag_00325114;spire_mag_00325118;spire_mag_00325122;spire_mag_00325124;spire_mag_00325125,SAMN09092258,False,,0,False,
SRR7162755,PRJNA465690,SAMN09091984,81,spire_mag_00321537;spire_mag_00321542;spire_mag_00321543;spire_mag_00321544;spire_mag_00321546;spire_mag_00321547;spire_mag_00321551;spire_mag_00321556;spire_mag_00321561;spire_mag_00321563;spire_mag_00321565;spire_mag_00321566;spire_mag_00321568;spire_mag_00321569;spire_mag_00321571;spire_mag_00321574;spire_mag_00321575;spire_mag_00321576;spire_mag_00321578;spire_mag_00321579;spire_mag_00321581;spire_mag_00321583;spire_mag_00321587;spire_mag_00321588;spire_mag_00321589;spire_mag_00321591;spire_mag_00321596;spire_mag_00321597;spire_mag_00321600;spire_mag_00321609;spire_mag_00321610;spire_mag_00321612;spire_mag_00321618;spire_mag_00321619;spire_mag_00321627;spire_mag_00321628;spire_mag_00321633;spire_mag_00321636;spire_mag_00321637;spire_mag_00321639;spire_mag_00321640;spire_mag_00321641;spire_mag_00321642;spire_mag_00321643;spire_mag_00321644;spire_mag_00321646;spire_mag_00321650;spire_mag_00321657;spire_mag_00321659;spire_mag_00321660;spire_mag_00321662;spire_mag_00321665;spire_mag_00321666;spire_mag_00321672;spire_mag_00321674;spire_mag_00321675;spire_mag_00321677;spire_mag_00321679;spire_mag_00321680;spire_mag_00321683;spire_mag_00321684;spire_mag_00321686;spire_mag_00321690;spire_mag_00321691;spire_mag_00321694;spire_mag_00321699;spire_mag_00321702;spire_mag_00321708;spire_mag_00321710;spire_mag_00321712;spire_mag_00321713;spire_mag_00321715;spire_mag_00321716;spire_mag_00321718;spire_mag_00321720;spire_mag_00321723;spire_mag_00321725;spire_mag_00321727;spire_mag_00321731;spire_mag_00321733;spire_mag_00321734,SAMN09091984,False,,0,False,
SRR7162752,PRJNA465691,SAMN09091983,81,spire_mag_00323285;spire_mag_00323291;spire_mag_00323292;spire_mag_00323293;spire_mag_00323295;spire_mag_00323296;spire_mag_00323300;spire_mag_00323301;spire_mag_00323302;spire_mag_00323312;spire_mag_00323314;spire_mag_00323317;spire_mag_00323319;spire_mag_00323321;spire_mag_00323323;spire_mag_00323324;spire_mag_00323326;spire_mag_00323328;spire_mag_00323329;spire_mag_00323330;spire_mag_00323331;spire_mag_00323332;spire_mag_00323335;spire_mag_00323338;spire_mag_00323339;spire_mag_00323340;spire_mag_00323343;spire_mag_00323344;spire_mag_00323345;spire_mag_00323348;spire_mag_00323349;spire_mag_00323354;spire_mag_00323359;spire_mag_00323362;spire_mag_00323364;spire_mag_00323366;spire_mag_00323367;spire_mag_00323371;spire_mag_00323372;spire_mag_00323374;spire_mag_00323381;spire_mag_00323382;spire_mag_00323386;spire_mag_00323387;spire_mag_00323389;spire_mag_00323390;spire_mag_00323393;spire_mag_00323396;spire_mag_00323400;spire_mag_00323408;spire_mag_00323411;spire_mag_00323414;spire_mag_00323417;spire_mag_00323420;spire_mag_00323422;spire_mag_00323423;spire_mag_00323424;spire_mag_00323426;spire_mag_00323427;spire_mag_00323428;spire_mag_00323429;spire_mag_00323431;spire_mag_00323432;spire_mag_00323434;spire_mag_00323435;spire_mag_00323437;spire_mag_00323438;spire_mag_00323439;spire_mag_00323444;spire_mag_00323446;spire_mag_00323450;spire_mag_00323454;spire_mag_00323458;spire_mag_00323459;spire_mag_00323460;spire_mag_00323461;spire_mag_00323463;spire_mag_00323464;spire_mag_00323465;spire_mag_00323471;spire_mag_00323473,SAMN09091983,False,,0,False,
SRR7162754,PRJNA465692,SAMN09092027,74,spire_mag_00327279;spire_mag_00327281;spire_mag_00327285;spire_mag_00327287;spire_mag_00327291;spire_mag_00327305;spire_mag_00327309;spire_mag_00327314;spire_mag_00327318;spire_mag_00327319;spire_mag_00327320;spire_mag_00327321;spire_mag_00327324;spire_mag_00327326;spire_mag_00327327;spire_mag_00327329;spire_mag_00327330;spire_mag_00327331;spire_mag_00327333;spire_mag_00327344;spire_mag_00327346;spire_mag_00327347;spire_mag_00327349;spire_mag_00327350;spire_mag_00327351;spire_mag_00327353;spire_mag_00327354;spire_mag_00327359;spire_mag_00327360;spire_mag_00327364;spire_mag_00327366;spire_mag_00327367;spire_mag_00327372;spire_mag_00327374;spire_mag_00327376;spire_mag_00327382;spire_mag_00327386;spire_mag_00327387;spire_mag_00327388;spire_mag_00327389;spire_mag_00327397;spire_mag_00327398;spire_mag_00327399;spire_mag_00327400;spire_mag_00327401;spire_mag_00327403;spire_mag_00327404;spire_mag_00327407;spire_mag_00327413;spire_mag_00327418;spire_mag_00327421;spire_mag_00327423;spire_mag_00327424;spire_mag_00327426;spire_mag_00327429;spire_mag_00327431;spire_mag_00327433;spire_mag_00327434;spire_mag_00327435;spire_mag_00327439;spire_mag_00327442;spire_mag_00327444;spire_mag_00327445;spire_mag_00327449;spire_mag_00327450;spire_mag_00327452;spire_mag_00327453;spire_mag_00327460;spire_mag_00327461;spire_mag_00327466;spire_mag_00327467;spire_mag_00327469;spire_mag_00327472;spire_mag_00327473,SAMN09092027,False,,0,False,
SRR7497675,PRJNA465894,SAMN09200282,3,spire_mag_01922297;spire_mag_01922298;spire_mag_01922299,SAMN09200282,False,,0,False,
SRR7497677,PRJNA465895,SAMN09202571,3,spire_mag_01922124;spire_mag_01922125;spire_mag_01922132,SAMN09202571,False,,0,False,
SRR7497678,PRJNA465896,SAMN09200423,6,spire_mag_01922261;spire_mag_01922262;spire_mag_01922265;spire_mag_01922268;spire_mag_01922270;spire_mag_01922274,SAMN09200423,False,,0,False,
SRR7497679,PRJNA465897,SAMN09200281,5,spire_mag_01922049;spire_mag_01922052;spire_mag_01922055;spire_mag_01922059;spire_mag_01922061,SAMN09200281,False,,0,False,
SRR7497680,PRJNA465898,SAMN09200422,11,spire_mag_01922374;spire_mag_01922378;spire_mag_01922381;spire_mag_01922385;spire_mag_01922388;spire_mag_01922389;spire_mag_01922390;spire_mag_01922391;spire_mag_01922394;spire_mag_01922398;spire_mag_01922399,SAMN09200422,False,,0,False,
SRR7497728,PRJNA465899,SAMN09202572,1,spire_mag_01922353,SAMN09202572,False,,0,False,
SRR7497722,PRJNA465900,SAMN09200280,2,spire_mag_01922488;spire_mag_01922492,SAMN09200280,False,,0,False,
SRR7497727,PRJNA465902,SAMN09202573,13,spire_mag_01922231;spire_mag_01922235;spire_mag_01922237;spire_mag_01922240;spire_mag_01922241;spire_mag_01922242;spire_mag_01922243;spire_mag_01922248;spire_mag_01922250;spire_mag_01922252;spire_mag_01922253;spire_mag_01922254;spire_mag_01922255,SAMN09202573,False,,0,False,
SRR7497946,PRJNA465903,SAMN09200421,9,spire_mag_01922134;spire_mag_01922135;spire_mag_01922136;spire_mag_01922143;spire_mag_01922144;spire_mag_01922146;spire_mag_01922148;spire_mag_01922150;spire_mag_01922151,SAMN09200421,False,,0,False,
SRR7497948,PRJNA465904,SAMN09200348,10,spire_mag_01922076;spire_mag_01922077;spire_mag_01922079;spire_mag_01922081;spire_mag_01922086;spire_mag_01922088;spire_mag_01922090;spire_mag_01922091;spire_mag_01922093;spire_mag_01922102,SAMN09200348,False,,0,False,
SRR7497947,PRJNA465905,SAMN09200279,5,spire_mag_01922474;spire_mag_01922478;spire_mag_01922479;spire_mag_01922482;spire_mag_01922483,SAMN09200279,False,,0,False,
SRR7498026,PRJNA465906,SAMN09200420,9,spire_mag_01922426;spire_mag_01922427;spire_mag_01922431;spire_mag_01922433;spire_mag_01922434;spire_mag_01922438;spire_mag_01922439;spire_mag_01922441;spire_mag_01922443,SAMN09200420,False,,0,False,
SRR7498049,PRJNA465907,SAMN09202722,5,spire_mag_01922154;spire_mag_01922157;spire_mag_01922160;spire_mag_01922162;spire_mag_01922165,SAMN09202722,False,,0,False,
SRR7498056,PRJNA465909,SAMN09202730,12,spire_mag_01922308;spire_mag_01922309;spire_mag_01922310;spire_mag_01922312;spire_mag_01922316;spire_mag_01922317;spire_mag_01922318;spire_mag_01922321;spire_mag_01922334;spire_mag_01922338;spire_mag_01922343;spire_mag_01922345,SAMN09202730,False,,0,False,
SRR7498050,PRJNA465910,SAMN09200419,3,spire_mag_01922416;spire_mag_01922417;spire_mag_01922424,SAMN09200419,False,,0,False,
SRR7499255,PRJNA465911,SAMN09200278,8,spire_mag_01922198;spire_mag_01922205;spire_mag_01922214;spire_mag_01922219;spire_mag_01922220;spire_mag_01922221;spire_mag_01922222;spire_mag_01922223,SAMN09200278,False,,0,False,
SRR7499979,PRJNA465914,SAMN09202575,4,spire_mag_01922064;spire_mag_01922065;spire_mag_01922070;spire_mag_01922071,SAMN09202575,False,,0,False,
SRR7499980,PRJNA465915,SAMN09200276,5,spire_mag_01922103;spire_mag_01922107;spire_mag_01922109;spire_mag_01922111;spire_mag_01922115,SAMN09200276,False,,0,False,
SRR7500322,PRJNA465916,SAMN09200338,5,spire_mag_01922400;spire_mag_01922402;spire_mag_01922403;spire_mag_01922405;spire_mag_01922408,SAMN09200338,False,,0,False,
SRR7500465,PRJNA465917,SAMN09202731,8,spire_mag_01922181;spire_mag_01922182;spire_mag_01922183;spire_mag_01922184;spire_mag_01922189;spire_mag_01922191;spire_mag_01922194;spire_mag_01922195,SAMN09202731,False,,0,False,
SRR7963040,PRJNA469264,SAMN09093879,0,,,False,,0,False,
SRR7963043,PRJNA469265,SAMN09094581,0,,,False,,0,False,
SRR7963107,PRJNA469266,SAMN09093878,0,,,False,,0,False,
SRR10968141,PRJNA567119,SAMN12794411,0,,,False,,0,False,
SRR11837213,PRJNA618890,SAMN14512427,0,,,False,,0,False,
SRR11837214,PRJNA618891,SAMN14513307,0,,,False,,0,False,
SRR11837216,PRJNA618892,SAMN14513147,0,,,False,,0,False,
SRR11837300,PRJNA618893,SAMN14513136,0,,,False,,0,False,
SRR11837301,PRJNA618894,SAMN14512290,0,,,False,,0,False,
SRR11837302,PRJNA618895,SAMN14512295,0,,,False,,0,False,
SRR11837370,PRJNA618896,SAMN14513141,0,,,False,,0,False,
SRR11837387,PRJNA618897,SAMN14513304,0,,,False,,0,False,
SRR11837388,PRJNA618898,SAMN14512977,0,,,False,,0,False,
SRR11837389,PRJNA618899,SAMN14513140,0,,,False,,0,False,
SRR11837390,PRJNA618900,SAMN14513134,0,,,False,,0,False,
SRR11837391,PRJNA618901,SAMN14512976,0,,,False,,0,False,
SRR11837428,PRJNA618951,SAMN14512605,0,,,False,,0,False,
SRR11837452,PRJNA618952,SAMN14512607,0,,,False,,0,False,
SRR11837429,PRJNA618953,SAMN14512604,0,,,False,,0,False,
SRR11837453,PRJNA618954,SAMN14512439,0,,,False,,0,False,
SRR11837467,PRJNA618955,SAMN14513135,0,,,False,,0,False,
SRR11837469,PRJNA618957,SAMN14512087,0,,,False,,0,False,
SRR11837470,PRJNA618958,SAMN14512965,0,,,False,,0,False,
SRR11837471,PRJNA618959,SAMN14512660,0,,,False,,0,False,
SRR11837711,PRJNA618960,SAMN14512298,0,,,False,,0,False,
SRR11837737,PRJNA618961,SAMN14513301,0,,,False,,0,False,
SRR11837712,PRJNA618962,SAMN14512291,0,,,False,,0,False,
SRR12172649,PRJNA644538,SAMN15464640,0,,,False,,0,False,
SRR12172648,PRJNA644538,SAMN15464641,0,,,False,,0,False,
SRR13768066,PRJNA703972,SAMN18029233,0,,,False,,0,False,
SRR13768059,PRJNA703972,SAMN18029239,0,,,False,,0,False,
SRR13768069,PRJNA703972,SAMN18029230,0,,,False,,0,False,
SRR13768073,PRJNA703972,SAMN18029218,0,,,False,,0,False,
SRR13768053,PRJNA703972,SAMN18029224,0,,,False,,0,False,
SRR13768056,PRJNA703972,SAMN18029221,0,,,False,,0,False,
SRR13768050,PRJNA703972,SAMN18029227,0,,,False,,0,False,
SRR13768063,PRJNA703972,SAMN18029236,0,,,False,,0,False,
SRR15677234,PRJNA728365,SAMN21157292,0,,,False,,0,False,
SRR15677224,PRJNA728365,SAMN21157301,35,spire_mag_02191599;spire_mag_02191601;spire_mag_02191603;spire_mag_02191605;spire_mag_02191606;spire_mag_02191609;spire_mag_02191610;spire_mag_02191613;spire_mag_02191614;spire_mag_02191620;spire_mag_02191628;spire_mag_02191637;spire_mag_02191639;spire_mag_02191644;spire_mag_02191645;spire_mag_02191648;spire_mag_02191649;spire_mag_02191650;spire_mag_02191654;spire_mag_02191656;spire_mag_02191659;spire_mag_02191662;spire_mag_02191665;spire_mag_02191666;spire_mag_02191667;spire_mag_02191670;spire_mag_02191671;spire_mag_02191672;spire_mag_02191673;spire_mag_02191675;spire_mag_02191677;spire_mag_02191678;spire_mag_02191679;spire_mag_02191680;spire_mag_02191682,SAMN21157301,False,,0,False,
SRR15677231,PRJNA728365,SAMN21157294,0,,,False,,0,False,
SRR15677225,PRJNA728365,SAMN21157300,0,,,False,,0,False,
SRR15677230,PRJNA728365,SAMN21157295,0,,,False,,0,False,
SRR15677227,PRJNA728365,SAMN21157298,0,,,False,,0,False,
SRR15677229,PRJNA728365,SAMN21157296,0,,,False,,0,False,
SRR15677228,PRJNA728365,SAMN21157297,0,,,False,,0,False,
SRR15677232,PRJNA728365,SAMN21157293,0,,,False,,0,False,
SRR15532675,PRJNA756367,SAMN20864073,0,,,False,,0,False,
SRR15532676,PRJNA756367,SAMN20864073,0,,,False,,0,False,
SRR15532677,PRJNA756367,SAMN20864072,0,,,False,,0,False,
SRR15532678,PRJNA756367,SAMN20864072,0,,,False,,0,False,
SRR15532679,PRJNA756367,SAMN20864071,0,,,False,,0,False,
SRR15532680,PRJNA756367,SAMN20864071,0,,,False,,0,False,
SRR15532681,PRJNA756367,SAMN20864070,0,,,False,,0,False,
SRR15532682,PRJNA756367,SAMN20864070,0,,,False,,0,False,
SRR22197666,PRJNA898361,SAMN31612628,0,,,False,,0,False,
SRR22197661,PRJNA898361,SAMN31612633,0,,,False,,0,False,
SRR8556257,PRJNA518257,SAMN10864108,0,,,False,,0,False,
SRR8556254,PRJNA518258,SAMN10864264,0,,,False,,0,False,
SRR8556427,PRJNA518259,SAMN10864095,0,,,False,,0,False,
SRR8556428,PRJNA518260,SAMN10864162,0,,,False,,0,False,
SRR8556600,PRJNA518262,SAMN10864381,0,,,False,,0,False,
SRR8556601,PRJNA518263,SAMN10864161,0,,,False,,0,False,
SRR8556609,PRJNA518265,SAMN10864265,0,,,False,,0,False,
SRR8556606,PRJNA518266,SAMN10864160,0,,,False,,0,False,
SRR8556611,PRJNA518267,SAMN10864266,0,,,False,,0,False,
SRR8556696,PRJNA518268,SAMN10864094,0,,,False,,0,False,
SRR8556701,PRJNA518270,SAMN10864093,0,,,False,,0,False,
SRR8556706,PRJNA518272,SAMN10864159,0,,,False,,0,False,
SRR8556705,PRJNA518273,SAMN10864267,0,,,False,,0,False,
SRR8556703,PRJNA518274,SAMN10864158,0,,,False,,0,False,
SRR8556771,PRJNA518275,SAMN10864203,0,,,False,,0,False,
SRR8556772,PRJNA518277,SAMN10864156,0,,,False,,0,False,
SRR8557033,PRJNA518278,SAMN10864092,0,,,False,,0,False,
SRR8557363,PRJNA518281,SAMN10864091,0,,,False,,0,False,
SRR8557365,PRJNA518283,SAMN10864403,0,,,False,,0,False,
SRR8557364,PRJNA518284,SAMN10864090,0,,,False,,0,False,
SRR8557488,PRJNA518285,SAMN10864088,0,,,False,,0,False,
SRR9700687,PRJNA539482,SAMN11532455,0,,,False,,0,False,
SRR9700626,PRJNA539483,SAMN11530061,0,,,False,,0,False,
SRR9700623,PRJNA539484,SAMN11530032,0,,,False,,0,False,
SRR9700688,PRJNA539485,SAMN11532780,0,,,False,,0,False,
SRR9700529,PRJNA539486,SAMN11533259,0,,,False,,0,False,
SRR9700625,PRJNA539487,SAMN11532270,0,,,False,,0,False,
SRR9700627,PRJNA539488,SAMN11533387,0,,,False,,0,False,
SRR9705675,PRJNA539490,SAMN11532790,0,,,False,,0,False,
SRR9705733,PRJNA539492,SAMN11532670,0,,,False,,0,False,
SRR9707467,PRJNA539495,SAMN11533260,0,,,False,,0,False,
SRR9709000,PRJNA539498,SAMN11533358,0,,,False,,0,False,
SRR9710038,PRJNA539499,SAMN11533258,0,,,False,,0,False,
SRR9710522,PRJNA539500,SAMN11532328,0,,,False,,0,False,
SRR9710542,PRJNA539501,SAMN11532172,0,,,False,,0,False,
SRR9710561,PRJNA539502,SAMN11532904,0,,,False,,0,False,
SRR9710702,PRJNA539503,SAMN11532497,0,,,False,,0,False,
SRR9710701,PRJNA539504,SAMN11530449,0,,,False,,0,False,
SRR9023183,PRJNA539593,SAMN11532735,0,,,False,,0,False,
SRR11827248,PRJNA620414,SAMN14511068,0,,,False,,0,False,
SRR11827249,PRJNA620415,SAMN14511157,0,,,False,,0,False,
SRR11828457,PRJNA620416,SAMN14511105,0,,,False,,0,False,
SRR11828592,PRJNA620417,SAMN14511190,0,,,False,,0,False,
SRR11828804,PRJNA620420,SAMN14511266,0,,,False,,0,False,
SRR11828890,PRJNA620421,SAMN14511067,0,,,False,,0,False,
SRR11828899,PRJNA620423,SAMN14511066,0,,,False,,0,False,
SRR11828906,PRJNA620424,SAMN14511064,0,,,False,,0,False,
SRR11828907,PRJNA620425,SAMN14511126,0,,,False,,0,False,
SRR11828957,PRJNA620426,SAMN14511125,0,,,False,,0,False,
SRR11828972,PRJNA620427,SAMN14511188,0,,,False,,0,False,
SRR11829000,PRJNA620428,SAMN14511156,0,,,False,,0,False,
SRR11828999,PRJNA620429,SAMN14511103,0,,,False,,0,False,
SRR11829002,PRJNA620430,SAMN14511187,0,,,False,,0,False,
SRR11829098,PRJNA620431,SAMN14511065,0,,,False,,0,False,
SRR11829104,PRJNA620433,SAMN14511346,0,,,False,,0,False,
SRR11829145,PRJNA620434,SAMN14511313,0,,,False,,0,False,
SRR11829146,PRJNA620435,SAMN14511340,0,,,False,,0,False,
SRR11829259,PRJNA620436,SAMN14511228,0,,,False,,0,False,
SRR11829268,PRJNA620437,SAMN14511431,0,,,False,,0,False,
SRR12659808,PRJNA654833,SAMN15738847,0,,,False,,0,False,
SRR12659820,PRJNA654834,SAMN15738979,0,,,False,,0,False,
SRR12659818,PRJNA654835,SAMN15738845,0,,,False,,0,False,
SRR9691030,PRJNA554750,SAMN12282992,8,spire_mag_01126184;spire_mag_01126192;spire_mag_01126195;spire_mag_01126199;spire_mag_01126208;spire_mag_01126211;spire_mag_01126212;spire_mag_01126214,SAMN12282992,False,,0,False,
SRR9691035,PRJNA554750,SAMN12282998,1,spire_mag_01126274,SAMN12282998,False,,0,False,
SRR9691036,PRJNA554750,SAMN12282995,4,spire_mag_01125654;spire_mag_01125660;spire_mag_01125661;spire_mag_01125666,SAMN12282995,False,,0,False,
SRR9691039,PRJNA554750,SAMN12282999,1,spire_mag_01125688,SAMN12282999,False,,0,False,
SRR9691022,PRJNA554750,SAMN12282981,0,,,False,,0,False,
SRR9691047,PRJNA554750,SAMN12282971,13,spire_mag_01125843;spire_mag_01125846;spire_mag_01125851;spire_mag_01125852;spire_mag_01125855;spire_mag_01125857;spire_mag_01125862;spire_mag_01125867;spire_mag_01125870;spire_mag_01125874;spire_mag_01125875;spire_mag_01125876;spire_mag_01125878,SAMN12282971,False,,0,False,
SRR9691052,PRJNA554750,SAMN12282970,0,,,False,,0,False,
SRR9691053,PRJNA554750,SAMN12282961,1,spire_mag_01126182,SAMN12282961,False,,0,False,
SRR9691055,PRJNA554750,SAMN12282963,3,spire_mag_01126378;spire_mag_01126379;spire_mag_01126381,SAMN12282963,False,,0,False,
SRR9691059,PRJNA554750,SAMN12282967,0,,,False,,0,False,
SRR9691020,PRJNA554750,SAMN12282993,0,,,False,,0,False,
SRR9691031,PRJNA554750,SAMN12282997,4,spire_mag_01125795;spire_mag_01125797;spire_mag_01125800;spire_mag_01125801,SAMN12282997,False,,0,False,
SRR9691038,PRJNA554750,SAMN12282994,7,spire_mag_01126418;spire_mag_01126421;spire_mag_01126424;spire_mag_01126426;spire_mag_01126428;spire_mag_01126429;spire_mag_01126432,SAMN12282994,False,,0,False,
SRR9691041,PRJNA554750,SAMN12282979,5,spire_mag_01125803;spire_mag_01125806;spire_mag_01125809;spire_mag_01125813;spire_mag_01125819,SAMN12282979,False,,0,False,
SRR9691042,PRJNA554750,SAMN12282980,0,,,False,,0,False,
SRR9691044,PRJNA554750,SAMN12282976,6,spire_mag_01126446;spire_mag_01126449;spire_mag_01126455;spire_mag_01126463;spire_mag_01126464;spire_mag_01126465,SAMN12282976,False,,0,False,
SRR9691045,PRJNA554750,SAMN12282977,0,,,False,,0,False,
SRR9691046,PRJNA554750,SAMN12282978,14,spire_mag_01126076;spire_mag_01126082;spire_mag_01126083;spire_mag_01126086;spire_mag_01126094;spire_mag_01126096;spire_mag_01126098;spire_mag_01126102;spire_mag_01126108;spire_mag_01126110;spire_mag_01126114;spire_mag_01126116;spire_mag_01126118;spire_mag_01126119,SAMN12282978,False,,0,False,
SRR9691048,PRJNA554750,SAMN12282972,14,spire_mag_01126320;spire_mag_01126324;spire_mag_01126333;spire_mag_01126335;spire_mag_01126338;spire_mag_01126339;spire_mag_01126340;spire_mag_01126341;spire_mag_01126346;spire_mag_01126354;spire_mag_01126357;spire_mag_01126358;spire_mag_01126369;spire_mag_01126371,SAMN12282972,False,,0,False,
SRR9691049,PRJNA554750,SAMN12282973,12,spire_mag_01125705;spire_mag_01125707;spire_mag_01125708;spire_mag_01125709;spire_mag_01125710;spire_mag_01125711;spire_mag_01125712;spire_mag_01125713;spire_mag_01125714;spire_mag_01125719;spire_mag_01125723;spire_mag_01125724,SAMN12282973,False,,0,False,
SRR9691050,PRJNA554750,SAMN12282974,0,,,False,,0,False,
SRR9691051,PRJNA554750,SAMN12282969,20,spire_mag_01126123;spire_mag_01126124;spire_mag_01126127;spire_mag_01126130;spire_mag_01126134;spire_mag_01126135;spire_mag_01126136;spire_mag_01126139;spire_mag_01126142;spire_mag_01126148;spire_mag_01126149;spire_mag_01126150;spire_mag_01126151;spire_mag_01126153;spire_mag_01126156;spire_mag_01126157;spire_mag_01126159;spire_mag_01126160;spire_mag_01126168;spire_mag_01126169,SAMN12282969,False,,0,False,
SRR9691054,PRJNA554750,SAMN12282962,3,spire_mag_01125882;spire_mag_01125888;spire_mag_01125895,SAMN12282962,False,,0,False,
SRR9691057,PRJNA554750,SAMN12282965,1,spire_mag_01126225,SAMN12282965,False,,0,False,
SRR9691058,PRJNA554750,SAMN12282966,32,spire_mag_01125956;spire_mag_01125957;spire_mag_01125959;spire_mag_01125961;spire_mag_01125964;spire_mag_01125969;spire_mag_01125971;spire_mag_01125973;spire_mag_01125974;spire_mag_01125976;spire_mag_01125979;spire_mag_01125982;spire_mag_01125984;spire_mag_01125985;spire_mag_01125986;spire_mag_01125994;spire_mag_01126001;spire_mag_01126004;spire_mag_01126005;spire_mag_01126017;spire_mag_01126018;spire_mag_01126021;spire_mag_01126023;spire_mag_01126024;spire_mag_01126026;spire_mag_01126030;spire_mag_01126031;spire_mag_01126032;spire_mag_01126034;spire_mag_01126036;spire_mag_01126042;spire_mag_01126043,SAMN12282966,False,,0,False,
SRR9691060,PRJNA554750,SAMN12282968,1,spire_mag_01125677,SAMN12282968,False,,0,False,
SRR10260007,PRJNA576996,SAMN13016619,0,,,False,,0,False,
SRR10260011,PRJNA576996,SAMN13016623,0,,,False,,0,False,
SRR10260012,PRJNA576996,SAMN13016622,0,,,False,,0,False,
SRR12444714,PRJNA626576,SAMN15808764,0,,,False,,0,False,
SRR12445281,PRJNA626576,SAMN15809473,0,,,False,,0,False,
SRR13162653,PRJNA681370,SAMN16951380,0,,,False,,0,False,
SRR13162655,PRJNA681370,SAMN16951378,0,,,False,,0,False,
SRR13162651,PRJNA681370,SAMN16951382,0,,,False,,0,False,
SRR13162652,PRJNA681370,SAMN16951381,0,,,False,,0,False,
SRR13162656,PRJNA681370,SAMN16951377,0,,,False,,0,False,
SRR13162654,PRJNA681370,SAMN16951379,0,,,False,,0,False,
SRR14454015,PRJNA725617,SAMN18896316,0,,,False,,0,False,
SRR14454016,PRJNA725617,SAMN18896315,0,,,False,,0,False,
SRR14454011,PRJNA725617,SAMN18896319,0,,,False,,0,False,
SRR14454019,PRJNA725617,SAMN18896312,0,,,False,,0,False,
SRR14454020,PRJNA725617,SAMN18896311,0,,,False,,0,False,
SRR14454010,PRJNA725617,SAMN18896320,0,,,False,,0,False,
SRR16547338,PRJNA773918,SAMN22543996,0,,,False,,0,False,
SRR16547339,PRJNA773918,SAMN22543995,0,,,False,,0,False,
SRR16547334,PRJNA773918,SAMN22544000,0,,,False,,0,False,
SRR16547337,PRJNA773918,SAMN22543997,0,,,False,,0,False,
SRR16547335,PRJNA773918,SAMN22543999,0,,,False,,0,False,
SRR21120503,PRJNA869844,SAMN30327970,0,,,False,,0,False,
SRR21120502,PRJNA869844,SAMN30327969,0,,,False,,0,False,
SRR21120499,PRJNA869844,SAMN30327966,0,,,False,,0,False,
SRR21120501,PRJNA869844,SAMN30327968,0,,,False,,0,False,
SRR21120498,PRJNA869844,SAMN30327965,0,,,False,,0,False,
SRR21120495,PRJNA869844,SAMN30327962,0,,,False,,0,False,
SRR21120500,PRJNA869844,SAMN30327967,0,,,False,,0,False,
SRR21120496,PRJNA869844,SAMN30327963,0,,,False,,0,False,
SRR21120497,PRJNA869844,SAMN30327964,0,,,False,,0,False,
LH01,This study,,0,,,False,,0,False,
LH02,This study,,0,,,False,,0,False,
