{
   "sugar": 0.25198971859468255,
   "complex_sugar": 0.23417727400464472,
   "FA": 0.07159515590372023,
   "other": 0.06919073840099399,
   "SCFA": 0.06169552379650467,
   "AA": 0.0586256727008726,
   "simple_carbon": 0.02601890573913135,
   "vitamin": 0.008624254379067553
}