{
   "simple_carbon": 0.394037951259146,
   "vitamin": 0.30552190572111093,
   "FA": 0.1645803451580009,
   "SCFA": 0.14293584725683084,
   "AA": 0.02797174468976238,
   "sugar": 0.009709323679154558,
   "other": 0.004877920815025916,
   "complex_sugar": 0.00050105656850985
}