{
   "cpd00119": 1.0,
   "cpd00396": 1.0,
   "cpd00039": 0.47038327526132406,
   "cpd00060": 0.4444444444444444,
   "cpd00550": 0.3623188405797102,
   "cpd00064": 0.34615384615384626,
   "cpd00066": 0.33333333333333337,
   "cpd00024": 0.30612244897959207,
   "cpd00526": 0.1851040525739317,
   "cpd00023": 0.15254237288135597,
   "cpd00035": 0.14124293785310738,
   "cpd00214": 0.14124293785310726,
   "cpd00106": 0.139951573849879,
   "cpd00041": 0.13559322033898313,
   "cpd00069": 0.11764705882352955,
   "cpd00108": 0.110344827586207,
   "cpd00121": 0.09999999999999998,
   "cpd00156": 0.08333333333333348,
   "cpd01055": 0.07142857142857151,
   "cpd00751": 0.0608695652173914,
   "cpd00027": 0.05084745762711884,
   "cpd03846": 0.05084745762711851,
   "cpd02733": 0.038961038961039085,
   "cpd00382": 0.03529411764705892,
   "cpd00130": 0.027382256297918905,
   "cpd00036": 0.02399999999999991,
   "cpd00076": 0.0117647058823529,
   "cpd00105": 0.008695652173913215,
   "cpd00020": 0.005649717514124242,
   "cpd01293": 0.005649717514124131,
   "cpd00082": 0.0025974025974027093,
   "cpd00161": 0.0015408320493068839,
   "cpd00536": 0.0,
   "cpd00122": 0.0,
   "cpd00033": 0.0,
   "cpd00224": 0.0,
   "cpd03847": 0.0,
   "cpd01107": 0.0,
   "cpd01242": 0.0,
   "cpd00107": 0.0,
   "cpd00322": 0.0,
   "cpd00137": 0.0,
   "cpd03198": 0.0,
   "cpd00084": 0.0,
   "cpd00129": 0.0,
   "cpd01171": 0.0,
   "cpd00158": 0.0,
   "cpd00132": 0.0,
   "cpd00218": 0.0,
   "cpd00851": 0.0
}