{
   "cpd00119": 1.0,
   "cpd01107": 0.3555869699683918,
   "cpd00039": 0.3400110814955041,
   "cpd00106": 0.21035436797672513,
   "cpd00035": 0.1986979321632143,
   "cpd00020": 0.18451684859373607,
   "cpd00751": 0.15908667683814948,
   "cpd03847": 0.13550164228353145,
   "cpd00027": 0.1156005171497777,
   "cpd00851": 0.08433570318567585,
   "cpd01171": 0.07536551489118581,
   "cpd00041": 0.0647912076916839,
   "cpd00396": 0.06182136792906112,
   "cpd00214": 0.05579188854602457,
   "cpd00076": 0.05494184324046347,
   "cpd03846": 0.04475692524354391,
   "cpd01242": 0.03506831889878126,
   "cpd00129": 0.03445199240876007,
   "cpd00024": 0.03250925229552737,
   "cpd00550": 0.032089582127062144,
   "cpd00137": 0.02754814749675394,
   "cpd00066": 0.02693853990641959,
   "cpd00161": 0.0258551366338603,
   "cpd00064": 0.025730584695853875,
   "cpd01055": 0.018181539068022334,
   "cpd00158": 0.017890087538461108,
   "cpd00218": 0.016717947055373883,
   "cpd00130": 0.015834136630869078,
   "cpd00084": 0.014046684027174683,
   "cpd00107": 0.013305157170417248,
   "cpd01293": 0.012378764660594066,
   "cpd00108": 0.012095788448966527,
   "cpd00156": 0.00939806534954224,
   "cpd00033": 0.006194692619831743,
   "cpd00322": 0.0025948717882713357,
   "cpd00105": 0.0015572278467269607,
   "cpd00224": 0.001065296501851165,
   "cpd00023": 0.000635821500727829,
   "cpd00069": 0.00027331815025277706,
   "cpd00082": 0.00016209378374199002,
   "cpd00121": 6.941789631742523e-05,
   "cpd00060": 8.443835509353015e-06,
   "cpd00036": 2.941320589866514e-06,
   "cpd00526": 0.0,
   "cpd00382": 0.0,
   "cpd03198": 0.0,
   "cpd00132": 0.0,
   "cpd00122": 0.0,
   "cpd00536": 0.0,
   "cpd01741": 0.0,
   "cpd02733": 0.0
}