{
   "cpd00119": 1.0,
   "cpd00224": 0.4498998593503326,
   "cpd00218": 0.31424591794183376,
   "cpd00035": 0.2878817166310176,
   "cpd00036": 0.27601797576118914,
   "cpd00851": 0.26295152390017984,
   "cpd00526": 0.24965659620210412,
   "cpd00020": 0.23423058395033847,
   "cpd00023": 0.218428373419718,
   "cpd03847": 0.18204053701018763,
   "cpd00060": 0.17265853030852996,
   "cpd00130": 0.16937542356329194,
   "cpd00132": 0.16864793002221212,
   "cpd00076": 0.16013216648487472,
   "cpd00161": 0.15567717007813098,
   "cpd02733": 0.1367487347128723,
   "cpd03846": 0.13094070513136502,
   "cpd00105": 0.12754767202838024,
   "cpd00027": 0.11900353595701185,
   "cpd00082": 0.11365760617584542,
   "cpd00751": 0.10995931905823442,
   "cpd00156": 0.10837921152615371,
   "cpd00122": 0.0980849993649563,
   "cpd00322": 0.0919105771507196,
   "cpd00536": 0.09139066058283618,
   "cpd01242": 0.08219553554952685,
   "cpd00033": 0.0758966862549344,
   "cpd00039": 0.07369416695683662,
   "cpd00214": 0.05883461354723496,
   "cpd00084": 0.056365186217290364,
   "cpd00064": 0.04860044811950026,
   "cpd01293": 0.0470512810209307,
   "cpd03198": 0.04697110146491501,
   "cpd00024": 0.03643778486754323,
   "cpd00108": 0.03164714757641862,
   "cpd00066": 0.03108447176215201,
   "cpd00107": 0.02377665083852376,
   "cpd00550": 0.014895395435032932,
   "cpd00396": 0.01487974614510168,
   "cpd01171": 0.014078561514975108,
   "cpd00121": 0.011486593740959616,
   "cpd00129": 0.01144351898365914,
   "cpd01055": 0.011078083926012616,
   "cpd00069": 0.009683087695245174,
   "cpd00158": 0.008405272278237175,
   "cpd01107": 0.007764821955954293,
   "cpd00041": 0.007565430074237267,
   "cpd00137": 0.004587558819869608,
   "cpd00382": 0.002139466931084577,
   "cpd00106": 2.375130590204222e-06
}