{
   "EX_cpd00363_e0": 22.792195952106,
   "EX_cpd00001_e0": 181671.336776337,
   "EX_cpd01420_e0": 0.0131316070144016,
   "EX_cpd00365_e0": 1.0996622116965,
   "EX_cpd00305_e0": 7.23560096565124,
   "EX_cpd00166_e0": 2.5671351746e-06,
   "EX_cpd00220_e0": 0.0068949227064551,
   "EX_cpd00218_e0": 0.479928584005929,
   "EX_cpd00133_e0": 0.216377371962733,
   "EX_cpd00644_e0": 0.0548511412428343,
   "EX_cpd00419_e0": 0.0049940603187924,
   "EX_cpd00263_e0": 0.0049947451734211,
   "EX_cpd00215_e0": 0.0050549766095165,
   "EX_cpd00104_e0": 0.0004792178631803,
   "EX_cpd00201_e0": 0.0002546967333399,
   "EX_cpd00345_e0": 0.0002619054422541,
   "EX_cpd00087_e0": 0.0002707857432332,
   "EX_cpd00059_e0": 1.51385194516555,
   "EX_cpd03226_e0": 1.53391100248e-05,
   "EX_cpd01628_e0": 0.0685386160075281,
   "EX_cpd01401_e0": 0.0009363080233514,
   "EX_cpd00063_e0": 33.0201107839713,
   "EX_cpd00099_e0": 231.445011705638,
   "EX_cpd00205_e0": 116.447773944136,
   "EX_cpd00254_e0": 31.1553178358363,
   "EX_cpd00971_e0": 147.911880218747,
   "EX_cpd00009_e0": 22.3360662142775,
   "EX_cpd00058_e0": 0.0473279199320177,
   "EX_cpd10515_e0": 0.424456083803384,
   "EX_cpd10516_e0": 0.424456083803384,
   "EX_cpd00030_e0": 0.174378247351175,
   "EX_cpd00034_e0": 0.244799632915265,
   "EX_cpd00314_e0": 2.6911958931075,
   "EX_cpd00306_e0": 0.276050998450171,
   "EX_cpd00208_e0": 26.574680138418,
   "EX_cpd00179_e0": 0.803397054892469,
   "EX_cpd00076_e0": 137.117966441375,
   "EX_cpd00082_e0": 157.32729263932,
   "EX_cpd00108_e0": 1.01023613437029,
   "EX_cpd11746_e0": 0.237688252970771,
   "EX_cpd00588_e0": 59.0612976074493,
   "EX_cpd00027_e0": 40.6717067454907,
   "EX_cpd00035_e0": 80.1605212018348,
   "EX_cpd00051_e0": 13.8267983512466,
   "EX_cpd00041_e0": 130.815459484688,
   "EX_cpd00033_e0": 60.7824918139359,
   "EX_cpd00300_e0": 6.31918448780354,
   "EX_cpd00084_e0": 17.2196634840346,
   "EX_cpd00053_e0": 41.9322512500677,
   "EX_cpd00119_e0": 63.3179185639717,
   "EX_cpd00322_e0": 46.3467633181721,
   "EX_cpd00107_e0": 12.6699519406372,
   "EX_cpd00039_e0": 29.6979340646568,
   "EX_cpd00060_e0": 50.90466904947,
   "EX_cpd00066_e0": 52.1149443443211,
   "EX_cpd00129_e0": 38.2589456611529,
   "EX_cpd00054_e0": 6.19299185409048,
   "EX_cpd00161_e0": 21.2683752004128,
   "EX_cpd00065_e0": 50.9786480665629,
   "EX_cpd01107_e0": 0.0434435557849707,
   "EX_cpd01741_e0": 0.101851489490231,
   "EX_cpd03847_e0": 0.78750720213931,
   "EX_cpd15298_e0": 0.0312850708972958,
   "EX_cpd15622_e0": 0.0721033549084136,
   "EX_cpd00214_e0": 34.4471433085072,
   "EX_cpd15609_e0": 0.202603373555862,
   "EX_cpd01080_e0": 9.42414222633633,
   "EX_cpd00536_e0": 130.212461458984,
   "EX_cpd00069_e0": 66.4728248713934,
   "EX_cpd00156_e0": 22.7631796647487,
   "EX_cpd30347 _e0": 0.0,
   "EX_cpd03848_e0": 0.667592228490719,
   "EX_cpd30350_e0": 1.00671520413458,
   "EX_cpd15016_e0": 0.0380336706118266,
   "EX_cpd00188_e0": 0.359587410354417,
   "EX_cpd16341_e0": 0.394315728220756,
   "EX_cpd25212_e0": 0.0498874717568477,
   "EX_cpd16342_e0": 0.0,
   "EX_cpd16301_e0": 0.0501674981380665,
   "EX_cpd05196_e0": 0.384328461895265,
   "EX_cpd00211_e0": 0.0723329797054326,
   "EX_cpd03846_e0": 0.0155024143962962,
   "EX_cpd00160_e0": 1.05303585768653,
   "EX_cpd05231_e0": 6.5699521001604,
   "EX_cpd03852_e0": 120.210995032636,
   "EX_cpd05274_e0": 3.61698466813181,
   "EX_cpd05235_e0": 0.166975492670868,
   "EX_cpd00393_e0": 0.0002726450108369,
   "EX_cpd11657_e0": 45.1139619460203,
   "EX_cpd00534_e0": 0.0036606275570907
}