{
   "RC_-13": [
      0.8149232864379883,
      1.9397181461044966e-07
   ],
   "RC_-3": [
      0.8119387626647949,
      1.6162739768788015e-07
   ],
   "RC_0": [
      0.7938743829727173,
      5.553554061066279e-08
   ],
   "RC_1": [
      0.7944645881652832,
      5.7455032731468236e-08
   ],
   "RC_11": [
      0.8469462394714355,
      1.5496470950893126e-06
   ],
   "RC_13": [
      0.8965031504631042,
      6.715250492561609e-05
   ],
   "RC_2": [
      0.7878575921058655,
      3.941136128560174e-08
   ],
   "RC_3": [
      0.7990105152130127,
      7.479295760504101e-08
   ],
   "RC_4": [
      0.8272185325622559,
      4.192445999251504e-07
   ],
   "RC_5": [
      0.8192183375358582,
      2.529976370624354e-07
   ],
   "RC_6": [
      0.7870274782180786,
      3.7607833291986026e-08
   ],
   "RC_7": [
      0.8308858871459961,
      5.309254333951685e-07
   ],
   "RC_8": [
      0.8365686535835266,
      7.701592608100327e-07
   ],
   "WD_-13": [
      0.8316784501075745,
      5.58948386242264e-07
   ],
   "WD_-3": [
      0.8320314884185791,
      5.719288651562238e-07
   ],
   "WD_0": [
      0.7456128597259521,
      4.147817200816917e-09
   ],
   "WD_1": [
      0.7453131675720215,
      4.085713101176225e-09
   ],
   "WD_11": [
      0.7629560828208923,
      1.0133423877789483e-08
   ],
   "WD_13": [
      0.7859560251235962,
      3.540718651606767e-08
   ],
   "WD_2": [
      0.7451387047767639,
      4.050010105061119e-09
   ],
   "WD_3": [
      0.7451634407043457,
      4.055063840269213e-09
   ],
   "WD_4": [
      0.7451549768447876,
      4.053321234209761e-09
   ],
   "WD_5": [
      0.745232105255127,
      4.0690655289665756e-09
   ],
   "WD_6": [
      0.7451632618904114,
      4.055018099080598e-09
   ],
   "WD_7": [
      0.750630795955658,
      5.3489768170322805e-09
   ],
   "WD_8": [
      0.7722170352935791,
      1.6609392972100068e-08
   ]
}