{
   "SampleagrowthInteractions": {
      "cpd00041": 0.38100457430135437,
      "cpd00132": 0.3100333182505113,
      "cpd03198": 0.2899200437587779,
      "cpd00129": 0.2802588585608401,
      "cpd00396": 0.12335717155642012,
      "cpd00161": 0.03433310168388459,
      "cpd00023": 0.033565365650371715,
      "cpd00106": 0.011350293366353736,
      "cpd00020": 0.010995334071921214,
      "cpd00751": 0.00098023709941919,
      "cpd00024": 0.0003191143481456882,
      "cpd00108": -0.004927380202448206,
      "cpd00064": -0.006786434564866384,
      "cpd00036": -0.0101631610157219,
      "cpd00084": -0.018816176663905226,
      "cpd00224": -0.020725992636047685,
      "cpd01242": -0.02612423435396294,
      "cpd00137": -0.027215328671564065,
      "cpd00105": -0.03637321195599641,
      "cpd00027": -0.04439781380956709,
      "cpd00122": -0.0462456439661989,
      "cpd00035": -0.06183870188091689,
      "cpd00130": -0.10550232620185618,
      "cpd00033": -0.10915245157999609,
      "cpd35610": -0.10963570055963623,
      "cpd00214": -0.1298649697733104,
      "cpd00076": -0.17387708923154455,
      "cpd00082": -0.23430126033903087,
      "cpd01107": -0.2616740392183098,
      "cpd03847": -0.27317981348921416,
      "cpd00382": -0.28151706827264034,
      "cpd01741": -0.3618192568115717,
      "cpd00158": -0.473626826242173,
      "cpd00550": -0.7084631715075522
   },
   "SampleuptakeInteractions": {
      "cpd00023": 0.5301000581654847,
      "cpd03198": 0.4043192271151209,
      "cpd00158": 0.34025060465905943,
      "cpd00132": 0.3032121094156165,
      "cpd00041": 0.17619807839984802,
      "cpd00106": 0.08287731141677301,
      "cpd00027": 0.07170159521390163,
      "cpd00121": 0.04078715821525625,
      "cpd00036": 0.019131652293147727,
      "cpd00161": 0.007871934424970584,
      "cpd00218": 0.002371384397964471,
      "cpd00033": 0.00034201350902862693,
      "cpd00035": 0.0001512484724008889,
      "cpd00105": -5.857603985115478e-05,
      "cpd00020": -0.0002477367177859957,
      "cpd00108": -0.007233704111653139,
      "cpd00851": -0.008693467535140886,
      "cpd00129": -0.013593130572859824,
      "cpd00137": -0.02179816374207999,
      "cpd00069": -0.03301014197991892,
      "cpd03846": -0.03620688582266318,
      "cpd00066": -0.04406024443124523,
      "cpd01741": -0.05557017680337606,
      "cpd00084": -0.05908456335539014,
      "cpd00156": -0.09381336081813141,
      "cpd00214": -0.09687773936224164,
      "cpd00082": -0.11827871637421805,
      "cpd00122": -0.12325909982631167,
      "cpd00322": -0.12814771532530167,
      "cpd00107": -0.1395698080045893,
      "cpd00064": -0.1437086104183991,
      "cpd00359": -0.1505116787365901,
      "cpd00039": -0.15593424433551462,
      "cpd00130": -0.18365039143618866,
      "cpd01293": -0.2416557815171927,
      "cpd01107": -0.24634089416334237,
      "cpd00076": -0.29661640907443554,
      "cpd01242": -0.30184623228330065,
      "cpd00024": -0.32167860307465057,
      "cpd03847": -0.6766422815066911
   },
   "SamplegrowthInteractions": {
      "cpd01293": 0.5338108652399665,
      "cpd00041": 0.41035212275065236,
      "cpd00132": 0.34883666298705696,
      "cpd03198": 0.3156674642162799,
      "cpd00129": 0.30959280856987714,
      "cpd03846": 0.1816454768909198,
      "cpd00396": 0.10539467162027061,
      "cpd00161": 0.02941805904260042,
      "cpd00060": 0.028410956057621117,
      "cpd00023": 0.02408344312813049,
      "cpd00106": 0.022622400305263413,
      "cpd00020": 0.004234681246381267,
      "cpd00751": 0.0008696530358969223,
      "cpd00024": 0.00021637998790946522,
      "cpd00069": -0.00015617797920552956,
      "cpd00108": -0.004764893775755508,
      "cpd00084": -0.005875234105962357,
      "cpd00036": -0.006284765549214755,
      "cpd00322": -0.015958052225272246,
      "cpd00224": -0.01638682776292555,
      "cpd01242": -0.01772568254642104,
      "cpd00137": -0.027346658513266453,
      "cpd00105": -0.03155790538933745,
      "cpd00027": -0.040595984794212225,
      "cpd00035": -0.04325323642469314,
      "cpd00122": -0.04426731399479222,
      "cpd00156": -0.047836528514070054,
      "cpd00064": -0.0835813283093223,
      "cpd00033": -0.09117854769753819,
      "cpd00130": -0.10063487170286045,
      "cpd01107": -0.1469357328959574,
      "cpd00076": -0.1740221435667899,
      "cpd00214": -0.1967691698736973,
      "cpd00082": -0.25434136655646766,
      "cpd01741": -0.27004541005619653,
      "cpd03847": -0.2788561716266247,
      "cpd00382": -0.2790028137188245,
      "cpd00158": -0.4998831816566758,
      "cpd00550": -0.7325237204556346
   },
   "SampleexcretionInteractions": {
      "cpd00024": 0.8442420218490129,
      "cpd00382": 0.32133790086422653,
      "cpd00130": 0.2714208579831916,
      "cpd00036": 0.1898940393707681,
      "cpd00069": 0.1868527506853367,
      "cpd00084": 0.07803008419956758,
      "cpd03846": 0.0728411174437783,
      "cpd00396": 0.06649103752920371,
      "cpd00129": 0.048791811825139364,
      "cpd00060": 0.033328128025646664,
      "cpd00082": 0.025773693290468302,
      "cpd00359": 0.02380849272015717,
      "cpd00035": 0.01142995587456197,
      "cpd00041": 0.00897553659165462,
      "cpd00106": 0.001925407868615503,
      "cpd00751": 0.0015797104435100184,
      "cpd00137": -0.0013245108811549278,
      "cpd00039": -0.002568567658353227,
      "cpd03198": -0.005193081097325525,
      "cpd00851": -0.008693467535140886,
      "cpd00023": -0.01149237324412511,
      "cpd00107": -0.016647166081806386,
      "cpd00322": -0.020070286825863426,
      "cpd00156": -0.021398715844528016,
      "cpd00224": -0.02879194782899619,
      "cpd00027": -0.03661293735689841,
      "cpd00066": -0.041240256856690194,
      "cpd00132": -0.047951408256411976,
      "cpd00218": -0.05264577782803681,
      "cpd00020": -0.07297607626067748,
      "cpd00033": -0.08036756451387961,
      "cpd00105": -0.11083177513410636,
      "cpd00158": -0.11209620318838931,
      "cpd01242": -0.12209859940882284,
      "cpd00108": -0.12873659250843084,
      "cpd01107": -0.1364042917477718,
      "cpd03847": -0.1404179188978406,
      "cpd00076": -0.14486871480292696,
      "cpd00161": -0.1489906014129505,
      "cpd00214": -0.17278348513126884,
      "cpd01741": -0.31517894498104737,
      "cpd00064": -0.5292483129632706,
      "cpd00122": -0.5714405175668493,
      "cpd00550": -0.6082464631683413
   }
}