{
   "RC-ABX_-13": [
      0.7348514199256897,
      2.429977552509399e-09
   ],
   "RC-ABX_-3": [
      0.7465986013412476,
      4.359180572066634e-09
   ],
   "RC-ABX_0": [
      0.716296911239624,
      9.98199078949824e-10
   ],
   "RC-ABX_1": [
      0.7039048671722412,
      5.62753121879922e-10
   ],
   "RC-ABX_11": [
      0.7651371955871582,
      1.1371380281843813e-08
   ],
   "RC-ABX_13": [
      0.8371904492378235,
      8.025166380321025e-07
   ],
   "RC-ABX_2": [
      0.728386402130127,
      1.774286162437022e-09
   ],
   "RC-ABX_3": [
      0.7839577198028564,
      3.165720841025177e-08
   ],
   "RC-ABX_4": [
      0.8168634176254272,
      2.1860270749129995e-07
   ],
   "RC-ABX_5": [
      0.8060088753700256,
      1.1306556757517683e-07
   ],
   "RC-ABX_6": [
      0.761833131313324,
      9.552096891241035e-09
   ],
   "RC-ABX_7": [
      0.8030362725257874,
      9.475989060092616e-08
   ],
   "RC-ABX_8": [
      0.7792109251022339,
      2.4327459158257625e-08
   ],
   "WD-ABX_-13": [
      0.7361261248588562,
      2.5869357767049905e-09
   ],
   "WD-ABX_-3": [
      0.7502676844596863,
      5.250887724628228e-09
   ],
   "WD-ABX_0": [
      0.640709638595581,
      3.791150032794732e-11
   ],
   "WD-ABX_1": [
      0.6410095691680908,
      3.8369477733946056e-11
   ],
   "WD-ABX_11": [
      0.7308405637741089,
      1.9981032384208675e-09
   ],
   "WD-ABX_13": [
      0.7708452939987183,
      1.5424932442442696e-08
   ],
   "WD-ABX_2": [
      0.6419371366500854,
      3.9823679076622653e-11
   ],
   "WD-ABX_3": [
      0.6420448422431946,
      3.9996249368012826e-11
   ],
   "WD-ABX_4": [
      0.6421319246292114,
      4.013621032750159e-11
   ],
   "WD-ABX_5": [
      0.64197838306427,
      3.9889761632716514e-11
   ],
   "WD-ABX_6": [
      0.6421610713005066,
      4.018330806987436e-11
   ],
   "WD-ABX_7": [
      0.6590731143951416,
      8.013627261771461e-11
   ],
   "WD-ABX_8": [
      0.7018274068832397,
      5.119969448408312e-10
   ]
}