{
   "Sampleexcretion_probInteractions": {
      "cpd00158": 0.5425611478326087,
      "cpd03198": 0.5205222441958259,
      "cpd00130": 0.4011150404311855,
      "cpd00382": 0.2839811399690143,
      "cpd00036": 0.23327882234772446,
      "cpd00069": 0.22579778467487366,
      "cpd03846": 0.21066371737638634,
      "cpd00214": 0.19522804819342854,
      "cpd01107": 0.17512794838074475,
      "cpd01055": 0.17123427149144987,
      "cpd00322": 0.1338153740139434,
      "cpd00027": 0.08614652989148275,
      "cpd00082": 0.07156722462966636,
      "cpd03847": 0.0602208944699143,
      "cpd00107": 0.05829744075886123,
      "cpd00105": 0.05002815033041741,
      "cpd00129": 0.047460010760026705,
      "cpd00084": 0.03892982092984909,
      "cpd00218": 0.03875160874202355,
      "cpd00122": 0.03252212405186128,
      "cpd00156": 0.020768209250762615,
      "cpd00060": 0.013624186354098344,
      "cpd00033": 0.012713597063449322,
      "cpd00076": 0.012204437666008205,
      "cpd02733": 0.005562820808662106,
      "cpd00121": 0.0026554782037342406,
      "cpd00035": 0.00044449607033658634,
      "cpd00526": 8.593933486700234e-05,
      "cpd00137": -0.000252076771201315,
      "cpd00550": -0.0013743082761756842,
      "cpd00106": -0.002590243931778091,
      "cpd00751": -0.002754418008305004,
      "cpd01242": -0.004541313261128055,
      "cpd00020": -0.012219618510673547,
      "cpd00224": -0.020381515952853202,
      "cpd00064": -0.05321422316962021,
      "cpd00023": -0.06299630891641572,
      "cpd00024": -0.06548250206595252,
      "cpd00851": -0.0747247333877683,
      "cpd00396": -0.07977892680980947,
      "cpd00066": -0.11338981782187896,
      "cpd00108": -0.1339409644372167,
      "cpd00161": -0.23098892744316424,
      "cpd00041": -0.3253968034998709,
      "cpd01293": -0.4422827751929498,
      "cpd00039": -0.4687658482689565,
      "cpd00132": -0.7097889238610469
   },
   "Sampleuptake_probInteractions": {
      "cpd00382": 0.4840536621286936,
      "cpd03846": 0.30840555704631145,
      "cpd01107": 0.26541274860785535,
      "cpd00130": 0.2589043343320758,
      "cpd00033": 0.18296785768813761,
      "cpd03847": 0.16536659342628213,
      "cpd00550": 0.1641565869346695,
      "cpd00214": 0.14335102350792817,
      "cpd00105": 0.13708247883223523,
      "cpd00536": 0.132238391245329,
      "cpd00076": 0.09365655705817089,
      "cpd00027": 0.06411729028368329,
      "cpd03198": 0.060301657319579594,
      "cpd00108": 0.041960784201261925,
      "cpd00024": 0.03299069499498275,
      "cpd00069": 0.028437819244142126,
      "cpd00122": 0.009236158262266314,
      "cpd00137": 0.004870756617067373,
      "cpd00218": 0.004326708015853997,
      "cpd00035": 0.004197647617856015,
      "cpd00060": 0.0021777451694210415,
      "cpd00082": 0.00013665526107087267,
      "cpd00322": 7.170846288540034e-05,
      "cpd00106": -0.0018898454091114125,
      "cpd00084": -0.0019361033122893279,
      "cpd01242": -0.0020230703458180566,
      "cpd00129": -0.010030182420827649,
      "cpd00156": -0.013068706207102765,
      "cpd00158": -0.023128350361567684,
      "cpd00851": -0.055329826831457485,
      "cpd00121": -0.05543717785166702,
      "cpd00020": -0.05734213527097454,
      "cpd00107": -0.07352674996889297,
      "cpd00224": -0.07381985467964747,
      "cpd00066": -0.08648987562767063,
      "cpd00041": -0.12357444870285705,
      "cpd00396": -0.16216265074053748,
      "cpd00161": -0.16614448815617777,
      "cpd00036": -0.22192581226945973,
      "cpd00023": -0.23405483501226032,
      "cpd00132": -0.34102432803223615,
      "cpd00039": -0.4486898311932349,
      "cpd01293": -0.5398365542005599,
      "cpd00064": -0.7211628348047034
   },
   "Samplegrowth_probInteractions": {
      "cpd00550": 0.4657414809588336,
      "cpd03847": 0.4276776493862521,
      "cpd00130": 0.3933478007057092,
      "cpd01107": 0.3900382108532464,
      "cpd03846": 0.388728322257042,
      "cpd00024": 0.38693270682466585,
      "cpd00158": 0.3606670292816936,
      "cpd00382": 0.3244493125995478,
      "cpd00214": 0.25397624409936614,
      "cpd00082": 0.2259125944315269,
      "cpd01055": 0.18720776195157707,
      "cpd00027": 0.1564308905443984,
      "cpd00069": 0.14444173864580667,
      "cpd00121": 0.11416653331017157,
      "cpd00033": 0.10750484420849848,
      "cpd00105": 0.09932393861036892,
      "cpd00751": 0.08080663397369292,
      "cpd00076": 0.06540184839658614,
      "cpd00122": 0.043107338676878215,
      "cpd00035": 0.03497471481191872,
      "cpd01242": 0.02780208970064557,
      "cpd00036": 0.02694165267834514,
      "cpd00322": 0.026848853702961528,
      "cpd00060": 0.02564223527752485,
      "cpd00224": 0.01920148889354001,
      "cpd00218": 0.01505134689844001,
      "cpd00137": 0.011773362930306952,
      "cpd00108": 0.00941338248339596,
      "cpd00084": 0.0061962690133884335,
      "cpd00129": 0.001777461183638862,
      "cpd00107": -0.0002036371659352998,
      "cpd00106": -0.012173807245062673,
      "cpd00156": -0.012855546033442189,
      "cpd00020": -0.02195006154477519,
      "cpd00066": -0.0681400923686305,
      "cpd00851": -0.07083176530097479,
      "cpd00396": -0.10578472393404148,
      "cpd00041": -0.3690774743580817,
      "cpd03198": -0.38124634242939814,
      "cpd00039": -0.40302307381986613,
      "cpd00023": -0.5105203704651206,
      "cpd00132": -0.569633308314883,
      "cpd01293": -0.6339835311537708,
      "cpd00161": -0.6398002882272371,
      "cpd00064": -0.6564860832498413
   }
}