{
   "RC-ABX_-13": [
      0.5602307319641113,
      1.884911931399058e-12
   ],
   "RC-ABX_-3": [
      0.553560197353363,
      1.4960713874342946e-12
   ],
   "RC-ABX_0": [
      0.5483003854751587,
      1.2490247551510958e-12
   ],
   "RC-ABX_1": [
      0.547533392906189,
      1.2167315766031805e-12
   ],
   "RC-ABX_11": [
      0.5576964020729065,
      1.7260108273187136e-12
   ],
   "RC-ABX_13": [
      0.5876733064651489,
      5.0078960076027634e-12
   ],
   "RC-ABX_2": [
      0.5353291034698486,
      8.053468373951655e-13
   ],
   "RC-ABX_3": [
      0.5256289839744568,
      5.833053766564344e-13
   ],
   "RC-ABX_4": [
      0.5260173082351685,
      5.908326670793496e-13
   ],
   "RC-ABX_5": [
      0.5268000960350037,
      6.063186519696118e-13
   ],
   "RC-ABX_6": [
      0.5578063726425171,
      1.7326170879961023e-12
   ],
   "RC-ABX_7": [
      0.5403805375099182,
      9.5444995223265e-13
   ],
   "RC-ABX_8": [
      0.5473769903182983,
      1.2102573717504006e-12
   ],
   "WD-ABX_-13": [
      0.5519349575042725,
      1.4146982196816538e-12
   ],
   "WD-ABX_-3": [
      0.5697258710861206,
      2.6301159600922164e-12
   ],
   "WD-ABX_0": [
      0.5287399888038635,
      6.46551063555878e-13
   ],
   "WD-ABX_1": [
      0.528709352016449,
      6.458937659888087e-13
   ],
   "WD-ABX_11": [
      0.5220586061477661,
      5.186138519498729e-13
   ],
   "WD-ABX_13": [
      0.524445652961731,
      5.609771544859421e-13
   ],
   "WD-ABX_2": [
      0.528550386428833,
      6.424996168777342e-13
   ],
   "WD-ABX_3": [
      0.5285506248474121,
      6.425040078965327e-13
   ],
   "WD-ABX_4": [
      0.5285552740097046,
      6.426037544964014e-13
   ],
   "WD-ABX_5": [
      0.5287322998046875,
      6.463883248097879e-13
   ],
   "WD-ABX_6": [
      0.5286362171173096,
      6.443321895997778e-13
   ],
   "WD-ABX_7": [
      0.5247828960418701,
      5.672483424819241e-13
   ],
   "WD-ABX_8": [
      0.51978999376297,
      4.814416552055556e-13
   ]
}