{
   "cpd00119": 1.0,
   "cpd00214": 0.505355866077485,
   "cpd00084": 0.327013346966295,
   "cpd00224": 0.30578765495219695,
   "cpd00106": 0.18914693613565592,
   "cpd00156": 0.18350432831684393,
   "cpd00020": 0.15908100670156022,
   "cpd00751": 0.10995931905823442,
   "cpd00082": 0.09710262882770015,
   "cpd03847": 0.08268767436240032,
   "cpd00322": 0.0787964939846113,
   "cpd00396": 0.07850228765643641,
   "cpd00137": 0.07704726292536657,
   "cpd00024": 0.07497964446627192,
   "cpd00060": 0.07321599387330224,
   "cpd01107": 0.07045779175930056,
   "cpd00132": 0.06680771078257064,
   "cpd00550": 0.06547538820639875,
   "cpd00158": 0.06400602232552943,
   "cpd00130": 0.05753210390213381,
   "cpd00036": 0.05623049847228512,
   "cpd00105": 0.05348797264961347,
   "cpd00027": 0.05022151264624741,
   "cpd00066": 0.04707568141562124,
   "cpd00069": 0.04506072284786444,
   "cpd00023": 0.04341097193146659,
   "cpd00035": 0.02069168959090595,
   "cpd00039": 0.020294237611944377,
   "cpd00107": 0.019040156108772965,
   "cpd00064": 0.01848889329397574,
   "cpd00382": 0.014362153752330853,
   "cpd01055": 0.011078083926012616,
   "cpd00129": 0.010780323389135926,
   "cpd00161": 0.010618643565007968,
   "cpd00108": 0.008517866136891206,
   "cpd00033": 0.006927600222088159,
   "cpd00041": 0.006134405092482531,
   "cpd01741": 0.004986084973521598,
   "cpd03198": 0.0029763219358027726,
   "cpd00076": 5.195337445451642e-05,
   "cpd00851": 0.0,
   "cpd00359": 0.0,
   "cpd03846": 0.0,
   "cpd01242": 0.0,
   "cpd01293": 0.0,
   "cpd00218": 0.0,
   "cpd00121": 0.0,
   "cpd00122": 0.0
}