{
   "EX_cpd00363_e0": 0.0,
   "EX_cpd00001_e0": 158601.920147786,
   "EX_cpd01420_e0": 0.0016204961847559,
   "EX_cpd00365_e0": 3.10698212193613,
   "EX_cpd00305_e0": 1.80890024141281,
   "EX_cpd00166_e0": 9.0656906783e-06,
   "EX_cpd00220_e0": 0.004623185167334,
   "EX_cpd00218_e0": 0.318014111210755,
   "EX_cpd00133_e0": 0.181535906770626,
   "EX_cpd00644_e0": 0.0224536835496982,
   "EX_cpd00419_e0": 0.003309673110679,
   "EX_cpd00263_e0": 0.0033101269788352,
   "EX_cpd00215_e0": 0.0033500436702121,
   "EX_cpd00104_e0": 0.0001734875938491,
   "EX_cpd00201_e0": 0.0001114656166834,
   "EX_cpd00345_e0": 0.0001146204399671,
   "EX_cpd00087_e0": 0.0001185068197097,
   "EX_cpd00059_e0": 0.281984191068559,
   "EX_cpd03226_e0": 6.63221519887e-05,
   "EX_cpd01628_e0": 0.0557456697269902,
   "EX_cpd01401_e0": 0.0002194385258168,
   "EX_cpd00063_e0": 40.260492040521,
   "EX_cpd00099_e0": 734.57535328463,
   "EX_cpd00205_e0": 56.5929976495142,
   "EX_cpd00254_e0": 15.6292943838716,
   "EX_cpd00971_e0": 361.014932290786,
   "EX_cpd00009_e0": 18.9528367054146,
   "EX_cpd00058_e0": 0.0198753658766878,
   "EX_cpd10515_e0": 0.220189811084251,
   "EX_cpd10516_e0": 0.220189811084251,
   "EX_cpd00030_e0": 0.0181295129813957,
   "EX_cpd00034_e0": 0.22621596818599,
   "EX_cpd00314_e0": 0.149309607743899,
   "EX_cpd00588_e0": 0.0,
   "EX_cpd00306_e0": 0.118307570764359,
   "EX_cpd00208_e0": 0.0631031868570085,
   "EX_cpd00179_e0": 0.0,
   "EX_cpd00076_e0": 3.38887484972823,
   "EX_cpd00082_e0": 9.19325983772943,
   "EX_cpd00108_e0": 0.0,
   "EX_cpd00027_e0": 34.7673875793133,
   "EX_cpd11746_e0": 0.0301602023787514,
   "EX_cpd00035_e0": 84.4704197402271,
   "EX_cpd00051_e0": 44.9699758402684,
   "EX_cpd00041_e0": 99.8389034533558,
   "EX_cpd00084_e0": 12.4294517416073,
   "EX_cpd00053_e0": 171.793024014979,
   "EX_cpd00033_e0": 79.2141911316085,
   "EX_cpd00300_e0": 5.03484914368721,
   "EX_cpd00119_e0": 25.7788683029701,
   "EX_cpd00322_e0": 56.423925978613,
   "EX_cpd00107_e0": 92.1572977345168,
   "EX_cpd00039_e0": 79.5959115597963,
   "EX_cpd00060_e0": 26.0365669356141,
   "EX_cpd00066_e0": 37.4912751507212,
   "EX_cpd00129_e0": 80.7789421569436,
   "EX_cpd00054_e0": 69.579875271903,
   "EX_cpd00161_e0": 52.2778024029711,
   "EX_cpd00065_e0": 8.19644196700505,
   "EX_cpd00069_e0": 28.1174025945355,
   "EX_cpd00156_e0": 72.0149078545374,
   "EX_cpd01107_e0": 10.3369970342766,
   "EX_cpd01741_e0": 10.6961122834903,
   "EX_cpd03847_e0": 34.0823704824444,
   "EX_cpd15298_e0": 4.15261611975481,
   "EX_cpd15622_e0": 3.38249866605686,
   "EX_cpd00214_e0": 131.567978682628,
   "EX_cpd15609_e0": 2.08092481258538,
   "EX_cpd01080_e0": 38.1732695568797,
   "EX_cpd00536_e0": 251.126865051195,
   "EX_cpd30347 _e0": 64.5582643703869,
   "EX_cpd30350_e0": 5.1906537952871,
   "EX_cpd15016_e0": 2.65789609369156,
   "EX_cpd03848_e0": 1.39919267468642,
   "EX_cpd16341_e0": 6.29944563379262,
   "EX_cpd25212_e0": 0.296789463876468,
   "EX_cpd00188_e0": 0.854810980992813,
   "EX_cpd05196_e0": 0.497621148280383,
   "EX_cpd05231_e0": 6.87220660523161,
   "EX_cpd16342_e0": 0.0361977737765831,
   "EX_cpd16301_e0": 0.422827334579276,
   "EX_cpd03852_e0": 1.68797939906614,
   "EX_cpd00211_e0": 26.8091281924103,
   "EX_cpd03846_e0": 5.75139574102588,
   "EX_cpd00160_e0": 2.27774997510691,
   "EX_cpd05274_e0": 17.3428366106907,
   "EX_cpd05235_e0": 0.205669414365795,
   "EX_cpd00393_e0": 0.0001193205105934,
   "EX_cpd11657_e0": 0.0686903958170963,
   "EX_cpd00534_e0": 0.0076857812809903
}