{
   "SF2_A_D1": [
      0.7942388653755188,
      2.0378547560540028e-07
   ],
   "SF2_A_D2": [
      0.8370357751846313,
      2.50015750680177e-06
   ],
   "SF2_B_D1": [
      0.8292256593704224,
      1.5410328160214704e-06
   ],
   "SF2_B_D2": [
      0.8397911787033081,
      2.9748941869911505e-06
   ],
   "SF2_C_D1": [
      0.784087061882019,
      1.1781513364894636e-07
   ],
   "SF2_C_D2": [
      0.8383674025535583,
      2.7187372779735597e-06
   ],
   "R1_A_D1": [
      0.8764795064926147,
      3.596159876906313e-05
   ],
   "R1_A_D2": [
      0.8771713376045227,
      3.78257900592871e-05
   ],
   "R1_B_D1": [
      0.8915186524391174,
      0.00011163871386088431
   ],
   "R1_B_D2": [
      0.8850565552711487,
      6.800039409426972e-05
   ],
   "R1_C_D1": [
      0.8929065465927124,
      0.00012441253056749701
   ],
   "R1_C_D2": [
      0.896625280380249,
      0.0001668718468863517
   ],
   "R2A_A_D1": [
      0.8980672359466553,
      0.00018724598339758813
   ],
   "R2A_A_D2": [
      0.8541426062583923,
      7.568478395114653e-06
   ],
   "R2A_B_D1": [
      0.8990970253944397,
      0.00020339559705462307
   ],
   "R2A_B_D2": [
      0.8965041637420654,
      0.0001652706996537745
   ],
   "R2A_C_D1": [
      0.9019730687141418,
      0.00025680504040792584
   ],
   "R2A_C_D2": [
      0.8825417757034302,
      5.627872815239243e-05
   ],
   "R2_A_D1": [
      0.8886282444000244,
      8.928088209358975e-05
   ],
   "R2_A_D2": [
      0.820760190486908,
      9.250647963199299e-07
   ],
   "R2_B_D1": [
      0.8868759870529175,
      7.807578367646784e-05
   ],
   "R2_B_D2": [
      0.8998619318008423,
      0.0002163426106562838
   ],
   "R2_C_D1": [
      0.8896300792694092,
      9.644039528211579e-05
   ],
   "R2_C_D2": [
      0.9052743315696716,
      0.00033691475982777774
   ]
}