{
   "SF2_A_D1": [
      0.7387315034866333,
      1.2156279538544368e-08
   ],
   "SF2_A_D2": [
      0.781976580619812,
      1.0533862138117911e-07
   ],
   "SF2_B_D1": [
      0.7511263489723206,
      2.2026718227152742e-08
   ],
   "SF2_B_D2": [
      0.7770364284515381,
      8.126711747991067e-08
   ],
   "SF2_C_D1": [
      0.7080750465393066,
      3.0079752022516004e-09
   ],
   "SF2_C_D2": [
      0.8082683086395264,
      4.466877498998656e-07
   ],
   "R1_A_D1": [
      0.8013946413993835,
      3.028402204563463e-07
   ],
   "R1_A_D2": [
      0.8045706152915955,
      3.620446875629568e-07
   ],
   "R1_B_D1": [
      0.8215726017951965,
      9.709020787340705e-07
   ],
   "R1_B_D2": [
      0.8168003559112549,
      7.321250450331718e-07
   ],
   "R1_C_D1": [
      0.8212369084358215,
      9.516792260910734e-07
   ],
   "R1_C_D2": [
      0.8254724740982056,
      1.2268234286239021e-06
   ],
   "R2A_A_D1": [
      0.8438441157341003,
      3.853684120258549e-06
   ],
   "R2A_A_D2": [
      0.8333423137664795,
      1.9855629034282174e-06
   ],
   "R2A_B_D1": [
      0.8612393736839294,
      1.223661547555821e-05
   ],
   "R2A_B_D2": [
      0.8427250385284424,
      3.5865518839273136e-06
   ],
   "R2A_C_D1": [
      0.8693486452102661,
      2.1538467990467325e-05
   ],
   "R2A_C_D2": [
      0.8347471356391907,
      2.1667094642907614e-06
   ],
   "R2_A_D1": [
      0.8223394155502319,
      1.0163688557440764e-06
   ],
   "R2_A_D2": [
      0.8115818500518799,
      5.403263116932067e-07
   ],
   "R2_B_D1": [
      0.819325864315033,
      8.496192549500847e-07
   ],
   "R2_B_D2": [
      0.8389476537704468,
      2.8202020985190757e-06
   ],
   "R2_C_D1": [
      0.8250218033790588,
      1.1939126807192224e-06
   ],
   "R2_C_D2": [
      0.8493167757987976,
      5.498836799233686e-06
   ]
}