{
   "SF2_A_D1": [
      0.8167209625244141,
      7.287212042683677e-07
   ],
   "SF2_A_D2": [
      0.8801793456077576,
      4.7201399866025895e-05
   ],
   "SF2_B_D1": [
      0.907970666885376,
      0.00042189404484815896
   ],
   "SF2_B_D2": [
      0.9115746021270752,
      0.0005724701914004982
   ],
   "SF2_C_D1": [
      0.8775523900985718,
      3.8895766920177266e-05
   ],
   "SF2_C_D2": [
      0.898571252822876,
      0.0001949743746081367
   ],
   "R1_A_D1": [
      0.903985857963562,
      0.00030288571724668145
   ],
   "R1_A_D2": [
      0.8936917781829834,
      0.00013231618504505605
   ],
   "R1_B_D1": [
      0.9102867245674133,
      0.0005130050121806562
   ],
   "R1_B_D2": [
      0.9145828485488892,
      0.0007416134467348456
   ],
   "R1_C_D1": [
      0.9067519307136536,
      0.0003809748450294137
   ],
   "R1_C_D2": [
      0.9071596264839172,
      0.00039417471271008253
   ],
   "R2A_A_D1": [
      0.8833827972412109,
      5.9941223298665136e-05
   ],
   "R2A_A_D2": [
      0.8807582855224609,
      4.9272552132606506e-05
   ],
   "R2A_B_D1": [
      0.8756672739982605,
      3.389632183825597e-05
   ],
   "R2A_B_D2": [
      0.8712401390075684,
      2.4639944967930205e-05
   ],
   "R2A_C_D1": [
      0.805019736289978,
      3.7135606589799863e-07
   ],
   "R2A_C_D2": [
      0.6821846961975098,
      9.942827672304588e-10
   ],
   "R2_A_D1": [
      0.8873334527015686,
      8.084991713985801e-05
   ],
   "R2_A_D2": [
      0.8346413373947144,
      2.152480419681524e-06
   ],
   "R2_B_D1": [
      0.9001968502998352,
      0.0002222827752120793
   ],
   "R2_B_D2": [
      0.8859631419181824,
      7.283698505489156e-05
   ],
   "R2_C_D1": [
      0.8906780481338501,
      0.00010458307951921597
   ],
   "R2_C_D2": [
      0.8869808316230774,
      7.870264380471781e-05
   ]
}