{
   "R1_C": 263.0210073267493,
   "R2_B": 5308.591017144301,
   "R2_C": 5214.314339711316,
   "R2_A": 589.3269001387226,
   "R1_A": 154.04429155649183,
   "R1_B": 350.7323023585634
}