{
   "SF2_A_D1": [
      0.866496205329895,
      2.051366027444601e-05
   ],
   "SF2_A_D2": [
      0.8940737247467041,
      0.00015584407083224505
   ],
   "SF2_B_D1": [
      0.8794381618499756,
      5.160081127542071e-05
   ],
   "SF2_B_D2": [
      0.8909109830856323,
      0.00012199717457406223
   ],
   "SF2_C_D1": [
      0.8636224269866943,
      1.6821568351588212e-05
   ],
   "SF2_C_D2": [
      0.9043334722518921,
      0.00035342751652933657
   ],
   "R1_A_D1": [
      0.9036285281181335,
      0.0003336752124596387
   ],
   "R1_A_D2": [
      0.9048900604248047,
      0.0003698930377140641
   ],
   "R1_B_D1": [
      0.9136008024215698,
      0.0007664147997274995
   ],
   "R1_B_D2": [
      0.9119178652763367,
      0.0006642139051109552
   ],
   "R1_C_D1": [
      0.9147369265556335,
      0.0008447189466096461
   ],
   "R1_C_D2": [
      0.9161335825920105,
      0.0009527279762551188
   ],
   "R2A_A_D1": [
      0.9225988388061523,
      0.0016810070956125855
   ],
   "R2A_A_D2": [
      0.9228293299674988,
      0.0017159647541120648
   ],
   "R2A_B_D1": [
      0.9360185861587524,
      0.005798266269266605
   ],
   "R2A_B_D2": [
      0.9215207695960999,
      0.001527225598692894
   ],
   "R2A_C_D1": [
      0.9377331137657166,
      0.006832788698375225
   ],
   "R2A_C_D2": [
      0.9148331880569458,
      0.0008517316891811788
   ],
   "R2_A_D1": [
      0.9150555729866028,
      0.0008681678446009755
   ],
   "R2_A_D2": [
      0.9093060493469238,
      0.0005331292632035911
   ],
   "R2_B_D1": [
      0.9134871959686279,
      0.000759019807446748
   ],
   "R2_B_D2": [
      0.9251836538314819,
      0.00212022103369236
   ],
   "R2_C_D1": [
      0.9174512028694153,
      0.0010680543491616845
   ],
   "R2_C_D2": [
      0.9306257963180542,
      0.0034906486980617046
   ]
}