{
   "SF2_A_D1": [
      0.8809422254562378,
      5.762499131378718e-05
   ],
   "SF2_A_D2": [
      0.8966724872589111,
      0.0001910723658511415
   ],
   "SF2_B_D1": [
      0.8931015729904175,
      0.00014449204900301993
   ],
   "SF2_B_D2": [
      0.8923072218894958,
      0.00013586628483608365
   ],
   "SF2_C_D1": [
      0.8764275908470154,
      4.145410639466718e-05
   ],
   "SF2_C_D2": [
      0.8865361213684082,
      8.743202488403767e-05
   ],
   "R1_A_D1": [
      0.9007108807563782,
      0.0002635274431668222
   ],
   "R1_A_D2": [
      0.899132490158081,
      0.00023224549659062177
   ],
   "R1_B_D1": [
      0.9095242619514465,
      0.0005429551820270717
   ],
   "R1_B_D2": [
      0.9085691571235657,
      0.0005013148766011
   ],
   "R1_C_D1": [
      0.912461519241333,
      0.0006955571589060128
   ],
   "R1_C_D2": [
      0.9119502902030945,
      0.0006660418584942818
   ],
   "R2A_A_D1": [
      0.9092021584510803,
      0.0005285184015519917
   ],
   "R2A_A_D2": [
      0.9052087068557739,
      0.0003796827222686261
   ],
   "R2A_B_D1": [
      0.9122897982597351,
      0.0006854906678199768
   ],
   "R2A_B_D2": [
      0.9108114838600159,
      0.0006049472140148282
   ],
   "R2A_C_D1": [
      0.9103727340698242,
      0.0005830179434269667
   ],
   "R2A_C_D2": [
      0.892851710319519,
      0.00014171800285112113
   ],
   "R2_A_D1": [
      0.910443902015686,
      0.0005865167477168143
   ],
   "R2_A_D2": [
      0.8756316304206848,
      3.914025364792906e-05
   ],
   "R2_B_D1": [
      0.9085873961448669,
      0.0005020761163905263
   ],
   "R2_B_D2": [
      0.9139561653137207,
      0.0007900475757196546
   ],
   "R2_C_D1": [
      0.9128034710884094,
      0.0007160671520978212
   ],
   "R2_C_D2": [
      0.9103261232376099,
      0.0005807368434034288
   ]
}