{
   "SF2_A_D1": [
      0.8628153204917908,
      1.591614454810042e-05
   ],
   "SF2_A_D2": [
      0.9030144214630127,
      0.00031742159626446664
   ],
   "SF2_B_D1": [
      0.9343517422676086,
      0.004949396941810846
   ],
   "SF2_B_D2": [
      0.9361119866371155,
      0.0058501544408500195
   ],
   "SF2_C_D1": [
      0.8980653285980225,
      0.00021333742188289762
   ],
   "SF2_C_D2": [
      0.91452556848526,
      0.0008295365842059255
   ],
   "R1_A_D1": [
      0.9341604113578796,
      0.00486066984012723
   ],
   "R1_A_D2": [
      0.9300360083580017,
      0.003304882440716028
   ],
   "R1_B_D1": [
      0.9286317825317383,
      0.002903285901993513
   ],
   "R1_B_D2": [
      0.9339591264724731,
      0.004769143648445606
   ],
   "R1_C_D1": [
      0.9296041131019592,
      0.0031754756346344948
   ],
   "R1_C_D2": [
      0.9367141127586365,
      0.0061965384520590305
   ],
   "R2A_A_D1": [
      0.907777726650238,
      0.0004693669325206429
   ],
   "R2A_A_D2": [
      0.8994261026382446,
      0.0002377518976572901
   ],
   "R2A_B_D1": [
      0.8992816805839539,
      0.0002350257709622383
   ],
   "R2A_B_D2": [
      0.8916350603103638,
      0.00012899216380901635
   ],
   "R2A_C_D1": [
      0.8471500873565674,
      5.619844614557223e-06
   ],
   "R2A_C_D2": [
      0.7822469472885132,
      1.2967548457254452e-07
   ],
   "R2_A_D1": [
      0.9033905267715454,
      0.000327274261508137
   ],
   "R2_A_D2": [
      0.8980284333229065,
      0.00021271359582897276
   ],
   "R2_B_D1": [
      0.9234776496887207,
      0.0018184422515332699
   ],
   "R2_B_D2": [
      0.9087395668029785,
      0.0005084892036393285
   ],
   "R2_C_D1": [
      0.9237126111984253,
      0.001857171067968011
   ],
   "R2_C_D2": [
      0.9096317291259766,
      0.0005478645325638354
   ]
}