,4572-130,70-9,ATBO01,Acidaminobacteraceae,Albimonas,Alkalispirochaeta,Alphaproteobacteria,BM002,BM003,BM004,BM103,BM507,BM509,BM714,Balneolaceae,Balneolales,Bipolaricaulia,Chromatocurvus,Crateriforma,Cryomorpha,DDH964,DSBN01,DT-110,DT-91,Desulfobacter,Desulfohalobiaceae,Desulfomicrobiaceae,Desulfotignum,Desulfurivibrionaceae,Flavobacteriaceae,Fodinibius,GCA-001735895,GCA-2722315,GCA-2748055,GWC2-71-9,Gallionellaceae,Geothermobacteraceae,Gracilimonas,Gramella,Guyparkeria,HIMB11,HLUCCA08,Halanaerobiales,Halanaerobium,Halioglobus,Halofilum,Halomonas,IMCC34051,J153,JAACFB01,JAAXQD01,JAAYHV01,JAAYYF01,JABDJL01,JABDQB01,JABSQH01,KS3-K002,Krumholzibacteria,Lutibacter,M0040,MWEM01,Maliponia,Maribacter,Marinobacter,Marivita,Mcinerneyibacterium,Microbacteriaceae,Muricauda,NaphS2,Nevskiales,Nitriliruptorales,Opitutales,Ornithinicoccus_A,PWMO01,PWYM01,Paceibacterales,Phaeodactylibacter,Psychroflexus,RZYO01,Rhodobacteraceae,Rhodohalobacter,Rhodothermales,Roseicyclus,Roseimaritima,Roseovarius,S36-B12,SAR324,SCGC-AAA027-K21,SG8-39,SHZL01,SLDV01,SLND01,SLSQ01,SLST01,SMO-BIN1,SURF-3,SW132,SZUA-36,SZUA-401,Salegentibacter,Salinarimonas,Salinivirga,Saprospiraceae,Sediminispirochaetaceae,Spiribacter,Sunxiuqinia,Synergistales,T1Sed10-7,Tangfeifania,Thiohalobacterales,Thiohalomonadales,Thiohalophilus,Thiohalorhabdus,Thiohalospira,UBA10428,UBA11386,UBA11574,UBA11579,UBA12077,UBA12170,UBA12270,UBA12294,UBA4486,UBA4802,UBA5335,UBA5704,UBA6264,UBA6794,UBA6960,UBA7960,UBA8670,VadinHA17,WC007,WN38,Wenzhouxiangella,Woeseiaceae,XN24,Xanthomonadales,YR4-1,Yeosuana
4572-130,1.0,-0.39999999999999997,-0.7999999999999999,0.0,0.39999999999999997,0.39999999999999997,-0.39999999999999997,0.0,-0.39999999999999997,0.0,0.39999999999999997,0.39999999999999997,-0.39999999999999997,0.39999999999999997,0.19999999999999998,0.0,0.7999999999999999,0.39999999999999997,0.39999999999999997,0.0,-0.39999999999999997,0.7999999999999999,0.39999999999999997,-0.7999999999999999,0.39999999999999997,0.39999999999999997,0.39999999999999997,1.0,-0.7999999999999999,-0.39999999999999997,0.39999999999999997,-0.7999999999999999,0.0,0.7999999999999999,-0.7999999999999999,-0.7999999999999999,-0.39999999999999997,0.0,-0.7999999999999999,0.39999999999999997,-0.39999999999999997,0.0,0.0,0.7999999999999999,0.6000000000000001,-0.7999999999999999,0.19999999999999998,0.0,-0.39999999999999997,-0.39999999999999997,0.0,0.39999999999999997,-0.39999999999999997,-0.7999999999999999,-0.7999999999999999,0.7999999999999999,-0.7999999999999999,0.39999999999999997,-0.39999999999999997,0.0,0.39999999999999997,0.39999999999999997,0.7999999999999999,0.0,0.0,0.39999999999999997,0.19999999999999998,0.0,0.0,0.0,-0.39999999999999997,0.39999999999999997,-0.39999999999999997,0.0,0.39999999999999997,0.0,0.39999999999999997,0.0,0.0,0.0,0.0,-1.0,0.39999999999999997,0.7999999999999999,0.0,0.39999999999999997,-0.39999999999999997,0.7999999999999999,-0.7999999999999999,-0.7999999999999999,0.39999999999999997,0.0,0.39999999999999997,0.7999999999999999,0.39999999999999997,0.7999999999999999,0.0,-0.7999999999999999,0.19999999999999998,0.0,0.19999999999999998,0.7999999999999999,0.0,0.7999999999999999,0.39999999999999997,-0.39999999999999997,0.0,0.39999999999999997,0.0,0.0,-0.39999999999999997,-0.39999999999999997,0.19999999999999998,-0.39999999999999997,0.0,0.0,0.0,-0.39999999999999997,0.39999999999999997,0.7999999999999999,0.0,-0.7999999999999999,-0.7999999999999999,0.7999999999999999,0.0,-0.39999999999999997,0.0,0.39999999999999997,0.0,0.7999999999999999,0.0,0.39999999999999997,-0.7999999999999999,0.39999999999999997,0.39999999999999997,0.39999999999999997,0.39999999999999997,-0.39999999999999997,0.39999999999999997,0.0
70-9,-0.39999999999999997,1.0,0.7999999999999999,-0.7999999999999999,-0.6000000000000001,-0.6000000000000001,1.0,0.7999999999999999,0.6000000000000001,0.7999999999999999,-1.0,-1.0,1.0,-1.0,-0.7999999999999999,0.7999999999999999,-0.7999999999999999,-1.0,-0.6000000000000001,-0.7999999999999999,0.6000000000000001,-0.7999999999999999,-0.6000000000000001,0.7999999999999999,-1.0,-0.6000000000000001,-1.0,-0.39999999999999997,0.7999999999999999,1.0,-1.0,0.7999999999999999,-0.7999999999999999,-0.19999999999999998,0.7999999999999999,0.7999999999999999,1.0,-0.7999999999999999,0.7999999999999999,-1.0,-0.39999999999999997,-0.7999999999999999,-0.7999999999999999,-0.7999999999999999,0.39999999999999997,0.7999999999999999,-0.7999999999999999,-0.7999999999999999,1.0,1.0,0.7999999999999999,-1.0,0.6000000000000001,0.7999999999999999,0.7999999999999999,-0.7999999999999999,0.7999999999999999,-0.6000000000000001,1.0,0.7999999999999999,-0.6000000000000001,-0.6000000000000001,0.19999999999999998,-0.7999999999999999,-0.7999999999999999,-0.6000000000000001,0.0,-0.7999999999999999,0.7999999999999999,0.7999999999999999,1.0,-0.6000000000000001,1.0,0.7999999999999999,-1.0,-0.7999999999999999,-0.6000000000000001,-0.7999999999999999,-0.7999999999999999,-0.7999999999999999,-0.7999999999999999,0.39999999999999997,-0.6000000000000001,-0.7999999999999999,-0.7999999999999999,-0.6000000000000001,1.0,-0.7999999999999999,0.7999999999999999,0.7999999999999999,-0.6000000000000001,0.7999999999999999,-1.0,-0.7999999999999999,-0.39999999999999997,-0.7999999999999999,-0.7999999999999999,0.7999999999999999,-0.7999999999999999,-0.7999999999999999,0.0,-0.7999999999999999,-0.7999999999999999,-0.7999999999999999,-0.6000000000000001,1.0,-0.7999999999999999,-0.6000000000000001,-0.7999999999999999,0.7999999999999999,0.6000000000000001,0.6000000000000001,-0.7999999999999999,-0.39999999999999997,0.7999999999999999,0.7999999999999999,0.7999999999999999,1.0,-1.0,-0.7999999999999999,0.7999999999999999,0.7999999999999999,0.7999999999999999,-0.7999999999999999,0.7999999999999999,1.0,-0.7999999999999999,-1.0,-0.7999999999999999,-0.7999999999999999,-0.7999999999999999,-1.0,0.7999999999999999,-0.6000000000000001,-0.6000000000000001,-1.0,-0.6000000000000001,0.6000000000000001,-1.0,0.7999999999999999
ATBO01,-0.7999999999999999,0.7999999999999999,1.0,-0.6000000000000001,-0.7999999999999999,-0.7999999999999999,0.7999999999999999,0.6000000000000001,0.7999999999999999,0.6000000000000001,-0.7999999999999999,-0.7999999999999999,0.7999999999999999,-0.7999999999999999,-0.39999999999999997,0.6000000000000001,-1.0,-0.7999999999999999,-0.7999999999999999,-0.6000000000000001,0.7999999999999999,-1.0,-0.7999999999999999,1.0,-0.7999999999999999,-0.7999999999999999,-0.7999999999999999,-0.7999999999999999,1.0,0.7999999999999999,-0.7999999999999999,1.0,-0.6000000000000001,-0.39999999999999997,1.0,1.0,0.7999999999999999,-0.6000000000000001,1.0,-0.7999999999999999,0.19999999999999998,-0.6000000000000001,-0.6000000000000001,-1.0,0.0,1.0,-0.39999999999999997,-0.6000000000000001,0.7999999999999999,0.7999999999999999,0.6000000000000001,-0.7999999999999999,0.7999999999999999,1.0,1.0,-1.0,1.0,-0.7999999999999999,0.7999999999999999,0.6000000000000001,-0.7999999999999999,-0.7999999999999999,-0.39999999999999997,-0.6000000000000001,-0.6000000000000001,-0.7999999999999999,-0.39999999999999997,-0.6000000000000001,0.6000000000000001,0.6000000000000001,0.7999999999999999,-0.7999999999999999,0.7999999999999999,0.6000000000000001,-0.7999999999999999,-0.6000000000000001,-0.7999999999999999,-0.6000000000000001,-0.6000000000000001,-0.6000000000000001,-0.6000000000000001,0.7999999999999999,-0.7999999999999999,-1.0,-0.6000000000000001,-0.7999999999999999,0.7999999999999999,-1.0,1.0,1.0,-0.7999999999999999,0.6000000000000001,-0.7999999999999999,-1.0,-0.19999999999999998,-1.0,-0.6000000000000001,1.0,-0.39999999999999997,-0.6000000000000001,-0.39999999999999997,-1.0,-0.6000000000000001,-1.0,-0.7999999999999999,0.7999999999999999,-0.6000000000000001,-0.7999999999999999,-0.6000000000000001,0.6000000000000001,0.7999999999999999,0.7999999999999999,-0.39999999999999997,0.19999999999999998,0.6000000000000001,0.6000000000000001,0.6000000000000001,0.7999999999999999,-0.7999999999999999,-1.0,0.6000000000000001,1.0,1.0,-1.0,0.6000000000000001,0.7999999999999999,-0.6000000000000001,-0.7999999999999999,-0.6000000000000001,-1.0,-0.6000000000000001,-0.7999999999999999,1.0,-0.7999999999999999,-0.7999999999999999,-0.7999999999999999,-0.7999999999999999,0.7999999999999999,-0.7999999999999999,0.6000000000000001
Acidaminobacteraceae,0.0,-0.7999999999999999,-0.6000000000000001,1.0,0.7999999999999999,0.7999999999999999,-0.7999999999999999,-1.0,-0.7999999999999999,-1.0,0.7999999999999999,0.7999999999999999,-0.7999999999999999,0.7999999999999999,0.39999999999999997,-1.0,0.6000000000000001,0.7999999999999999,0.7999999999999999,1.0,-0.7999999999999999,0.6000000000000001,0.7999999999999999,-0.6000000000000001,0.7999999999999999,0.7999999999999999,0.7999999999999999,0.0,-0.6000000000000001,-0.7999999999999999,0.7999999999999999,-0.6000000000000001,1.0,-0.39999999999999997,-0.6000000000000001,-0.6000000000000001,-0.7999999999999999,1.0,-0.6000000000000001,0.7999999999999999,0.19999999999999998,1.0,1.0,0.6000000000000001,-0.7999999999999999,-0.6000000000000001,0.39999999999999997,1.0,-0.7999999999999999,-0.7999999999999999,-1.0,0.7999999999999999,-0.7999999999999999,-0.6000000000000001,-0.6000000000000001,0.6000000000000001,-0.6000000000000001,0.7999999999999999,-0.7999999999999999,-1.0,0.7999999999999999,0.7999999999999999,-0.39999999999999997,1.0,1.0,0.7999999999999999,0.39999999999999997,1.0,-1.0,-1.0,-0.7999999999999999,0.7999999999999999,-0.7999999999999999,-1.0,0.7999999999999999,1.0,0.7999999999999999,1.0,1.0,1.0,1.0,0.0,0.7999999999999999,0.6000000000000001,1.0,0.7999999999999999,-0.7999999999999999,0.6000000000000001,-0.6000000000000001,-0.6000000000000001,0.7999999999999999,-1.0,0.7999999999999999,0.6000000000000001,-0.19999999999999998,0.6000000000000001,1.0,-0.6000000000000001,0.39999999999999997,1.0,0.39999999999999997,0.6000000000000001,1.0,0.6000000000000001,0.7999999999999999,-0.7999999999999999,1.0,0.7999999999999999,1.0,-1.0,-0.7999999999999999,-0.7999999999999999,0.39999999999999997,0.19999999999999998,-1.0,-1.0,-1.0,-0.7999999999999999,0.7999999999999999,0.6000000000000001,-1.0,-0.6000000000000001,-0.6000000000000001,0.6000000000000001,-1.0,-0.7999999999999999,1.0,0.7999999999999999,1.0,0.6000000000000001,1.0,0.7999999999999999,-0.6000000000000001,0.7999999999999999,0.7999999999999999,0.7999999999999999,0.7999999999999999,-0.7999999999999999,0.7999999999999999,-1.0
Albimonas,0.39999999999999997,-0.6000000000000001,-0.7999999999999999,0.7999999999999999,1.0,1.0,-0.6000000000000001,-0.7999999999999999,-1.0,-0.7999999999999999,0.6000000000000001,0.6000000000000001,-0.6000000000000001,0.6000000000000001,0.0,-0.7999999999999999,0.7999999999999999,0.6000000000000001,1.0,0.7999999999999999,-1.0,0.7999999999999999,1.0,-0.7999999999999999,0.6000000000000001,1.0,0.6000000000000001,0.39999999999999997,-0.7999999999999999,-0.6000000000000001,0.6000000000000001,-0.7999999999999999,0.7999999999999999,-0.19999999999999998,-0.7999999999999999,-0.7999999999999999,-0.6000000000000001,0.7999999999999999,-0.7999999999999999,0.6000000000000001,-0.39999999999999997,0.7999999999999999,0.7999999999999999,0.7999999999999999,-0.39999999999999997,-0.7999999999999999,0.0,0.7999999999999999,-0.6000000000000001,-0.6000000000000001,-0.7999999999999999,0.6000000000000001,-1.0,-0.7999999999999999,-0.7999999999999999,0.7999999999999999,-0.7999999999999999,1.0,-0.6000000000000001,-0.7999999999999999,1.0,1.0,0.19999999999999998,0.7999999999999999,0.7999999999999999,1.0,0.7999999999999999,0.7999999999999999,-0.7999999999999999,-0.7999999999999999,-0.6000000000000001,1.0,-0.6000000000000001,-0.7999999999999999,0.6000000000000001,0.7999999999999999,1.0,0.7999999999999999,0.7999999999999999,0.7999999999999999,0.7999999999999999,-0.39999999999999997,1.0,0.7999999999999999,0.7999999999999999,1.0,-0.6000000000000001,0.7999999999999999,-0.7999999999999999,-0.7999999999999999,1.0,-0.7999999999999999,0.6000000000000001,0.7999999999999999,-0.39999999999999997,0.7999999999999999,0.7999999999999999,-0.7999999999999999,0.0,0.7999999999999999,0.7999999999999999,0.7999999999999999,0.7999999999999999,0.7999999999999999,1.0,-0.6000000000000001,0.7999999999999999,1.0,0.7999999999999999,-0.7999999999999999,-1.0,-1.0,0.0,-0.39999999999999997,-0.7999999999999999,-0.7999999999999999,-0.7999999999999999,-0.6000000000000001,0.6000000000000001,0.7999999999999999,-0.7999999999999999,-0.7999999999999999,-0.7999999999999999,0.7999999999999999,-0.7999999999999999,-0.6000000000000001,0.7999999999999999,0.6000000000000001,0.7999999999999999,0.7999999999999999,0.7999999999999999,0.6000000000000001,-0.7999999999999999,1.0,1.0,0.6000000000000001,1.0,-1.0,0.6000000000000001,-0.7999999999999999
Alkalispirochaeta,0.39999999999999997,-0.6000000000000001,-0.7999999999999999,0.7999999999999999,1.0,1.0,-0.6000000000000001,-0.7999999999999999,-1.0,-0.7999999999999999,0.6000000000000001,0.6000000000000001,-0.6000000000000001,0.6000000000000001,0.0,-0.7999999999999999,0.7999999999999999,0.6000000000000001,1.0,0.7999999999999999,-1.0,0.7999999999999999,1.0,-0.7999999999999999,0.6000000000000001,1.0,0.6000000000000001,0.39999999999999997,-0.7999999999999999,-0.6000000000000001,0.6000000000000001,-0.7999999999999999,0.7999999999999999,-0.19999999999999998,-0.7999999999999999,-0.7999999999999999,-0.6000000000000001,0.7999999999999999,-0.7999999999999999,0.6000000000000001,-0.39999999999999997,0.7999999999999999,0.7999999999999999,0.7999999999999999,-0.39999999999999997,-0.7999999999999999,0.0,0.7999999999999999,-0.6000000000000001,-0.6000000000000001,-0.7999999999999999,0.6000000000000001,-1.0,-0.7999999999999999,-0.7999999999999999,0.7999999999999999,-0.7999999999999999,1.0,-0.6000000000000001,-0.7999999999999999,1.0,1.0,0.19999999999999998,0.7999999999999999,0.7999999999999999,1.0,0.7999999999999999,0.7999999999999999,-0.7999999999999999,-0.7999999999999999,-0.6000000000000001,1.0,-0.6000000000000001,-0.7999999999999999,0.6000000000000001,0.7999999999999999,1.0,0.7999999999999999,0.7999999999999999,0.7999999999999999,0.7999999999999999,-0.39999999999999997,1.0,0.7999999999999999,0.7999999999999999,1.0,-0.6000000000000001,0.7999999999999999,-0.7999999999999999,-0.7999999999999999,1.0,-0.7999999999999999,0.6000000000000001,0.7999999999999999,-0.39999999999999997,0.7999999999999999,0.7999999999999999,-0.7999999999999999,0.0,0.7999999999999999,0.7999999999999999,0.7999999999999999,0.7999999999999999,0.7999999999999999,1.0,-0.6000000000000001,0.7999999999999999,1.0,0.7999999999999999,-0.7999999999999999,-1.0,-1.0,0.0,-0.39999999999999997,-0.7999999999999999,-0.7999999999999999,-0.7999999999999999,-0.6000000000000001,0.6000000000000001,0.7999999999999999,-0.7999999999999999,-0.7999999999999999,-0.7999999999999999,0.7999999999999999,-0.7999999999999999,-0.6000000000000001,0.7999999999999999,0.6000000000000001,0.7999999999999999,0.7999999999999999,0.7999999999999999,0.6000000000000001,-0.7999999999999999,1.0,1.0,0.6000000000000001,1.0,-1.0,0.6000000000000001,-0.7999999999999999
Alphaproteobacteria,-0.39999999999999997,1.0,0.7999999999999999,-0.7999999999999999,-0.6000000000000001,-0.6000000000000001,1.0,0.7999999999999999,0.6000000000000001,0.7999999999999999,-1.0,-1.0,1.0,-1.0,-0.7999999999999999,0.7999999999999999,-0.7999999999999999,-1.0,-0.6000000000000001,-0.7999999999999999,0.6000000000000001,-0.7999999999999999,-0.6000000000000001,0.7999999999999999,-1.0,-0.6000000000000001,-1.0,-0.39999999999999997,0.7999999999999999,1.0,-1.0,0.7999999999999999,-0.7999999999999999,-0.19999999999999998,0.7999999999999999,0.7999999999999999,1.0,-0.7999999999999999,0.7999999999999999,-1.0,-0.39999999999999997,-0.7999999999999999,-0.7999999999999999,-0.7999999999999999,0.39999999999999997,0.7999999999999999,-0.7999999999999999,-0.7999999999999999,1.0,1.0,0.7999999999999999,-1.0,0.6000000000000001,0.7999999999999999,0.7999999999999999,-0.7999999999999999,0.7999999999999999,-0.6000000000000001,1.0,0.7999999999999999,-0.6000000000000001,-0.6000000000000001,0.19999999999999998,-0.7999999999999999,-0.7999999999999999,-0.6000000000000001,0.0,-0.7999999999999999,0.7999999999999999,0.7999999999999999,1.0,-0.6000000000000001,1.0,0.7999999999999999,-1.0,-0.7999999999999999,-0.6000000000000001,-0.7999999999999999,-0.7999999999999999,-0.7999999999999999,-0.7999999999999999,0.39999999999999997,-0.6000000000000001,-0.7999999999999999,-0.7999999999999999,-0.6000000000000001,1.0,-0.7999999999999999,0.7999999999999999,0.7999999999999999,-0.6000000000000001,0.7999999999999999,-1.0,-0.7999999999999999,-0.39999999999999997,-0.7999999999999999,-0.7999999999999999,0.7999999999999999,-0.7999999999999999,-0.7999999999999999,0.0,-0.7999999999999999,-0.7999999999999999,-0.7999999999999999,-0.6000000000000001,1.0,-0.7999999999999999,-0.6000000000000001,-0.7999999999999999,0.7999999999999999,0.6000000000000001,0.6000000000000001,-0.7999999999999999,-0.39999999999999997,0.7999999999999999,0.7999999999999999,0.7999999999999999,1.0,-1.0,-0.7999999999999999,0.7999999999999999,0.7999999999999999,0.7999999999999999,-0.7999999999999999,0.7999999999999999,1.0,-0.7999999999999999,-1.0,-0.7999999999999999,-0.7999999999999999,-0.7999999999999999,-1.0,0.7999999999999999,-0.6000000000000001,-0.6000000000000001,-1.0,-0.6000000000000001,0.6000000000000001,-1.0,0.7999999999999999
BM002,0.0,0.7999999999999999,0.6000000000000001,-1.0,-0.7999999999999999,-0.7999999999999999,0.7999999999999999,1.0,0.7999999999999999,1.0,-0.7999999999999999,-0.7999999999999999,0.7999999999999999,-0.7999999999999999,-0.39999999999999997,1.0,-0.6000000000000001,-0.7999999999999999,-0.7999999999999999,-1.0,0.7999999999999999,-0.6000000000000001,-0.7999999999999999,0.6000000000000001,-0.7999999999999999,-0.7999999999999999,-0.7999999999999999,0.0,0.6000000000000001,0.7999999999999999,-0.7999999999999999,0.6000000000000001,-1.0,0.39999999999999997,0.6000000000000001,0.6000000000000001,0.7999999999999999,-1.0,0.6000000000000001,-0.7999999999999999,-0.19999999999999998,-1.0,-1.0,-0.6000000000000001,0.7999999999999999,0.6000000000000001,-0.39999999999999997,-1.0,0.7999999999999999,0.7999999999999999,1.0,-0.7999999999999999,0.7999999999999999,0.6000000000000001,0.6000000000000001,-0.6000000000000001,0.6000000000000001,-0.7999999999999999,0.7999999999999999,1.0,-0.7999999999999999,-0.7999999999999999,0.39999999999999997,-1.0,-1.0,-0.7999999999999999,-0.39999999999999997,-1.0,1.0,1.0,0.7999999999999999,-0.7999999999999999,0.7999999999999999,1.0,-0.7999999999999999,-1.0,-0.7999999999999999,-1.0,-1.0,-1.0,-1.0,0.0,-0.7999999999999999,-0.6000000000000001,-1.0,-0.7999999999999999,0.7999999999999999,-0.6000000000000001,0.6000000000000001,0.6000000000000001,-0.7999999999999999,1.0,-0.7999999999999999,-0.6000000000000001,0.19999999999999998,-0.6000000000000001,-1.0,0.6000000000000001,-0.39999999999999997,-1.0,-0.39999999999999997,-0.6000000000000001,-1.0,-0.6000000000000001,-0.7999999999999999,0.7999999999999999,-1.0,-0.7999999999999999,-1.0,1.0,0.7999999999999999,0.7999999999999999,-0.39999999999999997,-0.19999999999999998,1.0,1.0,1.0,0.7999999999999999,-0.7999999999999999,-0.6000000000000001,1.0,0.6000000000000001,0.6000000000000001,-0.6000000000000001,1.0,0.7999999999999999,-1.0,-0.7999999999999999,-1.0,-0.6000000000000001,-1.0,-0.7999999999999999,0.6000000000000001,-0.7999999999999999,-0.7999999999999999,-0.7999999999999999,-0.7999999999999999,0.7999999999999999,-0.7999999999999999,1.0
BM003,-0.39999999999999997,0.6000000000000001,0.7999999999999999,-0.7999999999999999,-1.0,-1.0,0.6000000000000001,0.7999999999999999,1.0,0.7999999999999999,-0.6000000000000001,-0.6000000000000001,0.6000000000000001,-0.6000000000000001,0.0,0.7999999999999999,-0.7999999999999999,-0.6000000000000001,-1.0,-0.7999999999999999,1.0,-0.7999999999999999,-1.0,0.7999999999999999,-0.6000000000000001,-1.0,-0.6000000000000001,-0.39999999999999997,0.7999999999999999,0.6000000000000001,-0.6000000000000001,0.7999999999999999,-0.7999999999999999,0.19999999999999998,0.7999999999999999,0.7999999999999999,0.6000000000000001,-0.7999999999999999,0.7999999999999999,-0.6000000000000001,0.39999999999999997,-0.7999999999999999,-0.7999999999999999,-0.7999999999999999,0.39999999999999997,0.7999999999999999,0.0,-0.7999999999999999,0.6000000000000001,0.6000000000000001,0.7999999999999999,-0.6000000000000001,1.0,0.7999999999999999,0.7999999999999999,-0.7999999999999999,0.7999999999999999,-1.0,0.6000000000000001,0.7999999999999999,-1.0,-1.0,-0.19999999999999998,-0.7999999999999999,-0.7999999999999999,-1.0,-0.7999999999999999,-0.7999999999999999,0.7999999999999999,0.7999999999999999,0.6000000000000001,-1.0,0.6000000000000001,0.7999999999999999,-0.6000000000000001,-0.7999999999999999,-1.0,-0.7999999999999999,-0.7999999999999999,-0.7999999999999999,-0.7999999999999999,0.39999999999999997,-1.0,-0.7999999999999999,-0.7999999999999999,-1.0,0.6000000000000001,-0.7999999999999999,0.7999999999999999,0.7999999999999999,-1.0,0.7999999999999999,-0.6000000000000001,-0.7999999999999999,0.39999999999999997,-0.7999999999999999,-0.7999999999999999,0.7999999999999999,0.0,-0.7999999999999999,-0.7999999999999999,-0.7999999999999999,-0.7999999999999999,-0.7999999999999999,-1.0,0.6000000000000001,-0.7999999999999999,-1.0,-0.7999999999999999,0.7999999999999999,1.0,1.0,0.0,0.39999999999999997,0.7999999999999999,0.7999999999999999,0.7999999999999999,0.6000000000000001,-0.6000000000000001,-0.7999999999999999,0.7999999999999999,0.7999999999999999,0.7999999999999999,-0.7999999999999999,0.7999999999999999,0.6000000000000001,-0.7999999999999999,-0.6000000000000001,-0.7999999999999999,-0.7999999999999999,-0.7999999999999999,-0.6000000000000001,0.7999999999999999,-1.0,-1.0,-0.6000000000000001,-1.0,1.0,-0.6000000000000001,0.7999999999999999
BM004,0.0,0.7999999999999999,0.6000000000000001,-1.0,-0.7999999999999999,-0.7999999999999999,0.7999999999999999,1.0,0.7999999999999999,1.0,-0.7999999999999999,-0.7999999999999999,0.7999999999999999,-0.7999999999999999,-0.39999999999999997,1.0,-0.6000000000000001,-0.7999999999999999,-0.7999999999999999,-1.0,0.7999999999999999,-0.6000000000000001,-0.7999999999999999,0.6000000000000001,-0.7999999999999999,-0.7999999999999999,-0.7999999999999999,0.0,0.6000000000000001,0.7999999999999999,-0.7999999999999999,0.6000000000000001,-1.0,0.39999999999999997,0.6000000000000001,0.6000000000000001,0.7999999999999999,-1.0,0.6000000000000001,-0.7999999999999999,-0.19999999999999998,-1.0,-1.0,-0.6000000000000001,0.7999999999999999,0.6000000000000001,-0.39999999999999997,-1.0,0.7999999999999999,0.7999999999999999,1.0,-0.7999999999999999,0.7999999999999999,0.6000000000000001,0.6000000000000001,-0.6000000000000001,0.6000000000000001,-0.7999999999999999,0.7999999999999999,1.0,-0.7999999999999999,-0.7999999999999999,0.39999999999999997,-1.0,-1.0,-0.7999999999999999,-0.39999999999999997,-1.0,1.0,1.0,0.7999999999999999,-0.7999999999999999,0.7999999999999999,1.0,-0.7999999999999999,-1.0,-0.7999999999999999,-1.0,-1.0,-1.0,-1.0,0.0,-0.7999999999999999,-0.6000000000000001,-1.0,-0.7999999999999999,0.7999999999999999,-0.6000000000000001,0.6000000000000001,0.6000000000000001,-0.7999999999999999,1.0,-0.7999999999999999,-0.6000000000000001,0.19999999999999998,-0.6000000000000001,-1.0,0.6000000000000001,-0.39999999999999997,-1.0,-0.39999999999999997,-0.6000000000000001,-1.0,-0.6000000000000001,-0.7999999999999999,0.7999999999999999,-1.0,-0.7999999999999999,-1.0,1.0,0.7999999999999999,0.7999999999999999,-0.39999999999999997,-0.19999999999999998,1.0,1.0,1.0,0.7999999999999999,-0.7999999999999999,-0.6000000000000001,1.0,0.6000000000000001,0.6000000000000001,-0.6000000000000001,1.0,0.7999999999999999,-1.0,-0.7999999999999999,-1.0,-0.6000000000000001,-1.0,-0.7999999999999999,0.6000000000000001,-0.7999999999999999,-0.7999999999999999,-0.7999999999999999,-0.7999999999999999,0.7999999999999999,-0.7999999999999999,1.0
BM103,0.39999999999999997,-1.0,-0.7999999999999999,0.7999999999999999,0.6000000000000001,0.6000000000000001,-1.0,-0.7999999999999999,-0.6000000000000001,-0.7999999999999999,1.0,1.0,-1.0,1.0,0.7999999999999999,-0.7999999999999999,0.7999999999999999,1.0,0.6000000000000001,0.7999999999999999,-0.6000000000000001,0.7999999999999999,0.6000000000000001,-0.7999999999999999,1.0,0.6000000000000001,1.0,0.39999999999999997,-0.7999999999999999,-1.0,1.0,-0.7999999999999999,0.7999999999999999,0.19999999999999998,-0.7999999999999999,-0.7999999999999999,-1.0,0.7999999999999999,-0.7999999999999999,1.0,0.39999999999999997,0.7999999999999999,0.7999999999999999,0.7999999999999999,-0.39999999999999997,-0.7999999999999999,0.7999999999999999,0.7999999999999999,-1.0,-1.0,-0.7999999999999999,1.0,-0.6000000000000001,-0.7999999999999999,-0.7999999999999999,0.7999999999999999,-0.7999999999999999,0.6000000000000001,-1.0,-0.7999999999999999,0.6000000000000001,0.6000000000000001,-0.19999999999999998,0.7999999999999999,0.7999999999999999,0.6000000000000001,0.0,0.7999999999999999,-0.7999999999999999,-0.7999999999999999,-1.0,0.6000000000000001,-1.0,-0.7999999999999999,1.0,0.7999999999999999,0.6000000000000001,0.7999999999999999,0.7999999999999999,0.7999999999999999,0.7999999999999999,-0.39999999999999997,0.6000000000000001,0.7999999999999999,0.7999999999999999,0.6000000000000001,-1.0,0.7999999999999999,-0.7999999999999999,-0.7999999999999999,0.6000000000000001,-0.7999999999999999,1.0,0.7999999999999999,0.39999999999999997,0.7999999999999999,0.7999999999999999,-0.7999999999999999,0.7999999999999999,0.7999999999999999,0.0,0.7999999999999999,0.7999999999999999,0.7999999999999999,0.6000000000000001,-1.0,0.7999999999999999,0.6000000000000001,0.7999999999999999,-0.7999999999999999,-0.6000000000000001,-0.6000000000000001,0.7999999999999999,0.39999999999999997,-0.7999999999999999,-0.7999999999999999,-0.7999999999999999,-1.0,1.0,0.7999999999999999,-0.7999999999999999,-0.7999999999999999,-0.7999999999999999,0.7999999999999999,-0.7999999999999999,-1.0,0.7999999999999999,1.0,0.7999999999999999,0.7999999999999999,0.7999999999999999,1.0,-0.7999999999999999,0.6000000000000001,0.6000000000000001,1.0,0.6000000000000001,-0.6000000000000001,1.0,-0.7999999999999999
BM507,0.39999999999999997,-1.0,-0.7999999999999999,0.7999999999999999,0.6000000000000001,0.6000000000000001,-1.0,-0.7999999999999999,-0.6000000000000001,-0.7999999999999999,1.0,1.0,-1.0,1.0,0.7999999999999999,-0.7999999999999999,0.7999999999999999,1.0,0.6000000000000001,0.7999999999999999,-0.6000000000000001,0.7999999999999999,0.6000000000000001,-0.7999999999999999,1.0,0.6000000000000001,1.0,0.39999999999999997,-0.7999999999999999,-1.0,1.0,-0.7999999999999999,0.7999999999999999,0.19999999999999998,-0.7999999999999999,-0.7999999999999999,-1.0,0.7999999999999999,-0.7999999999999999,1.0,0.39999999999999997,0.7999999999999999,0.7999999999999999,0.7999999999999999,-0.39999999999999997,-0.7999999999999999,0.7999999999999999,0.7999999999999999,-1.0,-1.0,-0.7999999999999999,1.0,-0.6000000000000001,-0.7999999999999999,-0.7999999999999999,0.7999999999999999,-0.7999999999999999,0.6000000000000001,-1.0,-0.7999999999999999,0.6000000000000001,0.6000000000000001,-0.19999999999999998,0.7999999999999999,0.7999999999999999,0.6000000000000001,0.0,0.7999999999999999,-0.7999999999999999,-0.7999999999999999,-1.0,0.6000000000000001,-1.0,-0.7999999999999999,1.0,0.7999999999999999,0.6000000000000001,0.7999999999999999,0.7999999999999999,0.7999999999999999,0.7999999999999999,-0.39999999999999997,0.6000000000000001,0.7999999999999999,0.7999999999999999,0.6000000000000001,-1.0,0.7999999999999999,-0.7999999999999999,-0.7999999999999999,0.6000000000000001,-0.7999999999999999,1.0,0.7999999999999999,0.39999999999999997,0.7999999999999999,0.7999999999999999,-0.7999999999999999,0.7999999999999999,0.7999999999999999,0.0,0.7999999999999999,0.7999999999999999,0.7999999999999999,0.6000000000000001,-1.0,0.7999999999999999,0.6000000000000001,0.7999999999999999,-0.7999999999999999,-0.6000000000000001,-0.6000000000000001,0.7999999999999999,0.39999999999999997,-0.7999999999999999,-0.7999999999999999,-0.7999999999999999,-1.0,1.0,0.7999999999999999,-0.7999999999999999,-0.7999999999999999,-0.7999999999999999,0.7999999999999999,-0.7999999999999999,-1.0,0.7999999999999999,1.0,0.7999999999999999,0.7999999999999999,0.7999999999999999,1.0,-0.7999999999999999,0.6000000000000001,0.6000000000000001,1.0,0.6000000000000001,-0.6000000000000001,1.0,-0.7999999999999999
BM509,-0.39999999999999997,1.0,0.7999999999999999,-0.7999999999999999,-0.6000000000000001,-0.6000000000000001,1.0,0.7999999999999999,0.6000000000000001,0.7999999999999999,-1.0,-1.0,1.0,-1.0,-0.7999999999999999,0.7999999999999999,-0.7999999999999999,-1.0,-0.6000000000000001,-0.7999999999999999,0.6000000000000001,-0.7999999999999999,-0.6000000000000001,0.7999999999999999,-1.0,-0.6000000000000001,-1.0,-0.39999999999999997,0.7999999999999999,1.0,-1.0,0.7999999999999999,-0.7999999999999999,-0.19999999999999998,0.7999999999999999,0.7999999999999999,1.0,-0.7999999999999999,0.7999999999999999,-1.0,-0.39999999999999997,-0.7999999999999999,-0.7999999999999999,-0.7999999999999999,0.39999999999999997,0.7999999999999999,-0.7999999999999999,-0.7999999999999999,1.0,1.0,0.7999999999999999,-1.0,0.6000000000000001,0.7999999999999999,0.7999999999999999,-0.7999999999999999,0.7999999999999999,-0.6000000000000001,1.0,0.7999999999999999,-0.6000000000000001,-0.6000000000000001,0.19999999999999998,-0.7999999999999999,-0.7999999999999999,-0.6000000000000001,0.0,-0.7999999999999999,0.7999999999999999,0.7999999999999999,1.0,-0.6000000000000001,1.0,0.7999999999999999,-1.0,-0.7999999999999999,-0.6000000000000001,-0.7999999999999999,-0.7999999999999999,-0.7999999999999999,-0.7999999999999999,0.39999999999999997,-0.6000000000000001,-0.7999999999999999,-0.7999999999999999,-0.6000000000000001,1.0,-0.7999999999999999,0.7999999999999999,0.7999999999999999,-0.6000000000000001,0.7999999999999999,-1.0,-0.7999999999999999,-0.39999999999999997,-0.7999999999999999,-0.7999999999999999,0.7999999999999999,-0.7999999999999999,-0.7999999999999999,0.0,-0.7999999999999999,-0.7999999999999999,-0.7999999999999999,-0.6000000000000001,1.0,-0.7999999999999999,-0.6000000000000001,-0.7999999999999999,0.7999999999999999,0.6000000000000001,0.6000000000000001,-0.7999999999999999,-0.39999999999999997,0.7999999999999999,0.7999999999999999,0.7999999999999999,1.0,-1.0,-0.7999999999999999,0.7999999999999999,0.7999999999999999,0.7999999999999999,-0.7999999999999999,0.7999999999999999,1.0,-0.7999999999999999,-1.0,-0.7999999999999999,-0.7999999999999999,-0.7999999999999999,-1.0,0.7999999999999999,-0.6000000000000001,-0.6000000000000001,-1.0,-0.6000000000000001,0.6000000000000001,-1.0,0.7999999999999999
BM714,0.39999999999999997,-1.0,-0.7999999999999999,0.7999999999999999,0.6000000000000001,0.6000000000000001,-1.0,-0.7999999999999999,-0.6000000000000001,-0.7999999999999999,1.0,1.0,-1.0,1.0,0.7999999999999999,-0.7999999999999999,0.7999999999999999,1.0,0.6000000000000001,0.7999999999999999,-0.6000000000000001,0.7999999999999999,0.6000000000000001,-0.7999999999999999,1.0,0.6000000000000001,1.0,0.39999999999999997,-0.7999999999999999,-1.0,1.0,-0.7999999999999999,0.7999999999999999,0.19999999999999998,-0.7999999999999999,-0.7999999999999999,-1.0,0.7999999999999999,-0.7999999999999999,1.0,0.39999999999999997,0.7999999999999999,0.7999999999999999,0.7999999999999999,-0.39999999999999997,-0.7999999999999999,0.7999999999999999,0.7999999999999999,-1.0,-1.0,-0.7999999999999999,1.0,-0.6000000000000001,-0.7999999999999999,-0.7999999999999999,0.7999999999999999,-0.7999999999999999,0.6000000000000001,-1.0,-0.7999999999999999,0.6000000000000001,0.6000000000000001,-0.19999999999999998,0.7999999999999999,0.7999999999999999,0.6000000000000001,0.0,0.7999999999999999,-0.7999999999999999,-0.7999999999999999,-1.0,0.6000000000000001,-1.0,-0.7999999999999999,1.0,0.7999999999999999,0.6000000000000001,0.7999999999999999,0.7999999999999999,0.7999999999999999,0.7999999999999999,-0.39999999999999997,0.6000000000000001,0.7999999999999999,0.7999999999999999,0.6000000000000001,-1.0,0.7999999999999999,-0.7999999999999999,-0.7999999999999999,0.6000000000000001,-0.7999999999999999,1.0,0.7999999999999999,0.39999999999999997,0.7999999999999999,0.7999999999999999,-0.7999999999999999,0.7999999999999999,0.7999999999999999,0.0,0.7999999999999999,0.7999999999999999,0.7999999999999999,0.6000000000000001,-1.0,0.7999999999999999,0.6000000000000001,0.7999999999999999,-0.7999999999999999,-0.6000000000000001,-0.6000000000000001,0.7999999999999999,0.39999999999999997,-0.7999999999999999,-0.7999999999999999,-0.7999999999999999,-1.0,1.0,0.7999999999999999,-0.7999999999999999,-0.7999999999999999,-0.7999999999999999,0.7999999999999999,-0.7999999999999999,-1.0,0.7999999999999999,1.0,0.7999999999999999,0.7999999999999999,0.7999999999999999,1.0,-0.7999999999999999,0.6000000000000001,0.6000000000000001,1.0,0.6000000000000001,-0.6000000000000001,1.0,-0.7999999999999999
Balneolaceae,0.19999999999999998,-0.7999999999999999,-0.39999999999999997,0.39999999999999997,0.0,0.0,-0.7999999999999999,-0.39999999999999997,0.0,-0.39999999999999997,0.7999999999999999,0.7999999999999999,-0.7999999999999999,0.7999999999999999,1.0,-0.39999999999999997,0.39999999999999997,0.7999999999999999,0.0,0.39999999999999997,0.0,0.39999999999999997,0.0,-0.39999999999999997,0.7999999999999999,0.0,0.7999999999999999,0.19999999999999998,-0.39999999999999997,-0.7999999999999999,0.7999999999999999,-0.39999999999999997,0.39999999999999997,0.39999999999999997,-0.39999999999999997,-0.39999999999999997,-0.7999999999999999,0.39999999999999997,-0.39999999999999997,0.7999999999999999,0.7999999999999999,0.39999999999999997,0.39999999999999997,0.39999999999999997,-0.19999999999999998,-0.39999999999999997,1.0,0.39999999999999997,-0.7999999999999999,-0.7999999999999999,-0.39999999999999997,0.7999999999999999,0.0,-0.39999999999999997,-0.39999999999999997,0.39999999999999997,-0.39999999999999997,0.0,-0.7999999999999999,-0.39999999999999997,0.0,0.0,-0.39999999999999997,0.39999999999999997,0.39999999999999997,0.0,-0.6000000000000001,0.39999999999999997,-0.39999999999999997,-0.39999999999999997,-0.7999999999999999,0.0,-0.7999999999999999,-0.39999999999999997,0.7999999999999999,0.39999999999999997,0.0,0.39999999999999997,0.39999999999999997,0.39999999999999997,0.39999999999999997,-0.19999999999999998,0.0,0.39999999999999997,0.39999999999999997,0.0,-0.7999999999999999,0.39999999999999997,-0.39999999999999997,-0.39999999999999997,0.0,-0.39999999999999997,0.7999999999999999,0.39999999999999997,0.7999999999999999,0.39999999999999997,0.39999999999999997,-0.39999999999999997,1.0,0.39999999999999997,-0.6000000000000001,0.39999999999999997,0.39999999999999997,0.39999999999999997,0.0,-0.7999999999999999,0.39999999999999997,0.0,0.39999999999999997,-0.39999999999999997,0.0,0.0,1.0,0.7999999999999999,-0.39999999999999997,-0.39999999999999997,-0.39999999999999997,-0.7999999999999999,0.7999999999999999,0.39999999999999997,-0.39999999999999997,-0.39999999999999997,-0.39999999999999997,0.39999999999999997,-0.39999999999999997,-0.7999999999999999,0.39999999999999997,0.7999999999999999,0.39999999999999997,0.39999999999999997,0.39999999999999997,0.7999999999999999,-0.39999999999999997,0.0,0.0,0.7999999999999999,0.0,0.0,0.7999999999999999,-0.39999999999999997
Balneolales,0.0,0.7999999999999999,0.6000000000000001,-1.0,-0.7999999999999999,-0.7999999999999999,0.7999999999999999,1.0,0.7999999999999999,1.0,-0.7999999999999999,-0.7999999999999999,0.7999999999999999,-0.7999999999999999,-0.39999999999999997,1.0,-0.6000000000000001,-0.7999999999999999,-0.7999999999999999,-1.0,0.7999999999999999,-0.6000000000000001,-0.7999999999999999,0.6000000000000001,-0.7999999999999999,-0.7999999999999999,-0.7999999999999999,0.0,0.6000000000000001,0.7999999999999999,-0.7999999999999999,0.6000000000000001,-1.0,0.39999999999999997,0.6000000000000001,0.6000000000000001,0.7999999999999999,-1.0,0.6000000000000001,-0.7999999999999999,-0.19999999999999998,-1.0,-1.0,-0.6000000000000001,0.7999999999999999,0.6000000000000001,-0.39999999999999997,-1.0,0.7999999999999999,0.7999999999999999,1.0,-0.7999999999999999,0.7999999999999999,0.6000000000000001,0.6000000000000001,-0.6000000000000001,0.6000000000000001,-0.7999999999999999,0.7999999999999999,1.0,-0.7999999999999999,-0.7999999999999999,0.39999999999999997,-1.0,-1.0,-0.7999999999999999,-0.39999999999999997,-1.0,1.0,1.0,0.7999999999999999,-0.7999999999999999,0.7999999999999999,1.0,-0.7999999999999999,-1.0,-0.7999999999999999,-1.0,-1.0,-1.0,-1.0,0.0,-0.7999999999999999,-0.6000000000000001,-1.0,-0.7999999999999999,0.7999999999999999,-0.6000000000000001,0.6000000000000001,0.6000000000000001,-0.7999999999999999,1.0,-0.7999999999999999,-0.6000000000000001,0.19999999999999998,-0.6000000000000001,-1.0,0.6000000000000001,-0.39999999999999997,-1.0,-0.39999999999999997,-0.6000000000000001,-1.0,-0.6000000000000001,-0.7999999999999999,0.7999999999999999,-1.0,-0.7999999999999999,-1.0,1.0,0.7999999999999999,0.7999999999999999,-0.39999999999999997,-0.19999999999999998,1.0,1.0,1.0,0.7999999999999999,-0.7999999999999999,-0.6000000000000001,1.0,0.6000000000000001,0.6000000000000001,-0.6000000000000001,1.0,0.7999999999999999,-1.0,-0.7999999999999999,-1.0,-0.6000000000000001,-1.0,-0.7999999999999999,0.6000000000000001,-0.7999999999999999,-0.7999999999999999,-0.7999999999999999,-0.7999999999999999,0.7999999999999999,-0.7999999999999999,1.0
Bipolaricaulia,0.7999999999999999,-0.7999999999999999,-1.0,0.6000000000000001,0.7999999999999999,0.7999999999999999,-0.7999999999999999,-0.6000000000000001,-0.7999999999999999,-0.6000000000000001,0.7999999999999999,0.7999999999999999,-0.7999999999999999,0.7999999999999999,0.39999999999999997,-0.6000000000000001,1.0,0.7999999999999999,0.7999999999999999,0.6000000000000001,-0.7999999999999999,1.0,0.7999999999999999,-1.0,0.7999999999999999,0.7999999999999999,0.7999999999999999,0.7999999999999999,-1.0,-0.7999999999999999,0.7999999999999999,-1.0,0.6000000000000001,0.39999999999999997,-1.0,-1.0,-0.7999999999999999,0.6000000000000001,-1.0,0.7999999999999999,-0.19999999999999998,0.6000000000000001,0.6000000000000001,1.0,0.0,-1.0,0.39999999999999997,0.6000000000000001,-0.7999999999999999,-0.7999999999999999,-0.6000000000000001,0.7999999999999999,-0.7999999999999999,-1.0,-1.0,1.0,-1.0,0.7999999999999999,-0.7999999999999999,-0.6000000000000001,0.7999999999999999,0.7999999999999999,0.39999999999999997,0.6000000000000001,0.6000000000000001,0.7999999999999999,0.39999999999999997,0.6000000000000001,-0.6000000000000001,-0.6000000000000001,-0.7999999999999999,0.7999999999999999,-0.7999999999999999,-0.6000000000000001,0.7999999999999999,0.6000000000000001,0.7999999999999999,0.6000000000000001,0.6000000000000001,0.6000000000000001,0.6000000000000001,-0.7999999999999999,0.7999999999999999,1.0,0.6000000000000001,0.7999999999999999,-0.7999999999999999,1.0,-1.0,-1.0,0.7999999999999999,-0.6000000000000001,0.7999999999999999,1.0,0.19999999999999998,1.0,0.6000000000000001,-1.0,0.39999999999999997,0.6000000000000001,0.39999999999999997,1.0,0.6000000000000001,1.0,0.7999999999999999,-0.7999999999999999,0.6000000000000001,0.7999999999999999,0.6000000000000001,-0.6000000000000001,-0.7999999999999999,-0.7999999999999999,0.39999999999999997,-0.19999999999999998,-0.6000000000000001,-0.6000000000000001,-0.6000000000000001,-0.7999999999999999,0.7999999999999999,1.0,-0.6000000000000001,-1.0,-1.0,1.0,-0.6000000000000001,-0.7999999999999999,0.6000000000000001,0.7999999999999999,0.6000000000000001,1.0,0.6000000000000001,0.7999999999999999,-1.0,0.7999999999999999,0.7999999999999999,0.7999999999999999,0.7999999999999999,-0.7999999999999999,0.7999999999999999,-0.6000000000000001
Chromatocurvus,0.39999999999999997,-1.0,-0.7999999999999999,0.7999999999999999,0.6000000000000001,0.6000000000000001,-1.0,-0.7999999999999999,-0.6000000000000001,-0.7999999999999999,1.0,1.0,-1.0,1.0,0.7999999999999999,-0.7999999999999999,0.7999999999999999,1.0,0.6000000000000001,0.7999999999999999,-0.6000000000000001,0.7999999999999999,0.6000000000000001,-0.7999999999999999,1.0,0.6000000000000001,1.0,0.39999999999999997,-0.7999999999999999,-1.0,1.0,-0.7999999999999999,0.7999999999999999,0.19999999999999998,-0.7999999999999999,-0.7999999999999999,-1.0,0.7999999999999999,-0.7999999999999999,1.0,0.39999999999999997,0.7999999999999999,0.7999999999999999,0.7999999999999999,-0.39999999999999997,-0.7999999999999999,0.7999999999999999,0.7999999999999999,-1.0,-1.0,-0.7999999999999999,1.0,-0.6000000000000001,-0.7999999999999999,-0.7999999999999999,0.7999999999999999,-0.7999999999999999,0.6000000000000001,-1.0,-0.7999999999999999,0.6000000000000001,0.6000000000000001,-0.19999999999999998,0.7999999999999999,0.7999999999999999,0.6000000000000001,0.0,0.7999999999999999,-0.7999999999999999,-0.7999999999999999,-1.0,0.6000000000000001,-1.0,-0.7999999999999999,1.0,0.7999999999999999,0.6000000000000001,0.7999999999999999,0.7999999999999999,0.7999999999999999,0.7999999999999999,-0.39999999999999997,0.6000000000000001,0.7999999999999999,0.7999999999999999,0.6000000000000001,-1.0,0.7999999999999999,-0.7999999999999999,-0.7999999999999999,0.6000000000000001,-0.7999999999999999,1.0,0.7999999999999999,0.39999999999999997,0.7999999999999999,0.7999999999999999,-0.7999999999999999,0.7999999999999999,0.7999999999999999,0.0,0.7999999999999999,0.7999999999999999,0.7999999999999999,0.6000000000000001,-1.0,0.7999999999999999,0.6000000000000001,0.7999999999999999,-0.7999999999999999,-0.6000000000000001,-0.6000000000000001,0.7999999999999999,0.39999999999999997,-0.7999999999999999,-0.7999999999999999,-0.7999999999999999,-1.0,1.0,0.7999999999999999,-0.7999999999999999,-0.7999999999999999,-0.7999999999999999,0.7999999999999999,-0.7999999999999999,-1.0,0.7999999999999999,1.0,0.7999999999999999,0.7999999999999999,0.7999999999999999,1.0,-0.7999999999999999,0.6000000000000001,0.6000000000000001,1.0,0.6000000000000001,-0.6000000000000001,1.0,-0.7999999999999999
Crateriforma,0.39999999999999997,-0.6000000000000001,-0.7999999999999999,0.7999999999999999,1.0,1.0,-0.6000000000000001,-0.7999999999999999,-1.0,-0.7999999999999999,0.6000000000000001,0.6000000000000001,-0.6000000000000001,0.6000000000000001,0.0,-0.7999999999999999,0.7999999999999999,0.6000000000000001,1.0,0.7999999999999999,-1.0,0.7999999999999999,1.0,-0.7999999999999999,0.6000000000000001,1.0,0.6000000000000001,0.39999999999999997,-0.7999999999999999,-0.6000000000000001,0.6000000000000001,-0.7999999999999999,0.7999999999999999,-0.19999999999999998,-0.7999999999999999,-0.7999999999999999,-0.6000000000000001,0.7999999999999999,-0.7999999999999999,0.6000000000000001,-0.39999999999999997,0.7999999999999999,0.7999999999999999,0.7999999999999999,-0.39999999999999997,-0.7999999999999999,0.0,0.7999999999999999,-0.6000000000000001,-0.6000000000000001,-0.7999999999999999,0.6000000000000001,-1.0,-0.7999999999999999,-0.7999999999999999,0.7999999999999999,-0.7999999999999999,1.0,-0.6000000000000001,-0.7999999999999999,1.0,1.0,0.19999999999999998,0.7999999999999999,0.7999999999999999,1.0,0.7999999999999999,0.7999999999999999,-0.7999999999999999,-0.7999999999999999,-0.6000000000000001,1.0,-0.6000000000000001,-0.7999999999999999,0.6000000000000001,0.7999999999999999,1.0,0.7999999999999999,0.7999999999999999,0.7999999999999999,0.7999999999999999,-0.39999999999999997,1.0,0.7999999999999999,0.7999999999999999,1.0,-0.6000000000000001,0.7999999999999999,-0.7999999999999999,-0.7999999999999999,1.0,-0.7999999999999999,0.6000000000000001,0.7999999999999999,-0.39999999999999997,0.7999999999999999,0.7999999999999999,-0.7999999999999999,0.0,0.7999999999999999,0.7999999999999999,0.7999999999999999,0.7999999999999999,0.7999999999999999,1.0,-0.6000000000000001,0.7999999999999999,1.0,0.7999999999999999,-0.7999999999999999,-1.0,-1.0,0.0,-0.39999999999999997,-0.7999999999999999,-0.7999999999999999,-0.7999999999999999,-0.6000000000000001,0.6000000000000001,0.7999999999999999,-0.7999999999999999,-0.7999999999999999,-0.7999999999999999,0.7999999999999999,-0.7999999999999999,-0.6000000000000001,0.7999999999999999,0.6000000000000001,0.7999999999999999,0.7999999999999999,0.7999999999999999,0.6000000000000001,-0.7999999999999999,1.0,1.0,0.6000000000000001,1.0,-1.0,0.6000000000000001,-0.7999999999999999
Cryomorpha,0.0,-0.7999999999999999,-0.6000000000000001,1.0,0.7999999999999999,0.7999999999999999,-0.7999999999999999,-1.0,-0.7999999999999999,-1.0,0.7999999999999999,0.7999999999999999,-0.7999999999999999,0.7999999999999999,0.39999999999999997,-1.0,0.6000000000000001,0.7999999999999999,0.7999999999999999,1.0,-0.7999999999999999,0.6000000000000001,0.7999999999999999,-0.6000000000000001,0.7999999999999999,0.7999999999999999,0.7999999999999999,0.0,-0.6000000000000001,-0.7999999999999999,0.7999999999999999,-0.6000000000000001,1.0,-0.39999999999999997,-0.6000000000000001,-0.6000000000000001,-0.7999999999999999,1.0,-0.6000000000000001,0.7999999999999999,0.19999999999999998,1.0,1.0,0.6000000000000001,-0.7999999999999999,-0.6000000000000001,0.39999999999999997,1.0,-0.7999999999999999,-0.7999999999999999,-1.0,0.7999999999999999,-0.7999999999999999,-0.6000000000000001,-0.6000000000000001,0.6000000000000001,-0.6000000000000001,0.7999999999999999,-0.7999999999999999,-1.0,0.7999999999999999,0.7999999999999999,-0.39999999999999997,1.0,1.0,0.7999999999999999,0.39999999999999997,1.0,-1.0,-1.0,-0.7999999999999999,0.7999999999999999,-0.7999999999999999,-1.0,0.7999999999999999,1.0,0.7999999999999999,1.0,1.0,1.0,1.0,0.0,0.7999999999999999,0.6000000000000001,1.0,0.7999999999999999,-0.7999999999999999,0.6000000000000001,-0.6000000000000001,-0.6000000000000001,0.7999999999999999,-1.0,0.7999999999999999,0.6000000000000001,-0.19999999999999998,0.6000000000000001,1.0,-0.6000000000000001,0.39999999999999997,1.0,0.39999999999999997,0.6000000000000001,1.0,0.6000000000000001,0.7999999999999999,-0.7999999999999999,1.0,0.7999999999999999,1.0,-1.0,-0.7999999999999999,-0.7999999999999999,0.39999999999999997,0.19999999999999998,-1.0,-1.0,-1.0,-0.7999999999999999,0.7999999999999999,0.6000000000000001,-1.0,-0.6000000000000001,-0.6000000000000001,0.6000000000000001,-1.0,-0.7999999999999999,1.0,0.7999999999999999,1.0,0.6000000000000001,1.0,0.7999999999999999,-0.6000000000000001,0.7999999999999999,0.7999999999999999,0.7999999999999999,0.7999999999999999,-0.7999999999999999,0.7999999999999999,-1.0
DDH964,-0.39999999999999997,0.6000000000000001,0.7999999999999999,-0.7999999999999999,-1.0,-1.0,0.6000000000000001,0.7999999999999999,1.0,0.7999999999999999,-0.6000000000000001,-0.6000000000000001,0.6000000000000001,-0.6000000000000001,0.0,0.7999999999999999,-0.7999999999999999,-0.6000000000000001,-1.0,-0.7999999999999999,1.0,-0.7999999999999999,-1.0,0.7999999999999999,-0.6000000000000001,-1.0,-0.6000000000000001,-0.39999999999999997,0.7999999999999999,0.6000000000000001,-0.6000000000000001,0.7999999999999999,-0.7999999999999999,0.19999999999999998,0.7999999999999999,0.7999999999999999,0.6000000000000001,-0.7999999999999999,0.7999999999999999,-0.6000000000000001,0.39999999999999997,-0.7999999999999999,-0.7999999999999999,-0.7999999999999999,0.39999999999999997,0.7999999999999999,0.0,-0.7999999999999999,0.6000000000000001,0.6000000000000001,0.7999999999999999,-0.6000000000000001,1.0,0.7999999999999999,0.7999999999999999,-0.7999999999999999,0.7999999999999999,-1.0,0.6000000000000001,0.7999999999999999,-1.0,-1.0,-0.19999999999999998,-0.7999999999999999,-0.7999999999999999,-1.0,-0.7999999999999999,-0.7999999999999999,0.7999999999999999,0.7999999999999999,0.6000000000000001,-1.0,0.6000000000000001,0.7999999999999999,-0.6000000000000001,-0.7999999999999999,-1.0,-0.7999999999999999,-0.7999999999999999,-0.7999999999999999,-0.7999999999999999,0.39999999999999997,-1.0,-0.7999999999999999,-0.7999999999999999,-1.0,0.6000000000000001,-0.7999999999999999,0.7999999999999999,0.7999999999999999,-1.0,0.7999999999999999,-0.6000000000000001,-0.7999999999999999,0.39999999999999997,-0.7999999999999999,-0.7999999999999999,0.7999999999999999,0.0,-0.7999999999999999,-0.7999999999999999,-0.7999999999999999,-0.7999999999999999,-0.7999999999999999,-1.0,0.6000000000000001,-0.7999999999999999,-1.0,-0.7999999999999999,0.7999999999999999,1.0,1.0,0.0,0.39999999999999997,0.7999999999999999,0.7999999999999999,0.7999999999999999,0.6000000000000001,-0.6000000000000001,-0.7999999999999999,0.7999999999999999,0.7999999999999999,0.7999999999999999,-0.7999999999999999,0.7999999999999999,0.6000000000000001,-0.7999999999999999,-0.6000000000000001,-0.7999999999999999,-0.7999999999999999,-0.7999999999999999,-0.6000000000000001,0.7999999999999999,-1.0,-1.0,-0.6000000000000001,-1.0,1.0,-0.6000000000000001,0.7999999999999999
DSBN01,0.7999999999999999,-0.7999999999999999,-1.0,0.6000000000000001,0.7999999999999999,0.7999999999999999,-0.7999999999999999,-0.6000000000000001,-0.7999999999999999,-0.6000000000000001,0.7999999999999999,0.7999999999999999,-0.7999999999999999,0.7999999999999999,0.39999999999999997,-0.6000000000000001,1.0,0.7999999999999999,0.7999999999999999,0.6000000000000001,-0.7999999999999999,1.0,0.7999999999999999,-1.0,0.7999999999999999,0.7999999999999999,0.7999999999999999,0.7999999999999999,-1.0,-0.7999999999999999,0.7999999999999999,-1.0,0.6000000000000001,0.39999999999999997,-1.0,-1.0,-0.7999999999999999,0.6000000000000001,-1.0,0.7999999999999999,-0.19999999999999998,0.6000000000000001,0.6000000000000001,1.0,0.0,-1.0,0.39999999999999997,0.6000000000000001,-0.7999999999999999,-0.7999999999999999,-0.6000000000000001,0.7999999999999999,-0.7999999999999999,-1.0,-1.0,1.0,-1.0,0.7999999999999999,-0.7999999999999999,-0.6000000000000001,0.7999999999999999,0.7999999999999999,0.39999999999999997,0.6000000000000001,0.6000000000000001,0.7999999999999999,0.39999999999999997,0.6000000000000001,-0.6000000000000001,-0.6000000000000001,-0.7999999999999999,0.7999999999999999,-0.7999999999999999,-0.6000000000000001,0.7999999999999999,0.6000000000000001,0.7999999999999999,0.6000000000000001,0.6000000000000001,0.6000000000000001,0.6000000000000001,-0.7999999999999999,0.7999999999999999,1.0,0.6000000000000001,0.7999999999999999,-0.7999999999999999,1.0,-1.0,-1.0,0.7999999999999999,-0.6000000000000001,0.7999999999999999,1.0,0.19999999999999998,1.0,0.6000000000000001,-1.0,0.39999999999999997,0.6000000000000001,0.39999999999999997,1.0,0.6000000000000001,1.0,0.7999999999999999,-0.7999999999999999,0.6000000000000001,0.7999999999999999,0.6000000000000001,-0.6000000000000001,-0.7999999999999999,-0.7999999999999999,0.39999999999999997,-0.19999999999999998,-0.6000000000000001,-0.6000000000000001,-0.6000000000000001,-0.7999999999999999,0.7999999999999999,1.0,-0.6000000000000001,-1.0,-1.0,1.0,-0.6000000000000001,-0.7999999999999999,0.6000000000000001,0.7999999999999999,0.6000000000000001,1.0,0.6000000000000001,0.7999999999999999,-1.0,0.7999999999999999,0.7999999999999999,0.7999999999999999,0.7999999999999999,-0.7999999999999999,0.7999999999999999,-0.6000000000000001
DT-110,0.39999999999999997,-0.6000000000000001,-0.7999999999999999,0.7999999999999999,1.0,1.0,-0.6000000000000001,-0.7999999999999999,-1.0,-0.7999999999999999,0.6000000000000001,0.6000000000000001,-0.6000000000000001,0.6000000000000001,0.0,-0.7999999999999999,0.7999999999999999,0.6000000000000001,1.0,0.7999999999999999,-1.0,0.7999999999999999,1.0,-0.7999999999999999,0.6000000000000001,1.0,0.6000000000000001,0.39999999999999997,-0.7999999999999999,-0.6000000000000001,0.6000000000000001,-0.7999999999999999,0.7999999999999999,-0.19999999999999998,-0.7999999999999999,-0.7999999999999999,-0.6000000000000001,0.7999999999999999,-0.7999999999999999,0.6000000000000001,-0.39999999999999997,0.7999999999999999,0.7999999999999999,0.7999999999999999,-0.39999999999999997,-0.7999999999999999,0.0,0.7999999999999999,-0.6000000000000001,-0.6000000000000001,-0.7999999999999999,0.6000000000000001,-1.0,-0.7999999999999999,-0.7999999999999999,0.7999999999999999,-0.7999999999999999,1.0,-0.6000000000000001,-0.7999999999999999,1.0,1.0,0.19999999999999998,0.7999999999999999,0.7999999999999999,1.0,0.7999999999999999,0.7999999999999999,-0.7999999999999999,-0.7999999999999999,-0.6000000000000001,1.0,-0.6000000000000001,-0.7999999999999999,0.6000000000000001,0.7999999999999999,1.0,0.7999999999999999,0.7999999999999999,0.7999999999999999,0.7999999999999999,-0.39999999999999997,1.0,0.7999999999999999,0.7999999999999999,1.0,-0.6000000000000001,0.7999999999999999,-0.7999999999999999,-0.7999999999999999,1.0,-0.7999999999999999,0.6000000000000001,0.7999999999999999,-0.39999999999999997,0.7999999999999999,0.7999999999999999,-0.7999999999999999,0.0,0.7999999999999999,0.7999999999999999,0.7999999999999999,0.7999999999999999,0.7999999999999999,1.0,-0.6000000000000001,0.7999999999999999,1.0,0.7999999999999999,-0.7999999999999999,-1.0,-1.0,0.0,-0.39999999999999997,-0.7999999999999999,-0.7999999999999999,-0.7999999999999999,-0.6000000000000001,0.6000000000000001,0.7999999999999999,-0.7999999999999999,-0.7999999999999999,-0.7999999999999999,0.7999999999999999,-0.7999999999999999,-0.6000000000000001,0.7999999999999999,0.6000000000000001,0.7999999999999999,0.7999999999999999,0.7999999999999999,0.6000000000000001,-0.7999999999999999,1.0,1.0,0.6000000000000001,1.0,-1.0,0.6000000000000001,-0.7999999999999999
DT-91,-0.7999999999999999,0.7999999999999999,1.0,-0.6000000000000001,-0.7999999999999999,-0.7999999999999999,0.7999999999999999,0.6000000000000001,0.7999999999999999,0.6000000000000001,-0.7999999999999999,-0.7999999999999999,0.7999999999999999,-0.7999999999999999,-0.39999999999999997,0.6000000000000001,-1.0,-0.7999999999999999,-0.7999999999999999,-0.6000000000000001,0.7999999999999999,-1.0,-0.7999999999999999,1.0,-0.7999999999999999,-0.7999999999999999,-0.7999999999999999,-0.7999999999999999,1.0,0.7999999999999999,-0.7999999999999999,1.0,-0.6000000000000001,-0.39999999999999997,1.0,1.0,0.7999999999999999,-0.6000000000000001,1.0,-0.7999999999999999,0.19999999999999998,-0.6000000000000001,-0.6000000000000001,-1.0,0.0,1.0,-0.39999999999999997,-0.6000000000000001,0.7999999999999999,0.7999999999999999,0.6000000000000001,-0.7999999999999999,0.7999999999999999,1.0,1.0,-1.0,1.0,-0.7999999999999999,0.7999999999999999,0.6000000000000001,-0.7999999999999999,-0.7999999999999999,-0.39999999999999997,-0.6000000000000001,-0.6000000000000001,-0.7999999999999999,-0.39999999999999997,-0.6000000000000001,0.6000000000000001,0.6000000000000001,0.7999999999999999,-0.7999999999999999,0.7999999999999999,0.6000000000000001,-0.7999999999999999,-0.6000000000000001,-0.7999999999999999,-0.6000000000000001,-0.6000000000000001,-0.6000000000000001,-0.6000000000000001,0.7999999999999999,-0.7999999999999999,-1.0,-0.6000000000000001,-0.7999999999999999,0.7999999999999999,-1.0,1.0,1.0,-0.7999999999999999,0.6000000000000001,-0.7999999999999999,-1.0,-0.19999999999999998,-1.0,-0.6000000000000001,1.0,-0.39999999999999997,-0.6000000000000001,-0.39999999999999997,-1.0,-0.6000000000000001,-1.0,-0.7999999999999999,0.7999999999999999,-0.6000000000000001,-0.7999999999999999,-0.6000000000000001,0.6000000000000001,0.7999999999999999,0.7999999999999999,-0.39999999999999997,0.19999999999999998,0.6000000000000001,0.6000000000000001,0.6000000000000001,0.7999999999999999,-0.7999999999999999,-1.0,0.6000000000000001,1.0,1.0,-1.0,0.6000000000000001,0.7999999999999999,-0.6000000000000001,-0.7999999999999999,-0.6000000000000001,-1.0,-0.6000000000000001,-0.7999999999999999,1.0,-0.7999999999999999,-0.7999999999999999,-0.7999999999999999,-0.7999999999999999,0.7999999999999999,-0.7999999999999999,0.6000000000000001
Desulfobacter,0.39999999999999997,-1.0,-0.7999999999999999,0.7999999999999999,0.6000000000000001,0.6000000000000001,-1.0,-0.7999999999999999,-0.6000000000000001,-0.7999999999999999,1.0,1.0,-1.0,1.0,0.7999999999999999,-0.7999999999999999,0.7999999999999999,1.0,0.6000000000000001,0.7999999999999999,-0.6000000000000001,0.7999999999999999,0.6000000000000001,-0.7999999999999999,1.0,0.6000000000000001,1.0,0.39999999999999997,-0.7999999999999999,-1.0,1.0,-0.7999999999999999,0.7999999999999999,0.19999999999999998,-0.7999999999999999,-0.7999999999999999,-1.0,0.7999999999999999,-0.7999999999999999,1.0,0.39999999999999997,0.7999999999999999,0.7999999999999999,0.7999999999999999,-0.39999999999999997,-0.7999999999999999,0.7999999999999999,0.7999999999999999,-1.0,-1.0,-0.7999999999999999,1.0,-0.6000000000000001,-0.7999999999999999,-0.7999999999999999,0.7999999999999999,-0.7999999999999999,0.6000000000000001,-1.0,-0.7999999999999999,0.6000000000000001,0.6000000000000001,-0.19999999999999998,0.7999999999999999,0.7999999999999999,0.6000000000000001,0.0,0.7999999999999999,-0.7999999999999999,-0.7999999999999999,-1.0,0.6000000000000001,-1.0,-0.7999999999999999,1.0,0.7999999999999999,0.6000000000000001,0.7999999999999999,0.7999999999999999,0.7999999999999999,0.7999999999999999,-0.39999999999999997,0.6000000000000001,0.7999999999999999,0.7999999999999999,0.6000000000000001,-1.0,0.7999999999999999,-0.7999999999999999,-0.7999999999999999,0.6000000000000001,-0.7999999999999999,1.0,0.7999999999999999,0.39999999999999997,0.7999999999999999,0.7999999999999999,-0.7999999999999999,0.7999999999999999,0.7999999999999999,0.0,0.7999999999999999,0.7999999999999999,0.7999999999999999,0.6000000000000001,-1.0,0.7999999999999999,0.6000000000000001,0.7999999999999999,-0.7999999999999999,-0.6000000000000001,-0.6000000000000001,0.7999999999999999,0.39999999999999997,-0.7999999999999999,-0.7999999999999999,-0.7999999999999999,-1.0,1.0,0.7999999999999999,-0.7999999999999999,-0.7999999999999999,-0.7999999999999999,0.7999999999999999,-0.7999999999999999,-1.0,0.7999999999999999,1.0,0.7999999999999999,0.7999999999999999,0.7999999999999999,1.0,-0.7999999999999999,0.6000000000000001,0.6000000000000001,1.0,0.6000000000000001,-0.6000000000000001,1.0,-0.7999999999999999
Desulfohalobiaceae,0.39999999999999997,-0.6000000000000001,-0.7999999999999999,0.7999999999999999,1.0,1.0,-0.6000000000000001,-0.7999999999999999,-1.0,-0.7999999999999999,0.6000000000000001,0.6000000000000001,-0.6000000000000001,0.6000000000000001,0.0,-0.7999999999999999,0.7999999999999999,0.6000000000000001,1.0,0.7999999999999999,-1.0,0.7999999999999999,1.0,-0.7999999999999999,0.6000000000000001,1.0,0.6000000000000001,0.39999999999999997,-0.7999999999999999,-0.6000000000000001,0.6000000000000001,-0.7999999999999999,0.7999999999999999,-0.19999999999999998,-0.7999999999999999,-0.7999999999999999,-0.6000000000000001,0.7999999999999999,-0.7999999999999999,0.6000000000000001,-0.39999999999999997,0.7999999999999999,0.7999999999999999,0.7999999999999999,-0.39999999999999997,-0.7999999999999999,0.0,0.7999999999999999,-0.6000000000000001,-0.6000000000000001,-0.7999999999999999,0.6000000000000001,-1.0,-0.7999999999999999,-0.7999999999999999,0.7999999999999999,-0.7999999999999999,1.0,-0.6000000000000001,-0.7999999999999999,1.0,1.0,0.19999999999999998,0.7999999999999999,0.7999999999999999,1.0,0.7999999999999999,0.7999999999999999,-0.7999999999999999,-0.7999999999999999,-0.6000000000000001,1.0,-0.6000000000000001,-0.7999999999999999,0.6000000000000001,0.7999999999999999,1.0,0.7999999999999999,0.7999999999999999,0.7999999999999999,0.7999999999999999,-0.39999999999999997,1.0,0.7999999999999999,0.7999999999999999,1.0,-0.6000000000000001,0.7999999999999999,-0.7999999999999999,-0.7999999999999999,1.0,-0.7999999999999999,0.6000000000000001,0.7999999999999999,-0.39999999999999997,0.7999999999999999,0.7999999999999999,-0.7999999999999999,0.0,0.7999999999999999,0.7999999999999999,0.7999999999999999,0.7999999999999999,0.7999999999999999,1.0,-0.6000000000000001,0.7999999999999999,1.0,0.7999999999999999,-0.7999999999999999,-1.0,-1.0,0.0,-0.39999999999999997,-0.7999999999999999,-0.7999999999999999,-0.7999999999999999,-0.6000000000000001,0.6000000000000001,0.7999999999999999,-0.7999999999999999,-0.7999999999999999,-0.7999999999999999,0.7999999999999999,-0.7999999999999999,-0.6000000000000001,0.7999999999999999,0.6000000000000001,0.7999999999999999,0.7999999999999999,0.7999999999999999,0.6000000000000001,-0.7999999999999999,1.0,1.0,0.6000000000000001,1.0,-1.0,0.6000000000000001,-0.7999999999999999
Desulfomicrobiaceae,0.39999999999999997,-1.0,-0.7999999999999999,0.7999999999999999,0.6000000000000001,0.6000000000000001,-1.0,-0.7999999999999999,-0.6000000000000001,-0.7999999999999999,1.0,1.0,-1.0,1.0,0.7999999999999999,-0.7999999999999999,0.7999999999999999,1.0,0.6000000000000001,0.7999999999999999,-0.6000000000000001,0.7999999999999999,0.6000000000000001,-0.7999999999999999,1.0,0.6000000000000001,1.0,0.39999999999999997,-0.7999999999999999,-1.0,1.0,-0.7999999999999999,0.7999999999999999,0.19999999999999998,-0.7999999999999999,-0.7999999999999999,-1.0,0.7999999999999999,-0.7999999999999999,1.0,0.39999999999999997,0.7999999999999999,0.7999999999999999,0.7999999999999999,-0.39999999999999997,-0.7999999999999999,0.7999999999999999,0.7999999999999999,-1.0,-1.0,-0.7999999999999999,1.0,-0.6000000000000001,-0.7999999999999999,-0.7999999999999999,0.7999999999999999,-0.7999999999999999,0.6000000000000001,-1.0,-0.7999999999999999,0.6000000000000001,0.6000000000000001,-0.19999999999999998,0.7999999999999999,0.7999999999999999,0.6000000000000001,0.0,0.7999999999999999,-0.7999999999999999,-0.7999999999999999,-1.0,0.6000000000000001,-1.0,-0.7999999999999999,1.0,0.7999999999999999,0.6000000000000001,0.7999999999999999,0.7999999999999999,0.7999999999999999,0.7999999999999999,-0.39999999999999997,0.6000000000000001,0.7999999999999999,0.7999999999999999,0.6000000000000001,-1.0,0.7999999999999999,-0.7999999999999999,-0.7999999999999999,0.6000000000000001,-0.7999999999999999,1.0,0.7999999999999999,0.39999999999999997,0.7999999999999999,0.7999999999999999,-0.7999999999999999,0.7999999999999999,0.7999999999999999,0.0,0.7999999999999999,0.7999999999999999,0.7999999999999999,0.6000000000000001,-1.0,0.7999999999999999,0.6000000000000001,0.7999999999999999,-0.7999999999999999,-0.6000000000000001,-0.6000000000000001,0.7999999999999999,0.39999999999999997,-0.7999999999999999,-0.7999999999999999,-0.7999999999999999,-1.0,1.0,0.7999999999999999,-0.7999999999999999,-0.7999999999999999,-0.7999999999999999,0.7999999999999999,-0.7999999999999999,-1.0,0.7999999999999999,1.0,0.7999999999999999,0.7999999999999999,0.7999999999999999,1.0,-0.7999999999999999,0.6000000000000001,0.6000000000000001,1.0,0.6000000000000001,-0.6000000000000001,1.0,-0.7999999999999999
Desulfotignum,1.0,-0.39999999999999997,-0.7999999999999999,0.0,0.39999999999999997,0.39999999999999997,-0.39999999999999997,0.0,-0.39999999999999997,0.0,0.39999999999999997,0.39999999999999997,-0.39999999999999997,0.39999999999999997,0.19999999999999998,0.0,0.7999999999999999,0.39999999999999997,0.39999999999999997,0.0,-0.39999999999999997,0.7999999999999999,0.39999999999999997,-0.7999999999999999,0.39999999999999997,0.39999999999999997,0.39999999999999997,1.0,-0.7999999999999999,-0.39999999999999997,0.39999999999999997,-0.7999999999999999,0.0,0.7999999999999999,-0.7999999999999999,-0.7999999999999999,-0.39999999999999997,0.0,-0.7999999999999999,0.39999999999999997,-0.39999999999999997,0.0,0.0,0.7999999999999999,0.6000000000000001,-0.7999999999999999,0.19999999999999998,0.0,-0.39999999999999997,-0.39999999999999997,0.0,0.39999999999999997,-0.39999999999999997,-0.7999999999999999,-0.7999999999999999,0.7999999999999999,-0.7999999999999999,0.39999999999999997,-0.39999999999999997,0.0,0.39999999999999997,0.39999999999999997,0.7999999999999999,0.0,0.0,0.39999999999999997,0.19999999999999998,0.0,0.0,0.0,-0.39999999999999997,0.39999999999999997,-0.39999999999999997,0.0,0.39999999999999997,0.0,0.39999999999999997,0.0,0.0,0.0,0.0,-1.0,0.39999999999999997,0.7999999999999999,0.0,0.39999999999999997,-0.39999999999999997,0.7999999999999999,-0.7999999999999999,-0.7999999999999999,0.39999999999999997,0.0,0.39999999999999997,0.7999999999999999,0.39999999999999997,0.7999999999999999,0.0,-0.7999999999999999,0.19999999999999998,0.0,0.19999999999999998,0.7999999999999999,0.0,0.7999999999999999,0.39999999999999997,-0.39999999999999997,0.0,0.39999999999999997,0.0,0.0,-0.39999999999999997,-0.39999999999999997,0.19999999999999998,-0.39999999999999997,0.0,0.0,0.0,-0.39999999999999997,0.39999999999999997,0.7999999999999999,0.0,-0.7999999999999999,-0.7999999999999999,0.7999999999999999,0.0,-0.39999999999999997,0.0,0.39999999999999997,0.0,0.7999999999999999,0.0,0.39999999999999997,-0.7999999999999999,0.39999999999999997,0.39999999999999997,0.39999999999999997,0.39999999999999997,-0.39999999999999997,0.39999999999999997,0.0
Desulfurivibrionaceae,-0.7999999999999999,0.7999999999999999,1.0,-0.6000000000000001,-0.7999999999999999,-0.7999999999999999,0.7999999999999999,0.6000000000000001,0.7999999999999999,0.6000000000000001,-0.7999999999999999,-0.7999999999999999,0.7999999999999999,-0.7999999999999999,-0.39999999999999997,0.6000000000000001,-1.0,-0.7999999999999999,-0.7999999999999999,-0.6000000000000001,0.7999999999999999,-1.0,-0.7999999999999999,1.0,-0.7999999999999999,-0.7999999999999999,-0.7999999999999999,-0.7999999999999999,1.0,0.7999999999999999,-0.7999999999999999,1.0,-0.6000000000000001,-0.39999999999999997,1.0,1.0,0.7999999999999999,-0.6000000000000001,1.0,-0.7999999999999999,0.19999999999999998,-0.6000000000000001,-0.6000000000000001,-1.0,0.0,1.0,-0.39999999999999997,-0.6000000000000001,0.7999999999999999,0.7999999999999999,0.6000000000000001,-0.7999999999999999,0.7999999999999999,1.0,1.0,-1.0,1.0,-0.7999999999999999,0.7999999999999999,0.6000000000000001,-0.7999999999999999,-0.7999999999999999,-0.39999999999999997,-0.6000000000000001,-0.6000000000000001,-0.7999999999999999,-0.39999999999999997,-0.6000000000000001,0.6000000000000001,0.6000000000000001,0.7999999999999999,-0.7999999999999999,0.7999999999999999,0.6000000000000001,-0.7999999999999999,-0.6000000000000001,-0.7999999999999999,-0.6000000000000001,-0.6000000000000001,-0.6000000000000001,-0.6000000000000001,0.7999999999999999,-0.7999999999999999,-1.0,-0.6000000000000001,-0.7999999999999999,0.7999999999999999,-1.0,1.0,1.0,-0.7999999999999999,0.6000000000000001,-0.7999999999999999,-1.0,-0.19999999999999998,-1.0,-0.6000000000000001,1.0,-0.39999999999999997,-0.6000000000000001,-0.39999999999999997,-1.0,-0.6000000000000001,-1.0,-0.7999999999999999,0.7999999999999999,-0.6000000000000001,-0.7999999999999999,-0.6000000000000001,0.6000000000000001,0.7999999999999999,0.7999999999999999,-0.39999999999999997,0.19999999999999998,0.6000000000000001,0.6000000000000001,0.6000000000000001,0.7999999999999999,-0.7999999999999999,-1.0,0.6000000000000001,1.0,1.0,-1.0,0.6000000000000001,0.7999999999999999,-0.6000000000000001,-0.7999999999999999,-0.6000000000000001,-1.0,-0.6000000000000001,-0.7999999999999999,1.0,-0.7999999999999999,-0.7999999999999999,-0.7999999999999999,-0.7999999999999999,0.7999999999999999,-0.7999999999999999,0.6000000000000001
Flavobacteriaceae,-0.39999999999999997,1.0,0.7999999999999999,-0.7999999999999999,-0.6000000000000001,-0.6000000000000001,1.0,0.7999999999999999,0.6000000000000001,0.7999999999999999,-1.0,-1.0,1.0,-1.0,-0.7999999999999999,0.7999999999999999,-0.7999999999999999,-1.0,-0.6000000000000001,-0.7999999999999999,0.6000000000000001,-0.7999999999999999,-0.6000000000000001,0.7999999999999999,-1.0,-0.6000000000000001,-1.0,-0.39999999999999997,0.7999999999999999,1.0,-1.0,0.7999999999999999,-0.7999999999999999,-0.19999999999999998,0.7999999999999999,0.7999999999999999,1.0,-0.7999999999999999,0.7999999999999999,-1.0,-0.39999999999999997,-0.7999999999999999,-0.7999999999999999,-0.7999999999999999,0.39999999999999997,0.7999999999999999,-0.7999999999999999,-0.7999999999999999,1.0,1.0,0.7999999999999999,-1.0,0.6000000000000001,0.7999999999999999,0.7999999999999999,-0.7999999999999999,0.7999999999999999,-0.6000000000000001,1.0,0.7999999999999999,-0.6000000000000001,-0.6000000000000001,0.19999999999999998,-0.7999999999999999,-0.7999999999999999,-0.6000000000000001,0.0,-0.7999999999999999,0.7999999999999999,0.7999999999999999,1.0,-0.6000000000000001,1.0,0.7999999999999999,-1.0,-0.7999999999999999,-0.6000000000000001,-0.7999999999999999,-0.7999999999999999,-0.7999999999999999,-0.7999999999999999,0.39999999999999997,-0.6000000000000001,-0.7999999999999999,-0.7999999999999999,-0.6000000000000001,1.0,-0.7999999999999999,0.7999999999999999,0.7999999999999999,-0.6000000000000001,0.7999999999999999,-1.0,-0.7999999999999999,-0.39999999999999997,-0.7999999999999999,-0.7999999999999999,0.7999999999999999,-0.7999999999999999,-0.7999999999999999,0.0,-0.7999999999999999,-0.7999999999999999,-0.7999999999999999,-0.6000000000000001,1.0,-0.7999999999999999,-0.6000000000000001,-0.7999999999999999,0.7999999999999999,0.6000000000000001,0.6000000000000001,-0.7999999999999999,-0.39999999999999997,0.7999999999999999,0.7999999999999999,0.7999999999999999,1.0,-1.0,-0.7999999999999999,0.7999999999999999,0.7999999999999999,0.7999999999999999,-0.7999999999999999,0.7999999999999999,1.0,-0.7999999999999999,-1.0,-0.7999999999999999,-0.7999999999999999,-0.7999999999999999,-1.0,0.7999999999999999,-0.6000000000000001,-0.6000000000000001,-1.0,-0.6000000000000001,0.6000000000000001,-1.0,0.7999999999999999
Fodinibius,0.39999999999999997,-1.0,-0.7999999999999999,0.7999999999999999,0.6000000000000001,0.6000000000000001,-1.0,-0.7999999999999999,-0.6000000000000001,-0.7999999999999999,1.0,1.0,-1.0,1.0,0.7999999999999999,-0.7999999999999999,0.7999999999999999,1.0,0.6000000000000001,0.7999999999999999,-0.6000000000000001,0.7999999999999999,0.6000000000000001,-0.7999999999999999,1.0,0.6000000000000001,1.0,0.39999999999999997,-0.7999999999999999,-1.0,1.0,-0.7999999999999999,0.7999999999999999,0.19999999999999998,-0.7999999999999999,-0.7999999999999999,-1.0,0.7999999999999999,-0.7999999999999999,1.0,0.39999999999999997,0.7999999999999999,0.7999999999999999,0.7999999999999999,-0.39999999999999997,-0.7999999999999999,0.7999999999999999,0.7999999999999999,-1.0,-1.0,-0.7999999999999999,1.0,-0.6000000000000001,-0.7999999999999999,-0.7999999999999999,0.7999999999999999,-0.7999999999999999,0.6000000000000001,-1.0,-0.7999999999999999,0.6000000000000001,0.6000000000000001,-0.19999999999999998,0.7999999999999999,0.7999999999999999,0.6000000000000001,0.0,0.7999999999999999,-0.7999999999999999,-0.7999999999999999,-1.0,0.6000000000000001,-1.0,-0.7999999999999999,1.0,0.7999999999999999,0.6000000000000001,0.7999999999999999,0.7999999999999999,0.7999999999999999,0.7999999999999999,-0.39999999999999997,0.6000000000000001,0.7999999999999999,0.7999999999999999,0.6000000000000001,-1.0,0.7999999999999999,-0.7999999999999999,-0.7999999999999999,0.6000000000000001,-0.7999999999999999,1.0,0.7999999999999999,0.39999999999999997,0.7999999999999999,0.7999999999999999,-0.7999999999999999,0.7999999999999999,0.7999999999999999,0.0,0.7999999999999999,0.7999999999999999,0.7999999999999999,0.6000000000000001,-1.0,0.7999999999999999,0.6000000000000001,0.7999999999999999,-0.7999999999999999,-0.6000000000000001,-0.6000000000000001,0.7999999999999999,0.39999999999999997,-0.7999999999999999,-0.7999999999999999,-0.7999999999999999,-1.0,1.0,0.7999999999999999,-0.7999999999999999,-0.7999999999999999,-0.7999999999999999,0.7999999999999999,-0.7999999999999999,-1.0,0.7999999999999999,1.0,0.7999999999999999,0.7999999999999999,0.7999999999999999,1.0,-0.7999999999999999,0.6000000000000001,0.6000000000000001,1.0,0.6000000000000001,-0.6000000000000001,1.0,-0.7999999999999999
GCA-001735895,-0.7999999999999999,0.7999999999999999,1.0,-0.6000000000000001,-0.7999999999999999,-0.7999999999999999,0.7999999999999999,0.6000000000000001,0.7999999999999999,0.6000000000000001,-0.7999999999999999,-0.7999999999999999,0.7999999999999999,-0.7999999999999999,-0.39999999999999997,0.6000000000000001,-1.0,-0.7999999999999999,-0.7999999999999999,-0.6000000000000001,0.7999999999999999,-1.0,-0.7999999999999999,1.0,-0.7999999999999999,-0.7999999999999999,-0.7999999999999999,-0.7999999999999999,1.0,0.7999999999999999,-0.7999999999999999,1.0,-0.6000000000000001,-0.39999999999999997,1.0,1.0,0.7999999999999999,-0.6000000000000001,1.0,-0.7999999999999999,0.19999999999999998,-0.6000000000000001,-0.6000000000000001,-1.0,0.0,1.0,-0.39999999999999997,-0.6000000000000001,0.7999999999999999,0.7999999999999999,0.6000000000000001,-0.7999999999999999,0.7999999999999999,1.0,1.0,-1.0,1.0,-0.7999999999999999,0.7999999999999999,0.6000000000000001,-0.7999999999999999,-0.7999999999999999,-0.39999999999999997,-0.6000000000000001,-0.6000000000000001,-0.7999999999999999,-0.39999999999999997,-0.6000000000000001,0.6000000000000001,0.6000000000000001,0.7999999999999999,-0.7999999999999999,0.7999999999999999,0.6000000000000001,-0.7999999999999999,-0.6000000000000001,-0.7999999999999999,-0.6000000000000001,-0.6000000000000001,-0.6000000000000001,-0.6000000000000001,0.7999999999999999,-0.7999999999999999,-1.0,-0.6000000000000001,-0.7999999999999999,0.7999999999999999,-1.0,1.0,1.0,-0.7999999999999999,0.6000000000000001,-0.7999999999999999,-1.0,-0.19999999999999998,-1.0,-0.6000000000000001,1.0,-0.39999999999999997,-0.6000000000000001,-0.39999999999999997,-1.0,-0.6000000000000001,-1.0,-0.7999999999999999,0.7999999999999999,-0.6000000000000001,-0.7999999999999999,-0.6000000000000001,0.6000000000000001,0.7999999999999999,0.7999999999999999,-0.39999999999999997,0.19999999999999998,0.6000000000000001,0.6000000000000001,0.6000000000000001,0.7999999999999999,-0.7999999999999999,-1.0,0.6000000000000001,1.0,1.0,-1.0,0.6000000000000001,0.7999999999999999,-0.6000000000000001,-0.7999999999999999,-0.6000000000000001,-1.0,-0.6000000000000001,-0.7999999999999999,1.0,-0.7999999999999999,-0.7999999999999999,-0.7999999999999999,-0.7999999999999999,0.7999999999999999,-0.7999999999999999,0.6000000000000001
GCA-2722315,0.0,-0.7999999999999999,-0.6000000000000001,1.0,0.7999999999999999,0.7999999999999999,-0.7999999999999999,-1.0,-0.7999999999999999,-1.0,0.7999999999999999,0.7999999999999999,-0.7999999999999999,0.7999999999999999,0.39999999999999997,-1.0,0.6000000000000001,0.7999999999999999,0.7999999999999999,1.0,-0.7999999999999999,0.6000000000000001,0.7999999999999999,-0.6000000000000001,0.7999999999999999,0.7999999999999999,0.7999999999999999,0.0,-0.6000000000000001,-0.7999999999999999,0.7999999999999999,-0.6000000000000001,1.0,-0.39999999999999997,-0.6000000000000001,-0.6000000000000001,-0.7999999999999999,1.0,-0.6000000000000001,0.7999999999999999,0.19999999999999998,1.0,1.0,0.6000000000000001,-0.7999999999999999,-0.6000000000000001,0.39999999999999997,1.0,-0.7999999999999999,-0.7999999999999999,-1.0,0.7999999999999999,-0.7999999999999999,-0.6000000000000001,-0.6000000000000001,0.6000000000000001,-0.6000000000000001,0.7999999999999999,-0.7999999999999999,-1.0,0.7999999999999999,0.7999999999999999,-0.39999999999999997,1.0,1.0,0.7999999999999999,0.39999999999999997,1.0,-1.0,-1.0,-0.7999999999999999,0.7999999999999999,-0.7999999999999999,-1.0,0.7999999999999999,1.0,0.7999999999999999,1.0,1.0,1.0,1.0,0.0,0.7999999999999999,0.6000000000000001,1.0,0.7999999999999999,-0.7999999999999999,0.6000000000000001,-0.6000000000000001,-0.6000000000000001,0.7999999999999999,-1.0,0.7999999999999999,0.6000000000000001,-0.19999999999999998,0.6000000000000001,1.0,-0.6000000000000001,0.39999999999999997,1.0,0.39999999999999997,0.6000000000000001,1.0,0.6000000000000001,0.7999999999999999,-0.7999999999999999,1.0,0.7999999999999999,1.0,-1.0,-0.7999999999999999,-0.7999999999999999,0.39999999999999997,0.19999999999999998,-1.0,-1.0,-1.0,-0.7999999999999999,0.7999999999999999,0.6000000000000001,-1.0,-0.6000000000000001,-0.6000000000000001,0.6000000000000001,-1.0,-0.7999999999999999,1.0,0.7999999999999999,1.0,0.6000000000000001,1.0,0.7999999999999999,-0.6000000000000001,0.7999999999999999,0.7999999999999999,0.7999999999999999,0.7999999999999999,-0.7999999999999999,0.7999999999999999,-1.0
GCA-2748055,0.7999999999999999,-0.19999999999999998,-0.39999999999999997,-0.39999999999999997,-0.19999999999999998,-0.19999999999999998,-0.19999999999999998,0.39999999999999997,0.19999999999999998,0.39999999999999997,0.19999999999999998,0.19999999999999998,-0.19999999999999998,0.19999999999999998,0.39999999999999997,0.39999999999999997,0.39999999999999997,0.19999999999999998,-0.19999999999999998,-0.39999999999999997,0.19999999999999998,0.39999999999999997,-0.19999999999999998,-0.39999999999999997,0.19999999999999998,-0.19999999999999998,0.19999999999999998,0.7999999999999999,-0.39999999999999997,-0.19999999999999998,0.19999999999999998,-0.39999999999999997,-0.39999999999999997,1.0,-0.39999999999999997,-0.39999999999999997,-0.19999999999999998,-0.39999999999999997,-0.39999999999999997,0.19999999999999998,0.0,-0.39999999999999997,-0.39999999999999997,0.39999999999999997,0.7999999999999999,-0.39999999999999997,0.39999999999999997,-0.39999999999999997,-0.19999999999999998,-0.19999999999999998,0.39999999999999997,0.19999999999999998,0.19999999999999998,-0.39999999999999997,-0.39999999999999997,0.39999999999999997,-0.39999999999999997,-0.19999999999999998,-0.19999999999999998,0.39999999999999997,-0.19999999999999998,-0.19999999999999998,0.6000000000000001,-0.39999999999999997,-0.39999999999999997,-0.19999999999999998,-0.39999999999999997,-0.39999999999999997,0.39999999999999997,0.39999999999999997,-0.19999999999999998,-0.19999999999999998,-0.19999999999999998,0.39999999999999997,0.19999999999999998,-0.39999999999999997,-0.19999999999999998,-0.39999999999999997,-0.39999999999999997,-0.39999999999999997,-0.39999999999999997,-0.7999999999999999,-0.19999999999999998,0.39999999999999997,-0.39999999999999997,-0.19999999999999998,-0.19999999999999998,0.39999999999999997,-0.39999999999999997,-0.39999999999999997,-0.19999999999999998,0.39999999999999997,0.19999999999999998,0.39999999999999997,0.7999999999999999,0.39999999999999997,-0.39999999999999997,-0.39999999999999997,0.39999999999999997,-0.39999999999999997,-0.39999999999999997,0.39999999999999997,-0.39999999999999997,0.39999999999999997,-0.19999999999999998,-0.19999999999999998,-0.39999999999999997,-0.19999999999999998,-0.39999999999999997,0.39999999999999997,0.19999999999999998,0.19999999999999998,0.39999999999999997,0.0,0.39999999999999997,0.39999999999999997,0.39999999999999997,-0.19999999999999998,0.19999999999999998,0.39999999999999997,0.39999999999999997,-0.39999999999999997,-0.39999999999999997,0.39999999999999997,0.39999999999999997,-0.19999999999999998,-0.39999999999999997,0.19999999999999998,-0.39999999999999997,0.39999999999999997,-0.39999999999999997,0.19999999999999998,-0.39999999999999997,-0.19999999999999998,-0.19999999999999998,0.19999999999999998,-0.19999999999999998,0.19999999999999998,0.19999999999999998,0.39999999999999997
GWC2-71-9,-0.7999999999999999,0.7999999999999999,1.0,-0.6000000000000001,-0.7999999999999999,-0.7999999999999999,0.7999999999999999,0.6000000000000001,0.7999999999999999,0.6000000000000001,-0.7999999999999999,-0.7999999999999999,0.7999999999999999,-0.7999999999999999,-0.39999999999999997,0.6000000000000001,-1.0,-0.7999999999999999,-0.7999999999999999,-0.6000000000000001,0.7999999999999999,-1.0,-0.7999999999999999,1.0,-0.7999999999999999,-0.7999999999999999,-0.7999999999999999,-0.7999999999999999,1.0,0.7999999999999999,-0.7999999999999999,1.0,-0.6000000000000001,-0.39999999999999997,1.0,1.0,0.7999999999999999,-0.6000000000000001,1.0,-0.7999999999999999,0.19999999999999998,-0.6000000000000001,-0.6000000000000001,-1.0,0.0,1.0,-0.39999999999999997,-0.6000000000000001,0.7999999999999999,0.7999999999999999,0.6000000000000001,-0.7999999999999999,0.7999999999999999,1.0,1.0,-1.0,1.0,-0.7999999999999999,0.7999999999999999,0.6000000000000001,-0.7999999999999999,-0.7999999999999999,-0.39999999999999997,-0.6000000000000001,-0.6000000000000001,-0.7999999999999999,-0.39999999999999997,-0.6000000000000001,0.6000000000000001,0.6000000000000001,0.7999999999999999,-0.7999999999999999,0.7999999999999999,0.6000000000000001,-0.7999999999999999,-0.6000000000000001,-0.7999999999999999,-0.6000000000000001,-0.6000000000000001,-0.6000000000000001,-0.6000000000000001,0.7999999999999999,-0.7999999999999999,-1.0,-0.6000000000000001,-0.7999999999999999,0.7999999999999999,-1.0,1.0,1.0,-0.7999999999999999,0.6000000000000001,-0.7999999999999999,-1.0,-0.19999999999999998,-1.0,-0.6000000000000001,1.0,-0.39999999999999997,-0.6000000000000001,-0.39999999999999997,-1.0,-0.6000000000000001,-1.0,-0.7999999999999999,0.7999999999999999,-0.6000000000000001,-0.7999999999999999,-0.6000000000000001,0.6000000000000001,0.7999999999999999,0.7999999999999999,-0.39999999999999997,0.19999999999999998,0.6000000000000001,0.6000000000000001,0.6000000000000001,0.7999999999999999,-0.7999999999999999,-1.0,0.6000000000000001,1.0,1.0,-1.0,0.6000000000000001,0.7999999999999999,-0.6000000000000001,-0.7999999999999999,-0.6000000000000001,-1.0,-0.6000000000000001,-0.7999999999999999,1.0,-0.7999999999999999,-0.7999999999999999,-0.7999999999999999,-0.7999999999999999,0.7999999999999999,-0.7999999999999999,0.6000000000000001
Gallionellaceae,-0.7999999999999999,0.7999999999999999,1.0,-0.6000000000000001,-0.7999999999999999,-0.7999999999999999,0.7999999999999999,0.6000000000000001,0.7999999999999999,0.6000000000000001,-0.7999999999999999,-0.7999999999999999,0.7999999999999999,-0.7999999999999999,-0.39999999999999997,0.6000000000000001,-1.0,-0.7999999999999999,-0.7999999999999999,-0.6000000000000001,0.7999999999999999,-1.0,-0.7999999999999999,1.0,-0.7999999999999999,-0.7999999999999999,-0.7999999999999999,-0.7999999999999999,1.0,0.7999999999999999,-0.7999999999999999,1.0,-0.6000000000000001,-0.39999999999999997,1.0,1.0,0.7999999999999999,-0.6000000000000001,1.0,-0.7999999999999999,0.19999999999999998,-0.6000000000000001,-0.6000000000000001,-1.0,0.0,1.0,-0.39999999999999997,-0.6000000000000001,0.7999999999999999,0.7999999999999999,0.6000000000000001,-0.7999999999999999,0.7999999999999999,1.0,1.0,-1.0,1.0,-0.7999999999999999,0.7999999999999999,0.6000000000000001,-0.7999999999999999,-0.7999999999999999,-0.39999999999999997,-0.6000000000000001,-0.6000000000000001,-0.7999999999999999,-0.39999999999999997,-0.6000000000000001,0.6000000000000001,0.6000000000000001,0.7999999999999999,-0.7999999999999999,0.7999999999999999,0.6000000000000001,-0.7999999999999999,-0.6000000000000001,-0.7999999999999999,-0.6000000000000001,-0.6000000000000001,-0.6000000000000001,-0.6000000000000001,0.7999999999999999,-0.7999999999999999,-1.0,-0.6000000000000001,-0.7999999999999999,0.7999999999999999,-1.0,1.0,1.0,-0.7999999999999999,0.6000000000000001,-0.7999999999999999,-1.0,-0.19999999999999998,-1.0,-0.6000000000000001,1.0,-0.39999999999999997,-0.6000000000000001,-0.39999999999999997,-1.0,-0.6000000000000001,-1.0,-0.7999999999999999,0.7999999999999999,-0.6000000000000001,-0.7999999999999999,-0.6000000000000001,0.6000000000000001,0.7999999999999999,0.7999999999999999,-0.39999999999999997,0.19999999999999998,0.6000000000000001,0.6000000000000001,0.6000000000000001,0.7999999999999999,-0.7999999999999999,-1.0,0.6000000000000001,1.0,1.0,-1.0,0.6000000000000001,0.7999999999999999,-0.6000000000000001,-0.7999999999999999,-0.6000000000000001,-1.0,-0.6000000000000001,-0.7999999999999999,1.0,-0.7999999999999999,-0.7999999999999999,-0.7999999999999999,-0.7999999999999999,0.7999999999999999,-0.7999999999999999,0.6000000000000001
Geothermobacteraceae,-0.39999999999999997,1.0,0.7999999999999999,-0.7999999999999999,-0.6000000000000001,-0.6000000000000001,1.0,0.7999999999999999,0.6000000000000001,0.7999999999999999,-1.0,-1.0,1.0,-1.0,-0.7999999999999999,0.7999999999999999,-0.7999999999999999,-1.0,-0.6000000000000001,-0.7999999999999999,0.6000000000000001,-0.7999999999999999,-0.6000000000000001,0.7999999999999999,-1.0,-0.6000000000000001,-1.0,-0.39999999999999997,0.7999999999999999,1.0,-1.0,0.7999999999999999,-0.7999999999999999,-0.19999999999999998,0.7999999999999999,0.7999999999999999,1.0,-0.7999999999999999,0.7999999999999999,-1.0,-0.39999999999999997,-0.7999999999999999,-0.7999999999999999,-0.7999999999999999,0.39999999999999997,0.7999999999999999,-0.7999999999999999,-0.7999999999999999,1.0,1.0,0.7999999999999999,-1.0,0.6000000000000001,0.7999999999999999,0.7999999999999999,-0.7999999999999999,0.7999999999999999,-0.6000000000000001,1.0,0.7999999999999999,-0.6000000000000001,-0.6000000000000001,0.19999999999999998,-0.7999999999999999,-0.7999999999999999,-0.6000000000000001,0.0,-0.7999999999999999,0.7999999999999999,0.7999999999999999,1.0,-0.6000000000000001,1.0,0.7999999999999999,-1.0,-0.7999999999999999,-0.6000000000000001,-0.7999999999999999,-0.7999999999999999,-0.7999999999999999,-0.7999999999999999,0.39999999999999997,-0.6000000000000001,-0.7999999999999999,-0.7999999999999999,-0.6000000000000001,1.0,-0.7999999999999999,0.7999999999999999,0.7999999999999999,-0.6000000000000001,0.7999999999999999,-1.0,-0.7999999999999999,-0.39999999999999997,-0.7999999999999999,-0.7999999999999999,0.7999999999999999,-0.7999999999999999,-0.7999999999999999,0.0,-0.7999999999999999,-0.7999999999999999,-0.7999999999999999,-0.6000000000000001,1.0,-0.7999999999999999,-0.6000000000000001,-0.7999999999999999,0.7999999999999999,0.6000000000000001,0.6000000000000001,-0.7999999999999999,-0.39999999999999997,0.7999999999999999,0.7999999999999999,0.7999999999999999,1.0,-1.0,-0.7999999999999999,0.7999999999999999,0.7999999999999999,0.7999999999999999,-0.7999999999999999,0.7999999999999999,1.0,-0.7999999999999999,-1.0,-0.7999999999999999,-0.7999999999999999,-0.7999999999999999,-1.0,0.7999999999999999,-0.6000000000000001,-0.6000000000000001,-1.0,-0.6000000000000001,0.6000000000000001,-1.0,0.7999999999999999
Gracilimonas,0.0,-0.7999999999999999,-0.6000000000000001,1.0,0.7999999999999999,0.7999999999999999,-0.7999999999999999,-1.0,-0.7999999999999999,-1.0,0.7999999999999999,0.7999999999999999,-0.7999999999999999,0.7999999999999999,0.39999999999999997,-1.0,0.6000000000000001,0.7999999999999999,0.7999999999999999,1.0,-0.7999999999999999,0.6000000000000001,0.7999999999999999,-0.6000000000000001,0.7999999999999999,0.7999999999999999,0.7999999999999999,0.0,-0.6000000000000001,-0.7999999999999999,0.7999999999999999,-0.6000000000000001,1.0,-0.39999999999999997,-0.6000000000000001,-0.6000000000000001,-0.7999999999999999,1.0,-0.6000000000000001,0.7999999999999999,0.19999999999999998,1.0,1.0,0.6000000000000001,-0.7999999999999999,-0.6000000000000001,0.39999999999999997,1.0,-0.7999999999999999,-0.7999999999999999,-1.0,0.7999999999999999,-0.7999999999999999,-0.6000000000000001,-0.6000000000000001,0.6000000000000001,-0.6000000000000001,0.7999999999999999,-0.7999999999999999,-1.0,0.7999999999999999,0.7999999999999999,-0.39999999999999997,1.0,1.0,0.7999999999999999,0.39999999999999997,1.0,-1.0,-1.0,-0.7999999999999999,0.7999999999999999,-0.7999999999999999,-1.0,0.7999999999999999,1.0,0.7999999999999999,1.0,1.0,1.0,1.0,0.0,0.7999999999999999,0.6000000000000001,1.0,0.7999999999999999,-0.7999999999999999,0.6000000000000001,-0.6000000000000001,-0.6000000000000001,0.7999999999999999,-1.0,0.7999999999999999,0.6000000000000001,-0.19999999999999998,0.6000000000000001,1.0,-0.6000000000000001,0.39999999999999997,1.0,0.39999999999999997,0.6000000000000001,1.0,0.6000000000000001,0.7999999999999999,-0.7999999999999999,1.0,0.7999999999999999,1.0,-1.0,-0.7999999999999999,-0.7999999999999999,0.39999999999999997,0.19999999999999998,-1.0,-1.0,-1.0,-0.7999999999999999,0.7999999999999999,0.6000000000000001,-1.0,-0.6000000000000001,-0.6000000000000001,0.6000000000000001,-1.0,-0.7999999999999999,1.0,0.7999999999999999,1.0,0.6000000000000001,1.0,0.7999999999999999,-0.6000000000000001,0.7999999999999999,0.7999999999999999,0.7999999999999999,0.7999999999999999,-0.7999999999999999,0.7999999999999999,-1.0
Gramella,-0.7999999999999999,0.7999999999999999,1.0,-0.6000000000000001,-0.7999999999999999,-0.7999999999999999,0.7999999999999999,0.6000000000000001,0.7999999999999999,0.6000000000000001,-0.7999999999999999,-0.7999999999999999,0.7999999999999999,-0.7999999999999999,-0.39999999999999997,0.6000000000000001,-1.0,-0.7999999999999999,-0.7999999999999999,-0.6000000000000001,0.7999999999999999,-1.0,-0.7999999999999999,1.0,-0.7999999999999999,-0.7999999999999999,-0.7999999999999999,-0.7999999999999999,1.0,0.7999999999999999,-0.7999999999999999,1.0,-0.6000000000000001,-0.39999999999999997,1.0,1.0,0.7999999999999999,-0.6000000000000001,1.0,-0.7999999999999999,0.19999999999999998,-0.6000000000000001,-0.6000000000000001,-1.0,0.0,1.0,-0.39999999999999997,-0.6000000000000001,0.7999999999999999,0.7999999999999999,0.6000000000000001,-0.7999999999999999,0.7999999999999999,1.0,1.0,-1.0,1.0,-0.7999999999999999,0.7999999999999999,0.6000000000000001,-0.7999999999999999,-0.7999999999999999,-0.39999999999999997,-0.6000000000000001,-0.6000000000000001,-0.7999999999999999,-0.39999999999999997,-0.6000000000000001,0.6000000000000001,0.6000000000000001,0.7999999999999999,-0.7999999999999999,0.7999999999999999,0.6000000000000001,-0.7999999999999999,-0.6000000000000001,-0.7999999999999999,-0.6000000000000001,-0.6000000000000001,-0.6000000000000001,-0.6000000000000001,0.7999999999999999,-0.7999999999999999,-1.0,-0.6000000000000001,-0.7999999999999999,0.7999999999999999,-1.0,1.0,1.0,-0.7999999999999999,0.6000000000000001,-0.7999999999999999,-1.0,-0.19999999999999998,-1.0,-0.6000000000000001,1.0,-0.39999999999999997,-0.6000000000000001,-0.39999999999999997,-1.0,-0.6000000000000001,-1.0,-0.7999999999999999,0.7999999999999999,-0.6000000000000001,-0.7999999999999999,-0.6000000000000001,0.6000000000000001,0.7999999999999999,0.7999999999999999,-0.39999999999999997,0.19999999999999998,0.6000000000000001,0.6000000000000001,0.6000000000000001,0.7999999999999999,-0.7999999999999999,-1.0,0.6000000000000001,1.0,1.0,-1.0,0.6000000000000001,0.7999999999999999,-0.6000000000000001,-0.7999999999999999,-0.6000000000000001,-1.0,-0.6000000000000001,-0.7999999999999999,1.0,-0.7999999999999999,-0.7999999999999999,-0.7999999999999999,-0.7999999999999999,0.7999999999999999,-0.7999999999999999,0.6000000000000001
Guyparkeria,0.39999999999999997,-1.0,-0.7999999999999999,0.7999999999999999,0.6000000000000001,0.6000000000000001,-1.0,-0.7999999999999999,-0.6000000000000001,-0.7999999999999999,1.0,1.0,-1.0,1.0,0.7999999999999999,-0.7999999999999999,0.7999999999999999,1.0,0.6000000000000001,0.7999999999999999,-0.6000000000000001,0.7999999999999999,0.6000000000000001,-0.7999999999999999,1.0,0.6000000000000001,1.0,0.39999999999999997,-0.7999999999999999,-1.0,1.0,-0.7999999999999999,0.7999999999999999,0.19999999999999998,-0.7999999999999999,-0.7999999999999999,-1.0,0.7999999999999999,-0.7999999999999999,1.0,0.39999999999999997,0.7999999999999999,0.7999999999999999,0.7999999999999999,-0.39999999999999997,-0.7999999999999999,0.7999999999999999,0.7999999999999999,-1.0,-1.0,-0.7999999999999999,1.0,-0.6000000000000001,-0.7999999999999999,-0.7999999999999999,0.7999999999999999,-0.7999999999999999,0.6000000000000001,-1.0,-0.7999999999999999,0.6000000000000001,0.6000000000000001,-0.19999999999999998,0.7999999999999999,0.7999999999999999,0.6000000000000001,0.0,0.7999999999999999,-0.7999999999999999,-0.7999999999999999,-1.0,0.6000000000000001,-1.0,-0.7999999999999999,1.0,0.7999999999999999,0.6000000000000001,0.7999999999999999,0.7999999999999999,0.7999999999999999,0.7999999999999999,-0.39999999999999997,0.6000000000000001,0.7999999999999999,0.7999999999999999,0.6000000000000001,-1.0,0.7999999999999999,-0.7999999999999999,-0.7999999999999999,0.6000000000000001,-0.7999999999999999,1.0,0.7999999999999999,0.39999999999999997,0.7999999999999999,0.7999999999999999,-0.7999999999999999,0.7999999999999999,0.7999999999999999,0.0,0.7999999999999999,0.7999999999999999,0.7999999999999999,0.6000000000000001,-1.0,0.7999999999999999,0.6000000000000001,0.7999999999999999,-0.7999999999999999,-0.6000000000000001,-0.6000000000000001,0.7999999999999999,0.39999999999999997,-0.7999999999999999,-0.7999999999999999,-0.7999999999999999,-1.0,1.0,0.7999999999999999,-0.7999999999999999,-0.7999999999999999,-0.7999999999999999,0.7999999999999999,-0.7999999999999999,-1.0,0.7999999999999999,1.0,0.7999999999999999,0.7999999999999999,0.7999999999999999,1.0,-0.7999999999999999,0.6000000000000001,0.6000000000000001,1.0,0.6000000000000001,-0.6000000000000001,1.0,-0.7999999999999999
HIMB11,-0.39999999999999997,-0.39999999999999997,0.19999999999999998,0.19999999999999998,-0.39999999999999997,-0.39999999999999997,-0.39999999999999997,-0.19999999999999998,0.39999999999999997,-0.19999999999999998,0.39999999999999997,0.39999999999999997,-0.39999999999999997,0.39999999999999997,0.7999999999999999,-0.19999999999999998,-0.19999999999999998,0.39999999999999997,-0.39999999999999997,0.19999999999999998,0.39999999999999997,-0.19999999999999998,-0.39999999999999997,0.19999999999999998,0.39999999999999997,-0.39999999999999997,0.39999999999999997,-0.39999999999999997,0.19999999999999998,-0.39999999999999997,0.39999999999999997,0.19999999999999998,0.19999999999999998,0.0,0.19999999999999998,0.19999999999999998,-0.39999999999999997,0.19999999999999998,0.19999999999999998,0.39999999999999997,1.0,0.19999999999999998,0.19999999999999998,-0.19999999999999998,-0.39999999999999997,0.19999999999999998,0.7999999999999999,0.19999999999999998,-0.39999999999999997,-0.39999999999999997,-0.19999999999999998,0.39999999999999997,0.39999999999999997,0.19999999999999998,0.19999999999999998,-0.19999999999999998,0.19999999999999998,-0.39999999999999997,-0.39999999999999997,-0.19999999999999998,-0.39999999999999997,-0.39999999999999997,-0.7999999999999999,0.19999999999999998,0.19999999999999998,-0.39999999999999997,-0.7999999999999999,0.19999999999999998,-0.19999999999999998,-0.19999999999999998,-0.39999999999999997,-0.39999999999999997,-0.39999999999999997,-0.19999999999999998,0.39999999999999997,0.19999999999999998,-0.39999999999999997,0.19999999999999998,0.19999999999999998,0.19999999999999998,0.19999999999999998,0.39999999999999997,-0.39999999999999997,-0.19999999999999998,0.19999999999999998,-0.39999999999999997,-0.39999999999999997,-0.19999999999999998,0.19999999999999998,0.19999999999999998,-0.39999999999999997,-0.19999999999999998,0.39999999999999997,-0.19999999999999998,0.6000000000000001,-0.19999999999999998,0.19999999999999998,0.19999999999999998,0.7999999999999999,0.19999999999999998,-0.7999999999999999,-0.19999999999999998,0.19999999999999998,-0.19999999999999998,-0.39999999999999997,-0.39999999999999997,0.19999999999999998,-0.39999999999999997,0.19999999999999998,-0.19999999999999998,0.39999999999999997,0.39999999999999997,0.7999999999999999,1.0,-0.19999999999999998,-0.19999999999999998,-0.19999999999999998,-0.39999999999999997,0.39999999999999997,-0.19999999999999998,-0.19999999999999998,0.19999999999999998,0.19999999999999998,-0.19999999999999998,-0.19999999999999998,-0.39999999999999997,0.19999999999999998,0.39999999999999997,0.19999999999999998,-0.19999999999999998,0.19999999999999998,0.39999999999999997,0.19999999999999998,-0.39999999999999997,-0.39999999999999997,0.39999999999999997,-0.39999999999999997,0.39999999999999997,0.39999999999999997,-0.19999999999999998
HLUCCA08,0.0,-0.7999999999999999,-0.6000000000000001,1.0,0.7999999999999999,0.7999999999999999,-0.7999999999999999,-1.0,-0.7999999999999999,-1.0,0.7999999999999999,0.7999999999999999,-0.7999999999999999,0.7999999999999999,0.39999999999999997,-1.0,0.6000000000000001,0.7999999999999999,0.7999999999999999,1.0,-0.7999999999999999,0.6000000000000001,0.7999999999999999,-0.6000000000000001,0.7999999999999999,0.7999999999999999,0.7999999999999999,0.0,-0.6000000000000001,-0.7999999999999999,0.7999999999999999,-0.6000000000000001,1.0,-0.39999999999999997,-0.6000000000000001,-0.6000000000000001,-0.7999999999999999,1.0,-0.6000000000000001,0.7999999999999999,0.19999999999999998,1.0,1.0,0.6000000000000001,-0.7999999999999999,-0.6000000000000001,0.39999999999999997,1.0,-0.7999999999999999,-0.7999999999999999,-1.0,0.7999999999999999,-0.7999999999999999,-0.6000000000000001,-0.6000000000000001,0.6000000000000001,-0.6000000000000001,0.7999999999999999,-0.7999999999999999,-1.0,0.7999999999999999,0.7999999999999999,-0.39999999999999997,1.0,1.0,0.7999999999999999,0.39999999999999997,1.0,-1.0,-1.0,-0.7999999999999999,0.7999999999999999,-0.7999999999999999,-1.0,0.7999999999999999,1.0,0.7999999999999999,1.0,1.0,1.0,1.0,0.0,0.7999999999999999,0.6000000000000001,1.0,0.7999999999999999,-0.7999999999999999,0.6000000000000001,-0.6000000000000001,-0.6000000000000001,0.7999999999999999,-1.0,0.7999999999999999,0.6000000000000001,-0.19999999999999998,0.6000000000000001,1.0,-0.6000000000000001,0.39999999999999997,1.0,0.39999999999999997,0.6000000000000001,1.0,0.6000000000000001,0.7999999999999999,-0.7999999999999999,1.0,0.7999999999999999,1.0,-1.0,-0.7999999999999999,-0.7999999999999999,0.39999999999999997,0.19999999999999998,-1.0,-1.0,-1.0,-0.7999999999999999,0.7999999999999999,0.6000000000000001,-1.0,-0.6000000000000001,-0.6000000000000001,0.6000000000000001,-1.0,-0.7999999999999999,1.0,0.7999999999999999,1.0,0.6000000000000001,1.0,0.7999999999999999,-0.6000000000000001,0.7999999999999999,0.7999999999999999,0.7999999999999999,0.7999999999999999,-0.7999999999999999,0.7999999999999999,-1.0
Halanaerobiales,0.0,-0.7999999999999999,-0.6000000000000001,1.0,0.7999999999999999,0.7999999999999999,-0.7999999999999999,-1.0,-0.7999999999999999,-1.0,0.7999999999999999,0.7999999999999999,-0.7999999999999999,0.7999999999999999,0.39999999999999997,-1.0,0.6000000000000001,0.7999999999999999,0.7999999999999999,1.0,-0.7999999999999999,0.6000000000000001,0.7999999999999999,-0.6000000000000001,0.7999999999999999,0.7999999999999999,0.7999999999999999,0.0,-0.6000000000000001,-0.7999999999999999,0.7999999999999999,-0.6000000000000001,1.0,-0.39999999999999997,-0.6000000000000001,-0.6000000000000001,-0.7999999999999999,1.0,-0.6000000000000001,0.7999999999999999,0.19999999999999998,1.0,1.0,0.6000000000000001,-0.7999999999999999,-0.6000000000000001,0.39999999999999997,1.0,-0.7999999999999999,-0.7999999999999999,-1.0,0.7999999999999999,-0.7999999999999999,-0.6000000000000001,-0.6000000000000001,0.6000000000000001,-0.6000000000000001,0.7999999999999999,-0.7999999999999999,-1.0,0.7999999999999999,0.7999999999999999,-0.39999999999999997,1.0,1.0,0.7999999999999999,0.39999999999999997,1.0,-1.0,-1.0,-0.7999999999999999,0.7999999999999999,-0.7999999999999999,-1.0,0.7999999999999999,1.0,0.7999999999999999,1.0,1.0,1.0,1.0,0.0,0.7999999999999999,0.6000000000000001,1.0,0.7999999999999999,-0.7999999999999999,0.6000000000000001,-0.6000000000000001,-0.6000000000000001,0.7999999999999999,-1.0,0.7999999999999999,0.6000000000000001,-0.19999999999999998,0.6000000000000001,1.0,-0.6000000000000001,0.39999999999999997,1.0,0.39999999999999997,0.6000000000000001,1.0,0.6000000000000001,0.7999999999999999,-0.7999999999999999,1.0,0.7999999999999999,1.0,-1.0,-0.7999999999999999,-0.7999999999999999,0.39999999999999997,0.19999999999999998,-1.0,-1.0,-1.0,-0.7999999999999999,0.7999999999999999,0.6000000000000001,-1.0,-0.6000000000000001,-0.6000000000000001,0.6000000000000001,-1.0,-0.7999999999999999,1.0,0.7999999999999999,1.0,0.6000000000000001,1.0,0.7999999999999999,-0.6000000000000001,0.7999999999999999,0.7999999999999999,0.7999999999999999,0.7999999999999999,-0.7999999999999999,0.7999999999999999,-1.0
Halanaerobium,0.7999999999999999,-0.7999999999999999,-1.0,0.6000000000000001,0.7999999999999999,0.7999999999999999,-0.7999999999999999,-0.6000000000000001,-0.7999999999999999,-0.6000000000000001,0.7999999999999999,0.7999999999999999,-0.7999999999999999,0.7999999999999999,0.39999999999999997,-0.6000000000000001,1.0,0.7999999999999999,0.7999999999999999,0.6000000000000001,-0.7999999999999999,1.0,0.7999999999999999,-1.0,0.7999999999999999,0.7999999999999999,0.7999999999999999,0.7999999999999999,-1.0,-0.7999999999999999,0.7999999999999999,-1.0,0.6000000000000001,0.39999999999999997,-1.0,-1.0,-0.7999999999999999,0.6000000000000001,-1.0,0.7999999999999999,-0.19999999999999998,0.6000000000000001,0.6000000000000001,1.0,0.0,-1.0,0.39999999999999997,0.6000000000000001,-0.7999999999999999,-0.7999999999999999,-0.6000000000000001,0.7999999999999999,-0.7999999999999999,-1.0,-1.0,1.0,-1.0,0.7999999999999999,-0.7999999999999999,-0.6000000000000001,0.7999999999999999,0.7999999999999999,0.39999999999999997,0.6000000000000001,0.6000000000000001,0.7999999999999999,0.39999999999999997,0.6000000000000001,-0.6000000000000001,-0.6000000000000001,-0.7999999999999999,0.7999999999999999,-0.7999999999999999,-0.6000000000000001,0.7999999999999999,0.6000000000000001,0.7999999999999999,0.6000000000000001,0.6000000000000001,0.6000000000000001,0.6000000000000001,-0.7999999999999999,0.7999999999999999,1.0,0.6000000000000001,0.7999999999999999,-0.7999999999999999,1.0,-1.0,-1.0,0.7999999999999999,-0.6000000000000001,0.7999999999999999,1.0,0.19999999999999998,1.0,0.6000000000000001,-1.0,0.39999999999999997,0.6000000000000001,0.39999999999999997,1.0,0.6000000000000001,1.0,0.7999999999999999,-0.7999999999999999,0.6000000000000001,0.7999999999999999,0.6000000000000001,-0.6000000000000001,-0.7999999999999999,-0.7999999999999999,0.39999999999999997,-0.19999999999999998,-0.6000000000000001,-0.6000000000000001,-0.6000000000000001,-0.7999999999999999,0.7999999999999999,1.0,-0.6000000000000001,-1.0,-1.0,1.0,-0.6000000000000001,-0.7999999999999999,0.6000000000000001,0.7999999999999999,0.6000000000000001,1.0,0.6000000000000001,0.7999999999999999,-1.0,0.7999999999999999,0.7999999999999999,0.7999999999999999,0.7999999999999999,-0.7999999999999999,0.7999999999999999,-0.6000000000000001
Halioglobus,0.6000000000000001,0.39999999999999997,0.0,-0.7999999999999999,-0.39999999999999997,-0.39999999999999997,0.39999999999999997,0.7999999999999999,0.39999999999999997,0.7999999999999999,-0.39999999999999997,-0.39999999999999997,0.39999999999999997,-0.39999999999999997,-0.19999999999999998,0.7999999999999999,0.0,-0.39999999999999997,-0.39999999999999997,-0.7999999999999999,0.39999999999999997,0.0,-0.39999999999999997,0.0,-0.39999999999999997,-0.39999999999999997,-0.39999999999999997,0.6000000000000001,0.0,0.39999999999999997,-0.39999999999999997,0.0,-0.7999999999999999,0.7999999999999999,0.0,0.0,0.39999999999999997,-0.7999999999999999,0.0,-0.39999999999999997,-0.39999999999999997,-0.7999999999999999,-0.7999999999999999,0.0,1.0,0.0,-0.19999999999999998,-0.7999999999999999,0.39999999999999997,0.39999999999999997,0.7999999999999999,-0.39999999999999997,0.39999999999999997,0.0,0.0,0.0,0.0,-0.39999999999999997,0.39999999999999997,0.7999999999999999,-0.39999999999999997,-0.39999999999999997,0.7999999999999999,-0.7999999999999999,-0.7999999999999999,-0.39999999999999997,-0.19999999999999998,-0.7999999999999999,0.7999999999999999,0.7999999999999999,0.39999999999999997,-0.39999999999999997,0.39999999999999997,0.7999999999999999,-0.39999999999999997,-0.7999999999999999,-0.39999999999999997,-0.7999999999999999,-0.7999999999999999,-0.7999999999999999,-0.7999999999999999,-0.6000000000000001,-0.39999999999999997,0.0,-0.7999999999999999,-0.39999999999999997,0.39999999999999997,0.0,0.0,0.0,-0.39999999999999997,0.7999999999999999,-0.39999999999999997,0.0,0.39999999999999997,0.0,-0.7999999999999999,0.0,-0.19999999999999998,-0.7999999999999999,-0.19999999999999998,0.0,-0.7999999999999999,0.0,-0.39999999999999997,0.39999999999999997,-0.7999999999999999,-0.39999999999999997,-0.7999999999999999,0.7999999999999999,0.39999999999999997,0.39999999999999997,-0.19999999999999998,-0.39999999999999997,0.7999999999999999,0.7999999999999999,0.7999999999999999,0.39999999999999997,-0.39999999999999997,0.0,0.7999999999999999,0.0,0.0,0.0,0.7999999999999999,0.39999999999999997,-0.7999999999999999,-0.39999999999999997,-0.7999999999999999,0.0,-0.7999999999999999,-0.39999999999999997,0.0,-0.39999999999999997,-0.39999999999999997,-0.39999999999999997,-0.39999999999999997,0.39999999999999997,-0.39999999999999997,0.7999999999999999
Halofilum,-0.7999999999999999,0.7999999999999999,1.0,-0.6000000000000001,-0.7999999999999999,-0.7999999999999999,0.7999999999999999,0.6000000000000001,0.7999999999999999,0.6000000000000001,-0.7999999999999999,-0.7999999999999999,0.7999999999999999,-0.7999999999999999,-0.39999999999999997,0.6000000000000001,-1.0,-0.7999999999999999,-0.7999999999999999,-0.6000000000000001,0.7999999999999999,-1.0,-0.7999999999999999,1.0,-0.7999999999999999,-0.7999999999999999,-0.7999999999999999,-0.7999999999999999,1.0,0.7999999999999999,-0.7999999999999999,1.0,-0.6000000000000001,-0.39999999999999997,1.0,1.0,0.7999999999999999,-0.6000000000000001,1.0,-0.7999999999999999,0.19999999999999998,-0.6000000000000001,-0.6000000000000001,-1.0,0.0,1.0,-0.39999999999999997,-0.6000000000000001,0.7999999999999999,0.7999999999999999,0.6000000000000001,-0.7999999999999999,0.7999999999999999,1.0,1.0,-1.0,1.0,-0.7999999999999999,0.7999999999999999,0.6000000000000001,-0.7999999999999999,-0.7999999999999999,-0.39999999999999997,-0.6000000000000001,-0.6000000000000001,-0.7999999999999999,-0.39999999999999997,-0.6000000000000001,0.6000000000000001,0.6000000000000001,0.7999999999999999,-0.7999999999999999,0.7999999999999999,0.6000000000000001,-0.7999999999999999,-0.6000000000000001,-0.7999999999999999,-0.6000000000000001,-0.6000000000000001,-0.6000000000000001,-0.6000000000000001,0.7999999999999999,-0.7999999999999999,-1.0,-0.6000000000000001,-0.7999999999999999,0.7999999999999999,-1.0,1.0,1.0,-0.7999999999999999,0.6000000000000001,-0.7999999999999999,-1.0,-0.19999999999999998,-1.0,-0.6000000000000001,1.0,-0.39999999999999997,-0.6000000000000001,-0.39999999999999997,-1.0,-0.6000000000000001,-1.0,-0.7999999999999999,0.7999999999999999,-0.6000000000000001,-0.7999999999999999,-0.6000000000000001,0.6000000000000001,0.7999999999999999,0.7999999999999999,-0.39999999999999997,0.19999999999999998,0.6000000000000001,0.6000000000000001,0.6000000000000001,0.7999999999999999,-0.7999999999999999,-1.0,0.6000000000000001,1.0,1.0,-1.0,0.6000000000000001,0.7999999999999999,-0.6000000000000001,-0.7999999999999999,-0.6000000000000001,-1.0,-0.6000000000000001,-0.7999999999999999,1.0,-0.7999999999999999,-0.7999999999999999,-0.7999999999999999,-0.7999999999999999,0.7999999999999999,-0.7999999999999999,0.6000000000000001
Halomonas,0.19999999999999998,-0.7999999999999999,-0.39999999999999997,0.39999999999999997,0.0,0.0,-0.7999999999999999,-0.39999999999999997,0.0,-0.39999999999999997,0.7999999999999999,0.7999999999999999,-0.7999999999999999,0.7999999999999999,1.0,-0.39999999999999997,0.39999999999999997,0.7999999999999999,0.0,0.39999999999999997,0.0,0.39999999999999997,0.0,-0.39999999999999997,0.7999999999999999,0.0,0.7999999999999999,0.19999999999999998,-0.39999999999999997,-0.7999999999999999,0.7999999999999999,-0.39999999999999997,0.39999999999999997,0.39999999999999997,-0.39999999999999997,-0.39999999999999997,-0.7999999999999999,0.39999999999999997,-0.39999999999999997,0.7999999999999999,0.7999999999999999,0.39999999999999997,0.39999999999999997,0.39999999999999997,-0.19999999999999998,-0.39999999999999997,1.0,0.39999999999999997,-0.7999999999999999,-0.7999999999999999,-0.39999999999999997,0.7999999999999999,0.0,-0.39999999999999997,-0.39999999999999997,0.39999999999999997,-0.39999999999999997,0.0,-0.7999999999999999,-0.39999999999999997,0.0,0.0,-0.39999999999999997,0.39999999999999997,0.39999999999999997,0.0,-0.6000000000000001,0.39999999999999997,-0.39999999999999997,-0.39999999999999997,-0.7999999999999999,0.0,-0.7999999999999999,-0.39999999999999997,0.7999999999999999,0.39999999999999997,0.0,0.39999999999999997,0.39999999999999997,0.39999999999999997,0.39999999999999997,-0.19999999999999998,0.0,0.39999999999999997,0.39999999999999997,0.0,-0.7999999999999999,0.39999999999999997,-0.39999999999999997,-0.39999999999999997,0.0,-0.39999999999999997,0.7999999999999999,0.39999999999999997,0.7999999999999999,0.39999999999999997,0.39999999999999997,-0.39999999999999997,1.0,0.39999999999999997,-0.6000000000000001,0.39999999999999997,0.39999999999999997,0.39999999999999997,0.0,-0.7999999999999999,0.39999999999999997,0.0,0.39999999999999997,-0.39999999999999997,0.0,0.0,1.0,0.7999999999999999,-0.39999999999999997,-0.39999999999999997,-0.39999999999999997,-0.7999999999999999,0.7999999999999999,0.39999999999999997,-0.39999999999999997,-0.39999999999999997,-0.39999999999999997,0.39999999999999997,-0.39999999999999997,-0.7999999999999999,0.39999999999999997,0.7999999999999999,0.39999999999999997,0.39999999999999997,0.39999999999999997,0.7999999999999999,-0.39999999999999997,0.0,0.0,0.7999999999999999,0.0,0.0,0.7999999999999999,-0.39999999999999997
IMCC34051,0.0,-0.7999999999999999,-0.6000000000000001,1.0,0.7999999999999999,0.7999999999999999,-0.7999999999999999,-1.0,-0.7999999999999999,-1.0,0.7999999999999999,0.7999999999999999,-0.7999999999999999,0.7999999999999999,0.39999999999999997,-1.0,0.6000000000000001,0.7999999999999999,0.7999999999999999,1.0,-0.7999999999999999,0.6000000000000001,0.7999999999999999,-0.6000000000000001,0.7999999999999999,0.7999999999999999,0.7999999999999999,0.0,-0.6000000000000001,-0.7999999999999999,0.7999999999999999,-0.6000000000000001,1.0,-0.39999999999999997,-0.6000000000000001,-0.6000000000000001,-0.7999999999999999,1.0,-0.6000000000000001,0.7999999999999999,0.19999999999999998,1.0,1.0,0.6000000000000001,-0.7999999999999999,-0.6000000000000001,0.39999999999999997,1.0,-0.7999999999999999,-0.7999999999999999,-1.0,0.7999999999999999,-0.7999999999999999,-0.6000000000000001,-0.6000000000000001,0.6000000000000001,-0.6000000000000001,0.7999999999999999,-0.7999999999999999,-1.0,0.7999999999999999,0.7999999999999999,-0.39999999999999997,1.0,1.0,0.7999999999999999,0.39999999999999997,1.0,-1.0,-1.0,-0.7999999999999999,0.7999999999999999,-0.7999999999999999,-1.0,0.7999999999999999,1.0,0.7999999999999999,1.0,1.0,1.0,1.0,0.0,0.7999999999999999,0.6000000000000001,1.0,0.7999999999999999,-0.7999999999999999,0.6000000000000001,-0.6000000000000001,-0.6000000000000001,0.7999999999999999,-1.0,0.7999999999999999,0.6000000000000001,-0.19999999999999998,0.6000000000000001,1.0,-0.6000000000000001,0.39999999999999997,1.0,0.39999999999999997,0.6000000000000001,1.0,0.6000000000000001,0.7999999999999999,-0.7999999999999999,1.0,0.7999999999999999,1.0,-1.0,-0.7999999999999999,-0.7999999999999999,0.39999999999999997,0.19999999999999998,-1.0,-1.0,-1.0,-0.7999999999999999,0.7999999999999999,0.6000000000000001,-1.0,-0.6000000000000001,-0.6000000000000001,0.6000000000000001,-1.0,-0.7999999999999999,1.0,0.7999999999999999,1.0,0.6000000000000001,1.0,0.7999999999999999,-0.6000000000000001,0.7999999999999999,0.7999999999999999,0.7999999999999999,0.7999999999999999,-0.7999999999999999,0.7999999999999999,-1.0
J153,-0.39999999999999997,1.0,0.7999999999999999,-0.7999999999999999,-0.6000000000000001,-0.6000000000000001,1.0,0.7999999999999999,0.6000000000000001,0.7999999999999999,-1.0,-1.0,1.0,-1.0,-0.7999999999999999,0.7999999999999999,-0.7999999999999999,-1.0,-0.6000000000000001,-0.7999999999999999,0.6000000000000001,-0.7999999999999999,-0.6000000000000001,0.7999999999999999,-1.0,-0.6000000000000001,-1.0,-0.39999999999999997,0.7999999999999999,1.0,-1.0,0.7999999999999999,-0.7999999999999999,-0.19999999999999998,0.7999999999999999,0.7999999999999999,1.0,-0.7999999999999999,0.7999999999999999,-1.0,-0.39999999999999997,-0.7999999999999999,-0.7999999999999999,-0.7999999999999999,0.39999999999999997,0.7999999999999999,-0.7999999999999999,-0.7999999999999999,1.0,1.0,0.7999999999999999,-1.0,0.6000000000000001,0.7999999999999999,0.7999999999999999,-0.7999999999999999,0.7999999999999999,-0.6000000000000001,1.0,0.7999999999999999,-0.6000000000000001,-0.6000000000000001,0.19999999999999998,-0.7999999999999999,-0.7999999999999999,-0.6000000000000001,0.0,-0.7999999999999999,0.7999999999999999,0.7999999999999999,1.0,-0.6000000000000001,1.0,0.7999999999999999,-1.0,-0.7999999999999999,-0.6000000000000001,-0.7999999999999999,-0.7999999999999999,-0.7999999999999999,-0.7999999999999999,0.39999999999999997,-0.6000000000000001,-0.7999999999999999,-0.7999999999999999,-0.6000000000000001,1.0,-0.7999999999999999,0.7999999999999999,0.7999999999999999,-0.6000000000000001,0.7999999999999999,-1.0,-0.7999999999999999,-0.39999999999999997,-0.7999999999999999,-0.7999999999999999,0.7999999999999999,-0.7999999999999999,-0.7999999999999999,0.0,-0.7999999999999999,-0.7999999999999999,-0.7999999999999999,-0.6000000000000001,1.0,-0.7999999999999999,-0.6000000000000001,-0.7999999999999999,0.7999999999999999,0.6000000000000001,0.6000000000000001,-0.7999999999999999,-0.39999999999999997,0.7999999999999999,0.7999999999999999,0.7999999999999999,1.0,-1.0,-0.7999999999999999,0.7999999999999999,0.7999999999999999,0.7999999999999999,-0.7999999999999999,0.7999999999999999,1.0,-0.7999999999999999,-1.0,-0.7999999999999999,-0.7999999999999999,-0.7999999999999999,-1.0,0.7999999999999999,-0.6000000000000001,-0.6000000000000001,-1.0,-0.6000000000000001,0.6000000000000001,-1.0,0.7999999999999999
JAACFB01,-0.39999999999999997,1.0,0.7999999999999999,-0.7999999999999999,-0.6000000000000001,-0.6000000000000001,1.0,0.7999999999999999,0.6000000000000001,0.7999999999999999,-1.0,-1.0,1.0,-1.0,-0.7999999999999999,0.7999999999999999,-0.7999999999999999,-1.0,-0.6000000000000001,-0.7999999999999999,0.6000000000000001,-0.7999999999999999,-0.6000000000000001,0.7999999999999999,-1.0,-0.6000000000000001,-1.0,-0.39999999999999997,0.7999999999999999,1.0,-1.0,0.7999999999999999,-0.7999999999999999,-0.19999999999999998,0.7999999999999999,0.7999999999999999,1.0,-0.7999999999999999,0.7999999999999999,-1.0,-0.39999999999999997,-0.7999999999999999,-0.7999999999999999,-0.7999999999999999,0.39999999999999997,0.7999999999999999,-0.7999999999999999,-0.7999999999999999,1.0,1.0,0.7999999999999999,-1.0,0.6000000000000001,0.7999999999999999,0.7999999999999999,-0.7999999999999999,0.7999999999999999,-0.6000000000000001,1.0,0.7999999999999999,-0.6000000000000001,-0.6000000000000001,0.19999999999999998,-0.7999999999999999,-0.7999999999999999,-0.6000000000000001,0.0,-0.7999999999999999,0.7999999999999999,0.7999999999999999,1.0,-0.6000000000000001,1.0,0.7999999999999999,-1.0,-0.7999999999999999,-0.6000000000000001,-0.7999999999999999,-0.7999999999999999,-0.7999999999999999,-0.7999999999999999,0.39999999999999997,-0.6000000000000001,-0.7999999999999999,-0.7999999999999999,-0.6000000000000001,1.0,-0.7999999999999999,0.7999999999999999,0.7999999999999999,-0.6000000000000001,0.7999999999999999,-1.0,-0.7999999999999999,-0.39999999999999997,-0.7999999999999999,-0.7999999999999999,0.7999999999999999,-0.7999999999999999,-0.7999999999999999,0.0,-0.7999999999999999,-0.7999999999999999,-0.7999999999999999,-0.6000000000000001,1.0,-0.7999999999999999,-0.6000000000000001,-0.7999999999999999,0.7999999999999999,0.6000000000000001,0.6000000000000001,-0.7999999999999999,-0.39999999999999997,0.7999999999999999,0.7999999999999999,0.7999999999999999,1.0,-1.0,-0.7999999999999999,0.7999999999999999,0.7999999999999999,0.7999999999999999,-0.7999999999999999,0.7999999999999999,1.0,-0.7999999999999999,-1.0,-0.7999999999999999,-0.7999999999999999,-0.7999999999999999,-1.0,0.7999999999999999,-0.6000000000000001,-0.6000000000000001,-1.0,-0.6000000000000001,0.6000000000000001,-1.0,0.7999999999999999
JAAXQD01,0.0,0.7999999999999999,0.6000000000000001,-1.0,-0.7999999999999999,-0.7999999999999999,0.7999999999999999,1.0,0.7999999999999999,1.0,-0.7999999999999999,-0.7999999999999999,0.7999999999999999,-0.7999999999999999,-0.39999999999999997,1.0,-0.6000000000000001,-0.7999999999999999,-0.7999999999999999,-1.0,0.7999999999999999,-0.6000000000000001,-0.7999999999999999,0.6000000000000001,-0.7999999999999999,-0.7999999999999999,-0.7999999999999999,0.0,0.6000000000000001,0.7999999999999999,-0.7999999999999999,0.6000000000000001,-1.0,0.39999999999999997,0.6000000000000001,0.6000000000000001,0.7999999999999999,-1.0,0.6000000000000001,-0.7999999999999999,-0.19999999999999998,-1.0,-1.0,-0.6000000000000001,0.7999999999999999,0.6000000000000001,-0.39999999999999997,-1.0,0.7999999999999999,0.7999999999999999,1.0,-0.7999999999999999,0.7999999999999999,0.6000000000000001,0.6000000000000001,-0.6000000000000001,0.6000000000000001,-0.7999999999999999,0.7999999999999999,1.0,-0.7999999999999999,-0.7999999999999999,0.39999999999999997,-1.0,-1.0,-0.7999999999999999,-0.39999999999999997,-1.0,1.0,1.0,0.7999999999999999,-0.7999999999999999,0.7999999999999999,1.0,-0.7999999999999999,-1.0,-0.7999999999999999,-1.0,-1.0,-1.0,-1.0,0.0,-0.7999999999999999,-0.6000000000000001,-1.0,-0.7999999999999999,0.7999999999999999,-0.6000000000000001,0.6000000000000001,0.6000000000000001,-0.7999999999999999,1.0,-0.7999999999999999,-0.6000000000000001,0.19999999999999998,-0.6000000000000001,-1.0,0.6000000000000001,-0.39999999999999997,-1.0,-0.39999999999999997,-0.6000000000000001,-1.0,-0.6000000000000001,-0.7999999999999999,0.7999999999999999,-1.0,-0.7999999999999999,-1.0,1.0,0.7999999999999999,0.7999999999999999,-0.39999999999999997,-0.19999999999999998,1.0,1.0,1.0,0.7999999999999999,-0.7999999999999999,-0.6000000000000001,1.0,0.6000000000000001,0.6000000000000001,-0.6000000000000001,1.0,0.7999999999999999,-1.0,-0.7999999999999999,-1.0,-0.6000000000000001,-1.0,-0.7999999999999999,0.6000000000000001,-0.7999999999999999,-0.7999999999999999,-0.7999999999999999,-0.7999999999999999,0.7999999999999999,-0.7999999999999999,1.0
JAAYHV01,0.39999999999999997,-1.0,-0.7999999999999999,0.7999999999999999,0.6000000000000001,0.6000000000000001,-1.0,-0.7999999999999999,-0.6000000000000001,-0.7999999999999999,1.0,1.0,-1.0,1.0,0.7999999999999999,-0.7999999999999999,0.7999999999999999,1.0,0.6000000000000001,0.7999999999999999,-0.6000000000000001,0.7999999999999999,0.6000000000000001,-0.7999999999999999,1.0,0.6000000000000001,1.0,0.39999999999999997,-0.7999999999999999,-1.0,1.0,-0.7999999999999999,0.7999999999999999,0.19999999999999998,-0.7999999999999999,-0.7999999999999999,-1.0,0.7999999999999999,-0.7999999999999999,1.0,0.39999999999999997,0.7999999999999999,0.7999999999999999,0.7999999999999999,-0.39999999999999997,-0.7999999999999999,0.7999999999999999,0.7999999999999999,-1.0,-1.0,-0.7999999999999999,1.0,-0.6000000000000001,-0.7999999999999999,-0.7999999999999999,0.7999999999999999,-0.7999999999999999,0.6000000000000001,-1.0,-0.7999999999999999,0.6000000000000001,0.6000000000000001,-0.19999999999999998,0.7999999999999999,0.7999999999999999,0.6000000000000001,0.0,0.7999999999999999,-0.7999999999999999,-0.7999999999999999,-1.0,0.6000000000000001,-1.0,-0.7999999999999999,1.0,0.7999999999999999,0.6000000000000001,0.7999999999999999,0.7999999999999999,0.7999999999999999,0.7999999999999999,-0.39999999999999997,0.6000000000000001,0.7999999999999999,0.7999999999999999,0.6000000000000001,-1.0,0.7999999999999999,-0.7999999999999999,-0.7999999999999999,0.6000000000000001,-0.7999999999999999,1.0,0.7999999999999999,0.39999999999999997,0.7999999999999999,0.7999999999999999,-0.7999999999999999,0.7999999999999999,0.7999999999999999,0.0,0.7999999999999999,0.7999999999999999,0.7999999999999999,0.6000000000000001,-1.0,0.7999999999999999,0.6000000000000001,0.7999999999999999,-0.7999999999999999,-0.6000000000000001,-0.6000000000000001,0.7999999999999999,0.39999999999999997,-0.7999999999999999,-0.7999999999999999,-0.7999999999999999,-1.0,1.0,0.7999999999999999,-0.7999999999999999,-0.7999999999999999,-0.7999999999999999,0.7999999999999999,-0.7999999999999999,-1.0,0.7999999999999999,1.0,0.7999999999999999,0.7999999999999999,0.7999999999999999,1.0,-0.7999999999999999,0.6000000000000001,0.6000000000000001,1.0,0.6000000000000001,-0.6000000000000001,1.0,-0.7999999999999999
JAAYYF01,-0.39999999999999997,0.6000000000000001,0.7999999999999999,-0.7999999999999999,-1.0,-1.0,0.6000000000000001,0.7999999999999999,1.0,0.7999999999999999,-0.6000000000000001,-0.6000000000000001,0.6000000000000001,-0.6000000000000001,0.0,0.7999999999999999,-0.7999999999999999,-0.6000000000000001,-1.0,-0.7999999999999999,1.0,-0.7999999999999999,-1.0,0.7999999999999999,-0.6000000000000001,-1.0,-0.6000000000000001,-0.39999999999999997,0.7999999999999999,0.6000000000000001,-0.6000000000000001,0.7999999999999999,-0.7999999999999999,0.19999999999999998,0.7999999999999999,0.7999999999999999,0.6000000000000001,-0.7999999999999999,0.7999999999999999,-0.6000000000000001,0.39999999999999997,-0.7999999999999999,-0.7999999999999999,-0.7999999999999999,0.39999999999999997,0.7999999999999999,0.0,-0.7999999999999999,0.6000000000000001,0.6000000000000001,0.7999999999999999,-0.6000000000000001,1.0,0.7999999999999999,0.7999999999999999,-0.7999999999999999,0.7999999999999999,-1.0,0.6000000000000001,0.7999999999999999,-1.0,-1.0,-0.19999999999999998,-0.7999999999999999,-0.7999999999999999,-1.0,-0.7999999999999999,-0.7999999999999999,0.7999999999999999,0.7999999999999999,0.6000000000000001,-1.0,0.6000000000000001,0.7999999999999999,-0.6000000000000001,-0.7999999999999999,-1.0,-0.7999999999999999,-0.7999999999999999,-0.7999999999999999,-0.7999999999999999,0.39999999999999997,-1.0,-0.7999999999999999,-0.7999999999999999,-1.0,0.6000000000000001,-0.7999999999999999,0.7999999999999999,0.7999999999999999,-1.0,0.7999999999999999,-0.6000000000000001,-0.7999999999999999,0.39999999999999997,-0.7999999999999999,-0.7999999999999999,0.7999999999999999,0.0,-0.7999999999999999,-0.7999999999999999,-0.7999999999999999,-0.7999999999999999,-0.7999999999999999,-1.0,0.6000000000000001,-0.7999999999999999,-1.0,-0.7999999999999999,0.7999999999999999,1.0,1.0,0.0,0.39999999999999997,0.7999999999999999,0.7999999999999999,0.7999999999999999,0.6000000000000001,-0.6000000000000001,-0.7999999999999999,0.7999999999999999,0.7999999999999999,0.7999999999999999,-0.7999999999999999,0.7999999999999999,0.6000000000000001,-0.7999999999999999,-0.6000000000000001,-0.7999999999999999,-0.7999999999999999,-0.7999999999999999,-0.6000000000000001,0.7999999999999999,-1.0,-1.0,-0.6000000000000001,-1.0,1.0,-0.6000000000000001,0.7999999999999999
JABDJL01,-0.7999999999999999,0.7999999999999999,1.0,-0.6000000000000001,-0.7999999999999999,-0.7999999999999999,0.7999999999999999,0.6000000000000001,0.7999999999999999,0.6000000000000001,-0.7999999999999999,-0.7999999999999999,0.7999999999999999,-0.7999999999999999,-0.39999999999999997,0.6000000000000001,-1.0,-0.7999999999999999,-0.7999999999999999,-0.6000000000000001,0.7999999999999999,-1.0,-0.7999999999999999,1.0,-0.7999999999999999,-0.7999999999999999,-0.7999999999999999,-0.7999999999999999,1.0,0.7999999999999999,-0.7999999999999999,1.0,-0.6000000000000001,-0.39999999999999997,1.0,1.0,0.7999999999999999,-0.6000000000000001,1.0,-0.7999999999999999,0.19999999999999998,-0.6000000000000001,-0.6000000000000001,-1.0,0.0,1.0,-0.39999999999999997,-0.6000000000000001,0.7999999999999999,0.7999999999999999,0.6000000000000001,-0.7999999999999999,0.7999999999999999,1.0,1.0,-1.0,1.0,-0.7999999999999999,0.7999999999999999,0.6000000000000001,-0.7999999999999999,-0.7999999999999999,-0.39999999999999997,-0.6000000000000001,-0.6000000000000001,-0.7999999999999999,-0.39999999999999997,-0.6000000000000001,0.6000000000000001,0.6000000000000001,0.7999999999999999,-0.7999999999999999,0.7999999999999999,0.6000000000000001,-0.7999999999999999,-0.6000000000000001,-0.7999999999999999,-0.6000000000000001,-0.6000000000000001,-0.6000000000000001,-0.6000000000000001,0.7999999999999999,-0.7999999999999999,-1.0,-0.6000000000000001,-0.7999999999999999,0.7999999999999999,-1.0,1.0,1.0,-0.7999999999999999,0.6000000000000001,-0.7999999999999999,-1.0,-0.19999999999999998,-1.0,-0.6000000000000001,1.0,-0.39999999999999997,-0.6000000000000001,-0.39999999999999997,-1.0,-0.6000000000000001,-1.0,-0.7999999999999999,0.7999999999999999,-0.6000000000000001,-0.7999999999999999,-0.6000000000000001,0.6000000000000001,0.7999999999999999,0.7999999999999999,-0.39999999999999997,0.19999999999999998,0.6000000000000001,0.6000000000000001,0.6000000000000001,0.7999999999999999,-0.7999999999999999,-1.0,0.6000000000000001,1.0,1.0,-1.0,0.6000000000000001,0.7999999999999999,-0.6000000000000001,-0.7999999999999999,-0.6000000000000001,-1.0,-0.6000000000000001,-0.7999999999999999,1.0,-0.7999999999999999,-0.7999999999999999,-0.7999999999999999,-0.7999999999999999,0.7999999999999999,-0.7999999999999999,0.6000000000000001
JABDQB01,-0.7999999999999999,0.7999999999999999,1.0,-0.6000000000000001,-0.7999999999999999,-0.7999999999999999,0.7999999999999999,0.6000000000000001,0.7999999999999999,0.6000000000000001,-0.7999999999999999,-0.7999999999999999,0.7999999999999999,-0.7999999999999999,-0.39999999999999997,0.6000000000000001,-1.0,-0.7999999999999999,-0.7999999999999999,-0.6000000000000001,0.7999999999999999,-1.0,-0.7999999999999999,1.0,-0.7999999999999999,-0.7999999999999999,-0.7999999999999999,-0.7999999999999999,1.0,0.7999999999999999,-0.7999999999999999,1.0,-0.6000000000000001,-0.39999999999999997,1.0,1.0,0.7999999999999999,-0.6000000000000001,1.0,-0.7999999999999999,0.19999999999999998,-0.6000000000000001,-0.6000000000000001,-1.0,0.0,1.0,-0.39999999999999997,-0.6000000000000001,0.7999999999999999,0.7999999999999999,0.6000000000000001,-0.7999999999999999,0.7999999999999999,1.0,1.0,-1.0,1.0,-0.7999999999999999,0.7999999999999999,0.6000000000000001,-0.7999999999999999,-0.7999999999999999,-0.39999999999999997,-0.6000000000000001,-0.6000000000000001,-0.7999999999999999,-0.39999999999999997,-0.6000000000000001,0.6000000000000001,0.6000000000000001,0.7999999999999999,-0.7999999999999999,0.7999999999999999,0.6000000000000001,-0.7999999999999999,-0.6000000000000001,-0.7999999999999999,-0.6000000000000001,-0.6000000000000001,-0.6000000000000001,-0.6000000000000001,0.7999999999999999,-0.7999999999999999,-1.0,-0.6000000000000001,-0.7999999999999999,0.7999999999999999,-1.0,1.0,1.0,-0.7999999999999999,0.6000000000000001,-0.7999999999999999,-1.0,-0.19999999999999998,-1.0,-0.6000000000000001,1.0,-0.39999999999999997,-0.6000000000000001,-0.39999999999999997,-1.0,-0.6000000000000001,-1.0,-0.7999999999999999,0.7999999999999999,-0.6000000000000001,-0.7999999999999999,-0.6000000000000001,0.6000000000000001,0.7999999999999999,0.7999999999999999,-0.39999999999999997,0.19999999999999998,0.6000000000000001,0.6000000000000001,0.6000000000000001,0.7999999999999999,-0.7999999999999999,-1.0,0.6000000000000001,1.0,1.0,-1.0,0.6000000000000001,0.7999999999999999,-0.6000000000000001,-0.7999999999999999,-0.6000000000000001,-1.0,-0.6000000000000001,-0.7999999999999999,1.0,-0.7999999999999999,-0.7999999999999999,-0.7999999999999999,-0.7999999999999999,0.7999999999999999,-0.7999999999999999,0.6000000000000001
JABSQH01,0.7999999999999999,-0.7999999999999999,-1.0,0.6000000000000001,0.7999999999999999,0.7999999999999999,-0.7999999999999999,-0.6000000000000001,-0.7999999999999999,-0.6000000000000001,0.7999999999999999,0.7999999999999999,-0.7999999999999999,0.7999999999999999,0.39999999999999997,-0.6000000000000001,1.0,0.7999999999999999,0.7999999999999999,0.6000000000000001,-0.7999999999999999,1.0,0.7999999999999999,-1.0,0.7999999999999999,0.7999999999999999,0.7999999999999999,0.7999999999999999,-1.0,-0.7999999999999999,0.7999999999999999,-1.0,0.6000000000000001,0.39999999999999997,-1.0,-1.0,-0.7999999999999999,0.6000000000000001,-1.0,0.7999999999999999,-0.19999999999999998,0.6000000000000001,0.6000000000000001,1.0,0.0,-1.0,0.39999999999999997,0.6000000000000001,-0.7999999999999999,-0.7999999999999999,-0.6000000000000001,0.7999999999999999,-0.7999999999999999,-1.0,-1.0,1.0,-1.0,0.7999999999999999,-0.7999999999999999,-0.6000000000000001,0.7999999999999999,0.7999999999999999,0.39999999999999997,0.6000000000000001,0.6000000000000001,0.7999999999999999,0.39999999999999997,0.6000000000000001,-0.6000000000000001,-0.6000000000000001,-0.7999999999999999,0.7999999999999999,-0.7999999999999999,-0.6000000000000001,0.7999999999999999,0.6000000000000001,0.7999999999999999,0.6000000000000001,0.6000000000000001,0.6000000000000001,0.6000000000000001,-0.7999999999999999,0.7999999999999999,1.0,0.6000000000000001,0.7999999999999999,-0.7999999999999999,1.0,-1.0,-1.0,0.7999999999999999,-0.6000000000000001,0.7999999999999999,1.0,0.19999999999999998,1.0,0.6000000000000001,-1.0,0.39999999999999997,0.6000000000000001,0.39999999999999997,1.0,0.6000000000000001,1.0,0.7999999999999999,-0.7999999999999999,0.6000000000000001,0.7999999999999999,0.6000000000000001,-0.6000000000000001,-0.7999999999999999,-0.7999999999999999,0.39999999999999997,-0.19999999999999998,-0.6000000000000001,-0.6000000000000001,-0.6000000000000001,-0.7999999999999999,0.7999999999999999,1.0,-0.6000000000000001,-1.0,-1.0,1.0,-0.6000000000000001,-0.7999999999999999,0.6000000000000001,0.7999999999999999,0.6000000000000001,1.0,0.6000000000000001,0.7999999999999999,-1.0,0.7999999999999999,0.7999999999999999,0.7999999999999999,0.7999999999999999,-0.7999999999999999,0.7999999999999999,-0.6000000000000001
KS3-K002,-0.7999999999999999,0.7999999999999999,1.0,-0.6000000000000001,-0.7999999999999999,-0.7999999999999999,0.7999999999999999,0.6000000000000001,0.7999999999999999,0.6000000000000001,-0.7999999999999999,-0.7999999999999999,0.7999999999999999,-0.7999999999999999,-0.39999999999999997,0.6000000000000001,-1.0,-0.7999999999999999,-0.7999999999999999,-0.6000000000000001,0.7999999999999999,-1.0,-0.7999999999999999,1.0,-0.7999999999999999,-0.7999999999999999,-0.7999999999999999,-0.7999999999999999,1.0,0.7999999999999999,-0.7999999999999999,1.0,-0.6000000000000001,-0.39999999999999997,1.0,1.0,0.7999999999999999,-0.6000000000000001,1.0,-0.7999999999999999,0.19999999999999998,-0.6000000000000001,-0.6000000000000001,-1.0,0.0,1.0,-0.39999999999999997,-0.6000000000000001,0.7999999999999999,0.7999999999999999,0.6000000000000001,-0.7999999999999999,0.7999999999999999,1.0,1.0,-1.0,1.0,-0.7999999999999999,0.7999999999999999,0.6000000000000001,-0.7999999999999999,-0.7999999999999999,-0.39999999999999997,-0.6000000000000001,-0.6000000000000001,-0.7999999999999999,-0.39999999999999997,-0.6000000000000001,0.6000000000000001,0.6000000000000001,0.7999999999999999,-0.7999999999999999,0.7999999999999999,0.6000000000000001,-0.7999999999999999,-0.6000000000000001,-0.7999999999999999,-0.6000000000000001,-0.6000000000000001,-0.6000000000000001,-0.6000000000000001,0.7999999999999999,-0.7999999999999999,-1.0,-0.6000000000000001,-0.7999999999999999,0.7999999999999999,-1.0,1.0,1.0,-0.7999999999999999,0.6000000000000001,-0.7999999999999999,-1.0,-0.19999999999999998,-1.0,-0.6000000000000001,1.0,-0.39999999999999997,-0.6000000000000001,-0.39999999999999997,-1.0,-0.6000000000000001,-1.0,-0.7999999999999999,0.7999999999999999,-0.6000000000000001,-0.7999999999999999,-0.6000000000000001,0.6000000000000001,0.7999999999999999,0.7999999999999999,-0.39999999999999997,0.19999999999999998,0.6000000000000001,0.6000000000000001,0.6000000000000001,0.7999999999999999,-0.7999999999999999,-1.0,0.6000000000000001,1.0,1.0,-1.0,0.6000000000000001,0.7999999999999999,-0.6000000000000001,-0.7999999999999999,-0.6000000000000001,-1.0,-0.6000000000000001,-0.7999999999999999,1.0,-0.7999999999999999,-0.7999999999999999,-0.7999999999999999,-0.7999999999999999,0.7999999999999999,-0.7999999999999999,0.6000000000000001
Krumholzibacteria,0.39999999999999997,-0.6000000000000001,-0.7999999999999999,0.7999999999999999,1.0,1.0,-0.6000000000000001,-0.7999999999999999,-1.0,-0.7999999999999999,0.6000000000000001,0.6000000000000001,-0.6000000000000001,0.6000000000000001,0.0,-0.7999999999999999,0.7999999999999999,0.6000000000000001,1.0,0.7999999999999999,-1.0,0.7999999999999999,1.0,-0.7999999999999999,0.6000000000000001,1.0,0.6000000000000001,0.39999999999999997,-0.7999999999999999,-0.6000000000000001,0.6000000000000001,-0.7999999999999999,0.7999999999999999,-0.19999999999999998,-0.7999999999999999,-0.7999999999999999,-0.6000000000000001,0.7999999999999999,-0.7999999999999999,0.6000000000000001,-0.39999999999999997,0.7999999999999999,0.7999999999999999,0.7999999999999999,-0.39999999999999997,-0.7999999999999999,0.0,0.7999999999999999,-0.6000000000000001,-0.6000000000000001,-0.7999999999999999,0.6000000000000001,-1.0,-0.7999999999999999,-0.7999999999999999,0.7999999999999999,-0.7999999999999999,1.0,-0.6000000000000001,-0.7999999999999999,1.0,1.0,0.19999999999999998,0.7999999999999999,0.7999999999999999,1.0,0.7999999999999999,0.7999999999999999,-0.7999999999999999,-0.7999999999999999,-0.6000000000000001,1.0,-0.6000000000000001,-0.7999999999999999,0.6000000000000001,0.7999999999999999,1.0,0.7999999999999999,0.7999999999999999,0.7999999999999999,0.7999999999999999,-0.39999999999999997,1.0,0.7999999999999999,0.7999999999999999,1.0,-0.6000000000000001,0.7999999999999999,-0.7999999999999999,-0.7999999999999999,1.0,-0.7999999999999999,0.6000000000000001,0.7999999999999999,-0.39999999999999997,0.7999999999999999,0.7999999999999999,-0.7999999999999999,0.0,0.7999999999999999,0.7999999999999999,0.7999999999999999,0.7999999999999999,0.7999999999999999,1.0,-0.6000000000000001,0.7999999999999999,1.0,0.7999999999999999,-0.7999999999999999,-1.0,-1.0,0.0,-0.39999999999999997,-0.7999999999999999,-0.7999999999999999,-0.7999999999999999,-0.6000000000000001,0.6000000000000001,0.7999999999999999,-0.7999999999999999,-0.7999999999999999,-0.7999999999999999,0.7999999999999999,-0.7999999999999999,-0.6000000000000001,0.7999999999999999,0.6000000000000001,0.7999999999999999,0.7999999999999999,0.7999999999999999,0.6000000000000001,-0.7999999999999999,1.0,1.0,0.6000000000000001,1.0,-1.0,0.6000000000000001,-0.7999999999999999
Lutibacter,-0.39999999999999997,1.0,0.7999999999999999,-0.7999999999999999,-0.6000000000000001,-0.6000000000000001,1.0,0.7999999999999999,0.6000000000000001,0.7999999999999999,-1.0,-1.0,1.0,-1.0,-0.7999999999999999,0.7999999999999999,-0.7999999999999999,-1.0,-0.6000000000000001,-0.7999999999999999,0.6000000000000001,-0.7999999999999999,-0.6000000000000001,0.7999999999999999,-1.0,-0.6000000000000001,-1.0,-0.39999999999999997,0.7999999999999999,1.0,-1.0,0.7999999999999999,-0.7999999999999999,-0.19999999999999998,0.7999999999999999,0.7999999999999999,1.0,-0.7999999999999999,0.7999999999999999,-1.0,-0.39999999999999997,-0.7999999999999999,-0.7999999999999999,-0.7999999999999999,0.39999999999999997,0.7999999999999999,-0.7999999999999999,-0.7999999999999999,1.0,1.0,0.7999999999999999,-1.0,0.6000000000000001,0.7999999999999999,0.7999999999999999,-0.7999999999999999,0.7999999999999999,-0.6000000000000001,1.0,0.7999999999999999,-0.6000000000000001,-0.6000000000000001,0.19999999999999998,-0.7999999999999999,-0.7999999999999999,-0.6000000000000001,0.0,-0.7999999999999999,0.7999999999999999,0.7999999999999999,1.0,-0.6000000000000001,1.0,0.7999999999999999,-1.0,-0.7999999999999999,-0.6000000000000001,-0.7999999999999999,-0.7999999999999999,-0.7999999999999999,-0.7999999999999999,0.39999999999999997,-0.6000000000000001,-0.7999999999999999,-0.7999999999999999,-0.6000000000000001,1.0,-0.7999999999999999,0.7999999999999999,0.7999999999999999,-0.6000000000000001,0.7999999999999999,-1.0,-0.7999999999999999,-0.39999999999999997,-0.7999999999999999,-0.7999999999999999,0.7999999999999999,-0.7999999999999999,-0.7999999999999999,0.0,-0.7999999999999999,-0.7999999999999999,-0.7999999999999999,-0.6000000000000001,1.0,-0.7999999999999999,-0.6000000000000001,-0.7999999999999999,0.7999999999999999,0.6000000000000001,0.6000000000000001,-0.7999999999999999,-0.39999999999999997,0.7999999999999999,0.7999999999999999,0.7999999999999999,1.0,-1.0,-0.7999999999999999,0.7999999999999999,0.7999999999999999,0.7999999999999999,-0.7999999999999999,0.7999999999999999,1.0,-0.7999999999999999,-1.0,-0.7999999999999999,-0.7999999999999999,-0.7999999999999999,-1.0,0.7999999999999999,-0.6000000000000001,-0.6000000000000001,-1.0,-0.6000000000000001,0.6000000000000001,-1.0,0.7999999999999999
M0040,0.0,0.7999999999999999,0.6000000000000001,-1.0,-0.7999999999999999,-0.7999999999999999,0.7999999999999999,1.0,0.7999999999999999,1.0,-0.7999999999999999,-0.7999999999999999,0.7999999999999999,-0.7999999999999999,-0.39999999999999997,1.0,-0.6000000000000001,-0.7999999999999999,-0.7999999999999999,-1.0,0.7999999999999999,-0.6000000000000001,-0.7999999999999999,0.6000000000000001,-0.7999999999999999,-0.7999999999999999,-0.7999999999999999,0.0,0.6000000000000001,0.7999999999999999,-0.7999999999999999,0.6000000000000001,-1.0,0.39999999999999997,0.6000000000000001,0.6000000000000001,0.7999999999999999,-1.0,0.6000000000000001,-0.7999999999999999,-0.19999999999999998,-1.0,-1.0,-0.6000000000000001,0.7999999999999999,0.6000000000000001,-0.39999999999999997,-1.0,0.7999999999999999,0.7999999999999999,1.0,-0.7999999999999999,0.7999999999999999,0.6000000000000001,0.6000000000000001,-0.6000000000000001,0.6000000000000001,-0.7999999999999999,0.7999999999999999,1.0,-0.7999999999999999,-0.7999999999999999,0.39999999999999997,-1.0,-1.0,-0.7999999999999999,-0.39999999999999997,-1.0,1.0,1.0,0.7999999999999999,-0.7999999999999999,0.7999999999999999,1.0,-0.7999999999999999,-1.0,-0.7999999999999999,-1.0,-1.0,-1.0,-1.0,0.0,-0.7999999999999999,-0.6000000000000001,-1.0,-0.7999999999999999,0.7999999999999999,-0.6000000000000001,0.6000000000000001,0.6000000000000001,-0.7999999999999999,1.0,-0.7999999999999999,-0.6000000000000001,0.19999999999999998,-0.6000000000000001,-1.0,0.6000000000000001,-0.39999999999999997,-1.0,-0.39999999999999997,-0.6000000000000001,-1.0,-0.6000000000000001,-0.7999999999999999,0.7999999999999999,-1.0,-0.7999999999999999,-1.0,1.0,0.7999999999999999,0.7999999999999999,-0.39999999999999997,-0.19999999999999998,1.0,1.0,1.0,0.7999999999999999,-0.7999999999999999,-0.6000000000000001,1.0,0.6000000000000001,0.6000000000000001,-0.6000000000000001,1.0,0.7999999999999999,-1.0,-0.7999999999999999,-1.0,-0.6000000000000001,-1.0,-0.7999999999999999,0.6000000000000001,-0.7999999999999999,-0.7999999999999999,-0.7999999999999999,-0.7999999999999999,0.7999999999999999,-0.7999999999999999,1.0
MWEM01,0.39999999999999997,-0.6000000000000001,-0.7999999999999999,0.7999999999999999,1.0,1.0,-0.6000000000000001,-0.7999999999999999,-1.0,-0.7999999999999999,0.6000000000000001,0.6000000000000001,-0.6000000000000001,0.6000000000000001,0.0,-0.7999999999999999,0.7999999999999999,0.6000000000000001,1.0,0.7999999999999999,-1.0,0.7999999999999999,1.0,-0.7999999999999999,0.6000000000000001,1.0,0.6000000000000001,0.39999999999999997,-0.7999999999999999,-0.6000000000000001,0.6000000000000001,-0.7999999999999999,0.7999999999999999,-0.19999999999999998,-0.7999999999999999,-0.7999999999999999,-0.6000000000000001,0.7999999999999999,-0.7999999999999999,0.6000000000000001,-0.39999999999999997,0.7999999999999999,0.7999999999999999,0.7999999999999999,-0.39999999999999997,-0.7999999999999999,0.0,0.7999999999999999,-0.6000000000000001,-0.6000000000000001,-0.7999999999999999,0.6000000000000001,-1.0,-0.7999999999999999,-0.7999999999999999,0.7999999999999999,-0.7999999999999999,1.0,-0.6000000000000001,-0.7999999999999999,1.0,1.0,0.19999999999999998,0.7999999999999999,0.7999999999999999,1.0,0.7999999999999999,0.7999999999999999,-0.7999999999999999,-0.7999999999999999,-0.6000000000000001,1.0,-0.6000000000000001,-0.7999999999999999,0.6000000000000001,0.7999999999999999,1.0,0.7999999999999999,0.7999999999999999,0.7999999999999999,0.7999999999999999,-0.39999999999999997,1.0,0.7999999999999999,0.7999999999999999,1.0,-0.6000000000000001,0.7999999999999999,-0.7999999999999999,-0.7999999999999999,1.0,-0.7999999999999999,0.6000000000000001,0.7999999999999999,-0.39999999999999997,0.7999999999999999,0.7999999999999999,-0.7999999999999999,0.0,0.7999999999999999,0.7999999999999999,0.7999999999999999,0.7999999999999999,0.7999999999999999,1.0,-0.6000000000000001,0.7999999999999999,1.0,0.7999999999999999,-0.7999999999999999,-1.0,-1.0,0.0,-0.39999999999999997,-0.7999999999999999,-0.7999999999999999,-0.7999999999999999,-0.6000000000000001,0.6000000000000001,0.7999999999999999,-0.7999999999999999,-0.7999999999999999,-0.7999999999999999,0.7999999999999999,-0.7999999999999999,-0.6000000000000001,0.7999999999999999,0.6000000000000001,0.7999999999999999,0.7999999999999999,0.7999999999999999,0.6000000000000001,-0.7999999999999999,1.0,1.0,0.6000000000000001,1.0,-1.0,0.6000000000000001,-0.7999999999999999
Maliponia,0.39999999999999997,-0.6000000000000001,-0.7999999999999999,0.7999999999999999,1.0,1.0,-0.6000000000000001,-0.7999999999999999,-1.0,-0.7999999999999999,0.6000000000000001,0.6000000000000001,-0.6000000000000001,0.6000000000000001,0.0,-0.7999999999999999,0.7999999999999999,0.6000000000000001,1.0,0.7999999999999999,-1.0,0.7999999999999999,1.0,-0.7999999999999999,0.6000000000000001,1.0,0.6000000000000001,0.39999999999999997,-0.7999999999999999,-0.6000000000000001,0.6000000000000001,-0.7999999999999999,0.7999999999999999,-0.19999999999999998,-0.7999999999999999,-0.7999999999999999,-0.6000000000000001,0.7999999999999999,-0.7999999999999999,0.6000000000000001,-0.39999999999999997,0.7999999999999999,0.7999999999999999,0.7999999999999999,-0.39999999999999997,-0.7999999999999999,0.0,0.7999999999999999,-0.6000000000000001,-0.6000000000000001,-0.7999999999999999,0.6000000000000001,-1.0,-0.7999999999999999,-0.7999999999999999,0.7999999999999999,-0.7999999999999999,1.0,-0.6000000000000001,-0.7999999999999999,1.0,1.0,0.19999999999999998,0.7999999999999999,0.7999999999999999,1.0,0.7999999999999999,0.7999999999999999,-0.7999999999999999,-0.7999999999999999,-0.6000000000000001,1.0,-0.6000000000000001,-0.7999999999999999,0.6000000000000001,0.7999999999999999,1.0,0.7999999999999999,0.7999999999999999,0.7999999999999999,0.7999999999999999,-0.39999999999999997,1.0,0.7999999999999999,0.7999999999999999,1.0,-0.6000000000000001,0.7999999999999999,-0.7999999999999999,-0.7999999999999999,1.0,-0.7999999999999999,0.6000000000000001,0.7999999999999999,-0.39999999999999997,0.7999999999999999,0.7999999999999999,-0.7999999999999999,0.0,0.7999999999999999,0.7999999999999999,0.7999999999999999,0.7999999999999999,0.7999999999999999,1.0,-0.6000000000000001,0.7999999999999999,1.0,0.7999999999999999,-0.7999999999999999,-1.0,-1.0,0.0,-0.39999999999999997,-0.7999999999999999,-0.7999999999999999,-0.7999999999999999,-0.6000000000000001,0.6000000000000001,0.7999999999999999,-0.7999999999999999,-0.7999999999999999,-0.7999999999999999,0.7999999999999999,-0.7999999999999999,-0.6000000000000001,0.7999999999999999,0.6000000000000001,0.7999999999999999,0.7999999999999999,0.7999999999999999,0.6000000000000001,-0.7999999999999999,1.0,1.0,0.6000000000000001,1.0,-1.0,0.6000000000000001,-0.7999999999999999
Maribacter,0.7999999999999999,0.19999999999999998,-0.39999999999999997,-0.39999999999999997,0.19999999999999998,0.19999999999999998,0.19999999999999998,0.39999999999999997,-0.19999999999999998,0.39999999999999997,-0.19999999999999998,-0.19999999999999998,0.19999999999999998,-0.19999999999999998,-0.39999999999999997,0.39999999999999997,0.39999999999999997,-0.19999999999999998,0.19999999999999998,-0.39999999999999997,-0.19999999999999998,0.39999999999999997,0.19999999999999998,-0.39999999999999997,-0.19999999999999998,0.19999999999999998,-0.19999999999999998,0.7999999999999999,-0.39999999999999997,0.19999999999999998,-0.19999999999999998,-0.39999999999999997,-0.39999999999999997,0.6000000000000001,-0.39999999999999997,-0.39999999999999997,0.19999999999999998,-0.39999999999999997,-0.39999999999999997,-0.19999999999999998,-0.7999999999999999,-0.39999999999999997,-0.39999999999999997,0.39999999999999997,0.7999999999999999,-0.39999999999999997,-0.39999999999999997,-0.39999999999999997,0.19999999999999998,0.19999999999999998,0.39999999999999997,-0.19999999999999998,-0.19999999999999998,-0.39999999999999997,-0.39999999999999997,0.39999999999999997,-0.39999999999999997,0.19999999999999998,0.19999999999999998,0.39999999999999997,0.19999999999999998,0.19999999999999998,1.0,-0.39999999999999997,-0.39999999999999997,0.19999999999999998,0.39999999999999997,-0.39999999999999997,0.39999999999999997,0.39999999999999997,0.19999999999999998,0.19999999999999998,0.19999999999999998,0.39999999999999997,-0.19999999999999998,-0.39999999999999997,0.19999999999999998,-0.39999999999999997,-0.39999999999999997,-0.39999999999999997,-0.39999999999999997,-0.7999999999999999,0.19999999999999998,0.39999999999999997,-0.39999999999999997,0.19999999999999998,0.19999999999999998,0.39999999999999997,-0.39999999999999997,-0.39999999999999997,0.19999999999999998,0.39999999999999997,-0.19999999999999998,0.39999999999999997,0.0,0.39999999999999997,-0.39999999999999997,-0.39999999999999997,-0.39999999999999997,-0.39999999999999997,0.39999999999999997,0.39999999999999997,-0.39999999999999997,0.39999999999999997,0.19999999999999998,0.19999999999999998,-0.39999999999999997,0.19999999999999998,-0.39999999999999997,0.39999999999999997,-0.19999999999999998,-0.19999999999999998,-0.39999999999999997,-0.7999999999999999,0.39999999999999997,0.39999999999999997,0.39999999999999997,0.19999999999999998,-0.19999999999999998,0.39999999999999997,0.39999999999999997,-0.39999999999999997,-0.39999999999999997,0.39999999999999997,0.39999999999999997,0.19999999999999998,-0.39999999999999997,-0.19999999999999998,-0.39999999999999997,0.39999999999999997,-0.39999999999999997,-0.19999999999999998,-0.39999999999999997,0.19999999999999998,0.19999999999999998,-0.19999999999999998,0.19999999999999998,-0.19999999999999998,-0.19999999999999998,0.39999999999999997
Marinobacter,0.0,-0.7999999999999999,-0.6000000000000001,1.0,0.7999999999999999,0.7999999999999999,-0.7999999999999999,-1.0,-0.7999999999999999,-1.0,0.7999999999999999,0.7999999999999999,-0.7999999999999999,0.7999999999999999,0.39999999999999997,-1.0,0.6000000000000001,0.7999999999999999,0.7999999999999999,1.0,-0.7999999999999999,0.6000000000000001,0.7999999999999999,-0.6000000000000001,0.7999999999999999,0.7999999999999999,0.7999999999999999,0.0,-0.6000000000000001,-0.7999999999999999,0.7999999999999999,-0.6000000000000001,1.0,-0.39999999999999997,-0.6000000000000001,-0.6000000000000001,-0.7999999999999999,1.0,-0.6000000000000001,0.7999999999999999,0.19999999999999998,1.0,1.0,0.6000000000000001,-0.7999999999999999,-0.6000000000000001,0.39999999999999997,1.0,-0.7999999999999999,-0.7999999999999999,-1.0,0.7999999999999999,-0.7999999999999999,-0.6000000000000001,-0.6000000000000001,0.6000000000000001,-0.6000000000000001,0.7999999999999999,-0.7999999999999999,-1.0,0.7999999999999999,0.7999999999999999,-0.39999999999999997,1.0,1.0,0.7999999999999999,0.39999999999999997,1.0,-1.0,-1.0,-0.7999999999999999,0.7999999999999999,-0.7999999999999999,-1.0,0.7999999999999999,1.0,0.7999999999999999,1.0,1.0,1.0,1.0,0.0,0.7999999999999999,0.6000000000000001,1.0,0.7999999999999999,-0.7999999999999999,0.6000000000000001,-0.6000000000000001,-0.6000000000000001,0.7999999999999999,-1.0,0.7999999999999999,0.6000000000000001,-0.19999999999999998,0.6000000000000001,1.0,-0.6000000000000001,0.39999999999999997,1.0,0.39999999999999997,0.6000000000000001,1.0,0.6000000000000001,0.7999999999999999,-0.7999999999999999,1.0,0.7999999999999999,1.0,-1.0,-0.7999999999999999,-0.7999999999999999,0.39999999999999997,0.19999999999999998,-1.0,-1.0,-1.0,-0.7999999999999999,0.7999999999999999,0.6000000000000001,-1.0,-0.6000000000000001,-0.6000000000000001,0.6000000000000001,-1.0,-0.7999999999999999,1.0,0.7999999999999999,1.0,0.6000000000000001,1.0,0.7999999999999999,-0.6000000000000001,0.7999999999999999,0.7999999999999999,0.7999999999999999,0.7999999999999999,-0.7999999999999999,0.7999999999999999,-1.0
Marivita,0.0,-0.7999999999999999,-0.6000000000000001,1.0,0.7999999999999999,0.7999999999999999,-0.7999999999999999,-1.0,-0.7999999999999999,-1.0,0.7999999999999999,0.7999999999999999,-0.7999999999999999,0.7999999999999999,0.39999999999999997,-1.0,0.6000000000000001,0.7999999999999999,0.7999999999999999,1.0,-0.7999999999999999,0.6000000000000001,0.7999999999999999,-0.6000000000000001,0.7999999999999999,0.7999999999999999,0.7999999999999999,0.0,-0.6000000000000001,-0.7999999999999999,0.7999999999999999,-0.6000000000000001,1.0,-0.39999999999999997,-0.6000000000000001,-0.6000000000000001,-0.7999999999999999,1.0,-0.6000000000000001,0.7999999999999999,0.19999999999999998,1.0,1.0,0.6000000000000001,-0.7999999999999999,-0.6000000000000001,0.39999999999999997,1.0,-0.7999999999999999,-0.7999999999999999,-1.0,0.7999999999999999,-0.7999999999999999,-0.6000000000000001,-0.6000000000000001,0.6000000000000001,-0.6000000000000001,0.7999999999999999,-0.7999999999999999,-1.0,0.7999999999999999,0.7999999999999999,-0.39999999999999997,1.0,1.0,0.7999999999999999,0.39999999999999997,1.0,-1.0,-1.0,-0.7999999999999999,0.7999999999999999,-0.7999999999999999,-1.0,0.7999999999999999,1.0,0.7999999999999999,1.0,1.0,1.0,1.0,0.0,0.7999999999999999,0.6000000000000001,1.0,0.7999999999999999,-0.7999999999999999,0.6000000000000001,-0.6000000000000001,-0.6000000000000001,0.7999999999999999,-1.0,0.7999999999999999,0.6000000000000001,-0.19999999999999998,0.6000000000000001,1.0,-0.6000000000000001,0.39999999999999997,1.0,0.39999999999999997,0.6000000000000001,1.0,0.6000000000000001,0.7999999999999999,-0.7999999999999999,1.0,0.7999999999999999,1.0,-1.0,-0.7999999999999999,-0.7999999999999999,0.39999999999999997,0.19999999999999998,-1.0,-1.0,-1.0,-0.7999999999999999,0.7999999999999999,0.6000000000000001,-1.0,-0.6000000000000001,-0.6000000000000001,0.6000000000000001,-1.0,-0.7999999999999999,1.0,0.7999999999999999,1.0,0.6000000000000001,1.0,0.7999999999999999,-0.6000000000000001,0.7999999999999999,0.7999999999999999,0.7999999999999999,0.7999999999999999,-0.7999999999999999,0.7999999999999999,-1.0
Mcinerneyibacterium,0.39999999999999997,-0.6000000000000001,-0.7999999999999999,0.7999999999999999,1.0,1.0,-0.6000000000000001,-0.7999999999999999,-1.0,-0.7999999999999999,0.6000000000000001,0.6000000000000001,-0.6000000000000001,0.6000000000000001,0.0,-0.7999999999999999,0.7999999999999999,0.6000000000000001,1.0,0.7999999999999999,-1.0,0.7999999999999999,1.0,-0.7999999999999999,0.6000000000000001,1.0,0.6000000000000001,0.39999999999999997,-0.7999999999999999,-0.6000000000000001,0.6000000000000001,-0.7999999999999999,0.7999999999999999,-0.19999999999999998,-0.7999999999999999,-0.7999999999999999,-0.6000000000000001,0.7999999999999999,-0.7999999999999999,0.6000000000000001,-0.39999999999999997,0.7999999999999999,0.7999999999999999,0.7999999999999999,-0.39999999999999997,-0.7999999999999999,0.0,0.7999999999999999,-0.6000000000000001,-0.6000000000000001,-0.7999999999999999,0.6000000000000001,-1.0,-0.7999999999999999,-0.7999999999999999,0.7999999999999999,-0.7999999999999999,1.0,-0.6000000000000001,-0.7999999999999999,1.0,1.0,0.19999999999999998,0.7999999999999999,0.7999999999999999,1.0,0.7999999999999999,0.7999999999999999,-0.7999999999999999,-0.7999999999999999,-0.6000000000000001,1.0,-0.6000000000000001,-0.7999999999999999,0.6000000000000001,0.7999999999999999,1.0,0.7999999999999999,0.7999999999999999,0.7999999999999999,0.7999999999999999,-0.39999999999999997,1.0,0.7999999999999999,0.7999999999999999,1.0,-0.6000000000000001,0.7999999999999999,-0.7999999999999999,-0.7999999999999999,1.0,-0.7999999999999999,0.6000000000000001,0.7999999999999999,-0.39999999999999997,0.7999999999999999,0.7999999999999999,-0.7999999999999999,0.0,0.7999999999999999,0.7999999999999999,0.7999999999999999,0.7999999999999999,0.7999999999999999,1.0,-0.6000000000000001,0.7999999999999999,1.0,0.7999999999999999,-0.7999999999999999,-1.0,-1.0,0.0,-0.39999999999999997,-0.7999999999999999,-0.7999999999999999,-0.7999999999999999,-0.6000000000000001,0.6000000000000001,0.7999999999999999,-0.7999999999999999,-0.7999999999999999,-0.7999999999999999,0.7999999999999999,-0.7999999999999999,-0.6000000000000001,0.7999999999999999,0.6000000000000001,0.7999999999999999,0.7999999999999999,0.7999999999999999,0.6000000000000001,-0.7999999999999999,1.0,1.0,0.6000000000000001,1.0,-1.0,0.6000000000000001,-0.7999999999999999
Microbacteriaceae,0.19999999999999998,0.0,-0.39999999999999997,0.39999999999999997,0.7999999999999999,0.7999999999999999,0.0,-0.39999999999999997,-0.7999999999999999,-0.39999999999999997,0.0,0.0,0.0,0.0,-0.6000000000000001,-0.39999999999999997,0.39999999999999997,0.0,0.7999999999999999,0.39999999999999997,-0.7999999999999999,0.39999999999999997,0.7999999999999999,-0.39999999999999997,0.0,0.7999999999999999,0.0,0.19999999999999998,-0.39999999999999997,0.0,0.0,-0.39999999999999997,0.39999999999999997,-0.39999999999999997,-0.39999999999999997,-0.39999999999999997,0.0,0.39999999999999997,-0.39999999999999997,0.0,-0.7999999999999999,0.39999999999999997,0.39999999999999997,0.39999999999999997,-0.19999999999999998,-0.39999999999999997,-0.6000000000000001,0.39999999999999997,0.0,0.0,-0.39999999999999997,0.0,-0.7999999999999999,-0.39999999999999997,-0.39999999999999997,0.39999999999999997,-0.39999999999999997,0.7999999999999999,0.0,-0.39999999999999997,0.7999999999999999,0.7999999999999999,0.39999999999999997,0.39999999999999997,0.39999999999999997,0.7999999999999999,1.0,0.39999999999999997,-0.39999999999999997,-0.39999999999999997,0.0,0.7999999999999999,0.0,-0.39999999999999997,0.0,0.39999999999999997,0.7999999999999999,0.39999999999999997,0.39999999999999997,0.39999999999999997,0.39999999999999997,-0.19999999999999998,0.7999999999999999,0.39999999999999997,0.39999999999999997,0.7999999999999999,0.0,0.39999999999999997,-0.39999999999999997,-0.39999999999999997,0.7999999999999999,-0.39999999999999997,0.0,0.39999999999999997,-0.7999999999999999,0.39999999999999997,0.39999999999999997,-0.39999999999999997,-0.6000000000000001,0.39999999999999997,1.0,0.39999999999999997,0.39999999999999997,0.39999999999999997,0.7999999999999999,0.0,0.39999999999999997,0.7999999999999999,0.39999999999999997,-0.39999999999999997,-0.7999999999999999,-0.7999999999999999,-0.6000000000000001,-0.7999999999999999,-0.39999999999999997,-0.39999999999999997,-0.39999999999999997,0.0,0.0,0.39999999999999997,-0.39999999999999997,-0.39999999999999997,-0.39999999999999997,0.39999999999999997,-0.39999999999999997,0.0,0.39999999999999997,0.0,0.39999999999999997,0.39999999999999997,0.39999999999999997,0.0,-0.39999999999999997,0.7999999999999999,0.7999999999999999,0.0,0.7999999999999999,-0.7999999999999999,0.0,-0.39999999999999997
Muricauda,0.0,-0.7999999999999999,-0.6000000000000001,1.0,0.7999999999999999,0.7999999999999999,-0.7999999999999999,-1.0,-0.7999999999999999,-1.0,0.7999999999999999,0.7999999999999999,-0.7999999999999999,0.7999999999999999,0.39999999999999997,-1.0,0.6000000000000001,0.7999999999999999,0.7999999999999999,1.0,-0.7999999999999999,0.6000000000000001,0.7999999999999999,-0.6000000000000001,0.7999999999999999,0.7999999999999999,0.7999999999999999,0.0,-0.6000000000000001,-0.7999999999999999,0.7999999999999999,-0.6000000000000001,1.0,-0.39999999999999997,-0.6000000000000001,-0.6000000000000001,-0.7999999999999999,1.0,-0.6000000000000001,0.7999999999999999,0.19999999999999998,1.0,1.0,0.6000000000000001,-0.7999999999999999,-0.6000000000000001,0.39999999999999997,1.0,-0.7999999999999999,-0.7999999999999999,-1.0,0.7999999999999999,-0.7999999999999999,-0.6000000000000001,-0.6000000000000001,0.6000000000000001,-0.6000000000000001,0.7999999999999999,-0.7999999999999999,-1.0,0.7999999999999999,0.7999999999999999,-0.39999999999999997,1.0,1.0,0.7999999999999999,0.39999999999999997,1.0,-1.0,-1.0,-0.7999999999999999,0.7999999999999999,-0.7999999999999999,-1.0,0.7999999999999999,1.0,0.7999999999999999,1.0,1.0,1.0,1.0,0.0,0.7999999999999999,0.6000000000000001,1.0,0.7999999999999999,-0.7999999999999999,0.6000000000000001,-0.6000000000000001,-0.6000000000000001,0.7999999999999999,-1.0,0.7999999999999999,0.6000000000000001,-0.19999999999999998,0.6000000000000001,1.0,-0.6000000000000001,0.39999999999999997,1.0,0.39999999999999997,0.6000000000000001,1.0,0.6000000000000001,0.7999999999999999,-0.7999999999999999,1.0,0.7999999999999999,1.0,-1.0,-0.7999999999999999,-0.7999999999999999,0.39999999999999997,0.19999999999999998,-1.0,-1.0,-1.0,-0.7999999999999999,0.7999999999999999,0.6000000000000001,-1.0,-0.6000000000000001,-0.6000000000000001,0.6000000000000001,-1.0,-0.7999999999999999,1.0,0.7999999999999999,1.0,0.6000000000000001,1.0,0.7999999999999999,-0.6000000000000001,0.7999999999999999,0.7999999999999999,0.7999999999999999,0.7999999999999999,-0.7999999999999999,0.7999999999999999,-1.0
NaphS2,0.0,0.7999999999999999,0.6000000000000001,-1.0,-0.7999999999999999,-0.7999999999999999,0.7999999999999999,1.0,0.7999999999999999,1.0,-0.7999999999999999,-0.7999999999999999,0.7999999999999999,-0.7999999999999999,-0.39999999999999997,1.0,-0.6000000000000001,-0.7999999999999999,-0.7999999999999999,-1.0,0.7999999999999999,-0.6000000000000001,-0.7999999999999999,0.6000000000000001,-0.7999999999999999,-0.7999999999999999,-0.7999999999999999,0.0,0.6000000000000001,0.7999999999999999,-0.7999999999999999,0.6000000000000001,-1.0,0.39999999999999997,0.6000000000000001,0.6000000000000001,0.7999999999999999,-1.0,0.6000000000000001,-0.7999999999999999,-0.19999999999999998,-1.0,-1.0,-0.6000000000000001,0.7999999999999999,0.6000000000000001,-0.39999999999999997,-1.0,0.7999999999999999,0.7999999999999999,1.0,-0.7999999999999999,0.7999999999999999,0.6000000000000001,0.6000000000000001,-0.6000000000000001,0.6000000000000001,-0.7999999999999999,0.7999999999999999,1.0,-0.7999999999999999,-0.7999999999999999,0.39999999999999997,-1.0,-1.0,-0.7999999999999999,-0.39999999999999997,-1.0,1.0,1.0,0.7999999999999999,-0.7999999999999999,0.7999999999999999,1.0,-0.7999999999999999,-1.0,-0.7999999999999999,-1.0,-1.0,-1.0,-1.0,0.0,-0.7999999999999999,-0.6000000000000001,-1.0,-0.7999999999999999,0.7999999999999999,-0.6000000000000001,0.6000000000000001,0.6000000000000001,-0.7999999999999999,1.0,-0.7999999999999999,-0.6000000000000001,0.19999999999999998,-0.6000000000000001,-1.0,0.6000000000000001,-0.39999999999999997,-1.0,-0.39999999999999997,-0.6000000000000001,-1.0,-0.6000000000000001,-0.7999999999999999,0.7999999999999999,-1.0,-0.7999999999999999,-1.0,1.0,0.7999999999999999,0.7999999999999999,-0.39999999999999997,-0.19999999999999998,1.0,1.0,1.0,0.7999999999999999,-0.7999999999999999,-0.6000000000000001,1.0,0.6000000000000001,0.6000000000000001,-0.6000000000000001,1.0,0.7999999999999999,-1.0,-0.7999999999999999,-1.0,-0.6000000000000001,-1.0,-0.7999999999999999,0.6000000000000001,-0.7999999999999999,-0.7999999999999999,-0.7999999999999999,-0.7999999999999999,0.7999999999999999,-0.7999999999999999,1.0
Nevskiales,0.0,0.7999999999999999,0.6000000000000001,-1.0,-0.7999999999999999,-0.7999999999999999,0.7999999999999999,1.0,0.7999999999999999,1.0,-0.7999999999999999,-0.7999999999999999,0.7999999999999999,-0.7999999999999999,-0.39999999999999997,1.0,-0.6000000000000001,-0.7999999999999999,-0.7999999999999999,-1.0,0.7999999999999999,-0.6000000000000001,-0.7999999999999999,0.6000000000000001,-0.7999999999999999,-0.7999999999999999,-0.7999999999999999,0.0,0.6000000000000001,0.7999999999999999,-0.7999999999999999,0.6000000000000001,-1.0,0.39999999999999997,0.6000000000000001,0.6000000000000001,0.7999999999999999,-1.0,0.6000000000000001,-0.7999999999999999,-0.19999999999999998,-1.0,-1.0,-0.6000000000000001,0.7999999999999999,0.6000000000000001,-0.39999999999999997,-1.0,0.7999999999999999,0.7999999999999999,1.0,-0.7999999999999999,0.7999999999999999,0.6000000000000001,0.6000000000000001,-0.6000000000000001,0.6000000000000001,-0.7999999999999999,0.7999999999999999,1.0,-0.7999999999999999,-0.7999999999999999,0.39999999999999997,-1.0,-1.0,-0.7999999999999999,-0.39999999999999997,-1.0,1.0,1.0,0.7999999999999999,-0.7999999999999999,0.7999999999999999,1.0,-0.7999999999999999,-1.0,-0.7999999999999999,-1.0,-1.0,-1.0,-1.0,0.0,-0.7999999999999999,-0.6000000000000001,-1.0,-0.7999999999999999,0.7999999999999999,-0.6000000000000001,0.6000000000000001,0.6000000000000001,-0.7999999999999999,1.0,-0.7999999999999999,-0.6000000000000001,0.19999999999999998,-0.6000000000000001,-1.0,0.6000000000000001,-0.39999999999999997,-1.0,-0.39999999999999997,-0.6000000000000001,-1.0,-0.6000000000000001,-0.7999999999999999,0.7999999999999999,-1.0,-0.7999999999999999,-1.0,1.0,0.7999999999999999,0.7999999999999999,-0.39999999999999997,-0.19999999999999998,1.0,1.0,1.0,0.7999999999999999,-0.7999999999999999,-0.6000000000000001,1.0,0.6000000000000001,0.6000000000000001,-0.6000000000000001,1.0,0.7999999999999999,-1.0,-0.7999999999999999,-1.0,-0.6000000000000001,-1.0,-0.7999999999999999,0.6000000000000001,-0.7999999999999999,-0.7999999999999999,-0.7999999999999999,-0.7999999999999999,0.7999999999999999,-0.7999999999999999,1.0
Nitriliruptorales,-0.39999999999999997,1.0,0.7999999999999999,-0.7999999999999999,-0.6000000000000001,-0.6000000000000001,1.0,0.7999999999999999,0.6000000000000001,0.7999999999999999,-1.0,-1.0,1.0,-1.0,-0.7999999999999999,0.7999999999999999,-0.7999999999999999,-1.0,-0.6000000000000001,-0.7999999999999999,0.6000000000000001,-0.7999999999999999,-0.6000000000000001,0.7999999999999999,-1.0,-0.6000000000000001,-1.0,-0.39999999999999997,0.7999999999999999,1.0,-1.0,0.7999999999999999,-0.7999999999999999,-0.19999999999999998,0.7999999999999999,0.7999999999999999,1.0,-0.7999999999999999,0.7999999999999999,-1.0,-0.39999999999999997,-0.7999999999999999,-0.7999999999999999,-0.7999999999999999,0.39999999999999997,0.7999999999999999,-0.7999999999999999,-0.7999999999999999,1.0,1.0,0.7999999999999999,-1.0,0.6000000000000001,0.7999999999999999,0.7999999999999999,-0.7999999999999999,0.7999999999999999,-0.6000000000000001,1.0,0.7999999999999999,-0.6000000000000001,-0.6000000000000001,0.19999999999999998,-0.7999999999999999,-0.7999999999999999,-0.6000000000000001,0.0,-0.7999999999999999,0.7999999999999999,0.7999999999999999,1.0,-0.6000000000000001,1.0,0.7999999999999999,-1.0,-0.7999999999999999,-0.6000000000000001,-0.7999999999999999,-0.7999999999999999,-0.7999999999999999,-0.7999999999999999,0.39999999999999997,-0.6000000000000001,-0.7999999999999999,-0.7999999999999999,-0.6000000000000001,1.0,-0.7999999999999999,0.7999999999999999,0.7999999999999999,-0.6000000000000001,0.7999999999999999,-1.0,-0.7999999999999999,-0.39999999999999997,-0.7999999999999999,-0.7999999999999999,0.7999999999999999,-0.7999999999999999,-0.7999999999999999,0.0,-0.7999999999999999,-0.7999999999999999,-0.7999999999999999,-0.6000000000000001,1.0,-0.7999999999999999,-0.6000000000000001,-0.7999999999999999,0.7999999999999999,0.6000000000000001,0.6000000000000001,-0.7999999999999999,-0.39999999999999997,0.7999999999999999,0.7999999999999999,0.7999999999999999,1.0,-1.0,-0.7999999999999999,0.7999999999999999,0.7999999999999999,0.7999999999999999,-0.7999999999999999,0.7999999999999999,1.0,-0.7999999999999999,-1.0,-0.7999999999999999,-0.7999999999999999,-0.7999999999999999,-1.0,0.7999999999999999,-0.6000000000000001,-0.6000000000000001,-1.0,-0.6000000000000001,0.6000000000000001,-1.0,0.7999999999999999
Opitutales,0.39999999999999997,-0.6000000000000001,-0.7999999999999999,0.7999999999999999,1.0,1.0,-0.6000000000000001,-0.7999999999999999,-1.0,-0.7999999999999999,0.6000000000000001,0.6000000000000001,-0.6000000000000001,0.6000000000000001,0.0,-0.7999999999999999,0.7999999999999999,0.6000000000000001,1.0,0.7999999999999999,-1.0,0.7999999999999999,1.0,-0.7999999999999999,0.6000000000000001,1.0,0.6000000000000001,0.39999999999999997,-0.7999999999999999,-0.6000000000000001,0.6000000000000001,-0.7999999999999999,0.7999999999999999,-0.19999999999999998,-0.7999999999999999,-0.7999999999999999,-0.6000000000000001,0.7999999999999999,-0.7999999999999999,0.6000000000000001,-0.39999999999999997,0.7999999999999999,0.7999999999999999,0.7999999999999999,-0.39999999999999997,-0.7999999999999999,0.0,0.7999999999999999,-0.6000000000000001,-0.6000000000000001,-0.7999999999999999,0.6000000000000001,-1.0,-0.7999999999999999,-0.7999999999999999,0.7999999999999999,-0.7999999999999999,1.0,-0.6000000000000001,-0.7999999999999999,1.0,1.0,0.19999999999999998,0.7999999999999999,0.7999999999999999,1.0,0.7999999999999999,0.7999999999999999,-0.7999999999999999,-0.7999999999999999,-0.6000000000000001,1.0,-0.6000000000000001,-0.7999999999999999,0.6000000000000001,0.7999999999999999,1.0,0.7999999999999999,0.7999999999999999,0.7999999999999999,0.7999999999999999,-0.39999999999999997,1.0,0.7999999999999999,0.7999999999999999,1.0,-0.6000000000000001,0.7999999999999999,-0.7999999999999999,-0.7999999999999999,1.0,-0.7999999999999999,0.6000000000000001,0.7999999999999999,-0.39999999999999997,0.7999999999999999,0.7999999999999999,-0.7999999999999999,0.0,0.7999999999999999,0.7999999999999999,0.7999999999999999,0.7999999999999999,0.7999999999999999,1.0,-0.6000000000000001,0.7999999999999999,1.0,0.7999999999999999,-0.7999999999999999,-1.0,-1.0,0.0,-0.39999999999999997,-0.7999999999999999,-0.7999999999999999,-0.7999999999999999,-0.6000000000000001,0.6000000000000001,0.7999999999999999,-0.7999999999999999,-0.7999999999999999,-0.7999999999999999,0.7999999999999999,-0.7999999999999999,-0.6000000000000001,0.7999999999999999,0.6000000000000001,0.7999999999999999,0.7999999999999999,0.7999999999999999,0.6000000000000001,-0.7999999999999999,1.0,1.0,0.6000000000000001,1.0,-1.0,0.6000000000000001,-0.7999999999999999
Ornithinicoccus_A,-0.39999999999999997,1.0,0.7999999999999999,-0.7999999999999999,-0.6000000000000001,-0.6000000000000001,1.0,0.7999999999999999,0.6000000000000001,0.7999999999999999,-1.0,-1.0,1.0,-1.0,-0.7999999999999999,0.7999999999999999,-0.7999999999999999,-1.0,-0.6000000000000001,-0.7999999999999999,0.6000000000000001,-0.7999999999999999,-0.6000000000000001,0.7999999999999999,-1.0,-0.6000000000000001,-1.0,-0.39999999999999997,0.7999999999999999,1.0,-1.0,0.7999999999999999,-0.7999999999999999,-0.19999999999999998,0.7999999999999999,0.7999999999999999,1.0,-0.7999999999999999,0.7999999999999999,-1.0,-0.39999999999999997,-0.7999999999999999,-0.7999999999999999,-0.7999999999999999,0.39999999999999997,0.7999999999999999,-0.7999999999999999,-0.7999999999999999,1.0,1.0,0.7999999999999999,-1.0,0.6000000000000001,0.7999999999999999,0.7999999999999999,-0.7999999999999999,0.7999999999999999,-0.6000000000000001,1.0,0.7999999999999999,-0.6000000000000001,-0.6000000000000001,0.19999999999999998,-0.7999999999999999,-0.7999999999999999,-0.6000000000000001,0.0,-0.7999999999999999,0.7999999999999999,0.7999999999999999,1.0,-0.6000000000000001,1.0,0.7999999999999999,-1.0,-0.7999999999999999,-0.6000000000000001,-0.7999999999999999,-0.7999999999999999,-0.7999999999999999,-0.7999999999999999,0.39999999999999997,-0.6000000000000001,-0.7999999999999999,-0.7999999999999999,-0.6000000000000001,1.0,-0.7999999999999999,0.7999999999999999,0.7999999999999999,-0.6000000000000001,0.7999999999999999,-1.0,-0.7999999999999999,-0.39999999999999997,-0.7999999999999999,-0.7999999999999999,0.7999999999999999,-0.7999999999999999,-0.7999999999999999,0.0,-0.7999999999999999,-0.7999999999999999,-0.7999999999999999,-0.6000000000000001,1.0,-0.7999999999999999,-0.6000000000000001,-0.7999999999999999,0.7999999999999999,0.6000000000000001,0.6000000000000001,-0.7999999999999999,-0.39999999999999997,0.7999999999999999,0.7999999999999999,0.7999999999999999,1.0,-1.0,-0.7999999999999999,0.7999999999999999,0.7999999999999999,0.7999999999999999,-0.7999999999999999,0.7999999999999999,1.0,-0.7999999999999999,-1.0,-0.7999999999999999,-0.7999999999999999,-0.7999999999999999,-1.0,0.7999999999999999,-0.6000000000000001,-0.6000000000000001,-1.0,-0.6000000000000001,0.6000000000000001,-1.0,0.7999999999999999
PWMO01,0.0,0.7999999999999999,0.6000000000000001,-1.0,-0.7999999999999999,-0.7999999999999999,0.7999999999999999,1.0,0.7999999999999999,1.0,-0.7999999999999999,-0.7999999999999999,0.7999999999999999,-0.7999999999999999,-0.39999999999999997,1.0,-0.6000000000000001,-0.7999999999999999,-0.7999999999999999,-1.0,0.7999999999999999,-0.6000000000000001,-0.7999999999999999,0.6000000000000001,-0.7999999999999999,-0.7999999999999999,-0.7999999999999999,0.0,0.6000000000000001,0.7999999999999999,-0.7999999999999999,0.6000000000000001,-1.0,0.39999999999999997,0.6000000000000001,0.6000000000000001,0.7999999999999999,-1.0,0.6000000000000001,-0.7999999999999999,-0.19999999999999998,-1.0,-1.0,-0.6000000000000001,0.7999999999999999,0.6000000000000001,-0.39999999999999997,-1.0,0.7999999999999999,0.7999999999999999,1.0,-0.7999999999999999,0.7999999999999999,0.6000000000000001,0.6000000000000001,-0.6000000000000001,0.6000000000000001,-0.7999999999999999,0.7999999999999999,1.0,-0.7999999999999999,-0.7999999999999999,0.39999999999999997,-1.0,-1.0,-0.7999999999999999,-0.39999999999999997,-1.0,1.0,1.0,0.7999999999999999,-0.7999999999999999,0.7999999999999999,1.0,-0.7999999999999999,-1.0,-0.7999999999999999,-1.0,-1.0,-1.0,-1.0,0.0,-0.7999999999999999,-0.6000000000000001,-1.0,-0.7999999999999999,0.7999999999999999,-0.6000000000000001,0.6000000000000001,0.6000000000000001,-0.7999999999999999,1.0,-0.7999999999999999,-0.6000000000000001,0.19999999999999998,-0.6000000000000001,-1.0,0.6000000000000001,-0.39999999999999997,-1.0,-0.39999999999999997,-0.6000000000000001,-1.0,-0.6000000000000001,-0.7999999999999999,0.7999999999999999,-1.0,-0.7999999999999999,-1.0,1.0,0.7999999999999999,0.7999999999999999,-0.39999999999999997,-0.19999999999999998,1.0,1.0,1.0,0.7999999999999999,-0.7999999999999999,-0.6000000000000001,1.0,0.6000000000000001,0.6000000000000001,-0.6000000000000001,1.0,0.7999999999999999,-1.0,-0.7999999999999999,-1.0,-0.6000000000000001,-1.0,-0.7999999999999999,0.6000000000000001,-0.7999999999999999,-0.7999999999999999,-0.7999999999999999,-0.7999999999999999,0.7999999999999999,-0.7999999999999999,1.0
PWYM01,0.39999999999999997,-1.0,-0.7999999999999999,0.7999999999999999,0.6000000000000001,0.6000000000000001,-1.0,-0.7999999999999999,-0.6000000000000001,-0.7999999999999999,1.0,1.0,-1.0,1.0,0.7999999999999999,-0.7999999999999999,0.7999999999999999,1.0,0.6000000000000001,0.7999999999999999,-0.6000000000000001,0.7999999999999999,0.6000000000000001,-0.7999999999999999,1.0,0.6000000000000001,1.0,0.39999999999999997,-0.7999999999999999,-1.0,1.0,-0.7999999999999999,0.7999999999999999,0.19999999999999998,-0.7999999999999999,-0.7999999999999999,-1.0,0.7999999999999999,-0.7999999999999999,1.0,0.39999999999999997,0.7999999999999999,0.7999999999999999,0.7999999999999999,-0.39999999999999997,-0.7999999999999999,0.7999999999999999,0.7999999999999999,-1.0,-1.0,-0.7999999999999999,1.0,-0.6000000000000001,-0.7999999999999999,-0.7999999999999999,0.7999999999999999,-0.7999999999999999,0.6000000000000001,-1.0,-0.7999999999999999,0.6000000000000001,0.6000000000000001,-0.19999999999999998,0.7999999999999999,0.7999999999999999,0.6000000000000001,0.0,0.7999999999999999,-0.7999999999999999,-0.7999999999999999,-1.0,0.6000000000000001,-1.0,-0.7999999999999999,1.0,0.7999999999999999,0.6000000000000001,0.7999999999999999,0.7999999999999999,0.7999999999999999,0.7999999999999999,-0.39999999999999997,0.6000000000000001,0.7999999999999999,0.7999999999999999,0.6000000000000001,-1.0,0.7999999999999999,-0.7999999999999999,-0.7999999999999999,0.6000000000000001,-0.7999999999999999,1.0,0.7999999999999999,0.39999999999999997,0.7999999999999999,0.7999999999999999,-0.7999999999999999,0.7999999999999999,0.7999999999999999,0.0,0.7999999999999999,0.7999999999999999,0.7999999999999999,0.6000000000000001,-1.0,0.7999999999999999,0.6000000000000001,0.7999999999999999,-0.7999999999999999,-0.6000000000000001,-0.6000000000000001,0.7999999999999999,0.39999999999999997,-0.7999999999999999,-0.7999999999999999,-0.7999999999999999,-1.0,1.0,0.7999999999999999,-0.7999999999999999,-0.7999999999999999,-0.7999999999999999,0.7999999999999999,-0.7999999999999999,-1.0,0.7999999999999999,1.0,0.7999999999999999,0.7999999999999999,0.7999999999999999,1.0,-0.7999999999999999,0.6000000000000001,0.6000000000000001,1.0,0.6000000000000001,-0.6000000000000001,1.0,-0.7999999999999999
Paceibacterales,0.0,-0.7999999999999999,-0.6000000000000001,1.0,0.7999999999999999,0.7999999999999999,-0.7999999999999999,-1.0,-0.7999999999999999,-1.0,0.7999999999999999,0.7999999999999999,-0.7999999999999999,0.7999999999999999,0.39999999999999997,-1.0,0.6000000000000001,0.7999999999999999,0.7999999999999999,1.0,-0.7999999999999999,0.6000000000000001,0.7999999999999999,-0.6000000000000001,0.7999999999999999,0.7999999999999999,0.7999999999999999,0.0,-0.6000000000000001,-0.7999999999999999,0.7999999999999999,-0.6000000000000001,1.0,-0.39999999999999997,-0.6000000000000001,-0.6000000000000001,-0.7999999999999999,1.0,-0.6000000000000001,0.7999999999999999,0.19999999999999998,1.0,1.0,0.6000000000000001,-0.7999999999999999,-0.6000000000000001,0.39999999999999997,1.0,-0.7999999999999999,-0.7999999999999999,-1.0,0.7999999999999999,-0.7999999999999999,-0.6000000000000001,-0.6000000000000001,0.6000000000000001,-0.6000000000000001,0.7999999999999999,-0.7999999999999999,-1.0,0.7999999999999999,0.7999999999999999,-0.39999999999999997,1.0,1.0,0.7999999999999999,0.39999999999999997,1.0,-1.0,-1.0,-0.7999999999999999,0.7999999999999999,-0.7999999999999999,-1.0,0.7999999999999999,1.0,0.7999999999999999,1.0,1.0,1.0,1.0,0.0,0.7999999999999999,0.6000000000000001,1.0,0.7999999999999999,-0.7999999999999999,0.6000000000000001,-0.6000000000000001,-0.6000000000000001,0.7999999999999999,-1.0,0.7999999999999999,0.6000000000000001,-0.19999999999999998,0.6000000000000001,1.0,-0.6000000000000001,0.39999999999999997,1.0,0.39999999999999997,0.6000000000000001,1.0,0.6000000000000001,0.7999999999999999,-0.7999999999999999,1.0,0.7999999999999999,1.0,-1.0,-0.7999999999999999,-0.7999999999999999,0.39999999999999997,0.19999999999999998,-1.0,-1.0,-1.0,-0.7999999999999999,0.7999999999999999,0.6000000000000001,-1.0,-0.6000000000000001,-0.6000000000000001,0.6000000000000001,-1.0,-0.7999999999999999,1.0,0.7999999999999999,1.0,0.6000000000000001,1.0,0.7999999999999999,-0.6000000000000001,0.7999999999999999,0.7999999999999999,0.7999999999999999,0.7999999999999999,-0.7999999999999999,0.7999999999999999,-1.0
Phaeodactylibacter,0.39999999999999997,-0.6000000000000001,-0.7999999999999999,0.7999999999999999,1.0,1.0,-0.6000000000000001,-0.7999999999999999,-1.0,-0.7999999999999999,0.6000000000000001,0.6000000000000001,-0.6000000000000001,0.6000000000000001,0.0,-0.7999999999999999,0.7999999999999999,0.6000000000000001,1.0,0.7999999999999999,-1.0,0.7999999999999999,1.0,-0.7999999999999999,0.6000000000000001,1.0,0.6000000000000001,0.39999999999999997,-0.7999999999999999,-0.6000000000000001,0.6000000000000001,-0.7999999999999999,0.7999999999999999,-0.19999999999999998,-0.7999999999999999,-0.7999999999999999,-0.6000000000000001,0.7999999999999999,-0.7999999999999999,0.6000000000000001,-0.39999999999999997,0.7999999999999999,0.7999999999999999,0.7999999999999999,-0.39999999999999997,-0.7999999999999999,0.0,0.7999999999999999,-0.6000000000000001,-0.6000000000000001,-0.7999999999999999,0.6000000000000001,-1.0,-0.7999999999999999,-0.7999999999999999,0.7999999999999999,-0.7999999999999999,1.0,-0.6000000000000001,-0.7999999999999999,1.0,1.0,0.19999999999999998,0.7999999999999999,0.7999999999999999,1.0,0.7999999999999999,0.7999999999999999,-0.7999999999999999,-0.7999999999999999,-0.6000000000000001,1.0,-0.6000000000000001,-0.7999999999999999,0.6000000000000001,0.7999999999999999,1.0,0.7999999999999999,0.7999999999999999,0.7999999999999999,0.7999999999999999,-0.39999999999999997,1.0,0.7999999999999999,0.7999999999999999,1.0,-0.6000000000000001,0.7999999999999999,-0.7999999999999999,-0.7999999999999999,1.0,-0.7999999999999999,0.6000000000000001,0.7999999999999999,-0.39999999999999997,0.7999999999999999,0.7999999999999999,-0.7999999999999999,0.0,0.7999999999999999,0.7999999999999999,0.7999999999999999,0.7999999999999999,0.7999999999999999,1.0,-0.6000000000000001,0.7999999999999999,1.0,0.7999999999999999,-0.7999999999999999,-1.0,-1.0,0.0,-0.39999999999999997,-0.7999999999999999,-0.7999999999999999,-0.7999999999999999,-0.6000000000000001,0.6000000000000001,0.7999999999999999,-0.7999999999999999,-0.7999999999999999,-0.7999999999999999,0.7999999999999999,-0.7999999999999999,-0.6000000000000001,0.7999999999999999,0.6000000000000001,0.7999999999999999,0.7999999999999999,0.7999999999999999,0.6000000000000001,-0.7999999999999999,1.0,1.0,0.6000000000000001,1.0,-1.0,0.6000000000000001,-0.7999999999999999
Psychroflexus,0.0,-0.7999999999999999,-0.6000000000000001,1.0,0.7999999999999999,0.7999999999999999,-0.7999999999999999,-1.0,-0.7999999999999999,-1.0,0.7999999999999999,0.7999999999999999,-0.7999999999999999,0.7999999999999999,0.39999999999999997,-1.0,0.6000000000000001,0.7999999999999999,0.7999999999999999,1.0,-0.7999999999999999,0.6000000000000001,0.7999999999999999,-0.6000000000000001,0.7999999999999999,0.7999999999999999,0.7999999999999999,0.0,-0.6000000000000001,-0.7999999999999999,0.7999999999999999,-0.6000000000000001,1.0,-0.39999999999999997,-0.6000000000000001,-0.6000000000000001,-0.7999999999999999,1.0,-0.6000000000000001,0.7999999999999999,0.19999999999999998,1.0,1.0,0.6000000000000001,-0.7999999999999999,-0.6000000000000001,0.39999999999999997,1.0,-0.7999999999999999,-0.7999999999999999,-1.0,0.7999999999999999,-0.7999999999999999,-0.6000000000000001,-0.6000000000000001,0.6000000000000001,-0.6000000000000001,0.7999999999999999,-0.7999999999999999,-1.0,0.7999999999999999,0.7999999999999999,-0.39999999999999997,1.0,1.0,0.7999999999999999,0.39999999999999997,1.0,-1.0,-1.0,-0.7999999999999999,0.7999999999999999,-0.7999999999999999,-1.0,0.7999999999999999,1.0,0.7999999999999999,1.0,1.0,1.0,1.0,0.0,0.7999999999999999,0.6000000000000001,1.0,0.7999999999999999,-0.7999999999999999,0.6000000000000001,-0.6000000000000001,-0.6000000000000001,0.7999999999999999,-1.0,0.7999999999999999,0.6000000000000001,-0.19999999999999998,0.6000000000000001,1.0,-0.6000000000000001,0.39999999999999997,1.0,0.39999999999999997,0.6000000000000001,1.0,0.6000000000000001,0.7999999999999999,-0.7999999999999999,1.0,0.7999999999999999,1.0,-1.0,-0.7999999999999999,-0.7999999999999999,0.39999999999999997,0.19999999999999998,-1.0,-1.0,-1.0,-0.7999999999999999,0.7999999999999999,0.6000000000000001,-1.0,-0.6000000000000001,-0.6000000000000001,0.6000000000000001,-1.0,-0.7999999999999999,1.0,0.7999999999999999,1.0,0.6000000000000001,1.0,0.7999999999999999,-0.6000000000000001,0.7999999999999999,0.7999999999999999,0.7999999999999999,0.7999999999999999,-0.7999999999999999,0.7999999999999999,-1.0
RZYO01,0.0,-0.7999999999999999,-0.6000000000000001,1.0,0.7999999999999999,0.7999999999999999,-0.7999999999999999,-1.0,-0.7999999999999999,-1.0,0.7999999999999999,0.7999999999999999,-0.7999999999999999,0.7999999999999999,0.39999999999999997,-1.0,0.6000000000000001,0.7999999999999999,0.7999999999999999,1.0,-0.7999999999999999,0.6000000000000001,0.7999999999999999,-0.6000000000000001,0.7999999999999999,0.7999999999999999,0.7999999999999999,0.0,-0.6000000000000001,-0.7999999999999999,0.7999999999999999,-0.6000000000000001,1.0,-0.39999999999999997,-0.6000000000000001,-0.6000000000000001,-0.7999999999999999,1.0,-0.6000000000000001,0.7999999999999999,0.19999999999999998,1.0,1.0,0.6000000000000001,-0.7999999999999999,-0.6000000000000001,0.39999999999999997,1.0,-0.7999999999999999,-0.7999999999999999,-1.0,0.7999999999999999,-0.7999999999999999,-0.6000000000000001,-0.6000000000000001,0.6000000000000001,-0.6000000000000001,0.7999999999999999,-0.7999999999999999,-1.0,0.7999999999999999,0.7999999999999999,-0.39999999999999997,1.0,1.0,0.7999999999999999,0.39999999999999997,1.0,-1.0,-1.0,-0.7999999999999999,0.7999999999999999,-0.7999999999999999,-1.0,0.7999999999999999,1.0,0.7999999999999999,1.0,1.0,1.0,1.0,0.0,0.7999999999999999,0.6000000000000001,1.0,0.7999999999999999,-0.7999999999999999,0.6000000000000001,-0.6000000000000001,-0.6000000000000001,0.7999999999999999,-1.0,0.7999999999999999,0.6000000000000001,-0.19999999999999998,0.6000000000000001,1.0,-0.6000000000000001,0.39999999999999997,1.0,0.39999999999999997,0.6000000000000001,1.0,0.6000000000000001,0.7999999999999999,-0.7999999999999999,1.0,0.7999999999999999,1.0,-1.0,-0.7999999999999999,-0.7999999999999999,0.39999999999999997,0.19999999999999998,-1.0,-1.0,-1.0,-0.7999999999999999,0.7999999999999999,0.6000000000000001,-1.0,-0.6000000000000001,-0.6000000000000001,0.6000000000000001,-1.0,-0.7999999999999999,1.0,0.7999999999999999,1.0,0.6000000000000001,1.0,0.7999999999999999,-0.6000000000000001,0.7999999999999999,0.7999999999999999,0.7999999999999999,0.7999999999999999,-0.7999999999999999,0.7999999999999999,-1.0
Rhodobacteraceae,0.0,-0.7999999999999999,-0.6000000000000001,1.0,0.7999999999999999,0.7999999999999999,-0.7999999999999999,-1.0,-0.7999999999999999,-1.0,0.7999999999999999,0.7999999999999999,-0.7999999999999999,0.7999999999999999,0.39999999999999997,-1.0,0.6000000000000001,0.7999999999999999,0.7999999999999999,1.0,-0.7999999999999999,0.6000000000000001,0.7999999999999999,-0.6000000000000001,0.7999999999999999,0.7999999999999999,0.7999999999999999,0.0,-0.6000000000000001,-0.7999999999999999,0.7999999999999999,-0.6000000000000001,1.0,-0.39999999999999997,-0.6000000000000001,-0.6000000000000001,-0.7999999999999999,1.0,-0.6000000000000001,0.7999999999999999,0.19999999999999998,1.0,1.0,0.6000000000000001,-0.7999999999999999,-0.6000000000000001,0.39999999999999997,1.0,-0.7999999999999999,-0.7999999999999999,-1.0,0.7999999999999999,-0.7999999999999999,-0.6000000000000001,-0.6000000000000001,0.6000000000000001,-0.6000000000000001,0.7999999999999999,-0.7999999999999999,-1.0,0.7999999999999999,0.7999999999999999,-0.39999999999999997,1.0,1.0,0.7999999999999999,0.39999999999999997,1.0,-1.0,-1.0,-0.7999999999999999,0.7999999999999999,-0.7999999999999999,-1.0,0.7999999999999999,1.0,0.7999999999999999,1.0,1.0,1.0,1.0,0.0,0.7999999999999999,0.6000000000000001,1.0,0.7999999999999999,-0.7999999999999999,0.6000000000000001,-0.6000000000000001,-0.6000000000000001,0.7999999999999999,-1.0,0.7999999999999999,0.6000000000000001,-0.19999999999999998,0.6000000000000001,1.0,-0.6000000000000001,0.39999999999999997,1.0,0.39999999999999997,0.6000000000000001,1.0,0.6000000000000001,0.7999999999999999,-0.7999999999999999,1.0,0.7999999999999999,1.0,-1.0,-0.7999999999999999,-0.7999999999999999,0.39999999999999997,0.19999999999999998,-1.0,-1.0,-1.0,-0.7999999999999999,0.7999999999999999,0.6000000000000001,-1.0,-0.6000000000000001,-0.6000000000000001,0.6000000000000001,-1.0,-0.7999999999999999,1.0,0.7999999999999999,1.0,0.6000000000000001,1.0,0.7999999999999999,-0.6000000000000001,0.7999999999999999,0.7999999999999999,0.7999999999999999,0.7999999999999999,-0.7999999999999999,0.7999999999999999,-1.0
Rhodohalobacter,0.0,-0.7999999999999999,-0.6000000000000001,1.0,0.7999999999999999,0.7999999999999999,-0.7999999999999999,-1.0,-0.7999999999999999,-1.0,0.7999999999999999,0.7999999999999999,-0.7999999999999999,0.7999999999999999,0.39999999999999997,-1.0,0.6000000000000001,0.7999999999999999,0.7999999999999999,1.0,-0.7999999999999999,0.6000000000000001,0.7999999999999999,-0.6000000000000001,0.7999999999999999,0.7999999999999999,0.7999999999999999,0.0,-0.6000000000000001,-0.7999999999999999,0.7999999999999999,-0.6000000000000001,1.0,-0.39999999999999997,-0.6000000000000001,-0.6000000000000001,-0.7999999999999999,1.0,-0.6000000000000001,0.7999999999999999,0.19999999999999998,1.0,1.0,0.6000000000000001,-0.7999999999999999,-0.6000000000000001,0.39999999999999997,1.0,-0.7999999999999999,-0.7999999999999999,-1.0,0.7999999999999999,-0.7999999999999999,-0.6000000000000001,-0.6000000000000001,0.6000000000000001,-0.6000000000000001,0.7999999999999999,-0.7999999999999999,-1.0,0.7999999999999999,0.7999999999999999,-0.39999999999999997,1.0,1.0,0.7999999999999999,0.39999999999999997,1.0,-1.0,-1.0,-0.7999999999999999,0.7999999999999999,-0.7999999999999999,-1.0,0.7999999999999999,1.0,0.7999999999999999,1.0,1.0,1.0,1.0,0.0,0.7999999999999999,0.6000000000000001,1.0,0.7999999999999999,-0.7999999999999999,0.6000000000000001,-0.6000000000000001,-0.6000000000000001,0.7999999999999999,-1.0,0.7999999999999999,0.6000000000000001,-0.19999999999999998,0.6000000000000001,1.0,-0.6000000000000001,0.39999999999999997,1.0,0.39999999999999997,0.6000000000000001,1.0,0.6000000000000001,0.7999999999999999,-0.7999999999999999,1.0,0.7999999999999999,1.0,-1.0,-0.7999999999999999,-0.7999999999999999,0.39999999999999997,0.19999999999999998,-1.0,-1.0,-1.0,-0.7999999999999999,0.7999999999999999,0.6000000000000001,-1.0,-0.6000000000000001,-0.6000000000000001,0.6000000000000001,-1.0,-0.7999999999999999,1.0,0.7999999999999999,1.0,0.6000000000000001,1.0,0.7999999999999999,-0.6000000000000001,0.7999999999999999,0.7999999999999999,0.7999999999999999,0.7999999999999999,-0.7999999999999999,0.7999999999999999,-1.0
Rhodothermales,-1.0,0.39999999999999997,0.7999999999999999,0.0,-0.39999999999999997,-0.39999999999999997,0.39999999999999997,0.0,0.39999999999999997,0.0,-0.39999999999999997,-0.39999999999999997,0.39999999999999997,-0.39999999999999997,-0.19999999999999998,0.0,-0.7999999999999999,-0.39999999999999997,-0.39999999999999997,0.0,0.39999999999999997,-0.7999999999999999,-0.39999999999999997,0.7999999999999999,-0.39999999999999997,-0.39999999999999997,-0.39999999999999997,-1.0,0.7999999999999999,0.39999999999999997,-0.39999999999999997,0.7999999999999999,0.0,-0.7999999999999999,0.7999999999999999,0.7999999999999999,0.39999999999999997,0.0,0.7999999999999999,-0.39999999999999997,0.39999999999999997,0.0,0.0,-0.7999999999999999,-0.6000000000000001,0.7999999999999999,-0.19999999999999998,0.0,0.39999999999999997,0.39999999999999997,0.0,-0.39999999999999997,0.39999999999999997,0.7999999999999999,0.7999999999999999,-0.7999999999999999,0.7999999999999999,-0.39999999999999997,0.39999999999999997,0.0,-0.39999999999999997,-0.39999999999999997,-0.7999999999999999,0.0,0.0,-0.39999999999999997,-0.19999999999999998,0.0,0.0,0.0,0.39999999999999997,-0.39999999999999997,0.39999999999999997,0.0,-0.39999999999999997,0.0,-0.39999999999999997,0.0,0.0,0.0,0.0,1.0,-0.39999999999999997,-0.7999999999999999,0.0,-0.39999999999999997,0.39999999999999997,-0.7999999999999999,0.7999999999999999,0.7999999999999999,-0.39999999999999997,0.0,-0.39999999999999997,-0.7999999999999999,-0.39999999999999997,-0.7999999999999999,0.0,0.7999999999999999,-0.19999999999999998,0.0,-0.19999999999999998,-0.7999999999999999,0.0,-0.7999999999999999,-0.39999999999999997,0.39999999999999997,0.0,-0.39999999999999997,0.0,0.0,0.39999999999999997,0.39999999999999997,-0.19999999999999998,0.39999999999999997,0.0,0.0,0.0,0.39999999999999997,-0.39999999999999997,-0.7999999999999999,0.0,0.7999999999999999,0.7999999999999999,-0.7999999999999999,0.0,0.39999999999999997,0.0,-0.39999999999999997,0.0,-0.7999999999999999,0.0,-0.39999999999999997,0.7999999999999999,-0.39999999999999997,-0.39999999999999997,-0.39999999999999997,-0.39999999999999997,0.39999999999999997,-0.39999999999999997,0.0
Roseicyclus,0.39999999999999997,-0.6000000000000001,-0.7999999999999999,0.7999999999999999,1.0,1.0,-0.6000000000000001,-0.7999999999999999,-1.0,-0.7999999999999999,0.6000000000000001,0.6000000000000001,-0.6000000000000001,0.6000000000000001,0.0,-0.7999999999999999,0.7999999999999999,0.6000000000000001,1.0,0.7999999999999999,-1.0,0.7999999999999999,1.0,-0.7999999999999999,0.6000000000000001,1.0,0.6000000000000001,0.39999999999999997,-0.7999999999999999,-0.6000000000000001,0.6000000000000001,-0.7999999999999999,0.7999999999999999,-0.19999999999999998,-0.7999999999999999,-0.7999999999999999,-0.6000000000000001,0.7999999999999999,-0.7999999999999999,0.6000000000000001,-0.39999999999999997,0.7999999999999999,0.7999999999999999,0.7999999999999999,-0.39999999999999997,-0.7999999999999999,0.0,0.7999999999999999,-0.6000000000000001,-0.6000000000000001,-0.7999999999999999,0.6000000000000001,-1.0,-0.7999999999999999,-0.7999999999999999,0.7999999999999999,-0.7999999999999999,1.0,-0.6000000000000001,-0.7999999999999999,1.0,1.0,0.19999999999999998,0.7999999999999999,0.7999999999999999,1.0,0.7999999999999999,0.7999999999999999,-0.7999999999999999,-0.7999999999999999,-0.6000000000000001,1.0,-0.6000000000000001,-0.7999999999999999,0.6000000000000001,0.7999999999999999,1.0,0.7999999999999999,0.7999999999999999,0.7999999999999999,0.7999999999999999,-0.39999999999999997,1.0,0.7999999999999999,0.7999999999999999,1.0,-0.6000000000000001,0.7999999999999999,-0.7999999999999999,-0.7999999999999999,1.0,-0.7999999999999999,0.6000000000000001,0.7999999999999999,-0.39999999999999997,0.7999999999999999,0.7999999999999999,-0.7999999999999999,0.0,0.7999999999999999,0.7999999999999999,0.7999999999999999,0.7999999999999999,0.7999999999999999,1.0,-0.6000000000000001,0.7999999999999999,1.0,0.7999999999999999,-0.7999999999999999,-1.0,-1.0,0.0,-0.39999999999999997,-0.7999999999999999,-0.7999999999999999,-0.7999999999999999,-0.6000000000000001,0.6000000000000001,0.7999999999999999,-0.7999999999999999,-0.7999999999999999,-0.7999999999999999,0.7999999999999999,-0.7999999999999999,-0.6000000000000001,0.7999999999999999,0.6000000000000001,0.7999999999999999,0.7999999999999999,0.7999999999999999,0.6000000000000001,-0.7999999999999999,1.0,1.0,0.6000000000000001,1.0,-1.0,0.6000000000000001,-0.7999999999999999
Roseimaritima,0.7999999999999999,-0.7999999999999999,-1.0,0.6000000000000001,0.7999999999999999,0.7999999999999999,-0.7999999999999999,-0.6000000000000001,-0.7999999999999999,-0.6000000000000001,0.7999999999999999,0.7999999999999999,-0.7999999999999999,0.7999999999999999,0.39999999999999997,-0.6000000000000001,1.0,0.7999999999999999,0.7999999999999999,0.6000000000000001,-0.7999999999999999,1.0,0.7999999999999999,-1.0,0.7999999999999999,0.7999999999999999,0.7999999999999999,0.7999999999999999,-1.0,-0.7999999999999999,0.7999999999999999,-1.0,0.6000000000000001,0.39999999999999997,-1.0,-1.0,-0.7999999999999999,0.6000000000000001,-1.0,0.7999999999999999,-0.19999999999999998,0.6000000000000001,0.6000000000000001,1.0,0.0,-1.0,0.39999999999999997,0.6000000000000001,-0.7999999999999999,-0.7999999999999999,-0.6000000000000001,0.7999999999999999,-0.7999999999999999,-1.0,-1.0,1.0,-1.0,0.7999999999999999,-0.7999999999999999,-0.6000000000000001,0.7999999999999999,0.7999999999999999,0.39999999999999997,0.6000000000000001,0.6000000000000001,0.7999999999999999,0.39999999999999997,0.6000000000000001,-0.6000000000000001,-0.6000000000000001,-0.7999999999999999,0.7999999999999999,-0.7999999999999999,-0.6000000000000001,0.7999999999999999,0.6000000000000001,0.7999999999999999,0.6000000000000001,0.6000000000000001,0.6000000000000001,0.6000000000000001,-0.7999999999999999,0.7999999999999999,1.0,0.6000000000000001,0.7999999999999999,-0.7999999999999999,1.0,-1.0,-1.0,0.7999999999999999,-0.6000000000000001,0.7999999999999999,1.0,0.19999999999999998,1.0,0.6000000000000001,-1.0,0.39999999999999997,0.6000000000000001,0.39999999999999997,1.0,0.6000000000000001,1.0,0.7999999999999999,-0.7999999999999999,0.6000000000000001,0.7999999999999999,0.6000000000000001,-0.6000000000000001,-0.7999999999999999,-0.7999999999999999,0.39999999999999997,-0.19999999999999998,-0.6000000000000001,-0.6000000000000001,-0.6000000000000001,-0.7999999999999999,0.7999999999999999,1.0,-0.6000000000000001,-1.0,-1.0,1.0,-0.6000000000000001,-0.7999999999999999,0.6000000000000001,0.7999999999999999,0.6000000000000001,1.0,0.6000000000000001,0.7999999999999999,-1.0,0.7999999999999999,0.7999999999999999,0.7999999999999999,0.7999999999999999,-0.7999999999999999,0.7999999999999999,-0.6000000000000001
Roseovarius,0.0,-0.7999999999999999,-0.6000000000000001,1.0,0.7999999999999999,0.7999999999999999,-0.7999999999999999,-1.0,-0.7999999999999999,-1.0,0.7999999999999999,0.7999999999999999,-0.7999999999999999,0.7999999999999999,0.39999999999999997,-1.0,0.6000000000000001,0.7999999999999999,0.7999999999999999,1.0,-0.7999999999999999,0.6000000000000001,0.7999999999999999,-0.6000000000000001,0.7999999999999999,0.7999999999999999,0.7999999999999999,0.0,-0.6000000000000001,-0.7999999999999999,0.7999999999999999,-0.6000000000000001,1.0,-0.39999999999999997,-0.6000000000000001,-0.6000000000000001,-0.7999999999999999,1.0,-0.6000000000000001,0.7999999999999999,0.19999999999999998,1.0,1.0,0.6000000000000001,-0.7999999999999999,-0.6000000000000001,0.39999999999999997,1.0,-0.7999999999999999,-0.7999999999999999,-1.0,0.7999999999999999,-0.7999999999999999,-0.6000000000000001,-0.6000000000000001,0.6000000000000001,-0.6000000000000001,0.7999999999999999,-0.7999999999999999,-1.0,0.7999999999999999,0.7999999999999999,-0.39999999999999997,1.0,1.0,0.7999999999999999,0.39999999999999997,1.0,-1.0,-1.0,-0.7999999999999999,0.7999999999999999,-0.7999999999999999,-1.0,0.7999999999999999,1.0,0.7999999999999999,1.0,1.0,1.0,1.0,0.0,0.7999999999999999,0.6000000000000001,1.0,0.7999999999999999,-0.7999999999999999,0.6000000000000001,-0.6000000000000001,-0.6000000000000001,0.7999999999999999,-1.0,0.7999999999999999,0.6000000000000001,-0.19999999999999998,0.6000000000000001,1.0,-0.6000000000000001,0.39999999999999997,1.0,0.39999999999999997,0.6000000000000001,1.0,0.6000000000000001,0.7999999999999999,-0.7999999999999999,1.0,0.7999999999999999,1.0,-1.0,-0.7999999999999999,-0.7999999999999999,0.39999999999999997,0.19999999999999998,-1.0,-1.0,-1.0,-0.7999999999999999,0.7999999999999999,0.6000000000000001,-1.0,-0.6000000000000001,-0.6000000000000001,0.6000000000000001,-1.0,-0.7999999999999999,1.0,0.7999999999999999,1.0,0.6000000000000001,1.0,0.7999999999999999,-0.6000000000000001,0.7999999999999999,0.7999999999999999,0.7999999999999999,0.7999999999999999,-0.7999999999999999,0.7999999999999999,-1.0
S36-B12,0.39999999999999997,-0.6000000000000001,-0.7999999999999999,0.7999999999999999,1.0,1.0,-0.6000000000000001,-0.7999999999999999,-1.0,-0.7999999999999999,0.6000000000000001,0.6000000000000001,-0.6000000000000001,0.6000000000000001,0.0,-0.7999999999999999,0.7999999999999999,0.6000000000000001,1.0,0.7999999999999999,-1.0,0.7999999999999999,1.0,-0.7999999999999999,0.6000000000000001,1.0,0.6000000000000001,0.39999999999999997,-0.7999999999999999,-0.6000000000000001,0.6000000000000001,-0.7999999999999999,0.7999999999999999,-0.19999999999999998,-0.7999999999999999,-0.7999999999999999,-0.6000000000000001,0.7999999999999999,-0.7999999999999999,0.6000000000000001,-0.39999999999999997,0.7999999999999999,0.7999999999999999,0.7999999999999999,-0.39999999999999997,-0.7999999999999999,0.0,0.7999999999999999,-0.6000000000000001,-0.6000000000000001,-0.7999999999999999,0.6000000000000001,-1.0,-0.7999999999999999,-0.7999999999999999,0.7999999999999999,-0.7999999999999999,1.0,-0.6000000000000001,-0.7999999999999999,1.0,1.0,0.19999999999999998,0.7999999999999999,0.7999999999999999,1.0,0.7999999999999999,0.7999999999999999,-0.7999999999999999,-0.7999999999999999,-0.6000000000000001,1.0,-0.6000000000000001,-0.7999999999999999,0.6000000000000001,0.7999999999999999,1.0,0.7999999999999999,0.7999999999999999,0.7999999999999999,0.7999999999999999,-0.39999999999999997,1.0,0.7999999999999999,0.7999999999999999,1.0,-0.6000000000000001,0.7999999999999999,-0.7999999999999999,-0.7999999999999999,1.0,-0.7999999999999999,0.6000000000000001,0.7999999999999999,-0.39999999999999997,0.7999999999999999,0.7999999999999999,-0.7999999999999999,0.0,0.7999999999999999,0.7999999999999999,0.7999999999999999,0.7999999999999999,0.7999999999999999,1.0,-0.6000000000000001,0.7999999999999999,1.0,0.7999999999999999,-0.7999999999999999,-1.0,-1.0,0.0,-0.39999999999999997,-0.7999999999999999,-0.7999999999999999,-0.7999999999999999,-0.6000000000000001,0.6000000000000001,0.7999999999999999,-0.7999999999999999,-0.7999999999999999,-0.7999999999999999,0.7999999999999999,-0.7999999999999999,-0.6000000000000001,0.7999999999999999,0.6000000000000001,0.7999999999999999,0.7999999999999999,0.7999999999999999,0.6000000000000001,-0.7999999999999999,1.0,1.0,0.6000000000000001,1.0,-1.0,0.6000000000000001,-0.7999999999999999
SAR324,-0.39999999999999997,1.0,0.7999999999999999,-0.7999999999999999,-0.6000000000000001,-0.6000000000000001,1.0,0.7999999999999999,0.6000000000000001,0.7999999999999999,-1.0,-1.0,1.0,-1.0,-0.7999999999999999,0.7999999999999999,-0.7999999999999999,-1.0,-0.6000000000000001,-0.7999999999999999,0.6000000000000001,-0.7999999999999999,-0.6000000000000001,0.7999999999999999,-1.0,-0.6000000000000001,-1.0,-0.39999999999999997,0.7999999999999999,1.0,-1.0,0.7999999999999999,-0.7999999999999999,-0.19999999999999998,0.7999999999999999,0.7999999999999999,1.0,-0.7999999999999999,0.7999999999999999,-1.0,-0.39999999999999997,-0.7999999999999999,-0.7999999999999999,-0.7999999999999999,0.39999999999999997,0.7999999999999999,-0.7999999999999999,-0.7999999999999999,1.0,1.0,0.7999999999999999,-1.0,0.6000000000000001,0.7999999999999999,0.7999999999999999,-0.7999999999999999,0.7999999999999999,-0.6000000000000001,1.0,0.7999999999999999,-0.6000000000000001,-0.6000000000000001,0.19999999999999998,-0.7999999999999999,-0.7999999999999999,-0.6000000000000001,0.0,-0.7999999999999999,0.7999999999999999,0.7999999999999999,1.0,-0.6000000000000001,1.0,0.7999999999999999,-1.0,-0.7999999999999999,-0.6000000000000001,-0.7999999999999999,-0.7999999999999999,-0.7999999999999999,-0.7999999999999999,0.39999999999999997,-0.6000000000000001,-0.7999999999999999,-0.7999999999999999,-0.6000000000000001,1.0,-0.7999999999999999,0.7999999999999999,0.7999999999999999,-0.6000000000000001,0.7999999999999999,-1.0,-0.7999999999999999,-0.39999999999999997,-0.7999999999999999,-0.7999999999999999,0.7999999999999999,-0.7999999999999999,-0.7999999999999999,0.0,-0.7999999999999999,-0.7999999999999999,-0.7999999999999999,-0.6000000000000001,1.0,-0.7999999999999999,-0.6000000000000001,-0.7999999999999999,0.7999999999999999,0.6000000000000001,0.6000000000000001,-0.7999999999999999,-0.39999999999999997,0.7999999999999999,0.7999999999999999,0.7999999999999999,1.0,-1.0,-0.7999999999999999,0.7999999999999999,0.7999999999999999,0.7999999999999999,-0.7999999999999999,0.7999999999999999,1.0,-0.7999999999999999,-1.0,-0.7999999999999999,-0.7999999999999999,-0.7999999999999999,-1.0,0.7999999999999999,-0.6000000000000001,-0.6000000000000001,-1.0,-0.6000000000000001,0.6000000000000001,-1.0,0.7999999999999999
SCGC-AAA027-K21,0.7999999999999999,-0.7999999999999999,-1.0,0.6000000000000001,0.7999999999999999,0.7999999999999999,-0.7999999999999999,-0.6000000000000001,-0.7999999999999999,-0.6000000000000001,0.7999999999999999,0.7999999999999999,-0.7999999999999999,0.7999999999999999,0.39999999999999997,-0.6000000000000001,1.0,0.7999999999999999,0.7999999999999999,0.6000000000000001,-0.7999999999999999,1.0,0.7999999999999999,-1.0,0.7999999999999999,0.7999999999999999,0.7999999999999999,0.7999999999999999,-1.0,-0.7999999999999999,0.7999999999999999,-1.0,0.6000000000000001,0.39999999999999997,-1.0,-1.0,-0.7999999999999999,0.6000000000000001,-1.0,0.7999999999999999,-0.19999999999999998,0.6000000000000001,0.6000000000000001,1.0,0.0,-1.0,0.39999999999999997,0.6000000000000001,-0.7999999999999999,-0.7999999999999999,-0.6000000000000001,0.7999999999999999,-0.7999999999999999,-1.0,-1.0,1.0,-1.0,0.7999999999999999,-0.7999999999999999,-0.6000000000000001,0.7999999999999999,0.7999999999999999,0.39999999999999997,0.6000000000000001,0.6000000000000001,0.7999999999999999,0.39999999999999997,0.6000000000000001,-0.6000000000000001,-0.6000000000000001,-0.7999999999999999,0.7999999999999999,-0.7999999999999999,-0.6000000000000001,0.7999999999999999,0.6000000000000001,0.7999999999999999,0.6000000000000001,0.6000000000000001,0.6000000000000001,0.6000000000000001,-0.7999999999999999,0.7999999999999999,1.0,0.6000000000000001,0.7999999999999999,-0.7999999999999999,1.0,-1.0,-1.0,0.7999999999999999,-0.6000000000000001,0.7999999999999999,1.0,0.19999999999999998,1.0,0.6000000000000001,-1.0,0.39999999999999997,0.6000000000000001,0.39999999999999997,1.0,0.6000000000000001,1.0,0.7999999999999999,-0.7999999999999999,0.6000000000000001,0.7999999999999999,0.6000000000000001,-0.6000000000000001,-0.7999999999999999,-0.7999999999999999,0.39999999999999997,-0.19999999999999998,-0.6000000000000001,-0.6000000000000001,-0.6000000000000001,-0.7999999999999999,0.7999999999999999,1.0,-0.6000000000000001,-1.0,-1.0,1.0,-0.6000000000000001,-0.7999999999999999,0.6000000000000001,0.7999999999999999,0.6000000000000001,1.0,0.6000000000000001,0.7999999999999999,-1.0,0.7999999999999999,0.7999999999999999,0.7999999999999999,0.7999999999999999,-0.7999999999999999,0.7999999999999999,-0.6000000000000001
SG8-39,-0.7999999999999999,0.7999999999999999,1.0,-0.6000000000000001,-0.7999999999999999,-0.7999999999999999,0.7999999999999999,0.6000000000000001,0.7999999999999999,0.6000000000000001,-0.7999999999999999,-0.7999999999999999,0.7999999999999999,-0.7999999999999999,-0.39999999999999997,0.6000000000000001,-1.0,-0.7999999999999999,-0.7999999999999999,-0.6000000000000001,0.7999999999999999,-1.0,-0.7999999999999999,1.0,-0.7999999999999999,-0.7999999999999999,-0.7999999999999999,-0.7999999999999999,1.0,0.7999999999999999,-0.7999999999999999,1.0,-0.6000000000000001,-0.39999999999999997,1.0,1.0,0.7999999999999999,-0.6000000000000001,1.0,-0.7999999999999999,0.19999999999999998,-0.6000000000000001,-0.6000000000000001,-1.0,0.0,1.0,-0.39999999999999997,-0.6000000000000001,0.7999999999999999,0.7999999999999999,0.6000000000000001,-0.7999999999999999,0.7999999999999999,1.0,1.0,-1.0,1.0,-0.7999999999999999,0.7999999999999999,0.6000000000000001,-0.7999999999999999,-0.7999999999999999,-0.39999999999999997,-0.6000000000000001,-0.6000000000000001,-0.7999999999999999,-0.39999999999999997,-0.6000000000000001,0.6000000000000001,0.6000000000000001,0.7999999999999999,-0.7999999999999999,0.7999999999999999,0.6000000000000001,-0.7999999999999999,-0.6000000000000001,-0.7999999999999999,-0.6000000000000001,-0.6000000000000001,-0.6000000000000001,-0.6000000000000001,0.7999999999999999,-0.7999999999999999,-1.0,-0.6000000000000001,-0.7999999999999999,0.7999999999999999,-1.0,1.0,1.0,-0.7999999999999999,0.6000000000000001,-0.7999999999999999,-1.0,-0.19999999999999998,-1.0,-0.6000000000000001,1.0,-0.39999999999999997,-0.6000000000000001,-0.39999999999999997,-1.0,-0.6000000000000001,-1.0,-0.7999999999999999,0.7999999999999999,-0.6000000000000001,-0.7999999999999999,-0.6000000000000001,0.6000000000000001,0.7999999999999999,0.7999999999999999,-0.39999999999999997,0.19999999999999998,0.6000000000000001,0.6000000000000001,0.6000000000000001,0.7999999999999999,-0.7999999999999999,-1.0,0.6000000000000001,1.0,1.0,-1.0,0.6000000000000001,0.7999999999999999,-0.6000000000000001,-0.7999999999999999,-0.6000000000000001,-1.0,-0.6000000000000001,-0.7999999999999999,1.0,-0.7999999999999999,-0.7999999999999999,-0.7999999999999999,-0.7999999999999999,0.7999999999999999,-0.7999999999999999,0.6000000000000001
SHZL01,-0.7999999999999999,0.7999999999999999,1.0,-0.6000000000000001,-0.7999999999999999,-0.7999999999999999,0.7999999999999999,0.6000000000000001,0.7999999999999999,0.6000000000000001,-0.7999999999999999,-0.7999999999999999,0.7999999999999999,-0.7999999999999999,-0.39999999999999997,0.6000000000000001,-1.0,-0.7999999999999999,-0.7999999999999999,-0.6000000000000001,0.7999999999999999,-1.0,-0.7999999999999999,1.0,-0.7999999999999999,-0.7999999999999999,-0.7999999999999999,-0.7999999999999999,1.0,0.7999999999999999,-0.7999999999999999,1.0,-0.6000000000000001,-0.39999999999999997,1.0,1.0,0.7999999999999999,-0.6000000000000001,1.0,-0.7999999999999999,0.19999999999999998,-0.6000000000000001,-0.6000000000000001,-1.0,0.0,1.0,-0.39999999999999997,-0.6000000000000001,0.7999999999999999,0.7999999999999999,0.6000000000000001,-0.7999999999999999,0.7999999999999999,1.0,1.0,-1.0,1.0,-0.7999999999999999,0.7999999999999999,0.6000000000000001,-0.7999999999999999,-0.7999999999999999,-0.39999999999999997,-0.6000000000000001,-0.6000000000000001,-0.7999999999999999,-0.39999999999999997,-0.6000000000000001,0.6000000000000001,0.6000000000000001,0.7999999999999999,-0.7999999999999999,0.7999999999999999,0.6000000000000001,-0.7999999999999999,-0.6000000000000001,-0.7999999999999999,-0.6000000000000001,-0.6000000000000001,-0.6000000000000001,-0.6000000000000001,0.7999999999999999,-0.7999999999999999,-1.0,-0.6000000000000001,-0.7999999999999999,0.7999999999999999,-1.0,1.0,1.0,-0.7999999999999999,0.6000000000000001,-0.7999999999999999,-1.0,-0.19999999999999998,-1.0,-0.6000000000000001,1.0,-0.39999999999999997,-0.6000000000000001,-0.39999999999999997,-1.0,-0.6000000000000001,-1.0,-0.7999999999999999,0.7999999999999999,-0.6000000000000001,-0.7999999999999999,-0.6000000000000001,0.6000000000000001,0.7999999999999999,0.7999999999999999,-0.39999999999999997,0.19999999999999998,0.6000000000000001,0.6000000000000001,0.6000000000000001,0.7999999999999999,-0.7999999999999999,-1.0,0.6000000000000001,1.0,1.0,-1.0,0.6000000000000001,0.7999999999999999,-0.6000000000000001,-0.7999999999999999,-0.6000000000000001,-1.0,-0.6000000000000001,-0.7999999999999999,1.0,-0.7999999999999999,-0.7999999999999999,-0.7999999999999999,-0.7999999999999999,0.7999999999999999,-0.7999999999999999,0.6000000000000001
SLDV01,0.39999999999999997,-0.6000000000000001,-0.7999999999999999,0.7999999999999999,1.0,1.0,-0.6000000000000001,-0.7999999999999999,-1.0,-0.7999999999999999,0.6000000000000001,0.6000000000000001,-0.6000000000000001,0.6000000000000001,0.0,-0.7999999999999999,0.7999999999999999,0.6000000000000001,1.0,0.7999999999999999,-1.0,0.7999999999999999,1.0,-0.7999999999999999,0.6000000000000001,1.0,0.6000000000000001,0.39999999999999997,-0.7999999999999999,-0.6000000000000001,0.6000000000000001,-0.7999999999999999,0.7999999999999999,-0.19999999999999998,-0.7999999999999999,-0.7999999999999999,-0.6000000000000001,0.7999999999999999,-0.7999999999999999,0.6000000000000001,-0.39999999999999997,0.7999999999999999,0.7999999999999999,0.7999999999999999,-0.39999999999999997,-0.7999999999999999,0.0,0.7999999999999999,-0.6000000000000001,-0.6000000000000001,-0.7999999999999999,0.6000000000000001,-1.0,-0.7999999999999999,-0.7999999999999999,0.7999999999999999,-0.7999999999999999,1.0,-0.6000000000000001,-0.7999999999999999,1.0,1.0,0.19999999999999998,0.7999999999999999,0.7999999999999999,1.0,0.7999999999999999,0.7999999999999999,-0.7999999999999999,-0.7999999999999999,-0.6000000000000001,1.0,-0.6000000000000001,-0.7999999999999999,0.6000000000000001,0.7999999999999999,1.0,0.7999999999999999,0.7999999999999999,0.7999999999999999,0.7999999999999999,-0.39999999999999997,1.0,0.7999999999999999,0.7999999999999999,1.0,-0.6000000000000001,0.7999999999999999,-0.7999999999999999,-0.7999999999999999,1.0,-0.7999999999999999,0.6000000000000001,0.7999999999999999,-0.39999999999999997,0.7999999999999999,0.7999999999999999,-0.7999999999999999,0.0,0.7999999999999999,0.7999999999999999,0.7999999999999999,0.7999999999999999,0.7999999999999999,1.0,-0.6000000000000001,0.7999999999999999,1.0,0.7999999999999999,-0.7999999999999999,-1.0,-1.0,0.0,-0.39999999999999997,-0.7999999999999999,-0.7999999999999999,-0.7999999999999999,-0.6000000000000001,0.6000000000000001,0.7999999999999999,-0.7999999999999999,-0.7999999999999999,-0.7999999999999999,0.7999999999999999,-0.7999999999999999,-0.6000000000000001,0.7999999999999999,0.6000000000000001,0.7999999999999999,0.7999999999999999,0.7999999999999999,0.6000000000000001,-0.7999999999999999,1.0,1.0,0.6000000000000001,1.0,-1.0,0.6000000000000001,-0.7999999999999999
SLND01,0.0,0.7999999999999999,0.6000000000000001,-1.0,-0.7999999999999999,-0.7999999999999999,0.7999999999999999,1.0,0.7999999999999999,1.0,-0.7999999999999999,-0.7999999999999999,0.7999999999999999,-0.7999999999999999,-0.39999999999999997,1.0,-0.6000000000000001,-0.7999999999999999,-0.7999999999999999,-1.0,0.7999999999999999,-0.6000000000000001,-0.7999999999999999,0.6000000000000001,-0.7999999999999999,-0.7999999999999999,-0.7999999999999999,0.0,0.6000000000000001,0.7999999999999999,-0.7999999999999999,0.6000000000000001,-1.0,0.39999999999999997,0.6000000000000001,0.6000000000000001,0.7999999999999999,-1.0,0.6000000000000001,-0.7999999999999999,-0.19999999999999998,-1.0,-1.0,-0.6000000000000001,0.7999999999999999,0.6000000000000001,-0.39999999999999997,-1.0,0.7999999999999999,0.7999999999999999,1.0,-0.7999999999999999,0.7999999999999999,0.6000000000000001,0.6000000000000001,-0.6000000000000001,0.6000000000000001,-0.7999999999999999,0.7999999999999999,1.0,-0.7999999999999999,-0.7999999999999999,0.39999999999999997,-1.0,-1.0,-0.7999999999999999,-0.39999999999999997,-1.0,1.0,1.0,0.7999999999999999,-0.7999999999999999,0.7999999999999999,1.0,-0.7999999999999999,-1.0,-0.7999999999999999,-1.0,-1.0,-1.0,-1.0,0.0,-0.7999999999999999,-0.6000000000000001,-1.0,-0.7999999999999999,0.7999999999999999,-0.6000000000000001,0.6000000000000001,0.6000000000000001,-0.7999999999999999,1.0,-0.7999999999999999,-0.6000000000000001,0.19999999999999998,-0.6000000000000001,-1.0,0.6000000000000001,-0.39999999999999997,-1.0,-0.39999999999999997,-0.6000000000000001,-1.0,-0.6000000000000001,-0.7999999999999999,0.7999999999999999,-1.0,-0.7999999999999999,-1.0,1.0,0.7999999999999999,0.7999999999999999,-0.39999999999999997,-0.19999999999999998,1.0,1.0,1.0,0.7999999999999999,-0.7999999999999999,-0.6000000000000001,1.0,0.6000000000000001,0.6000000000000001,-0.6000000000000001,1.0,0.7999999999999999,-1.0,-0.7999999999999999,-1.0,-0.6000000000000001,-1.0,-0.7999999999999999,0.6000000000000001,-0.7999999999999999,-0.7999999999999999,-0.7999999999999999,-0.7999999999999999,0.7999999999999999,-0.7999999999999999,1.0
SLSQ01,0.39999999999999997,-1.0,-0.7999999999999999,0.7999999999999999,0.6000000000000001,0.6000000000000001,-1.0,-0.7999999999999999,-0.6000000000000001,-0.7999999999999999,1.0,1.0,-1.0,1.0,0.7999999999999999,-0.7999999999999999,0.7999999999999999,1.0,0.6000000000000001,0.7999999999999999,-0.6000000000000001,0.7999999999999999,0.6000000000000001,-0.7999999999999999,1.0,0.6000000000000001,1.0,0.39999999999999997,-0.7999999999999999,-1.0,1.0,-0.7999999999999999,0.7999999999999999,0.19999999999999998,-0.7999999999999999,-0.7999999999999999,-1.0,0.7999999999999999,-0.7999999999999999,1.0,0.39999999999999997,0.7999999999999999,0.7999999999999999,0.7999999999999999,-0.39999999999999997,-0.7999999999999999,0.7999999999999999,0.7999999999999999,-1.0,-1.0,-0.7999999999999999,1.0,-0.6000000000000001,-0.7999999999999999,-0.7999999999999999,0.7999999999999999,-0.7999999999999999,0.6000000000000001,-1.0,-0.7999999999999999,0.6000000000000001,0.6000000000000001,-0.19999999999999998,0.7999999999999999,0.7999999999999999,0.6000000000000001,0.0,0.7999999999999999,-0.7999999999999999,-0.7999999999999999,-1.0,0.6000000000000001,-1.0,-0.7999999999999999,1.0,0.7999999999999999,0.6000000000000001,0.7999999999999999,0.7999999999999999,0.7999999999999999,0.7999999999999999,-0.39999999999999997,0.6000000000000001,0.7999999999999999,0.7999999999999999,0.6000000000000001,-1.0,0.7999999999999999,-0.7999999999999999,-0.7999999999999999,0.6000000000000001,-0.7999999999999999,1.0,0.7999999999999999,0.39999999999999997,0.7999999999999999,0.7999999999999999,-0.7999999999999999,0.7999999999999999,0.7999999999999999,0.0,0.7999999999999999,0.7999999999999999,0.7999999999999999,0.6000000000000001,-1.0,0.7999999999999999,0.6000000000000001,0.7999999999999999,-0.7999999999999999,-0.6000000000000001,-0.6000000000000001,0.7999999999999999,0.39999999999999997,-0.7999999999999999,-0.7999999999999999,-0.7999999999999999,-1.0,1.0,0.7999999999999999,-0.7999999999999999,-0.7999999999999999,-0.7999999999999999,0.7999999999999999,-0.7999999999999999,-1.0,0.7999999999999999,1.0,0.7999999999999999,0.7999999999999999,0.7999999999999999,1.0,-0.7999999999999999,0.6000000000000001,0.6000000000000001,1.0,0.6000000000000001,-0.6000000000000001,1.0,-0.7999999999999999
SLST01,0.7999999999999999,-0.7999999999999999,-1.0,0.6000000000000001,0.7999999999999999,0.7999999999999999,-0.7999999999999999,-0.6000000000000001,-0.7999999999999999,-0.6000000000000001,0.7999999999999999,0.7999999999999999,-0.7999999999999999,0.7999999999999999,0.39999999999999997,-0.6000000000000001,1.0,0.7999999999999999,0.7999999999999999,0.6000000000000001,-0.7999999999999999,1.0,0.7999999999999999,-1.0,0.7999999999999999,0.7999999999999999,0.7999999999999999,0.7999999999999999,-1.0,-0.7999999999999999,0.7999999999999999,-1.0,0.6000000000000001,0.39999999999999997,-1.0,-1.0,-0.7999999999999999,0.6000000000000001,-1.0,0.7999999999999999,-0.19999999999999998,0.6000000000000001,0.6000000000000001,1.0,0.0,-1.0,0.39999999999999997,0.6000000000000001,-0.7999999999999999,-0.7999999999999999,-0.6000000000000001,0.7999999999999999,-0.7999999999999999,-1.0,-1.0,1.0,-1.0,0.7999999999999999,-0.7999999999999999,-0.6000000000000001,0.7999999999999999,0.7999999999999999,0.39999999999999997,0.6000000000000001,0.6000000000000001,0.7999999999999999,0.39999999999999997,0.6000000000000001,-0.6000000000000001,-0.6000000000000001,-0.7999999999999999,0.7999999999999999,-0.7999999999999999,-0.6000000000000001,0.7999999999999999,0.6000000000000001,0.7999999999999999,0.6000000000000001,0.6000000000000001,0.6000000000000001,0.6000000000000001,-0.7999999999999999,0.7999999999999999,1.0,0.6000000000000001,0.7999999999999999,-0.7999999999999999,1.0,-1.0,-1.0,0.7999999999999999,-0.6000000000000001,0.7999999999999999,1.0,0.19999999999999998,1.0,0.6000000000000001,-1.0,0.39999999999999997,0.6000000000000001,0.39999999999999997,1.0,0.6000000000000001,1.0,0.7999999999999999,-0.7999999999999999,0.6000000000000001,0.7999999999999999,0.6000000000000001,-0.6000000000000001,-0.7999999999999999,-0.7999999999999999,0.39999999999999997,-0.19999999999999998,-0.6000000000000001,-0.6000000000000001,-0.6000000000000001,-0.7999999999999999,0.7999999999999999,1.0,-0.6000000000000001,-1.0,-1.0,1.0,-0.6000000000000001,-0.7999999999999999,0.6000000000000001,0.7999999999999999,0.6000000000000001,1.0,0.6000000000000001,0.7999999999999999,-1.0,0.7999999999999999,0.7999999999999999,0.7999999999999999,0.7999999999999999,-0.7999999999999999,0.7999999999999999,-0.6000000000000001
SMO-BIN1,0.39999999999999997,-0.39999999999999997,-0.19999999999999998,-0.19999999999999998,-0.39999999999999997,-0.39999999999999997,-0.39999999999999997,0.19999999999999998,0.39999999999999997,0.19999999999999998,0.39999999999999997,0.39999999999999997,-0.39999999999999997,0.39999999999999997,0.7999999999999999,0.19999999999999998,0.19999999999999998,0.39999999999999997,-0.39999999999999997,-0.19999999999999998,0.39999999999999997,0.19999999999999998,-0.39999999999999997,-0.19999999999999998,0.39999999999999997,-0.39999999999999997,0.39999999999999997,0.39999999999999997,-0.19999999999999998,-0.39999999999999997,0.39999999999999997,-0.19999999999999998,-0.19999999999999998,0.7999999999999999,-0.19999999999999998,-0.19999999999999998,-0.39999999999999997,-0.19999999999999998,-0.19999999999999998,0.39999999999999997,0.6000000000000001,-0.19999999999999998,-0.19999999999999998,0.19999999999999998,0.39999999999999997,-0.19999999999999998,0.7999999999999999,-0.19999999999999998,-0.39999999999999997,-0.39999999999999997,0.19999999999999998,0.39999999999999997,0.39999999999999997,-0.19999999999999998,-0.19999999999999998,0.19999999999999998,-0.19999999999999998,-0.39999999999999997,-0.39999999999999997,0.19999999999999998,-0.39999999999999997,-0.39999999999999997,0.0,-0.19999999999999998,-0.19999999999999998,-0.39999999999999997,-0.7999999999999999,-0.19999999999999998,0.19999999999999998,0.19999999999999998,-0.39999999999999997,-0.39999999999999997,-0.39999999999999997,0.19999999999999998,0.39999999999999997,-0.19999999999999998,-0.39999999999999997,-0.19999999999999998,-0.19999999999999998,-0.19999999999999998,-0.19999999999999998,-0.39999999999999997,-0.39999999999999997,0.19999999999999998,-0.19999999999999998,-0.39999999999999997,-0.39999999999999997,0.19999999999999998,-0.19999999999999998,-0.19999999999999998,-0.39999999999999997,0.19999999999999998,0.39999999999999997,0.19999999999999998,1.0,0.19999999999999998,-0.19999999999999998,-0.19999999999999998,0.7999999999999999,-0.19999999999999998,-0.7999999999999999,0.19999999999999998,-0.19999999999999998,0.19999999999999998,-0.39999999999999997,-0.39999999999999997,-0.19999999999999998,-0.39999999999999997,-0.19999999999999998,0.19999999999999998,0.39999999999999997,0.39999999999999997,0.7999999999999999,0.6000000000000001,0.19999999999999998,0.19999999999999998,0.19999999999999998,-0.39999999999999997,0.39999999999999997,0.19999999999999998,0.19999999999999998,-0.19999999999999998,-0.19999999999999998,0.19999999999999998,0.19999999999999998,-0.39999999999999997,-0.19999999999999998,0.39999999999999997,-0.19999999999999998,0.19999999999999998,-0.19999999999999998,0.39999999999999997,-0.19999999999999998,-0.39999999999999997,-0.39999999999999997,0.39999999999999997,-0.39999999999999997,0.39999999999999997,0.39999999999999997,0.19999999999999998
SURF-3,0.7999999999999999,-0.7999999999999999,-1.0,0.6000000000000001,0.7999999999999999,0.7999999999999999,-0.7999999999999999,-0.6000000000000001,-0.7999999999999999,-0.6000000000000001,0.7999999999999999,0.7999999999999999,-0.7999999999999999,0.7999999999999999,0.39999999999999997,-0.6000000000000001,1.0,0.7999999999999999,0.7999999999999999,0.6000000000000001,-0.7999999999999999,1.0,0.7999999999999999,-1.0,0.7999999999999999,0.7999999999999999,0.7999999999999999,0.7999999999999999,-1.0,-0.7999999999999999,0.7999999999999999,-1.0,0.6000000000000001,0.39999999999999997,-1.0,-1.0,-0.7999999999999999,0.6000000000000001,-1.0,0.7999999999999999,-0.19999999999999998,0.6000000000000001,0.6000000000000001,1.0,0.0,-1.0,0.39999999999999997,0.6000000000000001,-0.7999999999999999,-0.7999999999999999,-0.6000000000000001,0.7999999999999999,-0.7999999999999999,-1.0,-1.0,1.0,-1.0,0.7999999999999999,-0.7999999999999999,-0.6000000000000001,0.7999999999999999,0.7999999999999999,0.39999999999999997,0.6000000000000001,0.6000000000000001,0.7999999999999999,0.39999999999999997,0.6000000000000001,-0.6000000000000001,-0.6000000000000001,-0.7999999999999999,0.7999999999999999,-0.7999999999999999,-0.6000000000000001,0.7999999999999999,0.6000000000000001,0.7999999999999999,0.6000000000000001,0.6000000000000001,0.6000000000000001,0.6000000000000001,-0.7999999999999999,0.7999999999999999,1.0,0.6000000000000001,0.7999999999999999,-0.7999999999999999,1.0,-1.0,-1.0,0.7999999999999999,-0.6000000000000001,0.7999999999999999,1.0,0.19999999999999998,1.0,0.6000000000000001,-1.0,0.39999999999999997,0.6000000000000001,0.39999999999999997,1.0,0.6000000000000001,1.0,0.7999999999999999,-0.7999999999999999,0.6000000000000001,0.7999999999999999,0.6000000000000001,-0.6000000000000001,-0.7999999999999999,-0.7999999999999999,0.39999999999999997,-0.19999999999999998,-0.6000000000000001,-0.6000000000000001,-0.6000000000000001,-0.7999999999999999,0.7999999999999999,1.0,-0.6000000000000001,-1.0,-1.0,1.0,-0.6000000000000001,-0.7999999999999999,0.6000000000000001,0.7999999999999999,0.6000000000000001,1.0,0.6000000000000001,0.7999999999999999,-1.0,0.7999999999999999,0.7999999999999999,0.7999999999999999,0.7999999999999999,-0.7999999999999999,0.7999999999999999,-0.6000000000000001
SW132,0.0,-0.7999999999999999,-0.6000000000000001,1.0,0.7999999999999999,0.7999999999999999,-0.7999999999999999,-1.0,-0.7999999999999999,-1.0,0.7999999999999999,0.7999999999999999,-0.7999999999999999,0.7999999999999999,0.39999999999999997,-1.0,0.6000000000000001,0.7999999999999999,0.7999999999999999,1.0,-0.7999999999999999,0.6000000000000001,0.7999999999999999,-0.6000000000000001,0.7999999999999999,0.7999999999999999,0.7999999999999999,0.0,-0.6000000000000001,-0.7999999999999999,0.7999999999999999,-0.6000000000000001,1.0,-0.39999999999999997,-0.6000000000000001,-0.6000000000000001,-0.7999999999999999,1.0,-0.6000000000000001,0.7999999999999999,0.19999999999999998,1.0,1.0,0.6000000000000001,-0.7999999999999999,-0.6000000000000001,0.39999999999999997,1.0,-0.7999999999999999,-0.7999999999999999,-1.0,0.7999999999999999,-0.7999999999999999,-0.6000000000000001,-0.6000000000000001,0.6000000000000001,-0.6000000000000001,0.7999999999999999,-0.7999999999999999,-1.0,0.7999999999999999,0.7999999999999999,-0.39999999999999997,1.0,1.0,0.7999999999999999,0.39999999999999997,1.0,-1.0,-1.0,-0.7999999999999999,0.7999999999999999,-0.7999999999999999,-1.0,0.7999999999999999,1.0,0.7999999999999999,1.0,1.0,1.0,1.0,0.0,0.7999999999999999,0.6000000000000001,1.0,0.7999999999999999,-0.7999999999999999,0.6000000000000001,-0.6000000000000001,-0.6000000000000001,0.7999999999999999,-1.0,0.7999999999999999,0.6000000000000001,-0.19999999999999998,0.6000000000000001,1.0,-0.6000000000000001,0.39999999999999997,1.0,0.39999999999999997,0.6000000000000001,1.0,0.6000000000000001,0.7999999999999999,-0.7999999999999999,1.0,0.7999999999999999,1.0,-1.0,-0.7999999999999999,-0.7999999999999999,0.39999999999999997,0.19999999999999998,-1.0,-1.0,-1.0,-0.7999999999999999,0.7999999999999999,0.6000000000000001,-1.0,-0.6000000000000001,-0.6000000000000001,0.6000000000000001,-1.0,-0.7999999999999999,1.0,0.7999999999999999,1.0,0.6000000000000001,1.0,0.7999999999999999,-0.6000000000000001,0.7999999999999999,0.7999999999999999,0.7999999999999999,0.7999999999999999,-0.7999999999999999,0.7999999999999999,-1.0
SZUA-36,-0.7999999999999999,0.7999999999999999,1.0,-0.6000000000000001,-0.7999999999999999,-0.7999999999999999,0.7999999999999999,0.6000000000000001,0.7999999999999999,0.6000000000000001,-0.7999999999999999,-0.7999999999999999,0.7999999999999999,-0.7999999999999999,-0.39999999999999997,0.6000000000000001,-1.0,-0.7999999999999999,-0.7999999999999999,-0.6000000000000001,0.7999999999999999,-1.0,-0.7999999999999999,1.0,-0.7999999999999999,-0.7999999999999999,-0.7999999999999999,-0.7999999999999999,1.0,0.7999999999999999,-0.7999999999999999,1.0,-0.6000000000000001,-0.39999999999999997,1.0,1.0,0.7999999999999999,-0.6000000000000001,1.0,-0.7999999999999999,0.19999999999999998,-0.6000000000000001,-0.6000000000000001,-1.0,0.0,1.0,-0.39999999999999997,-0.6000000000000001,0.7999999999999999,0.7999999999999999,0.6000000000000001,-0.7999999999999999,0.7999999999999999,1.0,1.0,-1.0,1.0,-0.7999999999999999,0.7999999999999999,0.6000000000000001,-0.7999999999999999,-0.7999999999999999,-0.39999999999999997,-0.6000000000000001,-0.6000000000000001,-0.7999999999999999,-0.39999999999999997,-0.6000000000000001,0.6000000000000001,0.6000000000000001,0.7999999999999999,-0.7999999999999999,0.7999999999999999,0.6000000000000001,-0.7999999999999999,-0.6000000000000001,-0.7999999999999999,-0.6000000000000001,-0.6000000000000001,-0.6000000000000001,-0.6000000000000001,0.7999999999999999,-0.7999999999999999,-1.0,-0.6000000000000001,-0.7999999999999999,0.7999999999999999,-1.0,1.0,1.0,-0.7999999999999999,0.6000000000000001,-0.7999999999999999,-1.0,-0.19999999999999998,-1.0,-0.6000000000000001,1.0,-0.39999999999999997,-0.6000000000000001,-0.39999999999999997,-1.0,-0.6000000000000001,-1.0,-0.7999999999999999,0.7999999999999999,-0.6000000000000001,-0.7999999999999999,-0.6000000000000001,0.6000000000000001,0.7999999999999999,0.7999999999999999,-0.39999999999999997,0.19999999999999998,0.6000000000000001,0.6000000000000001,0.6000000000000001,0.7999999999999999,-0.7999999999999999,-1.0,0.6000000000000001,1.0,1.0,-1.0,0.6000000000000001,0.7999999999999999,-0.6000000000000001,-0.7999999999999999,-0.6000000000000001,-1.0,-0.6000000000000001,-0.7999999999999999,1.0,-0.7999999999999999,-0.7999999999999999,-0.7999999999999999,-0.7999999999999999,0.7999999999999999,-0.7999999999999999,0.6000000000000001
SZUA-401,0.19999999999999998,-0.7999999999999999,-0.39999999999999997,0.39999999999999997,0.0,0.0,-0.7999999999999999,-0.39999999999999997,0.0,-0.39999999999999997,0.7999999999999999,0.7999999999999999,-0.7999999999999999,0.7999999999999999,1.0,-0.39999999999999997,0.39999999999999997,0.7999999999999999,0.0,0.39999999999999997,0.0,0.39999999999999997,0.0,-0.39999999999999997,0.7999999999999999,0.0,0.7999999999999999,0.19999999999999998,-0.39999999999999997,-0.7999999999999999,0.7999999999999999,-0.39999999999999997,0.39999999999999997,0.39999999999999997,-0.39999999999999997,-0.39999999999999997,-0.7999999999999999,0.39999999999999997,-0.39999999999999997,0.7999999999999999,0.7999999999999999,0.39999999999999997,0.39999999999999997,0.39999999999999997,-0.19999999999999998,-0.39999999999999997,1.0,0.39999999999999997,-0.7999999999999999,-0.7999999999999999,-0.39999999999999997,0.7999999999999999,0.0,-0.39999999999999997,-0.39999999999999997,0.39999999999999997,-0.39999999999999997,0.0,-0.7999999999999999,-0.39999999999999997,0.0,0.0,-0.39999999999999997,0.39999999999999997,0.39999999999999997,0.0,-0.6000000000000001,0.39999999999999997,-0.39999999999999997,-0.39999999999999997,-0.7999999999999999,0.0,-0.7999999999999999,-0.39999999999999997,0.7999999999999999,0.39999999999999997,0.0,0.39999999999999997,0.39999999999999997,0.39999999999999997,0.39999999999999997,-0.19999999999999998,0.0,0.39999999999999997,0.39999999999999997,0.0,-0.7999999999999999,0.39999999999999997,-0.39999999999999997,-0.39999999999999997,0.0,-0.39999999999999997,0.7999999999999999,0.39999999999999997,0.7999999999999999,0.39999999999999997,0.39999999999999997,-0.39999999999999997,1.0,0.39999999999999997,-0.6000000000000001,0.39999999999999997,0.39999999999999997,0.39999999999999997,0.0,-0.7999999999999999,0.39999999999999997,0.0,0.39999999999999997,-0.39999999999999997,0.0,0.0,1.0,0.7999999999999999,-0.39999999999999997,-0.39999999999999997,-0.39999999999999997,-0.7999999999999999,0.7999999999999999,0.39999999999999997,-0.39999999999999997,-0.39999999999999997,-0.39999999999999997,0.39999999999999997,-0.39999999999999997,-0.7999999999999999,0.39999999999999997,0.7999999999999999,0.39999999999999997,0.39999999999999997,0.39999999999999997,0.7999999999999999,-0.39999999999999997,0.0,0.0,0.7999999999999999,0.0,0.0,0.7999999999999999,-0.39999999999999997
Salegentibacter,0.0,-0.7999999999999999,-0.6000000000000001,1.0,0.7999999999999999,0.7999999999999999,-0.7999999999999999,-1.0,-0.7999999999999999,-1.0,0.7999999999999999,0.7999999999999999,-0.7999999999999999,0.7999999999999999,0.39999999999999997,-1.0,0.6000000000000001,0.7999999999999999,0.7999999999999999,1.0,-0.7999999999999999,0.6000000000000001,0.7999999999999999,-0.6000000000000001,0.7999999999999999,0.7999999999999999,0.7999999999999999,0.0,-0.6000000000000001,-0.7999999999999999,0.7999999999999999,-0.6000000000000001,1.0,-0.39999999999999997,-0.6000000000000001,-0.6000000000000001,-0.7999999999999999,1.0,-0.6000000000000001,0.7999999999999999,0.19999999999999998,1.0,1.0,0.6000000000000001,-0.7999999999999999,-0.6000000000000001,0.39999999999999997,1.0,-0.7999999999999999,-0.7999999999999999,-1.0,0.7999999999999999,-0.7999999999999999,-0.6000000000000001,-0.6000000000000001,0.6000000000000001,-0.6000000000000001,0.7999999999999999,-0.7999999999999999,-1.0,0.7999999999999999,0.7999999999999999,-0.39999999999999997,1.0,1.0,0.7999999999999999,0.39999999999999997,1.0,-1.0,-1.0,-0.7999999999999999,0.7999999999999999,-0.7999999999999999,-1.0,0.7999999999999999,1.0,0.7999999999999999,1.0,1.0,1.0,1.0,0.0,0.7999999999999999,0.6000000000000001,1.0,0.7999999999999999,-0.7999999999999999,0.6000000000000001,-0.6000000000000001,-0.6000000000000001,0.7999999999999999,-1.0,0.7999999999999999,0.6000000000000001,-0.19999999999999998,0.6000000000000001,1.0,-0.6000000000000001,0.39999999999999997,1.0,0.39999999999999997,0.6000000000000001,1.0,0.6000000000000001,0.7999999999999999,-0.7999999999999999,1.0,0.7999999999999999,1.0,-1.0,-0.7999999999999999,-0.7999999999999999,0.39999999999999997,0.19999999999999998,-1.0,-1.0,-1.0,-0.7999999999999999,0.7999999999999999,0.6000000000000001,-1.0,-0.6000000000000001,-0.6000000000000001,0.6000000000000001,-1.0,-0.7999999999999999,1.0,0.7999999999999999,1.0,0.6000000000000001,1.0,0.7999999999999999,-0.6000000000000001,0.7999999999999999,0.7999999999999999,0.7999999999999999,0.7999999999999999,-0.7999999999999999,0.7999999999999999,-1.0
Salinarimonas,0.19999999999999998,0.0,-0.39999999999999997,0.39999999999999997,0.7999999999999999,0.7999999999999999,0.0,-0.39999999999999997,-0.7999999999999999,-0.39999999999999997,0.0,0.0,0.0,0.0,-0.6000000000000001,-0.39999999999999997,0.39999999999999997,0.0,0.7999999999999999,0.39999999999999997,-0.7999999999999999,0.39999999999999997,0.7999999999999999,-0.39999999999999997,0.0,0.7999999999999999,0.0,0.19999999999999998,-0.39999999999999997,0.0,0.0,-0.39999999999999997,0.39999999999999997,-0.39999999999999997,-0.39999999999999997,-0.39999999999999997,0.0,0.39999999999999997,-0.39999999999999997,0.0,-0.7999999999999999,0.39999999999999997,0.39999999999999997,0.39999999999999997,-0.19999999999999998,-0.39999999999999997,-0.6000000000000001,0.39999999999999997,0.0,0.0,-0.39999999999999997,0.0,-0.7999999999999999,-0.39999999999999997,-0.39999999999999997,0.39999999999999997,-0.39999999999999997,0.7999999999999999,0.0,-0.39999999999999997,0.7999999999999999,0.7999999999999999,0.39999999999999997,0.39999999999999997,0.39999999999999997,0.7999999999999999,1.0,0.39999999999999997,-0.39999999999999997,-0.39999999999999997,0.0,0.7999999999999999,0.0,-0.39999999999999997,0.0,0.39999999999999997,0.7999999999999999,0.39999999999999997,0.39999999999999997,0.39999999999999997,0.39999999999999997,-0.19999999999999998,0.7999999999999999,0.39999999999999997,0.39999999999999997,0.7999999999999999,0.0,0.39999999999999997,-0.39999999999999997,-0.39999999999999997,0.7999999999999999,-0.39999999999999997,0.0,0.39999999999999997,-0.7999999999999999,0.39999999999999997,0.39999999999999997,-0.39999999999999997,-0.6000000000000001,0.39999999999999997,1.0,0.39999999999999997,0.39999999999999997,0.39999999999999997,0.7999999999999999,0.0,0.39999999999999997,0.7999999999999999,0.39999999999999997,-0.39999999999999997,-0.7999999999999999,-0.7999999999999999,-0.6000000000000001,-0.7999999999999999,-0.39999999999999997,-0.39999999999999997,-0.39999999999999997,0.0,0.0,0.39999999999999997,-0.39999999999999997,-0.39999999999999997,-0.39999999999999997,0.39999999999999997,-0.39999999999999997,0.0,0.39999999999999997,0.0,0.39999999999999997,0.39999999999999997,0.39999999999999997,0.0,-0.39999999999999997,0.7999999999999999,0.7999999999999999,0.0,0.7999999999999999,-0.7999999999999999,0.0,-0.39999999999999997
Salinivirga,0.7999999999999999,-0.7999999999999999,-1.0,0.6000000000000001,0.7999999999999999,0.7999999999999999,-0.7999999999999999,-0.6000000000000001,-0.7999999999999999,-0.6000000000000001,0.7999999999999999,0.7999999999999999,-0.7999999999999999,0.7999999999999999,0.39999999999999997,-0.6000000000000001,1.0,0.7999999999999999,0.7999999999999999,0.6000000000000001,-0.7999999999999999,1.0,0.7999999999999999,-1.0,0.7999999999999999,0.7999999999999999,0.7999999999999999,0.7999999999999999,-1.0,-0.7999999999999999,0.7999999999999999,-1.0,0.6000000000000001,0.39999999999999997,-1.0,-1.0,-0.7999999999999999,0.6000000000000001,-1.0,0.7999999999999999,-0.19999999999999998,0.6000000000000001,0.6000000000000001,1.0,0.0,-1.0,0.39999999999999997,0.6000000000000001,-0.7999999999999999,-0.7999999999999999,-0.6000000000000001,0.7999999999999999,-0.7999999999999999,-1.0,-1.0,1.0,-1.0,0.7999999999999999,-0.7999999999999999,-0.6000000000000001,0.7999999999999999,0.7999999999999999,0.39999999999999997,0.6000000000000001,0.6000000000000001,0.7999999999999999,0.39999999999999997,0.6000000000000001,-0.6000000000000001,-0.6000000000000001,-0.7999999999999999,0.7999999999999999,-0.7999999999999999,-0.6000000000000001,0.7999999999999999,0.6000000000000001,0.7999999999999999,0.6000000000000001,0.6000000000000001,0.6000000000000001,0.6000000000000001,-0.7999999999999999,0.7999999999999999,1.0,0.6000000000000001,0.7999999999999999,-0.7999999999999999,1.0,-1.0,-1.0,0.7999999999999999,-0.6000000000000001,0.7999999999999999,1.0,0.19999999999999998,1.0,0.6000000000000001,-1.0,0.39999999999999997,0.6000000000000001,0.39999999999999997,1.0,0.6000000000000001,1.0,0.7999999999999999,-0.7999999999999999,0.6000000000000001,0.7999999999999999,0.6000000000000001,-0.6000000000000001,-0.7999999999999999,-0.7999999999999999,0.39999999999999997,-0.19999999999999998,-0.6000000000000001,-0.6000000000000001,-0.6000000000000001,-0.7999999999999999,0.7999999999999999,1.0,-0.6000000000000001,-1.0,-1.0,1.0,-0.6000000000000001,-0.7999999999999999,0.6000000000000001,0.7999999999999999,0.6000000000000001,1.0,0.6000000000000001,0.7999999999999999,-1.0,0.7999999999999999,0.7999999999999999,0.7999999999999999,0.7999999999999999,-0.7999999999999999,0.7999999999999999,-0.6000000000000001
Saprospiraceae,0.0,-0.7999999999999999,-0.6000000000000001,1.0,0.7999999999999999,0.7999999999999999,-0.7999999999999999,-1.0,-0.7999999999999999,-1.0,0.7999999999999999,0.7999999999999999,-0.7999999999999999,0.7999999999999999,0.39999999999999997,-1.0,0.6000000000000001,0.7999999999999999,0.7999999999999999,1.0,-0.7999999999999999,0.6000000000000001,0.7999999999999999,-0.6000000000000001,0.7999999999999999,0.7999999999999999,0.7999999999999999,0.0,-0.6000000000000001,-0.7999999999999999,0.7999999999999999,-0.6000000000000001,1.0,-0.39999999999999997,-0.6000000000000001,-0.6000000000000001,-0.7999999999999999,1.0,-0.6000000000000001,0.7999999999999999,0.19999999999999998,1.0,1.0,0.6000000000000001,-0.7999999999999999,-0.6000000000000001,0.39999999999999997,1.0,-0.7999999999999999,-0.7999999999999999,-1.0,0.7999999999999999,-0.7999999999999999,-0.6000000000000001,-0.6000000000000001,0.6000000000000001,-0.6000000000000001,0.7999999999999999,-0.7999999999999999,-1.0,0.7999999999999999,0.7999999999999999,-0.39999999999999997,1.0,1.0,0.7999999999999999,0.39999999999999997,1.0,-1.0,-1.0,-0.7999999999999999,0.7999999999999999,-0.7999999999999999,-1.0,0.7999999999999999,1.0,0.7999999999999999,1.0,1.0,1.0,1.0,0.0,0.7999999999999999,0.6000000000000001,1.0,0.7999999999999999,-0.7999999999999999,0.6000000000000001,-0.6000000000000001,-0.6000000000000001,0.7999999999999999,-1.0,0.7999999999999999,0.6000000000000001,-0.19999999999999998,0.6000000000000001,1.0,-0.6000000000000001,0.39999999999999997,1.0,0.39999999999999997,0.6000000000000001,1.0,0.6000000000000001,0.7999999999999999,-0.7999999999999999,1.0,0.7999999999999999,1.0,-1.0,-0.7999999999999999,-0.7999999999999999,0.39999999999999997,0.19999999999999998,-1.0,-1.0,-1.0,-0.7999999999999999,0.7999999999999999,0.6000000000000001,-1.0,-0.6000000000000001,-0.6000000000000001,0.6000000000000001,-1.0,-0.7999999999999999,1.0,0.7999999999999999,1.0,0.6000000000000001,1.0,0.7999999999999999,-0.6000000000000001,0.7999999999999999,0.7999999999999999,0.7999999999999999,0.7999999999999999,-0.7999999999999999,0.7999999999999999,-1.0
Sediminispirochaetaceae,0.7999999999999999,-0.7999999999999999,-1.0,0.6000000000000001,0.7999999999999999,0.7999999999999999,-0.7999999999999999,-0.6000000000000001,-0.7999999999999999,-0.6000000000000001,0.7999999999999999,0.7999999999999999,-0.7999999999999999,0.7999999999999999,0.39999999999999997,-0.6000000000000001,1.0,0.7999999999999999,0.7999999999999999,0.6000000000000001,-0.7999999999999999,1.0,0.7999999999999999,-1.0,0.7999999999999999,0.7999999999999999,0.7999999999999999,0.7999999999999999,-1.0,-0.7999999999999999,0.7999999999999999,-1.0,0.6000000000000001,0.39999999999999997,-1.0,-1.0,-0.7999999999999999,0.6000000000000001,-1.0,0.7999999999999999,-0.19999999999999998,0.6000000000000001,0.6000000000000001,1.0,0.0,-1.0,0.39999999999999997,0.6000000000000001,-0.7999999999999999,-0.7999999999999999,-0.6000000000000001,0.7999999999999999,-0.7999999999999999,-1.0,-1.0,1.0,-1.0,0.7999999999999999,-0.7999999999999999,-0.6000000000000001,0.7999999999999999,0.7999999999999999,0.39999999999999997,0.6000000000000001,0.6000000000000001,0.7999999999999999,0.39999999999999997,0.6000000000000001,-0.6000000000000001,-0.6000000000000001,-0.7999999999999999,0.7999999999999999,-0.7999999999999999,-0.6000000000000001,0.7999999999999999,0.6000000000000001,0.7999999999999999,0.6000000000000001,0.6000000000000001,0.6000000000000001,0.6000000000000001,-0.7999999999999999,0.7999999999999999,1.0,0.6000000000000001,0.7999999999999999,-0.7999999999999999,1.0,-1.0,-1.0,0.7999999999999999,-0.6000000000000001,0.7999999999999999,1.0,0.19999999999999998,1.0,0.6000000000000001,-1.0,0.39999999999999997,0.6000000000000001,0.39999999999999997,1.0,0.6000000000000001,1.0,0.7999999999999999,-0.7999999999999999,0.6000000000000001,0.7999999999999999,0.6000000000000001,-0.6000000000000001,-0.7999999999999999,-0.7999999999999999,0.39999999999999997,-0.19999999999999998,-0.6000000000000001,-0.6000000000000001,-0.6000000000000001,-0.7999999999999999,0.7999999999999999,1.0,-0.6000000000000001,-1.0,-1.0,1.0,-0.6000000000000001,-0.7999999999999999,0.6000000000000001,0.7999999999999999,0.6000000000000001,1.0,0.6000000000000001,0.7999999999999999,-1.0,0.7999999999999999,0.7999999999999999,0.7999999999999999,0.7999999999999999,-0.7999999999999999,0.7999999999999999,-0.6000000000000001
Spiribacter,0.39999999999999997,-0.6000000000000001,-0.7999999999999999,0.7999999999999999,1.0,1.0,-0.6000000000000001,-0.7999999999999999,-1.0,-0.7999999999999999,0.6000000000000001,0.6000000000000001,-0.6000000000000001,0.6000000000000001,0.0,-0.7999999999999999,0.7999999999999999,0.6000000000000001,1.0,0.7999999999999999,-1.0,0.7999999999999999,1.0,-0.7999999999999999,0.6000000000000001,1.0,0.6000000000000001,0.39999999999999997,-0.7999999999999999,-0.6000000000000001,0.6000000000000001,-0.7999999999999999,0.7999999999999999,-0.19999999999999998,-0.7999999999999999,-0.7999999999999999,-0.6000000000000001,0.7999999999999999,-0.7999999999999999,0.6000000000000001,-0.39999999999999997,0.7999999999999999,0.7999999999999999,0.7999999999999999,-0.39999999999999997,-0.7999999999999999,0.0,0.7999999999999999,-0.6000000000000001,-0.6000000000000001,-0.7999999999999999,0.6000000000000001,-1.0,-0.7999999999999999,-0.7999999999999999,0.7999999999999999,-0.7999999999999999,1.0,-0.6000000000000001,-0.7999999999999999,1.0,1.0,0.19999999999999998,0.7999999999999999,0.7999999999999999,1.0,0.7999999999999999,0.7999999999999999,-0.7999999999999999,-0.7999999999999999,-0.6000000000000001,1.0,-0.6000000000000001,-0.7999999999999999,0.6000000000000001,0.7999999999999999,1.0,0.7999999999999999,0.7999999999999999,0.7999999999999999,0.7999999999999999,-0.39999999999999997,1.0,0.7999999999999999,0.7999999999999999,1.0,-0.6000000000000001,0.7999999999999999,-0.7999999999999999,-0.7999999999999999,1.0,-0.7999999999999999,0.6000000000000001,0.7999999999999999,-0.39999999999999997,0.7999999999999999,0.7999999999999999,-0.7999999999999999,0.0,0.7999999999999999,0.7999999999999999,0.7999999999999999,0.7999999999999999,0.7999999999999999,1.0,-0.6000000000000001,0.7999999999999999,1.0,0.7999999999999999,-0.7999999999999999,-1.0,-1.0,0.0,-0.39999999999999997,-0.7999999999999999,-0.7999999999999999,-0.7999999999999999,-0.6000000000000001,0.6000000000000001,0.7999999999999999,-0.7999999999999999,-0.7999999999999999,-0.7999999999999999,0.7999999999999999,-0.7999999999999999,-0.6000000000000001,0.7999999999999999,0.6000000000000001,0.7999999999999999,0.7999999999999999,0.7999999999999999,0.6000000000000001,-0.7999999999999999,1.0,1.0,0.6000000000000001,1.0,-1.0,0.6000000000000001,-0.7999999999999999
Sunxiuqinia,-0.39999999999999997,1.0,0.7999999999999999,-0.7999999999999999,-0.6000000000000001,-0.6000000000000001,1.0,0.7999999999999999,0.6000000000000001,0.7999999999999999,-1.0,-1.0,1.0,-1.0,-0.7999999999999999,0.7999999999999999,-0.7999999999999999,-1.0,-0.6000000000000001,-0.7999999999999999,0.6000000000000001,-0.7999999999999999,-0.6000000000000001,0.7999999999999999,-1.0,-0.6000000000000001,-1.0,-0.39999999999999997,0.7999999999999999,1.0,-1.0,0.7999999999999999,-0.7999999999999999,-0.19999999999999998,0.7999999999999999,0.7999999999999999,1.0,-0.7999999999999999,0.7999999999999999,-1.0,-0.39999999999999997,-0.7999999999999999,-0.7999999999999999,-0.7999999999999999,0.39999999999999997,0.7999999999999999,-0.7999999999999999,-0.7999999999999999,1.0,1.0,0.7999999999999999,-1.0,0.6000000000000001,0.7999999999999999,0.7999999999999999,-0.7999999999999999,0.7999999999999999,-0.6000000000000001,1.0,0.7999999999999999,-0.6000000000000001,-0.6000000000000001,0.19999999999999998,-0.7999999999999999,-0.7999999999999999,-0.6000000000000001,0.0,-0.7999999999999999,0.7999999999999999,0.7999999999999999,1.0,-0.6000000000000001,1.0,0.7999999999999999,-1.0,-0.7999999999999999,-0.6000000000000001,-0.7999999999999999,-0.7999999999999999,-0.7999999999999999,-0.7999999999999999,0.39999999999999997,-0.6000000000000001,-0.7999999999999999,-0.7999999999999999,-0.6000000000000001,1.0,-0.7999999999999999,0.7999999999999999,0.7999999999999999,-0.6000000000000001,0.7999999999999999,-1.0,-0.7999999999999999,-0.39999999999999997,-0.7999999999999999,-0.7999999999999999,0.7999999999999999,-0.7999999999999999,-0.7999999999999999,0.0,-0.7999999999999999,-0.7999999999999999,-0.7999999999999999,-0.6000000000000001,1.0,-0.7999999999999999,-0.6000000000000001,-0.7999999999999999,0.7999999999999999,0.6000000000000001,0.6000000000000001,-0.7999999999999999,-0.39999999999999997,0.7999999999999999,0.7999999999999999,0.7999999999999999,1.0,-1.0,-0.7999999999999999,0.7999999999999999,0.7999999999999999,0.7999999999999999,-0.7999999999999999,0.7999999999999999,1.0,-0.7999999999999999,-1.0,-0.7999999999999999,-0.7999999999999999,-0.7999999999999999,-1.0,0.7999999999999999,-0.6000000000000001,-0.6000000000000001,-1.0,-0.6000000000000001,0.6000000000000001,-1.0,0.7999999999999999
Synergistales,0.0,-0.7999999999999999,-0.6000000000000001,1.0,0.7999999999999999,0.7999999999999999,-0.7999999999999999,-1.0,-0.7999999999999999,-1.0,0.7999999999999999,0.7999999999999999,-0.7999999999999999,0.7999999999999999,0.39999999999999997,-1.0,0.6000000000000001,0.7999999999999999,0.7999999999999999,1.0,-0.7999999999999999,0.6000000000000001,0.7999999999999999,-0.6000000000000001,0.7999999999999999,0.7999999999999999,0.7999999999999999,0.0,-0.6000000000000001,-0.7999999999999999,0.7999999999999999,-0.6000000000000001,1.0,-0.39999999999999997,-0.6000000000000001,-0.6000000000000001,-0.7999999999999999,1.0,-0.6000000000000001,0.7999999999999999,0.19999999999999998,1.0,1.0,0.6000000000000001,-0.7999999999999999,-0.6000000000000001,0.39999999999999997,1.0,-0.7999999999999999,-0.7999999999999999,-1.0,0.7999999999999999,-0.7999999999999999,-0.6000000000000001,-0.6000000000000001,0.6000000000000001,-0.6000000000000001,0.7999999999999999,-0.7999999999999999,-1.0,0.7999999999999999,0.7999999999999999,-0.39999999999999997,1.0,1.0,0.7999999999999999,0.39999999999999997,1.0,-1.0,-1.0,-0.7999999999999999,0.7999999999999999,-0.7999999999999999,-1.0,0.7999999999999999,1.0,0.7999999999999999,1.0,1.0,1.0,1.0,0.0,0.7999999999999999,0.6000000000000001,1.0,0.7999999999999999,-0.7999999999999999,0.6000000000000001,-0.6000000000000001,-0.6000000000000001,0.7999999999999999,-1.0,0.7999999999999999,0.6000000000000001,-0.19999999999999998,0.6000000000000001,1.0,-0.6000000000000001,0.39999999999999997,1.0,0.39999999999999997,0.6000000000000001,1.0,0.6000000000000001,0.7999999999999999,-0.7999999999999999,1.0,0.7999999999999999,1.0,-1.0,-0.7999999999999999,-0.7999999999999999,0.39999999999999997,0.19999999999999998,-1.0,-1.0,-1.0,-0.7999999999999999,0.7999999999999999,0.6000000000000001,-1.0,-0.6000000000000001,-0.6000000000000001,0.6000000000000001,-1.0,-0.7999999999999999,1.0,0.7999999999999999,1.0,0.6000000000000001,1.0,0.7999999999999999,-0.6000000000000001,0.7999999999999999,0.7999999999999999,0.7999999999999999,0.7999999999999999,-0.7999999999999999,0.7999999999999999,-1.0
T1Sed10-7,0.39999999999999997,-0.6000000000000001,-0.7999999999999999,0.7999999999999999,1.0,1.0,-0.6000000000000001,-0.7999999999999999,-1.0,-0.7999999999999999,0.6000000000000001,0.6000000000000001,-0.6000000000000001,0.6000000000000001,0.0,-0.7999999999999999,0.7999999999999999,0.6000000000000001,1.0,0.7999999999999999,-1.0,0.7999999999999999,1.0,-0.7999999999999999,0.6000000000000001,1.0,0.6000000000000001,0.39999999999999997,-0.7999999999999999,-0.6000000000000001,0.6000000000000001,-0.7999999999999999,0.7999999999999999,-0.19999999999999998,-0.7999999999999999,-0.7999999999999999,-0.6000000000000001,0.7999999999999999,-0.7999999999999999,0.6000000000000001,-0.39999999999999997,0.7999999999999999,0.7999999999999999,0.7999999999999999,-0.39999999999999997,-0.7999999999999999,0.0,0.7999999999999999,-0.6000000000000001,-0.6000000000000001,-0.7999999999999999,0.6000000000000001,-1.0,-0.7999999999999999,-0.7999999999999999,0.7999999999999999,-0.7999999999999999,1.0,-0.6000000000000001,-0.7999999999999999,1.0,1.0,0.19999999999999998,0.7999999999999999,0.7999999999999999,1.0,0.7999999999999999,0.7999999999999999,-0.7999999999999999,-0.7999999999999999,-0.6000000000000001,1.0,-0.6000000000000001,-0.7999999999999999,0.6000000000000001,0.7999999999999999,1.0,0.7999999999999999,0.7999999999999999,0.7999999999999999,0.7999999999999999,-0.39999999999999997,1.0,0.7999999999999999,0.7999999999999999,1.0,-0.6000000000000001,0.7999999999999999,-0.7999999999999999,-0.7999999999999999,1.0,-0.7999999999999999,0.6000000000000001,0.7999999999999999,-0.39999999999999997,0.7999999999999999,0.7999999999999999,-0.7999999999999999,0.0,0.7999999999999999,0.7999999999999999,0.7999999999999999,0.7999999999999999,0.7999999999999999,1.0,-0.6000000000000001,0.7999999999999999,1.0,0.7999999999999999,-0.7999999999999999,-1.0,-1.0,0.0,-0.39999999999999997,-0.7999999999999999,-0.7999999999999999,-0.7999999999999999,-0.6000000000000001,0.6000000000000001,0.7999999999999999,-0.7999999999999999,-0.7999999999999999,-0.7999999999999999,0.7999999999999999,-0.7999999999999999,-0.6000000000000001,0.7999999999999999,0.6000000000000001,0.7999999999999999,0.7999999999999999,0.7999999999999999,0.6000000000000001,-0.7999999999999999,1.0,1.0,0.6000000000000001,1.0,-1.0,0.6000000000000001,-0.7999999999999999
Tangfeifania,0.0,-0.7999999999999999,-0.6000000000000001,1.0,0.7999999999999999,0.7999999999999999,-0.7999999999999999,-1.0,-0.7999999999999999,-1.0,0.7999999999999999,0.7999999999999999,-0.7999999999999999,0.7999999999999999,0.39999999999999997,-1.0,0.6000000000000001,0.7999999999999999,0.7999999999999999,1.0,-0.7999999999999999,0.6000000000000001,0.7999999999999999,-0.6000000000000001,0.7999999999999999,0.7999999999999999,0.7999999999999999,0.0,-0.6000000000000001,-0.7999999999999999,0.7999999999999999,-0.6000000000000001,1.0,-0.39999999999999997,-0.6000000000000001,-0.6000000000000001,-0.7999999999999999,1.0,-0.6000000000000001,0.7999999999999999,0.19999999999999998,1.0,1.0,0.6000000000000001,-0.7999999999999999,-0.6000000000000001,0.39999999999999997,1.0,-0.7999999999999999,-0.7999999999999999,-1.0,0.7999999999999999,-0.7999999999999999,-0.6000000000000001,-0.6000000000000001,0.6000000000000001,-0.6000000000000001,0.7999999999999999,-0.7999999999999999,-1.0,0.7999999999999999,0.7999999999999999,-0.39999999999999997,1.0,1.0,0.7999999999999999,0.39999999999999997,1.0,-1.0,-1.0,-0.7999999999999999,0.7999999999999999,-0.7999999999999999,-1.0,0.7999999999999999,1.0,0.7999999999999999,1.0,1.0,1.0,1.0,0.0,0.7999999999999999,0.6000000000000001,1.0,0.7999999999999999,-0.7999999999999999,0.6000000000000001,-0.6000000000000001,-0.6000000000000001,0.7999999999999999,-1.0,0.7999999999999999,0.6000000000000001,-0.19999999999999998,0.6000000000000001,1.0,-0.6000000000000001,0.39999999999999997,1.0,0.39999999999999997,0.6000000000000001,1.0,0.6000000000000001,0.7999999999999999,-0.7999999999999999,1.0,0.7999999999999999,1.0,-1.0,-0.7999999999999999,-0.7999999999999999,0.39999999999999997,0.19999999999999998,-1.0,-1.0,-1.0,-0.7999999999999999,0.7999999999999999,0.6000000000000001,-1.0,-0.6000000000000001,-0.6000000000000001,0.6000000000000001,-1.0,-0.7999999999999999,1.0,0.7999999999999999,1.0,0.6000000000000001,1.0,0.7999999999999999,-0.6000000000000001,0.7999999999999999,0.7999999999999999,0.7999999999999999,0.7999999999999999,-0.7999999999999999,0.7999999999999999,-1.0
Thiohalobacterales,0.0,0.7999999999999999,0.6000000000000001,-1.0,-0.7999999999999999,-0.7999999999999999,0.7999999999999999,1.0,0.7999999999999999,1.0,-0.7999999999999999,-0.7999999999999999,0.7999999999999999,-0.7999999999999999,-0.39999999999999997,1.0,-0.6000000000000001,-0.7999999999999999,-0.7999999999999999,-1.0,0.7999999999999999,-0.6000000000000001,-0.7999999999999999,0.6000000000000001,-0.7999999999999999,-0.7999999999999999,-0.7999999999999999,0.0,0.6000000000000001,0.7999999999999999,-0.7999999999999999,0.6000000000000001,-1.0,0.39999999999999997,0.6000000000000001,0.6000000000000001,0.7999999999999999,-1.0,0.6000000000000001,-0.7999999999999999,-0.19999999999999998,-1.0,-1.0,-0.6000000000000001,0.7999999999999999,0.6000000000000001,-0.39999999999999997,-1.0,0.7999999999999999,0.7999999999999999,1.0,-0.7999999999999999,0.7999999999999999,0.6000000000000001,0.6000000000000001,-0.6000000000000001,0.6000000000000001,-0.7999999999999999,0.7999999999999999,1.0,-0.7999999999999999,-0.7999999999999999,0.39999999999999997,-1.0,-1.0,-0.7999999999999999,-0.39999999999999997,-1.0,1.0,1.0,0.7999999999999999,-0.7999999999999999,0.7999999999999999,1.0,-0.7999999999999999,-1.0,-0.7999999999999999,-1.0,-1.0,-1.0,-1.0,0.0,-0.7999999999999999,-0.6000000000000001,-1.0,-0.7999999999999999,0.7999999999999999,-0.6000000000000001,0.6000000000000001,0.6000000000000001,-0.7999999999999999,1.0,-0.7999999999999999,-0.6000000000000001,0.19999999999999998,-0.6000000000000001,-1.0,0.6000000000000001,-0.39999999999999997,-1.0,-0.39999999999999997,-0.6000000000000001,-1.0,-0.6000000000000001,-0.7999999999999999,0.7999999999999999,-1.0,-0.7999999999999999,-1.0,1.0,0.7999999999999999,0.7999999999999999,-0.39999999999999997,-0.19999999999999998,1.0,1.0,1.0,0.7999999999999999,-0.7999999999999999,-0.6000000000000001,1.0,0.6000000000000001,0.6000000000000001,-0.6000000000000001,1.0,0.7999999999999999,-1.0,-0.7999999999999999,-1.0,-0.6000000000000001,-1.0,-0.7999999999999999,0.6000000000000001,-0.7999999999999999,-0.7999999999999999,-0.7999999999999999,-0.7999999999999999,0.7999999999999999,-0.7999999999999999,1.0
Thiohalomonadales,-0.39999999999999997,0.6000000000000001,0.7999999999999999,-0.7999999999999999,-1.0,-1.0,0.6000000000000001,0.7999999999999999,1.0,0.7999999999999999,-0.6000000000000001,-0.6000000000000001,0.6000000000000001,-0.6000000000000001,0.0,0.7999999999999999,-0.7999999999999999,-0.6000000000000001,-1.0,-0.7999999999999999,1.0,-0.7999999999999999,-1.0,0.7999999999999999,-0.6000000000000001,-1.0,-0.6000000000000001,-0.39999999999999997,0.7999999999999999,0.6000000000000001,-0.6000000000000001,0.7999999999999999,-0.7999999999999999,0.19999999999999998,0.7999999999999999,0.7999999999999999,0.6000000000000001,-0.7999999999999999,0.7999999999999999,-0.6000000000000001,0.39999999999999997,-0.7999999999999999,-0.7999999999999999,-0.7999999999999999,0.39999999999999997,0.7999999999999999,0.0,-0.7999999999999999,0.6000000000000001,0.6000000000000001,0.7999999999999999,-0.6000000000000001,1.0,0.7999999999999999,0.7999999999999999,-0.7999999999999999,0.7999999999999999,-1.0,0.6000000000000001,0.7999999999999999,-1.0,-1.0,-0.19999999999999998,-0.7999999999999999,-0.7999999999999999,-1.0,-0.7999999999999999,-0.7999999999999999,0.7999999999999999,0.7999999999999999,0.6000000000000001,-1.0,0.6000000000000001,0.7999999999999999,-0.6000000000000001,-0.7999999999999999,-1.0,-0.7999999999999999,-0.7999999999999999,-0.7999999999999999,-0.7999999999999999,0.39999999999999997,-1.0,-0.7999999999999999,-0.7999999999999999,-1.0,0.6000000000000001,-0.7999999999999999,0.7999999999999999,0.7999999999999999,-1.0,0.7999999999999999,-0.6000000000000001,-0.7999999999999999,0.39999999999999997,-0.7999999999999999,-0.7999999999999999,0.7999999999999999,0.0,-0.7999999999999999,-0.7999999999999999,-0.7999999999999999,-0.7999999999999999,-0.7999999999999999,-1.0,0.6000000000000001,-0.7999999999999999,-1.0,-0.7999999999999999,0.7999999999999999,1.0,1.0,0.0,0.39999999999999997,0.7999999999999999,0.7999999999999999,0.7999999999999999,0.6000000000000001,-0.6000000000000001,-0.7999999999999999,0.7999999999999999,0.7999999999999999,0.7999999999999999,-0.7999999999999999,0.7999999999999999,0.6000000000000001,-0.7999999999999999,-0.6000000000000001,-0.7999999999999999,-0.7999999999999999,-0.7999999999999999,-0.6000000000000001,0.7999999999999999,-1.0,-1.0,-0.6000000000000001,-1.0,1.0,-0.6000000000000001,0.7999999999999999
Thiohalophilus,-0.39999999999999997,0.6000000000000001,0.7999999999999999,-0.7999999999999999,-1.0,-1.0,0.6000000000000001,0.7999999999999999,1.0,0.7999999999999999,-0.6000000000000001,-0.6000000000000001,0.6000000000000001,-0.6000000000000001,0.0,0.7999999999999999,-0.7999999999999999,-0.6000000000000001,-1.0,-0.7999999999999999,1.0,-0.7999999999999999,-1.0,0.7999999999999999,-0.6000000000000001,-1.0,-0.6000000000000001,-0.39999999999999997,0.7999999999999999,0.6000000000000001,-0.6000000000000001,0.7999999999999999,-0.7999999999999999,0.19999999999999998,0.7999999999999999,0.7999999999999999,0.6000000000000001,-0.7999999999999999,0.7999999999999999,-0.6000000000000001,0.39999999999999997,-0.7999999999999999,-0.7999999999999999,-0.7999999999999999,0.39999999999999997,0.7999999999999999,0.0,-0.7999999999999999,0.6000000000000001,0.6000000000000001,0.7999999999999999,-0.6000000000000001,1.0,0.7999999999999999,0.7999999999999999,-0.7999999999999999,0.7999999999999999,-1.0,0.6000000000000001,0.7999999999999999,-1.0,-1.0,-0.19999999999999998,-0.7999999999999999,-0.7999999999999999,-1.0,-0.7999999999999999,-0.7999999999999999,0.7999999999999999,0.7999999999999999,0.6000000000000001,-1.0,0.6000000000000001,0.7999999999999999,-0.6000000000000001,-0.7999999999999999,-1.0,-0.7999999999999999,-0.7999999999999999,-0.7999999999999999,-0.7999999999999999,0.39999999999999997,-1.0,-0.7999999999999999,-0.7999999999999999,-1.0,0.6000000000000001,-0.7999999999999999,0.7999999999999999,0.7999999999999999,-1.0,0.7999999999999999,-0.6000000000000001,-0.7999999999999999,0.39999999999999997,-0.7999999999999999,-0.7999999999999999,0.7999999999999999,0.0,-0.7999999999999999,-0.7999999999999999,-0.7999999999999999,-0.7999999999999999,-0.7999999999999999,-1.0,0.6000000000000001,-0.7999999999999999,-1.0,-0.7999999999999999,0.7999999999999999,1.0,1.0,0.0,0.39999999999999997,0.7999999999999999,0.7999999999999999,0.7999999999999999,0.6000000000000001,-0.6000000000000001,-0.7999999999999999,0.7999999999999999,0.7999999999999999,0.7999999999999999,-0.7999999999999999,0.7999999999999999,0.6000000000000001,-0.7999999999999999,-0.6000000000000001,-0.7999999999999999,-0.7999999999999999,-0.7999999999999999,-0.6000000000000001,0.7999999999999999,-1.0,-1.0,-0.6000000000000001,-1.0,1.0,-0.6000000000000001,0.7999999999999999
Thiohalorhabdus,0.19999999999999998,-0.7999999999999999,-0.39999999999999997,0.39999999999999997,0.0,0.0,-0.7999999999999999,-0.39999999999999997,0.0,-0.39999999999999997,0.7999999999999999,0.7999999999999999,-0.7999999999999999,0.7999999999999999,1.0,-0.39999999999999997,0.39999999999999997,0.7999999999999999,0.0,0.39999999999999997,0.0,0.39999999999999997,0.0,-0.39999999999999997,0.7999999999999999,0.0,0.7999999999999999,0.19999999999999998,-0.39999999999999997,-0.7999999999999999,0.7999999999999999,-0.39999999999999997,0.39999999999999997,0.39999999999999997,-0.39999999999999997,-0.39999999999999997,-0.7999999999999999,0.39999999999999997,-0.39999999999999997,0.7999999999999999,0.7999999999999999,0.39999999999999997,0.39999999999999997,0.39999999999999997,-0.19999999999999998,-0.39999999999999997,1.0,0.39999999999999997,-0.7999999999999999,-0.7999999999999999,-0.39999999999999997,0.7999999999999999,0.0,-0.39999999999999997,-0.39999999999999997,0.39999999999999997,-0.39999999999999997,0.0,-0.7999999999999999,-0.39999999999999997,0.0,0.0,-0.39999999999999997,0.39999999999999997,0.39999999999999997,0.0,-0.6000000000000001,0.39999999999999997,-0.39999999999999997,-0.39999999999999997,-0.7999999999999999,0.0,-0.7999999999999999,-0.39999999999999997,0.7999999999999999,0.39999999999999997,0.0,0.39999999999999997,0.39999999999999997,0.39999999999999997,0.39999999999999997,-0.19999999999999998,0.0,0.39999999999999997,0.39999999999999997,0.0,-0.7999999999999999,0.39999999999999997,-0.39999999999999997,-0.39999999999999997,0.0,-0.39999999999999997,0.7999999999999999,0.39999999999999997,0.7999999999999999,0.39999999999999997,0.39999999999999997,-0.39999999999999997,1.0,0.39999999999999997,-0.6000000000000001,0.39999999999999997,0.39999999999999997,0.39999999999999997,0.0,-0.7999999999999999,0.39999999999999997,0.0,0.39999999999999997,-0.39999999999999997,0.0,0.0,1.0,0.7999999999999999,-0.39999999999999997,-0.39999999999999997,-0.39999999999999997,-0.7999999999999999,0.7999999999999999,0.39999999999999997,-0.39999999999999997,-0.39999999999999997,-0.39999999999999997,0.39999999999999997,-0.39999999999999997,-0.7999999999999999,0.39999999999999997,0.7999999999999999,0.39999999999999997,0.39999999999999997,0.39999999999999997,0.7999999999999999,-0.39999999999999997,0.0,0.0,0.7999999999999999,0.0,0.0,0.7999999999999999,-0.39999999999999997
Thiohalospira,-0.39999999999999997,-0.39999999999999997,0.19999999999999998,0.19999999999999998,-0.39999999999999997,-0.39999999999999997,-0.39999999999999997,-0.19999999999999998,0.39999999999999997,-0.19999999999999998,0.39999999999999997,0.39999999999999997,-0.39999999999999997,0.39999999999999997,0.7999999999999999,-0.19999999999999998,-0.19999999999999998,0.39999999999999997,-0.39999999999999997,0.19999999999999998,0.39999999999999997,-0.19999999999999998,-0.39999999999999997,0.19999999999999998,0.39999999999999997,-0.39999999999999997,0.39999999999999997,-0.39999999999999997,0.19999999999999998,-0.39999999999999997,0.39999999999999997,0.19999999999999998,0.19999999999999998,0.0,0.19999999999999998,0.19999999999999998,-0.39999999999999997,0.19999999999999998,0.19999999999999998,0.39999999999999997,1.0,0.19999999999999998,0.19999999999999998,-0.19999999999999998,-0.39999999999999997,0.19999999999999998,0.7999999999999999,0.19999999999999998,-0.39999999999999997,-0.39999999999999997,-0.19999999999999998,0.39999999999999997,0.39999999999999997,0.19999999999999998,0.19999999999999998,-0.19999999999999998,0.19999999999999998,-0.39999999999999997,-0.39999999999999997,-0.19999999999999998,-0.39999999999999997,-0.39999999999999997,-0.7999999999999999,0.19999999999999998,0.19999999999999998,-0.39999999999999997,-0.7999999999999999,0.19999999999999998,-0.19999999999999998,-0.19999999999999998,-0.39999999999999997,-0.39999999999999997,-0.39999999999999997,-0.19999999999999998,0.39999999999999997,0.19999999999999998,-0.39999999999999997,0.19999999999999998,0.19999999999999998,0.19999999999999998,0.19999999999999998,0.39999999999999997,-0.39999999999999997,-0.19999999999999998,0.19999999999999998,-0.39999999999999997,-0.39999999999999997,-0.19999999999999998,0.19999999999999998,0.19999999999999998,-0.39999999999999997,-0.19999999999999998,0.39999999999999997,-0.19999999999999998,0.6000000000000001,-0.19999999999999998,0.19999999999999998,0.19999999999999998,0.7999999999999999,0.19999999999999998,-0.7999999999999999,-0.19999999999999998,0.19999999999999998,-0.19999999999999998,-0.39999999999999997,-0.39999999999999997,0.19999999999999998,-0.39999999999999997,0.19999999999999998,-0.19999999999999998,0.39999999999999997,0.39999999999999997,0.7999999999999999,1.0,-0.19999999999999998,-0.19999999999999998,-0.19999999999999998,-0.39999999999999997,0.39999999999999997,-0.19999999999999998,-0.19999999999999998,0.19999999999999998,0.19999999999999998,-0.19999999999999998,-0.19999999999999998,-0.39999999999999997,0.19999999999999998,0.39999999999999997,0.19999999999999998,-0.19999999999999998,0.19999999999999998,0.39999999999999997,0.19999999999999998,-0.39999999999999997,-0.39999999999999997,0.39999999999999997,-0.39999999999999997,0.39999999999999997,0.39999999999999997,-0.19999999999999998
UBA10428,0.0,0.7999999999999999,0.6000000000000001,-1.0,-0.7999999999999999,-0.7999999999999999,0.7999999999999999,1.0,0.7999999999999999,1.0,-0.7999999999999999,-0.7999999999999999,0.7999999999999999,-0.7999999999999999,-0.39999999999999997,1.0,-0.6000000000000001,-0.7999999999999999,-0.7999999999999999,-1.0,0.7999999999999999,-0.6000000000000001,-0.7999999999999999,0.6000000000000001,-0.7999999999999999,-0.7999999999999999,-0.7999999999999999,0.0,0.6000000000000001,0.7999999999999999,-0.7999999999999999,0.6000000000000001,-1.0,0.39999999999999997,0.6000000000000001,0.6000000000000001,0.7999999999999999,-1.0,0.6000000000000001,-0.7999999999999999,-0.19999999999999998,-1.0,-1.0,-0.6000000000000001,0.7999999999999999,0.6000000000000001,-0.39999999999999997,-1.0,0.7999999999999999,0.7999999999999999,1.0,-0.7999999999999999,0.7999999999999999,0.6000000000000001,0.6000000000000001,-0.6000000000000001,0.6000000000000001,-0.7999999999999999,0.7999999999999999,1.0,-0.7999999999999999,-0.7999999999999999,0.39999999999999997,-1.0,-1.0,-0.7999999999999999,-0.39999999999999997,-1.0,1.0,1.0,0.7999999999999999,-0.7999999999999999,0.7999999999999999,1.0,-0.7999999999999999,-1.0,-0.7999999999999999,-1.0,-1.0,-1.0,-1.0,0.0,-0.7999999999999999,-0.6000000000000001,-1.0,-0.7999999999999999,0.7999999999999999,-0.6000000000000001,0.6000000000000001,0.6000000000000001,-0.7999999999999999,1.0,-0.7999999999999999,-0.6000000000000001,0.19999999999999998,-0.6000000000000001,-1.0,0.6000000000000001,-0.39999999999999997,-1.0,-0.39999999999999997,-0.6000000000000001,-1.0,-0.6000000000000001,-0.7999999999999999,0.7999999999999999,-1.0,-0.7999999999999999,-1.0,1.0,0.7999999999999999,0.7999999999999999,-0.39999999999999997,-0.19999999999999998,1.0,1.0,1.0,0.7999999999999999,-0.7999999999999999,-0.6000000000000001,1.0,0.6000000000000001,0.6000000000000001,-0.6000000000000001,1.0,0.7999999999999999,-1.0,-0.7999999999999999,-1.0,-0.6000000000000001,-1.0,-0.7999999999999999,0.6000000000000001,-0.7999999999999999,-0.7999999999999999,-0.7999999999999999,-0.7999999999999999,0.7999999999999999,-0.7999999999999999,1.0
UBA11386,0.0,0.7999999999999999,0.6000000000000001,-1.0,-0.7999999999999999,-0.7999999999999999,0.7999999999999999,1.0,0.7999999999999999,1.0,-0.7999999999999999,-0.7999999999999999,0.7999999999999999,-0.7999999999999999,-0.39999999999999997,1.0,-0.6000000000000001,-0.7999999999999999,-0.7999999999999999,-1.0,0.7999999999999999,-0.6000000000000001,-0.7999999999999999,0.6000000000000001,-0.7999999999999999,-0.7999999999999999,-0.7999999999999999,0.0,0.6000000000000001,0.7999999999999999,-0.7999999999999999,0.6000000000000001,-1.0,0.39999999999999997,0.6000000000000001,0.6000000000000001,0.7999999999999999,-1.0,0.6000000000000001,-0.7999999999999999,-0.19999999999999998,-1.0,-1.0,-0.6000000000000001,0.7999999999999999,0.6000000000000001,-0.39999999999999997,-1.0,0.7999999999999999,0.7999999999999999,1.0,-0.7999999999999999,0.7999999999999999,0.6000000000000001,0.6000000000000001,-0.6000000000000001,0.6000000000000001,-0.7999999999999999,0.7999999999999999,1.0,-0.7999999999999999,-0.7999999999999999,0.39999999999999997,-1.0,-1.0,-0.7999999999999999,-0.39999999999999997,-1.0,1.0,1.0,0.7999999999999999,-0.7999999999999999,0.7999999999999999,1.0,-0.7999999999999999,-1.0,-0.7999999999999999,-1.0,-1.0,-1.0,-1.0,0.0,-0.7999999999999999,-0.6000000000000001,-1.0,-0.7999999999999999,0.7999999999999999,-0.6000000000000001,0.6000000000000001,0.6000000000000001,-0.7999999999999999,1.0,-0.7999999999999999,-0.6000000000000001,0.19999999999999998,-0.6000000000000001,-1.0,0.6000000000000001,-0.39999999999999997,-1.0,-0.39999999999999997,-0.6000000000000001,-1.0,-0.6000000000000001,-0.7999999999999999,0.7999999999999999,-1.0,-0.7999999999999999,-1.0,1.0,0.7999999999999999,0.7999999999999999,-0.39999999999999997,-0.19999999999999998,1.0,1.0,1.0,0.7999999999999999,-0.7999999999999999,-0.6000000000000001,1.0,0.6000000000000001,0.6000000000000001,-0.6000000000000001,1.0,0.7999999999999999,-1.0,-0.7999999999999999,-1.0,-0.6000000000000001,-1.0,-0.7999999999999999,0.6000000000000001,-0.7999999999999999,-0.7999999999999999,-0.7999999999999999,-0.7999999999999999,0.7999999999999999,-0.7999999999999999,1.0
UBA11574,0.0,0.7999999999999999,0.6000000000000001,-1.0,-0.7999999999999999,-0.7999999999999999,0.7999999999999999,1.0,0.7999999999999999,1.0,-0.7999999999999999,-0.7999999999999999,0.7999999999999999,-0.7999999999999999,-0.39999999999999997,1.0,-0.6000000000000001,-0.7999999999999999,-0.7999999999999999,-1.0,0.7999999999999999,-0.6000000000000001,-0.7999999999999999,0.6000000000000001,-0.7999999999999999,-0.7999999999999999,-0.7999999999999999,0.0,0.6000000000000001,0.7999999999999999,-0.7999999999999999,0.6000000000000001,-1.0,0.39999999999999997,0.6000000000000001,0.6000000000000001,0.7999999999999999,-1.0,0.6000000000000001,-0.7999999999999999,-0.19999999999999998,-1.0,-1.0,-0.6000000000000001,0.7999999999999999,0.6000000000000001,-0.39999999999999997,-1.0,0.7999999999999999,0.7999999999999999,1.0,-0.7999999999999999,0.7999999999999999,0.6000000000000001,0.6000000000000001,-0.6000000000000001,0.6000000000000001,-0.7999999999999999,0.7999999999999999,1.0,-0.7999999999999999,-0.7999999999999999,0.39999999999999997,-1.0,-1.0,-0.7999999999999999,-0.39999999999999997,-1.0,1.0,1.0,0.7999999999999999,-0.7999999999999999,0.7999999999999999,1.0,-0.7999999999999999,-1.0,-0.7999999999999999,-1.0,-1.0,-1.0,-1.0,0.0,-0.7999999999999999,-0.6000000000000001,-1.0,-0.7999999999999999,0.7999999999999999,-0.6000000000000001,0.6000000000000001,0.6000000000000001,-0.7999999999999999,1.0,-0.7999999999999999,-0.6000000000000001,0.19999999999999998,-0.6000000000000001,-1.0,0.6000000000000001,-0.39999999999999997,-1.0,-0.39999999999999997,-0.6000000000000001,-1.0,-0.6000000000000001,-0.7999999999999999,0.7999999999999999,-1.0,-0.7999999999999999,-1.0,1.0,0.7999999999999999,0.7999999999999999,-0.39999999999999997,-0.19999999999999998,1.0,1.0,1.0,0.7999999999999999,-0.7999999999999999,-0.6000000000000001,1.0,0.6000000000000001,0.6000000000000001,-0.6000000000000001,1.0,0.7999999999999999,-1.0,-0.7999999999999999,-1.0,-0.6000000000000001,-1.0,-0.7999999999999999,0.6000000000000001,-0.7999999999999999,-0.7999999999999999,-0.7999999999999999,-0.7999999999999999,0.7999999999999999,-0.7999999999999999,1.0
UBA11579,-0.39999999999999997,1.0,0.7999999999999999,-0.7999999999999999,-0.6000000000000001,-0.6000000000000001,1.0,0.7999999999999999,0.6000000000000001,0.7999999999999999,-1.0,-1.0,1.0,-1.0,-0.7999999999999999,0.7999999999999999,-0.7999999999999999,-1.0,-0.6000000000000001,-0.7999999999999999,0.6000000000000001,-0.7999999999999999,-0.6000000000000001,0.7999999999999999,-1.0,-0.6000000000000001,-1.0,-0.39999999999999997,0.7999999999999999,1.0,-1.0,0.7999999999999999,-0.7999999999999999,-0.19999999999999998,0.7999999999999999,0.7999999999999999,1.0,-0.7999999999999999,0.7999999999999999,-1.0,-0.39999999999999997,-0.7999999999999999,-0.7999999999999999,-0.7999999999999999,0.39999999999999997,0.7999999999999999,-0.7999999999999999,-0.7999999999999999,1.0,1.0,0.7999999999999999,-1.0,0.6000000000000001,0.7999999999999999,0.7999999999999999,-0.7999999999999999,0.7999999999999999,-0.6000000000000001,1.0,0.7999999999999999,-0.6000000000000001,-0.6000000000000001,0.19999999999999998,-0.7999999999999999,-0.7999999999999999,-0.6000000000000001,0.0,-0.7999999999999999,0.7999999999999999,0.7999999999999999,1.0,-0.6000000000000001,1.0,0.7999999999999999,-1.0,-0.7999999999999999,-0.6000000000000001,-0.7999999999999999,-0.7999999999999999,-0.7999999999999999,-0.7999999999999999,0.39999999999999997,-0.6000000000000001,-0.7999999999999999,-0.7999999999999999,-0.6000000000000001,1.0,-0.7999999999999999,0.7999999999999999,0.7999999999999999,-0.6000000000000001,0.7999999999999999,-1.0,-0.7999999999999999,-0.39999999999999997,-0.7999999999999999,-0.7999999999999999,0.7999999999999999,-0.7999999999999999,-0.7999999999999999,0.0,-0.7999999999999999,-0.7999999999999999,-0.7999999999999999,-0.6000000000000001,1.0,-0.7999999999999999,-0.6000000000000001,-0.7999999999999999,0.7999999999999999,0.6000000000000001,0.6000000000000001,-0.7999999999999999,-0.39999999999999997,0.7999999999999999,0.7999999999999999,0.7999999999999999,1.0,-1.0,-0.7999999999999999,0.7999999999999999,0.7999999999999999,0.7999999999999999,-0.7999999999999999,0.7999999999999999,1.0,-0.7999999999999999,-1.0,-0.7999999999999999,-0.7999999999999999,-0.7999999999999999,-1.0,0.7999999999999999,-0.6000000000000001,-0.6000000000000001,-1.0,-0.6000000000000001,0.6000000000000001,-1.0,0.7999999999999999
UBA12077,0.39999999999999997,-1.0,-0.7999999999999999,0.7999999999999999,0.6000000000000001,0.6000000000000001,-1.0,-0.7999999999999999,-0.6000000000000001,-0.7999999999999999,1.0,1.0,-1.0,1.0,0.7999999999999999,-0.7999999999999999,0.7999999999999999,1.0,0.6000000000000001,0.7999999999999999,-0.6000000000000001,0.7999999999999999,0.6000000000000001,-0.7999999999999999,1.0,0.6000000000000001,1.0,0.39999999999999997,-0.7999999999999999,-1.0,1.0,-0.7999999999999999,0.7999999999999999,0.19999999999999998,-0.7999999999999999,-0.7999999999999999,-1.0,0.7999999999999999,-0.7999999999999999,1.0,0.39999999999999997,0.7999999999999999,0.7999999999999999,0.7999999999999999,-0.39999999999999997,-0.7999999999999999,0.7999999999999999,0.7999999999999999,-1.0,-1.0,-0.7999999999999999,1.0,-0.6000000000000001,-0.7999999999999999,-0.7999999999999999,0.7999999999999999,-0.7999999999999999,0.6000000000000001,-1.0,-0.7999999999999999,0.6000000000000001,0.6000000000000001,-0.19999999999999998,0.7999999999999999,0.7999999999999999,0.6000000000000001,0.0,0.7999999999999999,-0.7999999999999999,-0.7999999999999999,-1.0,0.6000000000000001,-1.0,-0.7999999999999999,1.0,0.7999999999999999,0.6000000000000001,0.7999999999999999,0.7999999999999999,0.7999999999999999,0.7999999999999999,-0.39999999999999997,0.6000000000000001,0.7999999999999999,0.7999999999999999,0.6000000000000001,-1.0,0.7999999999999999,-0.7999999999999999,-0.7999999999999999,0.6000000000000001,-0.7999999999999999,1.0,0.7999999999999999,0.39999999999999997,0.7999999999999999,0.7999999999999999,-0.7999999999999999,0.7999999999999999,0.7999999999999999,0.0,0.7999999999999999,0.7999999999999999,0.7999999999999999,0.6000000000000001,-1.0,0.7999999999999999,0.6000000000000001,0.7999999999999999,-0.7999999999999999,-0.6000000000000001,-0.6000000000000001,0.7999999999999999,0.39999999999999997,-0.7999999999999999,-0.7999999999999999,-0.7999999999999999,-1.0,1.0,0.7999999999999999,-0.7999999999999999,-0.7999999999999999,-0.7999999999999999,0.7999999999999999,-0.7999999999999999,-1.0,0.7999999999999999,1.0,0.7999999999999999,0.7999999999999999,0.7999999999999999,1.0,-0.7999999999999999,0.6000000000000001,0.6000000000000001,1.0,0.6000000000000001,-0.6000000000000001,1.0,-0.7999999999999999
UBA12170,0.7999999999999999,-0.7999999999999999,-1.0,0.6000000000000001,0.7999999999999999,0.7999999999999999,-0.7999999999999999,-0.6000000000000001,-0.7999999999999999,-0.6000000000000001,0.7999999999999999,0.7999999999999999,-0.7999999999999999,0.7999999999999999,0.39999999999999997,-0.6000000000000001,1.0,0.7999999999999999,0.7999999999999999,0.6000000000000001,-0.7999999999999999,1.0,0.7999999999999999,-1.0,0.7999999999999999,0.7999999999999999,0.7999999999999999,0.7999999999999999,-1.0,-0.7999999999999999,0.7999999999999999,-1.0,0.6000000000000001,0.39999999999999997,-1.0,-1.0,-0.7999999999999999,0.6000000000000001,-1.0,0.7999999999999999,-0.19999999999999998,0.6000000000000001,0.6000000000000001,1.0,0.0,-1.0,0.39999999999999997,0.6000000000000001,-0.7999999999999999,-0.7999999999999999,-0.6000000000000001,0.7999999999999999,-0.7999999999999999,-1.0,-1.0,1.0,-1.0,0.7999999999999999,-0.7999999999999999,-0.6000000000000001,0.7999999999999999,0.7999999999999999,0.39999999999999997,0.6000000000000001,0.6000000000000001,0.7999999999999999,0.39999999999999997,0.6000000000000001,-0.6000000000000001,-0.6000000000000001,-0.7999999999999999,0.7999999999999999,-0.7999999999999999,-0.6000000000000001,0.7999999999999999,0.6000000000000001,0.7999999999999999,0.6000000000000001,0.6000000000000001,0.6000000000000001,0.6000000000000001,-0.7999999999999999,0.7999999999999999,1.0,0.6000000000000001,0.7999999999999999,-0.7999999999999999,1.0,-1.0,-1.0,0.7999999999999999,-0.6000000000000001,0.7999999999999999,1.0,0.19999999999999998,1.0,0.6000000000000001,-1.0,0.39999999999999997,0.6000000000000001,0.39999999999999997,1.0,0.6000000000000001,1.0,0.7999999999999999,-0.7999999999999999,0.6000000000000001,0.7999999999999999,0.6000000000000001,-0.6000000000000001,-0.7999999999999999,-0.7999999999999999,0.39999999999999997,-0.19999999999999998,-0.6000000000000001,-0.6000000000000001,-0.6000000000000001,-0.7999999999999999,0.7999999999999999,1.0,-0.6000000000000001,-1.0,-1.0,1.0,-0.6000000000000001,-0.7999999999999999,0.6000000000000001,0.7999999999999999,0.6000000000000001,1.0,0.6000000000000001,0.7999999999999999,-1.0,0.7999999999999999,0.7999999999999999,0.7999999999999999,0.7999999999999999,-0.7999999999999999,0.7999999999999999,-0.6000000000000001
UBA12270,0.0,0.7999999999999999,0.6000000000000001,-1.0,-0.7999999999999999,-0.7999999999999999,0.7999999999999999,1.0,0.7999999999999999,1.0,-0.7999999999999999,-0.7999999999999999,0.7999999999999999,-0.7999999999999999,-0.39999999999999997,1.0,-0.6000000000000001,-0.7999999999999999,-0.7999999999999999,-1.0,0.7999999999999999,-0.6000000000000001,-0.7999999999999999,0.6000000000000001,-0.7999999999999999,-0.7999999999999999,-0.7999999999999999,0.0,0.6000000000000001,0.7999999999999999,-0.7999999999999999,0.6000000000000001,-1.0,0.39999999999999997,0.6000000000000001,0.6000000000000001,0.7999999999999999,-1.0,0.6000000000000001,-0.7999999999999999,-0.19999999999999998,-1.0,-1.0,-0.6000000000000001,0.7999999999999999,0.6000000000000001,-0.39999999999999997,-1.0,0.7999999999999999,0.7999999999999999,1.0,-0.7999999999999999,0.7999999999999999,0.6000000000000001,0.6000000000000001,-0.6000000000000001,0.6000000000000001,-0.7999999999999999,0.7999999999999999,1.0,-0.7999999999999999,-0.7999999999999999,0.39999999999999997,-1.0,-1.0,-0.7999999999999999,-0.39999999999999997,-1.0,1.0,1.0,0.7999999999999999,-0.7999999999999999,0.7999999999999999,1.0,-0.7999999999999999,-1.0,-0.7999999999999999,-1.0,-1.0,-1.0,-1.0,0.0,-0.7999999999999999,-0.6000000000000001,-1.0,-0.7999999999999999,0.7999999999999999,-0.6000000000000001,0.6000000000000001,0.6000000000000001,-0.7999999999999999,1.0,-0.7999999999999999,-0.6000000000000001,0.19999999999999998,-0.6000000000000001,-1.0,0.6000000000000001,-0.39999999999999997,-1.0,-0.39999999999999997,-0.6000000000000001,-1.0,-0.6000000000000001,-0.7999999999999999,0.7999999999999999,-1.0,-0.7999999999999999,-1.0,1.0,0.7999999999999999,0.7999999999999999,-0.39999999999999997,-0.19999999999999998,1.0,1.0,1.0,0.7999999999999999,-0.7999999999999999,-0.6000000000000001,1.0,0.6000000000000001,0.6000000000000001,-0.6000000000000001,1.0,0.7999999999999999,-1.0,-0.7999999999999999,-1.0,-0.6000000000000001,-1.0,-0.7999999999999999,0.6000000000000001,-0.7999999999999999,-0.7999999999999999,-0.7999999999999999,-0.7999999999999999,0.7999999999999999,-0.7999999999999999,1.0
UBA12294,-0.7999999999999999,0.7999999999999999,1.0,-0.6000000000000001,-0.7999999999999999,-0.7999999999999999,0.7999999999999999,0.6000000000000001,0.7999999999999999,0.6000000000000001,-0.7999999999999999,-0.7999999999999999,0.7999999999999999,-0.7999999999999999,-0.39999999999999997,0.6000000000000001,-1.0,-0.7999999999999999,-0.7999999999999999,-0.6000000000000001,0.7999999999999999,-1.0,-0.7999999999999999,1.0,-0.7999999999999999,-0.7999999999999999,-0.7999999999999999,-0.7999999999999999,1.0,0.7999999999999999,-0.7999999999999999,1.0,-0.6000000000000001,-0.39999999999999997,1.0,1.0,0.7999999999999999,-0.6000000000000001,1.0,-0.7999999999999999,0.19999999999999998,-0.6000000000000001,-0.6000000000000001,-1.0,0.0,1.0,-0.39999999999999997,-0.6000000000000001,0.7999999999999999,0.7999999999999999,0.6000000000000001,-0.7999999999999999,0.7999999999999999,1.0,1.0,-1.0,1.0,-0.7999999999999999,0.7999999999999999,0.6000000000000001,-0.7999999999999999,-0.7999999999999999,-0.39999999999999997,-0.6000000000000001,-0.6000000000000001,-0.7999999999999999,-0.39999999999999997,-0.6000000000000001,0.6000000000000001,0.6000000000000001,0.7999999999999999,-0.7999999999999999,0.7999999999999999,0.6000000000000001,-0.7999999999999999,-0.6000000000000001,-0.7999999999999999,-0.6000000000000001,-0.6000000000000001,-0.6000000000000001,-0.6000000000000001,0.7999999999999999,-0.7999999999999999,-1.0,-0.6000000000000001,-0.7999999999999999,0.7999999999999999,-1.0,1.0,1.0,-0.7999999999999999,0.6000000000000001,-0.7999999999999999,-1.0,-0.19999999999999998,-1.0,-0.6000000000000001,1.0,-0.39999999999999997,-0.6000000000000001,-0.39999999999999997,-1.0,-0.6000000000000001,-1.0,-0.7999999999999999,0.7999999999999999,-0.6000000000000001,-0.7999999999999999,-0.6000000000000001,0.6000000000000001,0.7999999999999999,0.7999999999999999,-0.39999999999999997,0.19999999999999998,0.6000000000000001,0.6000000000000001,0.6000000000000001,0.7999999999999999,-0.7999999999999999,-1.0,0.6000000000000001,1.0,1.0,-1.0,0.6000000000000001,0.7999999999999999,-0.6000000000000001,-0.7999999999999999,-0.6000000000000001,-1.0,-0.6000000000000001,-0.7999999999999999,1.0,-0.7999999999999999,-0.7999999999999999,-0.7999999999999999,-0.7999999999999999,0.7999999999999999,-0.7999999999999999,0.6000000000000001
UBA4486,-0.7999999999999999,0.7999999999999999,1.0,-0.6000000000000001,-0.7999999999999999,-0.7999999999999999,0.7999999999999999,0.6000000000000001,0.7999999999999999,0.6000000000000001,-0.7999999999999999,-0.7999999999999999,0.7999999999999999,-0.7999999999999999,-0.39999999999999997,0.6000000000000001,-1.0,-0.7999999999999999,-0.7999999999999999,-0.6000000000000001,0.7999999999999999,-1.0,-0.7999999999999999,1.0,-0.7999999999999999,-0.7999999999999999,-0.7999999999999999,-0.7999999999999999,1.0,0.7999999999999999,-0.7999999999999999,1.0,-0.6000000000000001,-0.39999999999999997,1.0,1.0,0.7999999999999999,-0.6000000000000001,1.0,-0.7999999999999999,0.19999999999999998,-0.6000000000000001,-0.6000000000000001,-1.0,0.0,1.0,-0.39999999999999997,-0.6000000000000001,0.7999999999999999,0.7999999999999999,0.6000000000000001,-0.7999999999999999,0.7999999999999999,1.0,1.0,-1.0,1.0,-0.7999999999999999,0.7999999999999999,0.6000000000000001,-0.7999999999999999,-0.7999999999999999,-0.39999999999999997,-0.6000000000000001,-0.6000000000000001,-0.7999999999999999,-0.39999999999999997,-0.6000000000000001,0.6000000000000001,0.6000000000000001,0.7999999999999999,-0.7999999999999999,0.7999999999999999,0.6000000000000001,-0.7999999999999999,-0.6000000000000001,-0.7999999999999999,-0.6000000000000001,-0.6000000000000001,-0.6000000000000001,-0.6000000000000001,0.7999999999999999,-0.7999999999999999,-1.0,-0.6000000000000001,-0.7999999999999999,0.7999999999999999,-1.0,1.0,1.0,-0.7999999999999999,0.6000000000000001,-0.7999999999999999,-1.0,-0.19999999999999998,-1.0,-0.6000000000000001,1.0,-0.39999999999999997,-0.6000000000000001,-0.39999999999999997,-1.0,-0.6000000000000001,-1.0,-0.7999999999999999,0.7999999999999999,-0.6000000000000001,-0.7999999999999999,-0.6000000000000001,0.6000000000000001,0.7999999999999999,0.7999999999999999,-0.39999999999999997,0.19999999999999998,0.6000000000000001,0.6000000000000001,0.6000000000000001,0.7999999999999999,-0.7999999999999999,-1.0,0.6000000000000001,1.0,1.0,-1.0,0.6000000000000001,0.7999999999999999,-0.6000000000000001,-0.7999999999999999,-0.6000000000000001,-1.0,-0.6000000000000001,-0.7999999999999999,1.0,-0.7999999999999999,-0.7999999999999999,-0.7999999999999999,-0.7999999999999999,0.7999999999999999,-0.7999999999999999,0.6000000000000001
UBA4802,0.7999999999999999,-0.7999999999999999,-1.0,0.6000000000000001,0.7999999999999999,0.7999999999999999,-0.7999999999999999,-0.6000000000000001,-0.7999999999999999,-0.6000000000000001,0.7999999999999999,0.7999999999999999,-0.7999999999999999,0.7999999999999999,0.39999999999999997,-0.6000000000000001,1.0,0.7999999999999999,0.7999999999999999,0.6000000000000001,-0.7999999999999999,1.0,0.7999999999999999,-1.0,0.7999999999999999,0.7999999999999999,0.7999999999999999,0.7999999999999999,-1.0,-0.7999999999999999,0.7999999999999999,-1.0,0.6000000000000001,0.39999999999999997,-1.0,-1.0,-0.7999999999999999,0.6000000000000001,-1.0,0.7999999999999999,-0.19999999999999998,0.6000000000000001,0.6000000000000001,1.0,0.0,-1.0,0.39999999999999997,0.6000000000000001,-0.7999999999999999,-0.7999999999999999,-0.6000000000000001,0.7999999999999999,-0.7999999999999999,-1.0,-1.0,1.0,-1.0,0.7999999999999999,-0.7999999999999999,-0.6000000000000001,0.7999999999999999,0.7999999999999999,0.39999999999999997,0.6000000000000001,0.6000000000000001,0.7999999999999999,0.39999999999999997,0.6000000000000001,-0.6000000000000001,-0.6000000000000001,-0.7999999999999999,0.7999999999999999,-0.7999999999999999,-0.6000000000000001,0.7999999999999999,0.6000000000000001,0.7999999999999999,0.6000000000000001,0.6000000000000001,0.6000000000000001,0.6000000000000001,-0.7999999999999999,0.7999999999999999,1.0,0.6000000000000001,0.7999999999999999,-0.7999999999999999,1.0,-1.0,-1.0,0.7999999999999999,-0.6000000000000001,0.7999999999999999,1.0,0.19999999999999998,1.0,0.6000000000000001,-1.0,0.39999999999999997,0.6000000000000001,0.39999999999999997,1.0,0.6000000000000001,1.0,0.7999999999999999,-0.7999999999999999,0.6000000000000001,0.7999999999999999,0.6000000000000001,-0.6000000000000001,-0.7999999999999999,-0.7999999999999999,0.39999999999999997,-0.19999999999999998,-0.6000000000000001,-0.6000000000000001,-0.6000000000000001,-0.7999999999999999,0.7999999999999999,1.0,-0.6000000000000001,-1.0,-1.0,1.0,-0.6000000000000001,-0.7999999999999999,0.6000000000000001,0.7999999999999999,0.6000000000000001,1.0,0.6000000000000001,0.7999999999999999,-1.0,0.7999999999999999,0.7999999999999999,0.7999999999999999,0.7999999999999999,-0.7999999999999999,0.7999999999999999,-0.6000000000000001
UBA5335,0.0,0.7999999999999999,0.6000000000000001,-1.0,-0.7999999999999999,-0.7999999999999999,0.7999999999999999,1.0,0.7999999999999999,1.0,-0.7999999999999999,-0.7999999999999999,0.7999999999999999,-0.7999999999999999,-0.39999999999999997,1.0,-0.6000000000000001,-0.7999999999999999,-0.7999999999999999,-1.0,0.7999999999999999,-0.6000000000000001,-0.7999999999999999,0.6000000000000001,-0.7999999999999999,-0.7999999999999999,-0.7999999999999999,0.0,0.6000000000000001,0.7999999999999999,-0.7999999999999999,0.6000000000000001,-1.0,0.39999999999999997,0.6000000000000001,0.6000000000000001,0.7999999999999999,-1.0,0.6000000000000001,-0.7999999999999999,-0.19999999999999998,-1.0,-1.0,-0.6000000000000001,0.7999999999999999,0.6000000000000001,-0.39999999999999997,-1.0,0.7999999999999999,0.7999999999999999,1.0,-0.7999999999999999,0.7999999999999999,0.6000000000000001,0.6000000000000001,-0.6000000000000001,0.6000000000000001,-0.7999999999999999,0.7999999999999999,1.0,-0.7999999999999999,-0.7999999999999999,0.39999999999999997,-1.0,-1.0,-0.7999999999999999,-0.39999999999999997,-1.0,1.0,1.0,0.7999999999999999,-0.7999999999999999,0.7999999999999999,1.0,-0.7999999999999999,-1.0,-0.7999999999999999,-1.0,-1.0,-1.0,-1.0,0.0,-0.7999999999999999,-0.6000000000000001,-1.0,-0.7999999999999999,0.7999999999999999,-0.6000000000000001,0.6000000000000001,0.6000000000000001,-0.7999999999999999,1.0,-0.7999999999999999,-0.6000000000000001,0.19999999999999998,-0.6000000000000001,-1.0,0.6000000000000001,-0.39999999999999997,-1.0,-0.39999999999999997,-0.6000000000000001,-1.0,-0.6000000000000001,-0.7999999999999999,0.7999999999999999,-1.0,-0.7999999999999999,-1.0,1.0,0.7999999999999999,0.7999999999999999,-0.39999999999999997,-0.19999999999999998,1.0,1.0,1.0,0.7999999999999999,-0.7999999999999999,-0.6000000000000001,1.0,0.6000000000000001,0.6000000000000001,-0.6000000000000001,1.0,0.7999999999999999,-1.0,-0.7999999999999999,-1.0,-0.6000000000000001,-1.0,-0.7999999999999999,0.6000000000000001,-0.7999999999999999,-0.7999999999999999,-0.7999999999999999,-0.7999999999999999,0.7999999999999999,-0.7999999999999999,1.0
UBA5704,-0.39999999999999997,1.0,0.7999999999999999,-0.7999999999999999,-0.6000000000000001,-0.6000000000000001,1.0,0.7999999999999999,0.6000000000000001,0.7999999999999999,-1.0,-1.0,1.0,-1.0,-0.7999999999999999,0.7999999999999999,-0.7999999999999999,-1.0,-0.6000000000000001,-0.7999999999999999,0.6000000000000001,-0.7999999999999999,-0.6000000000000001,0.7999999999999999,-1.0,-0.6000000000000001,-1.0,-0.39999999999999997,0.7999999999999999,1.0,-1.0,0.7999999999999999,-0.7999999999999999,-0.19999999999999998,0.7999999999999999,0.7999999999999999,1.0,-0.7999999999999999,0.7999999999999999,-1.0,-0.39999999999999997,-0.7999999999999999,-0.7999999999999999,-0.7999999999999999,0.39999999999999997,0.7999999999999999,-0.7999999999999999,-0.7999999999999999,1.0,1.0,0.7999999999999999,-1.0,0.6000000000000001,0.7999999999999999,0.7999999999999999,-0.7999999999999999,0.7999999999999999,-0.6000000000000001,1.0,0.7999999999999999,-0.6000000000000001,-0.6000000000000001,0.19999999999999998,-0.7999999999999999,-0.7999999999999999,-0.6000000000000001,0.0,-0.7999999999999999,0.7999999999999999,0.7999999999999999,1.0,-0.6000000000000001,1.0,0.7999999999999999,-1.0,-0.7999999999999999,-0.6000000000000001,-0.7999999999999999,-0.7999999999999999,-0.7999999999999999,-0.7999999999999999,0.39999999999999997,-0.6000000000000001,-0.7999999999999999,-0.7999999999999999,-0.6000000000000001,1.0,-0.7999999999999999,0.7999999999999999,0.7999999999999999,-0.6000000000000001,0.7999999999999999,-1.0,-0.7999999999999999,-0.39999999999999997,-0.7999999999999999,-0.7999999999999999,0.7999999999999999,-0.7999999999999999,-0.7999999999999999,0.0,-0.7999999999999999,-0.7999999999999999,-0.7999999999999999,-0.6000000000000001,1.0,-0.7999999999999999,-0.6000000000000001,-0.7999999999999999,0.7999999999999999,0.6000000000000001,0.6000000000000001,-0.7999999999999999,-0.39999999999999997,0.7999999999999999,0.7999999999999999,0.7999999999999999,1.0,-1.0,-0.7999999999999999,0.7999999999999999,0.7999999999999999,0.7999999999999999,-0.7999999999999999,0.7999999999999999,1.0,-0.7999999999999999,-1.0,-0.7999999999999999,-0.7999999999999999,-0.7999999999999999,-1.0,0.7999999999999999,-0.6000000000000001,-0.6000000000000001,-1.0,-0.6000000000000001,0.6000000000000001,-1.0,0.7999999999999999
UBA6264,0.0,-0.7999999999999999,-0.6000000000000001,1.0,0.7999999999999999,0.7999999999999999,-0.7999999999999999,-1.0,-0.7999999999999999,-1.0,0.7999999999999999,0.7999999999999999,-0.7999999999999999,0.7999999999999999,0.39999999999999997,-1.0,0.6000000000000001,0.7999999999999999,0.7999999999999999,1.0,-0.7999999999999999,0.6000000000000001,0.7999999999999999,-0.6000000000000001,0.7999999999999999,0.7999999999999999,0.7999999999999999,0.0,-0.6000000000000001,-0.7999999999999999,0.7999999999999999,-0.6000000000000001,1.0,-0.39999999999999997,-0.6000000000000001,-0.6000000000000001,-0.7999999999999999,1.0,-0.6000000000000001,0.7999999999999999,0.19999999999999998,1.0,1.0,0.6000000000000001,-0.7999999999999999,-0.6000000000000001,0.39999999999999997,1.0,-0.7999999999999999,-0.7999999999999999,-1.0,0.7999999999999999,-0.7999999999999999,-0.6000000000000001,-0.6000000000000001,0.6000000000000001,-0.6000000000000001,0.7999999999999999,-0.7999999999999999,-1.0,0.7999999999999999,0.7999999999999999,-0.39999999999999997,1.0,1.0,0.7999999999999999,0.39999999999999997,1.0,-1.0,-1.0,-0.7999999999999999,0.7999999999999999,-0.7999999999999999,-1.0,0.7999999999999999,1.0,0.7999999999999999,1.0,1.0,1.0,1.0,0.0,0.7999999999999999,0.6000000000000001,1.0,0.7999999999999999,-0.7999999999999999,0.6000000000000001,-0.6000000000000001,-0.6000000000000001,0.7999999999999999,-1.0,0.7999999999999999,0.6000000000000001,-0.19999999999999998,0.6000000000000001,1.0,-0.6000000000000001,0.39999999999999997,1.0,0.39999999999999997,0.6000000000000001,1.0,0.6000000000000001,0.7999999999999999,-0.7999999999999999,1.0,0.7999999999999999,1.0,-1.0,-0.7999999999999999,-0.7999999999999999,0.39999999999999997,0.19999999999999998,-1.0,-1.0,-1.0,-0.7999999999999999,0.7999999999999999,0.6000000000000001,-1.0,-0.6000000000000001,-0.6000000000000001,0.6000000000000001,-1.0,-0.7999999999999999,1.0,0.7999999999999999,1.0,0.6000000000000001,1.0,0.7999999999999999,-0.6000000000000001,0.7999999999999999,0.7999999999999999,0.7999999999999999,0.7999999999999999,-0.7999999999999999,0.7999999999999999,-1.0
UBA6794,0.39999999999999997,-1.0,-0.7999999999999999,0.7999999999999999,0.6000000000000001,0.6000000000000001,-1.0,-0.7999999999999999,-0.6000000000000001,-0.7999999999999999,1.0,1.0,-1.0,1.0,0.7999999999999999,-0.7999999999999999,0.7999999999999999,1.0,0.6000000000000001,0.7999999999999999,-0.6000000000000001,0.7999999999999999,0.6000000000000001,-0.7999999999999999,1.0,0.6000000000000001,1.0,0.39999999999999997,-0.7999999999999999,-1.0,1.0,-0.7999999999999999,0.7999999999999999,0.19999999999999998,-0.7999999999999999,-0.7999999999999999,-1.0,0.7999999999999999,-0.7999999999999999,1.0,0.39999999999999997,0.7999999999999999,0.7999999999999999,0.7999999999999999,-0.39999999999999997,-0.7999999999999999,0.7999999999999999,0.7999999999999999,-1.0,-1.0,-0.7999999999999999,1.0,-0.6000000000000001,-0.7999999999999999,-0.7999999999999999,0.7999999999999999,-0.7999999999999999,0.6000000000000001,-1.0,-0.7999999999999999,0.6000000000000001,0.6000000000000001,-0.19999999999999998,0.7999999999999999,0.7999999999999999,0.6000000000000001,0.0,0.7999999999999999,-0.7999999999999999,-0.7999999999999999,-1.0,0.6000000000000001,-1.0,-0.7999999999999999,1.0,0.7999999999999999,0.6000000000000001,0.7999999999999999,0.7999999999999999,0.7999999999999999,0.7999999999999999,-0.39999999999999997,0.6000000000000001,0.7999999999999999,0.7999999999999999,0.6000000000000001,-1.0,0.7999999999999999,-0.7999999999999999,-0.7999999999999999,0.6000000000000001,-0.7999999999999999,1.0,0.7999999999999999,0.39999999999999997,0.7999999999999999,0.7999999999999999,-0.7999999999999999,0.7999999999999999,0.7999999999999999,0.0,0.7999999999999999,0.7999999999999999,0.7999999999999999,0.6000000000000001,-1.0,0.7999999999999999,0.6000000000000001,0.7999999999999999,-0.7999999999999999,-0.6000000000000001,-0.6000000000000001,0.7999999999999999,0.39999999999999997,-0.7999999999999999,-0.7999999999999999,-0.7999999999999999,-1.0,1.0,0.7999999999999999,-0.7999999999999999,-0.7999999999999999,-0.7999999999999999,0.7999999999999999,-0.7999999999999999,-1.0,0.7999999999999999,1.0,0.7999999999999999,0.7999999999999999,0.7999999999999999,1.0,-0.7999999999999999,0.6000000000000001,0.6000000000000001,1.0,0.6000000000000001,-0.6000000000000001,1.0,-0.7999999999999999
UBA6960,0.0,-0.7999999999999999,-0.6000000000000001,1.0,0.7999999999999999,0.7999999999999999,-0.7999999999999999,-1.0,-0.7999999999999999,-1.0,0.7999999999999999,0.7999999999999999,-0.7999999999999999,0.7999999999999999,0.39999999999999997,-1.0,0.6000000000000001,0.7999999999999999,0.7999999999999999,1.0,-0.7999999999999999,0.6000000000000001,0.7999999999999999,-0.6000000000000001,0.7999999999999999,0.7999999999999999,0.7999999999999999,0.0,-0.6000000000000001,-0.7999999999999999,0.7999999999999999,-0.6000000000000001,1.0,-0.39999999999999997,-0.6000000000000001,-0.6000000000000001,-0.7999999999999999,1.0,-0.6000000000000001,0.7999999999999999,0.19999999999999998,1.0,1.0,0.6000000000000001,-0.7999999999999999,-0.6000000000000001,0.39999999999999997,1.0,-0.7999999999999999,-0.7999999999999999,-1.0,0.7999999999999999,-0.7999999999999999,-0.6000000000000001,-0.6000000000000001,0.6000000000000001,-0.6000000000000001,0.7999999999999999,-0.7999999999999999,-1.0,0.7999999999999999,0.7999999999999999,-0.39999999999999997,1.0,1.0,0.7999999999999999,0.39999999999999997,1.0,-1.0,-1.0,-0.7999999999999999,0.7999999999999999,-0.7999999999999999,-1.0,0.7999999999999999,1.0,0.7999999999999999,1.0,1.0,1.0,1.0,0.0,0.7999999999999999,0.6000000000000001,1.0,0.7999999999999999,-0.7999999999999999,0.6000000000000001,-0.6000000000000001,-0.6000000000000001,0.7999999999999999,-1.0,0.7999999999999999,0.6000000000000001,-0.19999999999999998,0.6000000000000001,1.0,-0.6000000000000001,0.39999999999999997,1.0,0.39999999999999997,0.6000000000000001,1.0,0.6000000000000001,0.7999999999999999,-0.7999999999999999,1.0,0.7999999999999999,1.0,-1.0,-0.7999999999999999,-0.7999999999999999,0.39999999999999997,0.19999999999999998,-1.0,-1.0,-1.0,-0.7999999999999999,0.7999999999999999,0.6000000000000001,-1.0,-0.6000000000000001,-0.6000000000000001,0.6000000000000001,-1.0,-0.7999999999999999,1.0,0.7999999999999999,1.0,0.6000000000000001,1.0,0.7999999999999999,-0.6000000000000001,0.7999999999999999,0.7999999999999999,0.7999999999999999,0.7999999999999999,-0.7999999999999999,0.7999999999999999,-1.0
UBA7960,0.7999999999999999,-0.7999999999999999,-1.0,0.6000000000000001,0.7999999999999999,0.7999999999999999,-0.7999999999999999,-0.6000000000000001,-0.7999999999999999,-0.6000000000000001,0.7999999999999999,0.7999999999999999,-0.7999999999999999,0.7999999999999999,0.39999999999999997,-0.6000000000000001,1.0,0.7999999999999999,0.7999999999999999,0.6000000000000001,-0.7999999999999999,1.0,0.7999999999999999,-1.0,0.7999999999999999,0.7999999999999999,0.7999999999999999,0.7999999999999999,-1.0,-0.7999999999999999,0.7999999999999999,-1.0,0.6000000000000001,0.39999999999999997,-1.0,-1.0,-0.7999999999999999,0.6000000000000001,-1.0,0.7999999999999999,-0.19999999999999998,0.6000000000000001,0.6000000000000001,1.0,0.0,-1.0,0.39999999999999997,0.6000000000000001,-0.7999999999999999,-0.7999999999999999,-0.6000000000000001,0.7999999999999999,-0.7999999999999999,-1.0,-1.0,1.0,-1.0,0.7999999999999999,-0.7999999999999999,-0.6000000000000001,0.7999999999999999,0.7999999999999999,0.39999999999999997,0.6000000000000001,0.6000000000000001,0.7999999999999999,0.39999999999999997,0.6000000000000001,-0.6000000000000001,-0.6000000000000001,-0.7999999999999999,0.7999999999999999,-0.7999999999999999,-0.6000000000000001,0.7999999999999999,0.6000000000000001,0.7999999999999999,0.6000000000000001,0.6000000000000001,0.6000000000000001,0.6000000000000001,-0.7999999999999999,0.7999999999999999,1.0,0.6000000000000001,0.7999999999999999,-0.7999999999999999,1.0,-1.0,-1.0,0.7999999999999999,-0.6000000000000001,0.7999999999999999,1.0,0.19999999999999998,1.0,0.6000000000000001,-1.0,0.39999999999999997,0.6000000000000001,0.39999999999999997,1.0,0.6000000000000001,1.0,0.7999999999999999,-0.7999999999999999,0.6000000000000001,0.7999999999999999,0.6000000000000001,-0.6000000000000001,-0.7999999999999999,-0.7999999999999999,0.39999999999999997,-0.19999999999999998,-0.6000000000000001,-0.6000000000000001,-0.6000000000000001,-0.7999999999999999,0.7999999999999999,1.0,-0.6000000000000001,-1.0,-1.0,1.0,-0.6000000000000001,-0.7999999999999999,0.6000000000000001,0.7999999999999999,0.6000000000000001,1.0,0.6000000000000001,0.7999999999999999,-1.0,0.7999999999999999,0.7999999999999999,0.7999999999999999,0.7999999999999999,-0.7999999999999999,0.7999999999999999,-0.6000000000000001
UBA8670,0.0,-0.7999999999999999,-0.6000000000000001,1.0,0.7999999999999999,0.7999999999999999,-0.7999999999999999,-1.0,-0.7999999999999999,-1.0,0.7999999999999999,0.7999999999999999,-0.7999999999999999,0.7999999999999999,0.39999999999999997,-1.0,0.6000000000000001,0.7999999999999999,0.7999999999999999,1.0,-0.7999999999999999,0.6000000000000001,0.7999999999999999,-0.6000000000000001,0.7999999999999999,0.7999999999999999,0.7999999999999999,0.0,-0.6000000000000001,-0.7999999999999999,0.7999999999999999,-0.6000000000000001,1.0,-0.39999999999999997,-0.6000000000000001,-0.6000000000000001,-0.7999999999999999,1.0,-0.6000000000000001,0.7999999999999999,0.19999999999999998,1.0,1.0,0.6000000000000001,-0.7999999999999999,-0.6000000000000001,0.39999999999999997,1.0,-0.7999999999999999,-0.7999999999999999,-1.0,0.7999999999999999,-0.7999999999999999,-0.6000000000000001,-0.6000000000000001,0.6000000000000001,-0.6000000000000001,0.7999999999999999,-0.7999999999999999,-1.0,0.7999999999999999,0.7999999999999999,-0.39999999999999997,1.0,1.0,0.7999999999999999,0.39999999999999997,1.0,-1.0,-1.0,-0.7999999999999999,0.7999999999999999,-0.7999999999999999,-1.0,0.7999999999999999,1.0,0.7999999999999999,1.0,1.0,1.0,1.0,0.0,0.7999999999999999,0.6000000000000001,1.0,0.7999999999999999,-0.7999999999999999,0.6000000000000001,-0.6000000000000001,-0.6000000000000001,0.7999999999999999,-1.0,0.7999999999999999,0.6000000000000001,-0.19999999999999998,0.6000000000000001,1.0,-0.6000000000000001,0.39999999999999997,1.0,0.39999999999999997,0.6000000000000001,1.0,0.6000000000000001,0.7999999999999999,-0.7999999999999999,1.0,0.7999999999999999,1.0,-1.0,-0.7999999999999999,-0.7999999999999999,0.39999999999999997,0.19999999999999998,-1.0,-1.0,-1.0,-0.7999999999999999,0.7999999999999999,0.6000000000000001,-1.0,-0.6000000000000001,-0.6000000000000001,0.6000000000000001,-1.0,-0.7999999999999999,1.0,0.7999999999999999,1.0,0.6000000000000001,1.0,0.7999999999999999,-0.6000000000000001,0.7999999999999999,0.7999999999999999,0.7999999999999999,0.7999999999999999,-0.7999999999999999,0.7999999999999999,-1.0
VadinHA17,0.39999999999999997,-1.0,-0.7999999999999999,0.7999999999999999,0.6000000000000001,0.6000000000000001,-1.0,-0.7999999999999999,-0.6000000000000001,-0.7999999999999999,1.0,1.0,-1.0,1.0,0.7999999999999999,-0.7999999999999999,0.7999999999999999,1.0,0.6000000000000001,0.7999999999999999,-0.6000000000000001,0.7999999999999999,0.6000000000000001,-0.7999999999999999,1.0,0.6000000000000001,1.0,0.39999999999999997,-0.7999999999999999,-1.0,1.0,-0.7999999999999999,0.7999999999999999,0.19999999999999998,-0.7999999999999999,-0.7999999999999999,-1.0,0.7999999999999999,-0.7999999999999999,1.0,0.39999999999999997,0.7999999999999999,0.7999999999999999,0.7999999999999999,-0.39999999999999997,-0.7999999999999999,0.7999999999999999,0.7999999999999999,-1.0,-1.0,-0.7999999999999999,1.0,-0.6000000000000001,-0.7999999999999999,-0.7999999999999999,0.7999999999999999,-0.7999999999999999,0.6000000000000001,-1.0,-0.7999999999999999,0.6000000000000001,0.6000000000000001,-0.19999999999999998,0.7999999999999999,0.7999999999999999,0.6000000000000001,0.0,0.7999999999999999,-0.7999999999999999,-0.7999999999999999,-1.0,0.6000000000000001,-1.0,-0.7999999999999999,1.0,0.7999999999999999,0.6000000000000001,0.7999999999999999,0.7999999999999999,0.7999999999999999,0.7999999999999999,-0.39999999999999997,0.6000000000000001,0.7999999999999999,0.7999999999999999,0.6000000000000001,-1.0,0.7999999999999999,-0.7999999999999999,-0.7999999999999999,0.6000000000000001,-0.7999999999999999,1.0,0.7999999999999999,0.39999999999999997,0.7999999999999999,0.7999999999999999,-0.7999999999999999,0.7999999999999999,0.7999999999999999,0.0,0.7999999999999999,0.7999999999999999,0.7999999999999999,0.6000000000000001,-1.0,0.7999999999999999,0.6000000000000001,0.7999999999999999,-0.7999999999999999,-0.6000000000000001,-0.6000000000000001,0.7999999999999999,0.39999999999999997,-0.7999999999999999,-0.7999999999999999,-0.7999999999999999,-1.0,1.0,0.7999999999999999,-0.7999999999999999,-0.7999999999999999,-0.7999999999999999,0.7999999999999999,-0.7999999999999999,-1.0,0.7999999999999999,1.0,0.7999999999999999,0.7999999999999999,0.7999999999999999,1.0,-0.7999999999999999,0.6000000000000001,0.6000000000000001,1.0,0.6000000000000001,-0.6000000000000001,1.0,-0.7999999999999999
WC007,-0.7999999999999999,0.7999999999999999,1.0,-0.6000000000000001,-0.7999999999999999,-0.7999999999999999,0.7999999999999999,0.6000000000000001,0.7999999999999999,0.6000000000000001,-0.7999999999999999,-0.7999999999999999,0.7999999999999999,-0.7999999999999999,-0.39999999999999997,0.6000000000000001,-1.0,-0.7999999999999999,-0.7999999999999999,-0.6000000000000001,0.7999999999999999,-1.0,-0.7999999999999999,1.0,-0.7999999999999999,-0.7999999999999999,-0.7999999999999999,-0.7999999999999999,1.0,0.7999999999999999,-0.7999999999999999,1.0,-0.6000000000000001,-0.39999999999999997,1.0,1.0,0.7999999999999999,-0.6000000000000001,1.0,-0.7999999999999999,0.19999999999999998,-0.6000000000000001,-0.6000000000000001,-1.0,0.0,1.0,-0.39999999999999997,-0.6000000000000001,0.7999999999999999,0.7999999999999999,0.6000000000000001,-0.7999999999999999,0.7999999999999999,1.0,1.0,-1.0,1.0,-0.7999999999999999,0.7999999999999999,0.6000000000000001,-0.7999999999999999,-0.7999999999999999,-0.39999999999999997,-0.6000000000000001,-0.6000000000000001,-0.7999999999999999,-0.39999999999999997,-0.6000000000000001,0.6000000000000001,0.6000000000000001,0.7999999999999999,-0.7999999999999999,0.7999999999999999,0.6000000000000001,-0.7999999999999999,-0.6000000000000001,-0.7999999999999999,-0.6000000000000001,-0.6000000000000001,-0.6000000000000001,-0.6000000000000001,0.7999999999999999,-0.7999999999999999,-1.0,-0.6000000000000001,-0.7999999999999999,0.7999999999999999,-1.0,1.0,1.0,-0.7999999999999999,0.6000000000000001,-0.7999999999999999,-1.0,-0.19999999999999998,-1.0,-0.6000000000000001,1.0,-0.39999999999999997,-0.6000000000000001,-0.39999999999999997,-1.0,-0.6000000000000001,-1.0,-0.7999999999999999,0.7999999999999999,-0.6000000000000001,-0.7999999999999999,-0.6000000000000001,0.6000000000000001,0.7999999999999999,0.7999999999999999,-0.39999999999999997,0.19999999999999998,0.6000000000000001,0.6000000000000001,0.6000000000000001,0.7999999999999999,-0.7999999999999999,-1.0,0.6000000000000001,1.0,1.0,-1.0,0.6000000000000001,0.7999999999999999,-0.6000000000000001,-0.7999999999999999,-0.6000000000000001,-1.0,-0.6000000000000001,-0.7999999999999999,1.0,-0.7999999999999999,-0.7999999999999999,-0.7999999999999999,-0.7999999999999999,0.7999999999999999,-0.7999999999999999,0.6000000000000001
WN38,0.39999999999999997,-0.6000000000000001,-0.7999999999999999,0.7999999999999999,1.0,1.0,-0.6000000000000001,-0.7999999999999999,-1.0,-0.7999999999999999,0.6000000000000001,0.6000000000000001,-0.6000000000000001,0.6000000000000001,0.0,-0.7999999999999999,0.7999999999999999,0.6000000000000001,1.0,0.7999999999999999,-1.0,0.7999999999999999,1.0,-0.7999999999999999,0.6000000000000001,1.0,0.6000000000000001,0.39999999999999997,-0.7999999999999999,-0.6000000000000001,0.6000000000000001,-0.7999999999999999,0.7999999999999999,-0.19999999999999998,-0.7999999999999999,-0.7999999999999999,-0.6000000000000001,0.7999999999999999,-0.7999999999999999,0.6000000000000001,-0.39999999999999997,0.7999999999999999,0.7999999999999999,0.7999999999999999,-0.39999999999999997,-0.7999999999999999,0.0,0.7999999999999999,-0.6000000000000001,-0.6000000000000001,-0.7999999999999999,0.6000000000000001,-1.0,-0.7999999999999999,-0.7999999999999999,0.7999999999999999,-0.7999999999999999,1.0,-0.6000000000000001,-0.7999999999999999,1.0,1.0,0.19999999999999998,0.7999999999999999,0.7999999999999999,1.0,0.7999999999999999,0.7999999999999999,-0.7999999999999999,-0.7999999999999999,-0.6000000000000001,1.0,-0.6000000000000001,-0.7999999999999999,0.6000000000000001,0.7999999999999999,1.0,0.7999999999999999,0.7999999999999999,0.7999999999999999,0.7999999999999999,-0.39999999999999997,1.0,0.7999999999999999,0.7999999999999999,1.0,-0.6000000000000001,0.7999999999999999,-0.7999999999999999,-0.7999999999999999,1.0,-0.7999999999999999,0.6000000000000001,0.7999999999999999,-0.39999999999999997,0.7999999999999999,0.7999999999999999,-0.7999999999999999,0.0,0.7999999999999999,0.7999999999999999,0.7999999999999999,0.7999999999999999,0.7999999999999999,1.0,-0.6000000000000001,0.7999999999999999,1.0,0.7999999999999999,-0.7999999999999999,-1.0,-1.0,0.0,-0.39999999999999997,-0.7999999999999999,-0.7999999999999999,-0.7999999999999999,-0.6000000000000001,0.6000000000000001,0.7999999999999999,-0.7999999999999999,-0.7999999999999999,-0.7999999999999999,0.7999999999999999,-0.7999999999999999,-0.6000000000000001,0.7999999999999999,0.6000000000000001,0.7999999999999999,0.7999999999999999,0.7999999999999999,0.6000000000000001,-0.7999999999999999,1.0,1.0,0.6000000000000001,1.0,-1.0,0.6000000000000001,-0.7999999999999999
Wenzhouxiangella,0.39999999999999997,-0.6000000000000001,-0.7999999999999999,0.7999999999999999,1.0,1.0,-0.6000000000000001,-0.7999999999999999,-1.0,-0.7999999999999999,0.6000000000000001,0.6000000000000001,-0.6000000000000001,0.6000000000000001,0.0,-0.7999999999999999,0.7999999999999999,0.6000000000000001,1.0,0.7999999999999999,-1.0,0.7999999999999999,1.0,-0.7999999999999999,0.6000000000000001,1.0,0.6000000000000001,0.39999999999999997,-0.7999999999999999,-0.6000000000000001,0.6000000000000001,-0.7999999999999999,0.7999999999999999,-0.19999999999999998,-0.7999999999999999,-0.7999999999999999,-0.6000000000000001,0.7999999999999999,-0.7999999999999999,0.6000000000000001,-0.39999999999999997,0.7999999999999999,0.7999999999999999,0.7999999999999999,-0.39999999999999997,-0.7999999999999999,0.0,0.7999999999999999,-0.6000000000000001,-0.6000000000000001,-0.7999999999999999,0.6000000000000001,-1.0,-0.7999999999999999,-0.7999999999999999,0.7999999999999999,-0.7999999999999999,1.0,-0.6000000000000001,-0.7999999999999999,1.0,1.0,0.19999999999999998,0.7999999999999999,0.7999999999999999,1.0,0.7999999999999999,0.7999999999999999,-0.7999999999999999,-0.7999999999999999,-0.6000000000000001,1.0,-0.6000000000000001,-0.7999999999999999,0.6000000000000001,0.7999999999999999,1.0,0.7999999999999999,0.7999999999999999,0.7999999999999999,0.7999999999999999,-0.39999999999999997,1.0,0.7999999999999999,0.7999999999999999,1.0,-0.6000000000000001,0.7999999999999999,-0.7999999999999999,-0.7999999999999999,1.0,-0.7999999999999999,0.6000000000000001,0.7999999999999999,-0.39999999999999997,0.7999999999999999,0.7999999999999999,-0.7999999999999999,0.0,0.7999999999999999,0.7999999999999999,0.7999999999999999,0.7999999999999999,0.7999999999999999,1.0,-0.6000000000000001,0.7999999999999999,1.0,0.7999999999999999,-0.7999999999999999,-1.0,-1.0,0.0,-0.39999999999999997,-0.7999999999999999,-0.7999999999999999,-0.7999999999999999,-0.6000000000000001,0.6000000000000001,0.7999999999999999,-0.7999999999999999,-0.7999999999999999,-0.7999999999999999,0.7999999999999999,-0.7999999999999999,-0.6000000000000001,0.7999999999999999,0.6000000000000001,0.7999999999999999,0.7999999999999999,0.7999999999999999,0.6000000000000001,-0.7999999999999999,1.0,1.0,0.6000000000000001,1.0,-1.0,0.6000000000000001,-0.7999999999999999
Woeseiaceae,0.39999999999999997,-1.0,-0.7999999999999999,0.7999999999999999,0.6000000000000001,0.6000000000000001,-1.0,-0.7999999999999999,-0.6000000000000001,-0.7999999999999999,1.0,1.0,-1.0,1.0,0.7999999999999999,-0.7999999999999999,0.7999999999999999,1.0,0.6000000000000001,0.7999999999999999,-0.6000000000000001,0.7999999999999999,0.6000000000000001,-0.7999999999999999,1.0,0.6000000000000001,1.0,0.39999999999999997,-0.7999999999999999,-1.0,1.0,-0.7999999999999999,0.7999999999999999,0.19999999999999998,-0.7999999999999999,-0.7999999999999999,-1.0,0.7999999999999999,-0.7999999999999999,1.0,0.39999999999999997,0.7999999999999999,0.7999999999999999,0.7999999999999999,-0.39999999999999997,-0.7999999999999999,0.7999999999999999,0.7999999999999999,-1.0,-1.0,-0.7999999999999999,1.0,-0.6000000000000001,-0.7999999999999999,-0.7999999999999999,0.7999999999999999,-0.7999999999999999,0.6000000000000001,-1.0,-0.7999999999999999,0.6000000000000001,0.6000000000000001,-0.19999999999999998,0.7999999999999999,0.7999999999999999,0.6000000000000001,0.0,0.7999999999999999,-0.7999999999999999,-0.7999999999999999,-1.0,0.6000000000000001,-1.0,-0.7999999999999999,1.0,0.7999999999999999,0.6000000000000001,0.7999999999999999,0.7999999999999999,0.7999999999999999,0.7999999999999999,-0.39999999999999997,0.6000000000000001,0.7999999999999999,0.7999999999999999,0.6000000000000001,-1.0,0.7999999999999999,-0.7999999999999999,-0.7999999999999999,0.6000000000000001,-0.7999999999999999,1.0,0.7999999999999999,0.39999999999999997,0.7999999999999999,0.7999999999999999,-0.7999999999999999,0.7999999999999999,0.7999999999999999,0.0,0.7999999999999999,0.7999999999999999,0.7999999999999999,0.6000000000000001,-1.0,0.7999999999999999,0.6000000000000001,0.7999999999999999,-0.7999999999999999,-0.6000000000000001,-0.6000000000000001,0.7999999999999999,0.39999999999999997,-0.7999999999999999,-0.7999999999999999,-0.7999999999999999,-1.0,1.0,0.7999999999999999,-0.7999999999999999,-0.7999999999999999,-0.7999999999999999,0.7999999999999999,-0.7999999999999999,-1.0,0.7999999999999999,1.0,0.7999999999999999,0.7999999999999999,0.7999999999999999,1.0,-0.7999999999999999,0.6000000000000001,0.6000000000000001,1.0,0.6000000000000001,-0.6000000000000001,1.0,-0.7999999999999999
XN24,0.39999999999999997,-0.6000000000000001,-0.7999999999999999,0.7999999999999999,1.0,1.0,-0.6000000000000001,-0.7999999999999999,-1.0,-0.7999999999999999,0.6000000000000001,0.6000000000000001,-0.6000000000000001,0.6000000000000001,0.0,-0.7999999999999999,0.7999999999999999,0.6000000000000001,1.0,0.7999999999999999,-1.0,0.7999999999999999,1.0,-0.7999999999999999,0.6000000000000001,1.0,0.6000000000000001,0.39999999999999997,-0.7999999999999999,-0.6000000000000001,0.6000000000000001,-0.7999999999999999,0.7999999999999999,-0.19999999999999998,-0.7999999999999999,-0.7999999999999999,-0.6000000000000001,0.7999999999999999,-0.7999999999999999,0.6000000000000001,-0.39999999999999997,0.7999999999999999,0.7999999999999999,0.7999999999999999,-0.39999999999999997,-0.7999999999999999,0.0,0.7999999999999999,-0.6000000000000001,-0.6000000000000001,-0.7999999999999999,0.6000000000000001,-1.0,-0.7999999999999999,-0.7999999999999999,0.7999999999999999,-0.7999999999999999,1.0,-0.6000000000000001,-0.7999999999999999,1.0,1.0,0.19999999999999998,0.7999999999999999,0.7999999999999999,1.0,0.7999999999999999,0.7999999999999999,-0.7999999999999999,-0.7999999999999999,-0.6000000000000001,1.0,-0.6000000000000001,-0.7999999999999999,0.6000000000000001,0.7999999999999999,1.0,0.7999999999999999,0.7999999999999999,0.7999999999999999,0.7999999999999999,-0.39999999999999997,1.0,0.7999999999999999,0.7999999999999999,1.0,-0.6000000000000001,0.7999999999999999,-0.7999999999999999,-0.7999999999999999,1.0,-0.7999999999999999,0.6000000000000001,0.7999999999999999,-0.39999999999999997,0.7999999999999999,0.7999999999999999,-0.7999999999999999,0.0,0.7999999999999999,0.7999999999999999,0.7999999999999999,0.7999999999999999,0.7999999999999999,1.0,-0.6000000000000001,0.7999999999999999,1.0,0.7999999999999999,-0.7999999999999999,-1.0,-1.0,0.0,-0.39999999999999997,-0.7999999999999999,-0.7999999999999999,-0.7999999999999999,-0.6000000000000001,0.6000000000000001,0.7999999999999999,-0.7999999999999999,-0.7999999999999999,-0.7999999999999999,0.7999999999999999,-0.7999999999999999,-0.6000000000000001,0.7999999999999999,0.6000000000000001,0.7999999999999999,0.7999999999999999,0.7999999999999999,0.6000000000000001,-0.7999999999999999,1.0,1.0,0.6000000000000001,1.0,-1.0,0.6000000000000001,-0.7999999999999999
Xanthomonadales,-0.39999999999999997,0.6000000000000001,0.7999999999999999,-0.7999999999999999,-1.0,-1.0,0.6000000000000001,0.7999999999999999,1.0,0.7999999999999999,-0.6000000000000001,-0.6000000000000001,0.6000000000000001,-0.6000000000000001,0.0,0.7999999999999999,-0.7999999999999999,-0.6000000000000001,-1.0,-0.7999999999999999,1.0,-0.7999999999999999,-1.0,0.7999999999999999,-0.6000000000000001,-1.0,-0.6000000000000001,-0.39999999999999997,0.7999999999999999,0.6000000000000001,-0.6000000000000001,0.7999999999999999,-0.7999999999999999,0.19999999999999998,0.7999999999999999,0.7999999999999999,0.6000000000000001,-0.7999999999999999,0.7999999999999999,-0.6000000000000001,0.39999999999999997,-0.7999999999999999,-0.7999999999999999,-0.7999999999999999,0.39999999999999997,0.7999999999999999,0.0,-0.7999999999999999,0.6000000000000001,0.6000000000000001,0.7999999999999999,-0.6000000000000001,1.0,0.7999999999999999,0.7999999999999999,-0.7999999999999999,0.7999999999999999,-1.0,0.6000000000000001,0.7999999999999999,-1.0,-1.0,-0.19999999999999998,-0.7999999999999999,-0.7999999999999999,-1.0,-0.7999999999999999,-0.7999999999999999,0.7999999999999999,0.7999999999999999,0.6000000000000001,-1.0,0.6000000000000001,0.7999999999999999,-0.6000000000000001,-0.7999999999999999,-1.0,-0.7999999999999999,-0.7999999999999999,-0.7999999999999999,-0.7999999999999999,0.39999999999999997,-1.0,-0.7999999999999999,-0.7999999999999999,-1.0,0.6000000000000001,-0.7999999999999999,0.7999999999999999,0.7999999999999999,-1.0,0.7999999999999999,-0.6000000000000001,-0.7999999999999999,0.39999999999999997,-0.7999999999999999,-0.7999999999999999,0.7999999999999999,0.0,-0.7999999999999999,-0.7999999999999999,-0.7999999999999999,-0.7999999999999999,-0.7999999999999999,-1.0,0.6000000000000001,-0.7999999999999999,-1.0,-0.7999999999999999,0.7999999999999999,1.0,1.0,0.0,0.39999999999999997,0.7999999999999999,0.7999999999999999,0.7999999999999999,0.6000000000000001,-0.6000000000000001,-0.7999999999999999,0.7999999999999999,0.7999999999999999,0.7999999999999999,-0.7999999999999999,0.7999999999999999,0.6000000000000001,-0.7999999999999999,-0.6000000000000001,-0.7999999999999999,-0.7999999999999999,-0.7999999999999999,-0.6000000000000001,0.7999999999999999,-1.0,-1.0,-0.6000000000000001,-1.0,1.0,-0.6000000000000001,0.7999999999999999
YR4-1,0.39999999999999997,-1.0,-0.7999999999999999,0.7999999999999999,0.6000000000000001,0.6000000000000001,-1.0,-0.7999999999999999,-0.6000000000000001,-0.7999999999999999,1.0,1.0,-1.0,1.0,0.7999999999999999,-0.7999999999999999,0.7999999999999999,1.0,0.6000000000000001,0.7999999999999999,-0.6000000000000001,0.7999999999999999,0.6000000000000001,-0.7999999999999999,1.0,0.6000000000000001,1.0,0.39999999999999997,-0.7999999999999999,-1.0,1.0,-0.7999999999999999,0.7999999999999999,0.19999999999999998,-0.7999999999999999,-0.7999999999999999,-1.0,0.7999999999999999,-0.7999999999999999,1.0,0.39999999999999997,0.7999999999999999,0.7999999999999999,0.7999999999999999,-0.39999999999999997,-0.7999999999999999,0.7999999999999999,0.7999999999999999,-1.0,-1.0,-0.7999999999999999,1.0,-0.6000000000000001,-0.7999999999999999,-0.7999999999999999,0.7999999999999999,-0.7999999999999999,0.6000000000000001,-1.0,-0.7999999999999999,0.6000000000000001,0.6000000000000001,-0.19999999999999998,0.7999999999999999,0.7999999999999999,0.6000000000000001,0.0,0.7999999999999999,-0.7999999999999999,-0.7999999999999999,-1.0,0.6000000000000001,-1.0,-0.7999999999999999,1.0,0.7999999999999999,0.6000000000000001,0.7999999999999999,0.7999999999999999,0.7999999999999999,0.7999999999999999,-0.39999999999999997,0.6000000000000001,0.7999999999999999,0.7999999999999999,0.6000000000000001,-1.0,0.7999999999999999,-0.7999999999999999,-0.7999999999999999,0.6000000000000001,-0.7999999999999999,1.0,0.7999999999999999,0.39999999999999997,0.7999999999999999,0.7999999999999999,-0.7999999999999999,0.7999999999999999,0.7999999999999999,0.0,0.7999999999999999,0.7999999999999999,0.7999999999999999,0.6000000000000001,-1.0,0.7999999999999999,0.6000000000000001,0.7999999999999999,-0.7999999999999999,-0.6000000000000001,-0.6000000000000001,0.7999999999999999,0.39999999999999997,-0.7999999999999999,-0.7999999999999999,-0.7999999999999999,-1.0,1.0,0.7999999999999999,-0.7999999999999999,-0.7999999999999999,-0.7999999999999999,0.7999999999999999,-0.7999999999999999,-1.0,0.7999999999999999,1.0,0.7999999999999999,0.7999999999999999,0.7999999999999999,1.0,-0.7999999999999999,0.6000000000000001,0.6000000000000001,1.0,0.6000000000000001,-0.6000000000000001,1.0,-0.7999999999999999
Yeosuana,0.0,0.7999999999999999,0.6000000000000001,-1.0,-0.7999999999999999,-0.7999999999999999,0.7999999999999999,1.0,0.7999999999999999,1.0,-0.7999999999999999,-0.7999999999999999,0.7999999999999999,-0.7999999999999999,-0.39999999999999997,1.0,-0.6000000000000001,-0.7999999999999999,-0.7999999999999999,-1.0,0.7999999999999999,-0.6000000000000001,-0.7999999999999999,0.6000000000000001,-0.7999999999999999,-0.7999999999999999,-0.7999999999999999,0.0,0.6000000000000001,0.7999999999999999,-0.7999999999999999,0.6000000000000001,-1.0,0.39999999999999997,0.6000000000000001,0.6000000000000001,0.7999999999999999,-1.0,0.6000000000000001,-0.7999999999999999,-0.19999999999999998,-1.0,-1.0,-0.6000000000000001,0.7999999999999999,0.6000000000000001,-0.39999999999999997,-1.0,0.7999999999999999,0.7999999999999999,1.0,-0.7999999999999999,0.7999999999999999,0.6000000000000001,0.6000000000000001,-0.6000000000000001,0.6000000000000001,-0.7999999999999999,0.7999999999999999,1.0,-0.7999999999999999,-0.7999999999999999,0.39999999999999997,-1.0,-1.0,-0.7999999999999999,-0.39999999999999997,-1.0,1.0,1.0,0.7999999999999999,-0.7999999999999999,0.7999999999999999,1.0,-0.7999999999999999,-1.0,-0.7999999999999999,-1.0,-1.0,-1.0,-1.0,0.0,-0.7999999999999999,-0.6000000000000001,-1.0,-0.7999999999999999,0.7999999999999999,-0.6000000000000001,0.6000000000000001,0.6000000000000001,-0.7999999999999999,1.0,-0.7999999999999999,-0.6000000000000001,0.19999999999999998,-0.6000000000000001,-1.0,0.6000000000000001,-0.39999999999999997,-1.0,-0.39999999999999997,-0.6000000000000001,-1.0,-0.6000000000000001,-0.7999999999999999,0.7999999999999999,-1.0,-0.7999999999999999,-1.0,1.0,0.7999999999999999,0.7999999999999999,-0.39999999999999997,-0.19999999999999998,1.0,1.0,1.0,0.7999999999999999,-0.7999999999999999,-0.6000000000000001,1.0,0.6000000000000001,0.6000000000000001,-0.6000000000000001,1.0,0.7999999999999999,-1.0,-0.7999999999999999,-1.0,-0.6000000000000001,-1.0,-0.7999999999999999,0.6000000000000001,-0.7999999999999999,-0.7999999999999999,-0.7999999999999999,-0.7999999999999999,0.7999999999999999,-0.7999999999999999,1.0
