,4572-130,70-9,ATBO01,Acidaminobacteraceae,Albimonas,Alkalispirochaeta,Alphaproteobacteria,BM002,BM003,BM004,BM103,BM507,BM509,BM714,Balneolaceae,Balneolales,Bipolaricaulia,Chromatocurvus,Crateriforma,Cryomorpha,DDH964,DSBN01,DT-110,DT-91,Desulfobacter,Desulfohalobiaceae,Desulfomicrobiaceae,Desulfotignum,Desulfurivibrionaceae,Flavobacteriaceae,Fodinibius,GCA-001735895,GCA-2722315,GCA-2748055,GWC2-71-9,Gallionellaceae,Geothermobacteraceae,Gracilimonas,Gramella,Guyparkeria,HIMB11,HLUCCA08,Halanaerobiales,Halanaerobium,Halioglobus,Halofilum,Halomonas,IMCC34051,J153,JAACFB01,JAAXQD01,JAAYHV01,JAAYYF01,JABDJL01,JABDQB01,JABSQH01,KS3-K002,Krumholzibacteria,Lutibacter,M0040,MWEM01,Maliponia,Maribacter,Marinobacter,Marivita,Mcinerneyibacterium,Microbacteriaceae,Muricauda,NaphS2,Nevskiales,Nitriliruptorales,Opitutales,Ornithinicoccus_A,PWMO01,PWYM01,Paceibacterales,Phaeodactylibacter,Psychroflexus,RZYO01,Rhodobacteraceae,Rhodohalobacter,Rhodothermales,Roseicyclus,Roseimaritima,Roseovarius,S36-B12,SAR324,SCGC-AAA027-K21,SG8-39,SHZL01,SLDV01,SLND01,SLSQ01,SLST01,SMO-BIN1,SURF-3,SW132,SZUA-36,SZUA-401,Salegentibacter,Salinarimonas,Salinivirga,Saprospiraceae,Sediminispirochaetaceae,Spiribacter,Sunxiuqinia,Synergistales,T1Sed10-7,Tangfeifania,Thiohalobacterales,Thiohalomonadales,Thiohalophilus,Thiohalorhabdus,Thiohalospira,UBA10428,UBA11386,UBA11574,UBA11579,UBA12077,UBA12170,UBA12270,UBA12294,UBA4486,UBA4802,UBA5335,UBA5704,UBA6264,UBA6794,UBA6960,UBA7960,UBA8670,VadinHA17,WC007,WN38,Wenzhouxiangella,Woeseiaceae,XN24,Xanthomonadales,YR4-1,Yeosuana
4572-130,0.9999999999999999,-0.6645970551532638,-0.5116011905253262,0.26311133445672935,0.21062462737302773,0.616378055495864,-0.46935003142376325,-0.2480188424104138,-0.29079275635273333,-0.2821004786088404,0.4782758295989704,0.34220941004336203,-0.5994082321216733,0.24629329583399512,0.5828596011609444,0.028929408150440337,0.2216960339948437,0.44015311827419557,0.2761612017116181,0.5050165198485677,-0.315376945273448,0.5446872844796241,0.6553342860975776,-0.26780612715607804,0.7359039740452868,0.37239655975129043,0.6761251156945449,0.8821057570405036,-0.4766246076761532,-0.6233104487420364,0.5392313620597473,-0.5863683131919154,0.4508607985070248,0.6756503123755394,-0.6200313560054898,-0.5238196073616305,-0.6340688979847197,0.3756273818504147,-0.7325932050544697,0.25877562367711276,-0.24020887671783805,0.41142068095526996,0.3485291345544327,0.5567073943236717,-0.025278388338624412,-0.4049084385319044,0.417801752229346,0.1963876824031383,-0.56929570895161,-0.5651359021445054,-0.1755580255486178,0.1695052616707064,-0.4150198668493115,-0.6156115736334444,-0.5707350325115031,0.32516745665790503,-0.5588866319363842,0.5861450476418271,-0.48202217709148487,-0.33278926167581685,0.4735177692112769,0.23322504101566593,0.421665500269942,0.44200578491188075,0.35552215282754385,0.2766557535803813,0.2103668393125074,0.33033861895474387,-0.31840335708355366,-0.1295318334228935,-0.6796496909468706,0.7495990286242152,-0.6376387512050266,-0.14370439075632727,0.5027527422109079,0.29969474718881023,0.6459330913485234,0.630791266888334,0.28334821801248106,0.338354028079062,0.4067079610702246,-0.7343485005775476,0.28239101269683875,0.47429885643307085,0.322698707445528,0.08167893122049011,-0.6001095916294936,0.6038373538155692,-0.5889512426623764,-0.6745097253684389,0.20421608680932404,-0.31289016304571804,0.44234769167827476,0.6706241793062406,0.20248091654426986,0.43371534981718235,0.40496357020159296,-0.6319288703850853,0.3258726126499431,0.177083766004411,-0.11532684719255105,0.5833013940251457,0.428855013217233,0.5151463600767867,0.21592221514312016,-0.41730318133192495,0.3914819285288982,0.22826023618566443,0.5299679915874226,-0.24075896055693163,-0.3466050170480456,-0.3797602924022117,-0.06190572217861385,-0.10120403126519407,-0.028646395507602403,-0.34955259684853296,-0.3130428609301657,-0.595805356963084,0.40690165914400966,0.7296483526581276,-0.04817541778975222,-0.640856760265437,-0.520877125993825,0.5264381892646294,-0.2468995027610737,-0.621762681957919,0.2381386560139475,0.28056000364333866,-0.008283445905869435,0.6018902215416467,0.3290202358668667,0.6250880099388074,-0.4278025727656198,0.62141815436151,0.22515137953665357,0.45870798128513945,0.47251852420757634,-0.3425945861927957,0.5167675789326153,-0.28431221840341875
70-9,-0.6645970551532638,0.9999999999999999,0.8087455061143303,-0.5652684889663332,-0.2873557247998437,-0.8512620008751572,0.8043762435037416,0.655662679886877,0.6772249863523482,0.6932348737422807,-0.856074224135669,-0.852721603011438,0.9497819920274785,-0.7920512859908362,-0.8925757373318114,0.24505663477866738,-0.585928724888761,-0.8408408929497648,-0.514879771972874,-0.8020522871219254,0.6006925017658237,-0.9108089256968552,-0.6960618725168622,0.5824381680393469,-0.9599767131636878,-0.78780774600152,-0.867153936833097,-0.7395048909491061,0.8303363425637391,0.957906754925075,-0.9422792508860849,0.9420675196855959,-0.8179108845732878,-0.5084055546840117,0.9244830944412392,0.8549134644812316,0.9514629265421461,-0.6641909613307674,0.8942749885628272,-0.774102160542103,0.0810377222011544,-0.6094621598573927,-0.8525276855107823,-0.876818168325824,0.22547042388709293,0.6518046957219857,-0.6630830850521132,-0.5116198830573977,0.9159344888793559,0.918388013571699,0.5512021055689535,-0.748376213210359,0.6899637538889817,0.953344362126092,0.8348049148761953,-0.41143125764738436,0.7968765285520986,-0.5249545211634419,0.8645361322818018,0.6859625744151313,-0.862379439819471,-0.5130075730299654,-0.1682900022538771,-0.6796780352230932,-0.7179410072913281,-0.7701863901437105,-0.06715722495468494,-0.708118139962857,0.7287792979073645,0.4547497669196731,0.9138520254705637,-0.5659198005021616,0.9629977110861273,0.46398589431197224,-0.8537457285954356,-0.7963793273216239,-0.688879603856727,-0.6008267678004984,-0.7733484308247829,-0.6947352147069499,-0.8260641923835583,0.8772824846178696,-0.5224912047696934,-0.8186259975176735,-0.7149858968208253,-0.2627334429953084,0.9155843992807232,-0.7250854064369718,0.8923908617571888,0.9639310080707206,-0.5697849323432271,0.6307868445528741,-0.9118923136712642,-0.8931570102819251,-0.09073491159311632,-0.9089052415217568,-0.7941050157356822,0.959116121006307,-0.6793200455874823,-0.6896758215175812,0.032501010149384495,-0.8593294591623993,-0.8217549463998475,-0.8831690237524106,-0.3360902515878212,0.8062958305961098,-0.8664415410580626,-0.5815282248358412,-0.7540387109205328,0.6403678986911907,0.7791844860602727,0.5836181423100371,-0.38695034667339234,-0.21379268221688053,0.32038222137944466,0.6962642567980039,0.6630829376895988,0.9274435076954376,-0.8883646227988635,-0.8627338080546,0.38653260172375115,0.9606723287623985,0.8512040601198793,-0.9269956127221027,0.5953658404429287,0.9649068859324608,-0.7975370141593061,-0.8889373247615393,-0.30931135911446883,-0.8109542880584741,-0.7933680651973887,-0.9280220914150649,0.8028029143842274,-0.5740153115118913,-0.49055269202145474,-0.8631799405868144,-0.7461424472280783,0.7174876247288172,-0.9253795548928833,0.6585437242058232
ATBO01,-0.5116011905253262,0.8087455061143303,0.9999999999999999,-0.8558433910265602,-0.5560756059197839,-0.8661824190365878,0.917640346697633,0.7015312737707075,0.724381253739852,0.7295076183667837,-0.7827970486797335,-0.7972626792912328,0.7139935579056337,-0.7780635327446958,-0.6243120752459014,0.4982632760917583,-0.7024030863614794,-0.8692324981998496,-0.7176844502706545,-0.9097354162487296,0.8370044986918713,-0.8769688927657315,-0.8438588275311207,0.5672857186276719,-0.7898837129174858,-0.8741176224399321,-0.8031614541733174,-0.5847353605867179,0.9873651560966538,0.8108968702222757,-0.7953833621626328,0.9303806219729299,-0.8531183608154054,-0.16211578493454007,0.9435257414764233,0.9727735929566259,0.9373617616948189,-0.8674656664333364,0.5561875183809917,-0.6670201089289127,-0.1855920639195391,-0.7513043460756519,-0.8502858196278119,-0.9091352234764339,0.28371401204770935,0.945995161055278,-0.6275216406865807,-0.7250852008215826,0.8901916348580999,0.7794260086294821,0.7751095320062813,-0.726400819840954,0.9294025453610791,0.9157406436489463,0.9526656951555181,-0.7437642819338655,0.9693633951061326,-0.6684328345648209,0.6533831642698004,0.7139008909379433,-0.8755886794924571,-0.796002979275545,-0.2958795828589212,-0.8801558053014946,-0.8915610299368192,-0.8199254266252172,-0.46301706727200936,-0.9226557996307201,0.9383493029473005,0.7014844483518153,0.5175837170364709,-0.6809736171881781,0.6921703748120102,0.7722367046909275,-0.8248437677605979,-0.8298530014379881,-0.7821048084034335,-0.6776786464943041,-0.7776170387104729,-0.8489143044497127,-0.8651858192263318,0.5711740539625281,-0.7865988366528077,-0.8999222304793097,-0.8837827815106257,-0.5999717070695281,0.9225150715735265,-0.7999816823401895,0.9307170577373512,0.7879682634095764,-0.6482522856683939,0.8410928757393217,-0.8549380481663089,-0.8694348347681907,0.27627891785860265,-0.8424211049351472,-0.8329739750896732,0.7349887635940943,-0.32845768753740423,-0.8282888219033077,-0.22146259530626383,-0.8918600585936571,-0.858214753187512,-0.8794661664816371,-0.42472447049881923,0.9852933920603344,-0.8605870822719699,-0.814633521068261,-0.8072667956159876,0.7811780888844787,0.8704761395049708,0.7278868069794352,-0.04040132334556415,-0.05071495501958717,0.5837771389440148,0.8738388533179561,0.8119425923698146,0.7803646292160344,-0.8841879479634434,-0.8201741468598959,0.6370275231357682,0.8177615279368357,0.9457636278124177,-0.8426447077810599,0.8270035669678509,0.8449357440341694,-0.8485461257820687,-0.6906653874801456,-0.5719315013419466,-0.8691645809066227,-0.8811106671944721,-0.786436576428953,0.9746339515007374,-0.7717876951374711,-0.6476973444935132,-0.8703440482262804,-0.8327439712546857,0.8698080909422905,-0.7450100289547359,0.7408411360641299
Acidaminobacteraceae,0.26311133445672935,-0.5652684889663333,-0.85584339102656,0.9999999999999998,0.6944267040189469,0.7809978440742515,-0.8307638338009623,-0.7434798368606285,-0.755845766258504,-0.7446890400461161,0.7770349524516992,0.7608336288077061,-0.560454824775713,0.7916548846547784,0.39767361461654455,-0.6877084618556296,0.5385117529753932,0.8418772383532502,0.6075214289239506,0.8940764805218698,-0.8665686787299588,0.7277076581902931,0.7666536723607791,-0.3722281989392668,0.5933881099564889,0.7775731114077307,0.7486091776485059,0.23518290793313082,-0.8639785493837226,-0.6855675967908589,0.6427289518283912,-0.7724174260714918,0.8110728911748551,-0.2125748586967547,-0.7670724436700002,-0.7890559273011561,-0.7473091639046222,0.9732064241614179,-0.23055738558917951,0.6879125794493091,0.30604341765612597,0.8474920656373089,0.7598181348969308,0.8202671323043365,-0.5188564531210261,-0.8798360650814911,0.6583115916520015,0.8768969913437914,-0.6944849380961885,-0.6729253253123737,-0.857497229890928,0.7659487543623928,-0.9379033793915595,-0.7580555770280419,-0.8208024757590486,0.7071133482105776,-0.8492953593949517,0.5805878643762751,-0.481087988803159,-0.7463818994073783,0.775363618249475,0.7884196559332577,0.04540630121173518,0.9377982529848449,0.9207009790989467,0.7300198549024312,0.5961144033181289,0.8890447099655534,-0.9121298718968383,-0.8344895477597587,-0.2494838875048006,0.6361668323625924,-0.4653563218687807,-0.9206154545509229,0.7938039681270828,0.7367515771949915,0.7209239299229102,0.6930236997108106,0.7907578607618725,0.8776906399889163,0.8227884963747646,-0.26967571140588303,0.7718379682824528,0.808418515387005,0.9046997940188753,0.6365693998860431,-0.7417876889230045,0.6935029668965239,-0.7584867452606296,-0.6127911791267081,0.578859473499671,-0.9104638722177624,0.7630921123202197,0.7464444018874588,-0.5409033907021622,0.641581755995281,0.7973873954108579,-0.552655584722914,0.19787292334387405,0.9286903488294095,0.24963605980093387,0.8000132770402345,0.8284476479689671,0.744256724224609,0.367795620447297,-0.8534651607859538,0.7765999878605039,0.861507337034217,0.8867332976431467,-0.8148908998639033,-0.818439096739332,-0.7124060222795002,-0.035521168327394034,0.18362385095267814,-0.8359125866913601,-0.8875103712851722,-0.871727872775824,-0.6616858424972346,0.8176276229291939,0.723485529470833,-0.8252010557674591,-0.648785591545532,-0.7990868659885438,0.6535160632822531,-0.8842599355094102,-0.6275891623988603,0.8044055469319342,0.5101185641619269,0.7771489527600621,0.7266171965420705,0.8976081075746466,0.6807584334946803,-0.869672851732847,0.7724722060396108,0.5075276989539438,0.7986335111682128,0.700182024413464,-0.8240809288100989,0.5812813502081943,-0.7977298942142613
Albimonas,0.2106246273730277,-0.28735572479984367,-0.5560756059197838,0.6944267040189468,1.0,0.7032993493147162,-0.585624878000663,-0.8084080893707041,-0.8009312898026936,-0.7823508233840758,0.5442837695438972,0.391276263556926,-0.39192165594691136,0.524111736684734,-0.02028596885058168,-0.8578204428460653,0.4735391878089332,0.664319682790949,0.6154119443252809,0.7485931624643547,-0.7955976803298493,0.5885877156256669,0.7582192866781957,-0.36386523201264,0.31205634773965185,0.6383836798157272,0.6514708324807342,0.10327678842995462,-0.6161988218491506,-0.4505744412157875,0.32251975110804804,-0.4888374013223853,0.7521448281432174,-0.3708122698694038,-0.39694457189763405,-0.4274586745986135,-0.384971929453533,0.7419749065097251,-0.17917019673811466,0.35366981352075816,-0.09614997685492813,0.8231832224914301,0.6020766294956398,0.6594148322806895,-0.7269036445428919,-0.5370938173259575,0.1856907744095067,0.8855216147921314,-0.21604931125545052,-0.5432528299557409,-0.8822200554410575,0.47365487425559444,-0.7175535618176598,-0.4555446806374969,-0.590497569586218,0.4849823191318908,-0.473721746251518,0.756669411080224,-0.5171935845959653,-0.8087957136119476,0.6573933059952629,0.7351625034789415,0.09251759209768357,0.745739138305121,0.7913286650102256,0.6441935927281908,0.5669803481845787,0.7110871350731895,-0.7330233861549779,-0.8534460278529907,-0.00688684575629126,0.7808752546791076,-0.32788125395984724,-0.8303688473813101,0.6431435170257663,0.655430470534067,0.7544378707511632,0.5560941702546314,0.5017517502461014,0.8221163758419067,0.7152886873928664,0.08350773490520716,0.7666746879791748,0.7139277518916397,0.7902104724219713,0.5287953554692805,-0.315562173260039,0.48460897709346795,-0.3248325035414614,-0.38338875604781486,0.49660877093604466,-0.7462156430666941,0.5673201354903774,0.6407618104952711,-0.7974363797468357,0.41681200977659955,0.7541103381218133,-0.3714182599814536,-0.13919921173769179,0.6160289460362962,0.5325283571177081,0.7095831098171459,0.7278463565166432,0.6177098254256723,0.24770263371426535,-0.5378085932629229,0.6289912323422348,0.8276322152069031,0.6891039197901967,-0.7131093359131232,-0.6697945154547693,-0.7320404519349942,-0.409092711436828,-0.13316795040857324,-0.8719006987731666,-0.8022380655467796,-0.8508601721789574,-0.5488886537419695,0.5341188215281992,0.6636337405368022,-0.8955751848600003,-0.473220624652722,-0.36002185140216664,0.46301512328318306,-0.7802112960496294,-0.1983514074563765,0.5854798391101209,0.20915633486946497,0.8398045338235877,0.6133550592725207,0.6533844399099831,0.410344764266646,-0.6473362533676783,0.7733140339141281,0.4832697597019382,0.6399178048799113,0.6348288478822829,-0.6830960251099867,0.37661142155779476,-0.8272237029448486
Alkalispirochaeta,0.616378055495864,-0.8512620008751574,-0.8661824190365878,0.7809978440742514,0.7032993493147162,1.0,-0.8728085893194389,-0.8842714589434861,-0.8981180679738997,-0.900468683635217,0.8851643232630675,0.8424909208366714,-0.8609916619161241,0.8058674699095558,0.6169736195559298,-0.6643536152731175,0.59112343318618,0.9320499614024147,0.6059145421606814,0.9665114977768793,-0.8487831606888001,0.9467537332482171,0.930516057737854,-0.5879132183000938,0.8314763273183589,0.8762714353569974,0.9674332608079524,0.6066632203325831,-0.909046474294421,-0.8954350789900009,0.8422197009927159,-0.9160667102451208,0.9688127377454286,0.19233721419690317,-0.8572560190016979,-0.8229206653638035,-0.8740409535218577,0.8745487273896888,-0.7117134253718356,0.7497563889021422,-0.14143890140348614,0.8980954885553701,0.9139809789270721,0.9856800945544246,-0.6048973734768952,-0.734004557023751,0.5801247397387022,0.8380735411289921,-0.7520622254165117,-0.9210641167120482,-0.8554016495361009,0.769013460391172,-0.8898669070593045,-0.9055573745956452,-0.8909373567256048,0.4705691554059692,-0.8119192010849923,0.7487382854117081,-0.8614857144011472,-0.9129853107949044,0.9666554730724225,0.7273396397575442,0.11390764699704369,0.8794175261273969,0.9100523999738596,0.8742108438471552,0.39219850483342295,0.8883279777900525,-0.9000366374435496,-0.7991523805234572,-0.6407838572305787,0.8485585405688623,-0.8440120426847764,-0.788042439214008,0.9548526861587,0.8786826390607307,0.932685654313695,0.8212604041225504,0.8464357100091937,0.9273067149718975,0.9618391202065174,-0.5564640410049702,0.7643142197661792,0.9105767139301706,0.914440861411841,0.4348128970208814,-0.8016187309663063,0.784435607794178,-0.7927214835111784,-0.8662163655124795,0.6121416676953664,-0.8729414851278287,0.932950678758376,0.9738402999147241,-0.3917035035451807,0.8268813729406057,0.9647174582110247,-0.8475694330550625,0.4172029224808987,0.8042952483885936,0.22934733125729753,0.9771283683556933,0.967181529832866,0.9439799733591071,0.4127009424711937,-0.8378107844571554,0.9397577780680221,0.8114582726012112,0.9344845306065932,-0.8504664361234379,-0.9112132865002297,-0.8320309405636209,0.056897356222226456,0.15009571309936515,-0.6927681992868086,-0.9239082440813234,-0.913763056406295,-0.9266051264523798,0.9170089466900644,0.965481063216931,-0.7562119438340072,-0.9150551302001437,-0.7814655518813246,0.878208469501291,-0.8593309223407583,-0.7772033611986472,0.8597519397191283,0.6966151880425323,0.6825736121268121,0.8982097485973581,0.9122445388240471,0.8834539944859213,-0.8993017741488798,0.8570758916937876,0.5490489599413149,0.9388626474176377,0.8436760174221402,-0.8584267617196637,0.8555905844606981,-0.9002285041102056
Alphaproteobacteria,-0.46935003142376325,0.8043762435037416,0.9176403466976331,-0.8307638338009623,-0.5856248780006631,-0.872808589319439,1.0,0.7550681981717879,0.7665817595441,0.7744072337846567,-0.886598267101893,-0.8277000093108177,0.7491077651788014,-0.8093085339525551,-0.6031443608711184,0.5786611388597946,-0.6832552883910804,-0.9062972693842355,-0.6489537290734319,-0.9015014322238705,0.8586288607458271,-0.889131534862583,-0.8139911346430314,0.5111200299066155,-0.7757037413988992,-0.870748026018563,-0.8407727231546586,-0.5622583557009756,0.9472430302034347,0.8195773413580868,-0.8112121837961244,0.8962040235877232,-0.8835452090651524,-0.014791581917130436,0.8839203500502443,0.8807266298171003,0.8833171427162004,-0.848726347715373,0.5621772699947634,-0.6967318638934116,-0.27349416358976214,-0.8002169966739782,-0.8702448116123913,-0.9122685563754503,0.36313800142949143,0.8521038225817748,-0.5518910971535389,-0.7815801415715405,0.8317973703411673,0.8102406418928914,0.8040863424479526,-0.7652480085593947,0.9143288969314085,0.8825335677296404,0.8730474860017758,-0.6905934697141497,0.9290764421313019,-0.6581542184420545,0.6881739281623693,0.7555435590525366,-0.8890103828907124,-0.8034090026451655,-0.22505689153526265,-0.8494395836620257,-0.9306877557337122,-0.8424099567269925,-0.3893219993925664,-0.8338485995162556,0.9160965820767587,0.7788320324225695,0.551388838482486,-0.6793513867340699,0.7179561600565944,0.8095144246368463,-0.8747243191627848,-0.8239943768902166,-0.7784351663485858,-0.6914911068045358,-0.8087979514945515,-0.8780741846377624,-0.8851507860716487,0.543254344519665,-0.7825353143909716,-0.8889093124663476,-0.9135056959661739,-0.5453221693259234,0.8816049604441125,-0.7948599393561562,0.8618601418447407,0.7908920412268792,-0.6518297694053531,0.8927019932467637,-0.880266584394838,-0.8627768278124169,0.39325114189738974,-0.8401471495188073,-0.8549164787211498,0.7554368442239254,-0.5208524335045286,-0.846235373890493,-0.200050224685438,-0.8937457020061366,-0.8880188720654317,-0.8906177746953311,-0.4152863024640854,0.9374936378341411,-0.8915828365468501,-0.805526733063317,-0.84175205740058,0.8615124798771235,0.8629504413232231,0.7029412906504121,-0.23607447449975807,-0.18924306089397785,0.6730228397677855,0.9186829723601047,0.8374432262235193,0.8070067059425396,-0.8938512700628698,-0.835153372744514,0.6570251474668548,0.8257964919056897,0.8920970123400104,-0.8623187805903999,0.8914482380820865,0.8049761018060938,-0.8601349767063421,-0.7488727501267628,-0.6251573643194096,-0.8446047139737886,-0.9010478482795062,-0.8362546665820739,0.9464197106774306,-0.7877712621316488,-0.6134816518656316,-0.9210941939350852,-0.8325484310285592,0.9572748320474735,-0.7691604172842417,0.75107053868378
BM002,-0.2480188424104138,0.6556626798868769,0.7015312737707073,-0.7434798368606285,-0.8084080893707041,-0.8842714589434861,0.7550681981717879,1.0,0.9966364444082653,0.9972787151796356,-0.7996669410894285,-0.7647551395218417,0.7718347787322707,-0.8106934122205022,-0.3584146651482427,0.8102090295442083,-0.6419377693263041,-0.8672886517525603,-0.6685652538637065,-0.8895872239358961,0.8738858902692751,-0.8740891855045239,-0.7841674976329462,0.6493886410784585,-0.6014999833709987,-0.8922305156855552,-0.8450214532044732,-0.2801866237776595,0.7841104780718977,0.7717819982866918,-0.6606837647021258,0.771448472721664,-0.946829016587474,0.15730486557231144,0.644352414072273,0.6250485778212418,0.6613322286363879,-0.8068897618821389,0.5364586432855099,-0.7280810185978345,0.22293346995425342,-0.8372546458658358,-0.9224045584675583,-0.8884253617148806,0.7428555600737551,0.6179994530726686,-0.368738455475715,-0.9012945049907815,0.5287727162084521,0.8663471979058145,0.9457273964957406,-0.788197996846447,0.791381537885723,0.7472950667345603,0.7739097502129386,-0.3436792690902492,0.6085301594568001,-0.6639341124505835,0.8500808875259029,0.9938088259776553,-0.9203733630438269,-0.7641622433309067,0.01089078289339645,-0.7750904305815457,-0.8896219402116136,-0.9331628460879031,-0.419765526404111,-0.8427157002072238,0.8678488283579525,0.894988433475872,0.4445054254415892,-0.6798093795813493,0.7129924960583455,0.8643339428504846,-0.8772243916550467,-0.9294763909021649,-0.7959165643018931,-0.6070220272814918,-0.8106571204692556,-0.9549263057210852,-0.9411552761731509,0.28920606027499685,-0.8234373424574284,-0.8744515772857473,-0.9299735346690283,-0.54425486969067,0.5758796848343616,-0.6769537537204522,0.5666811757603899,0.72509748802853,-0.7354042452290876,0.8204334474783093,-0.8879037465043683,-0.8434821186362892,0.6074610760153771,-0.7837708467037711,-0.9591426402573938,0.7402637356799645,-0.24328447082603616,-0.8088074782531266,-0.48050991879994565,-0.8997648732985097,-0.9304833052398961,-0.8886295531325907,-0.43707209055744284,0.707007773574403,-0.9256178953086014,-0.8964183646097482,-0.8367691813251705,0.876073742771859,0.8977205866775855,0.797607737186078,-0.003678936968878208,-0.14720745259361745,0.8592746632699408,0.9143328573904316,0.9690486342007468,0.8543689036117187,-0.8682411150864408,-0.8124038026768513,0.9094075638193874,0.7988317424209719,0.5823587688687789,-0.7947409459274457,0.866657565059773,0.5593560843144258,-0.9040593665555038,-0.6576464131117697,-0.8207995567451675,-0.8139991000704643,-0.9042347528259987,-0.682572029607961,0.8079578125285297,-0.6714134422708097,-0.634234990465374,-0.8943499023291289,-0.8367250086869774,0.8552093044358631,-0.708721030186208,0.9745344830088772
BM003,-0.29079275635273333,0.6772249863523482,0.724381253739852,-0.755845766258504,-0.8009312898026936,-0.8981180679738996,0.7665817595441,0.9966364444082653,0.9999999999999999,0.9984089686224368,-0.8024184157365085,-0.7612901999476979,0.7906139569879395,-0.7979476349743618,-0.38303307119153257,0.7909208711947685,-0.6785854874311608,-0.8679384829194038,-0.7000486313196176,-0.9017205446530645,0.8811234886068758,-0.8956359650802151,-0.8040983198885283,0.6811065292440944,-0.6201765010854131,-0.9139956323459595,-0.858681537631234,-0.33485896385784536,0.7997444745116586,0.7948315428563798,-0.6743589816733598,0.797822770340126,-0.9518112371209108,0.1227607895605117,0.6727377448133355,0.6510495317452136,0.68855721698161,-0.8159481878961056,0.563563736325028,-0.721614133854223,0.2329875263785203,-0.8312416765310925,-0.9312220445498441,-0.9063360518575716,0.7164302894263731,0.6455291992996306,-0.3760190026115172,-0.8900594835460717,0.5594287747680935,0.8862741208324789,0.9389434800541102,-0.771400374334683,0.8105241397950735,0.7749804138989427,0.8043584787518436,-0.35578421486616985,0.6392402282879893,-0.6943861397602271,0.855379524358787,0.995581797980444,-0.9353679222282092,-0.7747888460888988,-0.04219052464755476,-0.7812275487352173,-0.8923738248559635,-0.9426607629420052,-0.46590982851097534,-0.8515906401330029,0.8734442971722957,0.8930265101040662,0.4692600220138807,-0.7017663286153153,0.7288868470549421,0.8679819293913251,-0.8794301146033096,-0.9408345189914371,-0.8103354786702761,-0.618459042098689,-0.7969060663259511,-0.9621186672324986,-0.9472997547078528,0.3290247167300171,-0.8439413097111831,-0.8947253507548724,-0.9359367093130652,-0.5836678935835418,0.6040696384621949,-0.7242388226794318,0.5983486813704086,0.7554172262304815,-0.7666712329112587,0.8268985720128922,-0.8952085066635506,-0.8691374503801346,0.5907032234252678,-0.8061102348449793,-0.9637871914501247,0.7646293671520198,-0.23849757689603915,-0.8056967913333035,-0.5045756740680323,-0.9199190914806507,-0.933015002646378,-0.9106559495083697,-0.49022525692880453,0.723599075797316,-0.9300701354674207,-0.9088159211383102,-0.8524141396877533,0.883468892921465,0.9101114658098598,0.7995469619938701,0.001594276077969374,-0.11937231759784352,0.8560910954406319,0.9129338189678029,0.97276921667998,0.8693951705238228,-0.8790574415475845,-0.8382231681148508,0.896570564393622,0.8237458650355728,0.6118262083437778,-0.8193912550723073,0.8720619152585979,0.589500129248156,-0.9116748917615217,-0.6629074200087687,-0.7989555971376414,-0.8514462359247482,-0.9115963698518249,-0.6924911907215042,0.8240557122066685,-0.6805602459361757,-0.6716247687960784,-0.8994464439422118,-0.8611277399662629,0.8650812080405313,-0.7160593089288838,0.9717316755707779
BM004,-0.28210047860884035,0.6932348737422805,0.7295076183667836,-0.744689040046116,-0.7823508233840758,-0.900468683635217,0.7744072337846567,0.9972787151796356,0.9984089686224368,1.0,-0.8082570984386894,-0.7801750936852642,0.7990443475780332,-0.810125273621864,-0.3992719640828701,0.7884924716221277,-0.6761269604962926,-0.8754304989153582,-0.686862278278049,-0.8990837906077909,0.8782600870371172,-0.9019811301023427,-0.796627138005637,0.6820589799058646,-0.6301517812306701,-0.9163866957770835,-0.8572259289947242,-0.33590620175535746,0.8068914227376449,0.798302813659011,-0.6899599154955398,0.8034131450623972,-0.9557681689107397,0.11009307004020154,0.6787780188455727,0.6588280798459896,0.6974011801403758,-0.8073646062592779,0.5764186276792169,-0.7386352799166818,0.230634175030268,-0.8270274799449757,-0.9429750770882361,-0.9100353525947649,0.7141673529041521,0.6402366918732094,-0.38046888893582764,-0.8845257995015409,0.5695600898454152,0.8892733748408329,0.9375535981872944,-0.7863739380355453,0.8057028213509259,0.7799211386630959,0.8018549003117554,-0.34458649427201976,0.6393592823931853,-0.6750814232155468,0.8692603085856143,0.9938321282905301,-0.9422496293616925,-0.7673568433862675,-0.024315509143994794,-0.7757179688298513,-0.8911815225760017,-0.9525895115766632,-0.43088365150669694,-0.853771760447246,0.8778066264256738,0.8885684791174635,0.48564301089880074,-0.6853782220519142,0.7451242379934204,0.8592984644805491,-0.8867048911582748,-0.9480728865038834,-0.8045012634032624,-0.6137627111720972,-0.8135954847550333,-0.959127911153976,-0.9535016014885743,0.33846846256688695,-0.8333189584253811,-0.8918535004884206,-0.9350863338851967,-0.5622488572677935,0.6119284215836704,-0.7131637263296069,0.6035114656340897,0.758956434470382,-0.7594695901227688,0.8256751139528998,-0.9061015744317745,-0.8672125466742915,0.5772707196180114,-0.8189125552333381,-0.968393341013876,0.771428847132578,-0.2663023298784851,-0.8096147377437575,-0.48478162773998007,-0.9188336098587384,-0.9391426820384435,-0.9157621870881383,-0.48140621249441734,0.7320570622443802,-0.9416112285186248,-0.8979975855841268,-0.8437940974310153,0.8847164940290828,0.9142868890069947,0.7999760537071635,-0.029945946575263015,-0.14434776139242447,0.8395568130297153,0.9161006805155073,0.967785528248212,0.8737178591650382,-0.8894342079434865,-0.8330903207670236,0.8892420822743788,0.8290597088958448,0.6165951061069362,-0.8282633274678013,0.8721427177367734,0.6012816116613725,-0.922329087177013,-0.6873639878480232,-0.7965491915949363,-0.8461991429811543,-0.9154979433622182,-0.7041843056136579,0.8290694298352909,-0.6723745899938842,-0.6641851057370579,-0.9078779866667731,-0.859876783086602,0.8693641048255499,-0.7336682502227541,0.970373375424328
BM103,0.4782758295989704,-0.856074224135669,-0.7827970486797335,0.7770349524516992,0.5442837695438972,0.8851643232630675,-0.8865982671018932,-0.7996669410894285,-0.8024184157365084,-0.8082570984386894,1.0,0.9170831417634399,-0.8851923430364017,0.9096359467197194,0.6925835522317242,-0.5457337910379515,0.49717884804995977,0.9524421845873483,0.4881153678086793,0.9096485555511588,-0.7722149484729852,0.86919067132188,0.7691945284095535,-0.42141742271369703,0.8710734402991543,0.7925051362576009,0.917648186000771,0.4695752278014599,-0.8362057380943867,-0.9207544046655954,0.8659389974898659,-0.8802703898552151,0.9120102330188494,0.07230262574847914,-0.8377777679439244,-0.7696300398097062,-0.857345114439872,0.852052606972156,-0.6618172665244417,0.8519939441459744,0.0899675631119915,0.8487502989607435,0.8708743958622374,0.9028742410248833,-0.49184574010640575,-0.6820456206664152,0.7041128769439154,0.7998936313201399,-0.7890681889548862,-0.9001525027771242,-0.7579023417809723,0.9018495728345576,-0.8049156164090588,-0.8808555860741932,-0.8093520654020062,0.5161286107709876,-0.8016564518343967,0.6054319813739907,-0.8136410364966644,-0.8181523968521133,0.8761978796438856,0.6663190147499416,-0.0803688016010104,0.8510359283942326,0.8851982323935146,0.7880124622021129,0.17394569288727307,0.7650227119025927,-0.8292262147587428,-0.7142250393220257,-0.6971401761628905,0.6278074849081684,-0.828816199218755,-0.7143536236630773,0.9635258626254177,0.8110682869923778,0.7838950372845213,0.7486215881902382,0.8882279611596277,0.8472108502618658,0.8961300224482381,-0.616664909233565,0.621720206767086,0.8443909714408425,0.8622817206135224,0.3149057767640199,-0.8291166726003255,0.7130504072195327,-0.7999661427137326,-0.8609787753760879,0.5427766352900009,-0.8366517192778034,0.9265356819403766,0.8732688220946303,-0.27347441416073454,0.81886812826216,0.8694917589096596,-0.8564347946919108,0.6274014487272735,0.8680805693398564,0.013303129178303163,0.8806772031926225,0.9213618121424001,0.8526311742130308,0.27548079616712134,-0.8123060405453888,0.9003539011447991,0.7355368689532698,0.9025022379304574,-0.7714865362575195,-0.809940646400424,-0.5955665857086724,0.33707614207961095,0.3032111512634516,-0.6593002504805999,-0.8593900850761327,-0.836985429170077,-0.9088416326883804,0.9256852191092908,0.8701503582569957,-0.6645769828756556,-0.8823694421142221,-0.7963280523202233,0.8345137263941966,-0.7921845287036693,-0.8184300490964638,0.8476368677413378,0.7958080283635074,0.6457047020213413,0.7660637956791823,0.8953016718388702,0.9303411976934857,-0.8326914050939748,0.7305254191679894,0.42432019619627565,0.950442523910645,0.745857281970235,-0.8364669282758016,0.8462885273676773,-0.8267336615695942
BM507,0.34220941004336203,-0.8527216030114381,-0.7972626792912328,0.760833628807706,0.391276263556926,0.8424909208366715,-0.8277000093108177,-0.7647551395218416,-0.7612901999476979,-0.7801750936852643,0.9170831417634399,0.9999999999999998,-0.8358521511552433,0.9351889413110309,0.7232565913739301,-0.5202625445894171,0.42918148221902763,0.9123130411784223,0.3884524283192614,0.8559966834330681,-0.7242555842060124,0.8372856973805863,0.6802940736601557,-0.4403178823267667,0.8293488130269552,0.7757331725437403,0.8342783855594652,0.37426327262708214,-0.841317397380702,-0.8617612224709797,0.8863181121857471,-0.8665198617913579,0.8609281048241587,0.13371488047626792,-0.8369276557318533,-0.7967567797704987,-0.8623365960571543,0.8159364434978226,-0.6017898739887512,0.9314739386100918,0.07994677943288941,0.7711816238459568,0.8891223946573199,0.8768022108002982,-0.49790863351268616,-0.6789684406121113,0.7482541359901548,0.7352911461010201,-0.8189910382264171,-0.8410668344870657,-0.7309460467727713,0.950629980000838,-0.7747057032485855,-0.8643219960522328,-0.7768221254086664,0.39930774575143346,-0.7632292053662042,0.3845737652283004,-0.7730258084683407,-0.7683852685155843,0.8637633235645067,0.5881888848456002,-0.20396560440595643,0.8002608668756763,0.8235140220028175,0.8050139440248611,0.10314902880828677,0.8107412255166423,-0.8368658479332163,-0.666958381434031,-0.6764424767087144,0.4761640641895119,-0.8084814009782982,-0.6848822403232805,0.9211351365440619,0.8045659111960691,0.6900039814838766,0.6985064330523054,0.9762727894681821,0.797269559758228,0.8812226404829762,-0.5829906160327677,0.556904175462172,0.760803243617281,0.8213319661701346,0.264258708185405,-0.8256123230600539,0.6201016326880072,-0.8038623833718441,-0.8056093092218232,0.49735478719269527,-0.7922954918627017,0.9266106778228375,0.7996388280841511,-0.20108393660843624,0.8158800985543405,0.8484600532581639,-0.8013011366076537,0.632936701054605,0.8919554459562887,-0.056163940635124254,0.8147290586338587,0.8911650470439498,0.8222653220372069,0.2604070038684385,-0.8203956645676286,0.9087955616886723,0.6608364032238083,0.8422823023212933,-0.753578782703724,-0.8283786678421423,-0.6372269913485777,0.3939301037897115,0.46444635056966,-0.5706145483808753,-0.8273014266027588,-0.7815792834674571,-0.8474364331074467,0.9524587427976425,0.7549302446146247,-0.6450708851820753,-0.8330540396421616,-0.8002656753973126,0.8080513859255779,-0.7559306879371812,-0.8348311949985534,0.8853379222290995,0.8379804936348185,0.6209039387788786,0.6977348719217537,0.9116792612103494,0.8944154850320737,-0.821637763135172,0.6137136983982098,0.36410920580012146,0.9065340183762172,0.683548569808716,-0.7779048270015072,0.8619939474520227,-0.7883955507344707
BM509,-0.5994082321216733,0.9497819920274785,0.7139935579056337,-0.560454824775713,-0.3919216559469114,-0.8609916619161242,0.7491077651788014,0.7718347787322707,0.7906139569879395,0.7990443475780331,-0.8851923430364017,-0.8358521511552433,0.9999999999999999,-0.8100139493792144,-0.7840417116391917,0.33109050277562185,-0.595157775275833,-0.8501853336410679,-0.5568297514703243,-0.8177724621845291,0.6485009370570931,-0.9208736332248975,-0.6990465779947078,0.6308998254294687,-0.9191554673970053,-0.8217244684783902,-0.9054469614018849,-0.6490925014125618,0.7590366443306554,0.9785446065791057,-0.8708448088801137,0.9041783259185568,-0.8627890830843173,-0.36634179394705924,0.8326406980448959,0.7339863131937242,0.8677059191821945,-0.665596958771327,0.9000302630088318,-0.8045663720701648,0.25173647257797976,-0.6404028853760881,-0.8824309210254673,-0.880429917956933,0.35729173960666405,0.5795838627284013,-0.5934162187171955,-0.5829052243870325,0.8051296320397399,0.9789316687324167,0.6127539965928656,-0.7754063233346707,0.6484485233616264,0.9154461974343745,0.8178522276008777,-0.3161805913540459,0.6992109330852742,-0.5773219506576364,0.9397541530256388,0.80290876763352,-0.8812807480587836,-0.5351307917922209,-0.09328299531052779,-0.6653091932110996,-0.7278406820585731,-0.8136408513443346,-0.12389894133943931,-0.6776576326888935,0.7038678948482069,0.5273711436127473,0.9023910238128532,-0.5844987698385021,0.9750146900938933,0.5162162441620822,-0.8853157192331534,-0.8459735376763223,-0.7103037517637459,-0.5882988252286572,-0.7712628325752077,-0.7493520947969596,-0.8523756927878989,0.8123193575117446,-0.5728232695993888,-0.8378794216431722,-0.7460343788937692,-0.3149201294840378,0.808937119254549,-0.7549407271511221,0.7824602439848689,0.9763595949227714,-0.6592881955566412,0.6213590579012799,-0.9270811417485624,-0.9033427409711927,0.021605762562077743,-0.9115580478403874,-0.834146655909017,0.9919651390170388,-0.5952586676971529,-0.689442004032445,-0.10756053479123287,-0.8849206078356896,-0.8482510449166761,-0.8979313820656458,-0.39652577040017944,0.7137025652295125,-0.8868743673074302,-0.6503343739319741,-0.7876183918446417,0.654846969121044,0.7796621257532785,0.5642127794475128,-0.32758938241400226,-0.19739706193324694,0.44982130475823334,0.7126884767937688,0.7422011004584588,0.9793533126392922,-0.898112689237607,-0.8843928024182488,0.49515831309804365,0.9777977529000964,0.7409857849716918,-0.9169625837556555,0.6070817690899705,0.8833699956465294,-0.8293367975274367,-0.8590050682937346,-0.4061455045488519,-0.8340378749798971,-0.8112747211025817,-0.8842854465965745,0.748859066875432,-0.5431721435065132,-0.5430989162348215,-0.8923213752278558,-0.7947792935182832,0.7281414311795018,-0.8768135649250665,0.7615475148625673
BM714,0.24629329583399512,-0.7920512859908362,-0.7780635327446958,0.7916548846547785,0.5241117366847339,0.8058674699095558,-0.8093085339525551,-0.8106934122205023,-0.7979476349743619,-0.8101252736218639,0.9096359467197194,0.9351889413110309,-0.8100139493792143,1.0,0.6520075821019563,-0.5306633003986629,0.48492033758954634,0.9217754059888816,0.5182006968750364,0.8698255065113528,-0.7351971593445139,0.8193583968050201,0.646260185436522,-0.45457465715597595,0.7911183837918132,0.7880142761490507,0.8231121803405846,0.230894861073854,-0.8356621946605107,-0.8532331126097575,0.8339919943163967,-0.8461342859932872,0.8722695889253942,0.008348206195881806,-0.8114305063772812,-0.7777090101727948,-0.8179663392645281,0.8442855689517805,-0.5383631057734625,0.8803999982935958,0.14028093110424122,0.7742512548469703,0.8755963640412129,0.8404824344618435,-0.4896241959667499,-0.7038265823626425,0.7091420801986144,0.7888136835490214,-0.7766672996774282,-0.8368495384373034,-0.7856835107699284,0.9805254260074068,-0.762735597620298,-0.8438685438519852,-0.7782794758443716,0.5413356035593132,-0.7336701749719575,0.41742045731318406,-0.7584356243295294,-0.7987041451827872,0.8339276567712537,0.6655759292656853,-0.14710631794139353,0.8236351623254599,0.8761822803951348,0.8060907348141113,0.10015937969523549,0.8294048045495961,-0.8590161530982469,-0.6702597926171618,-0.5914454281822863,0.4592882373159745,-0.7503518140915467,-0.7130180246493456,0.8929164543849948,0.8320816968187317,0.6444385791568817,0.5752409577836872,0.9494336704203903,0.8259413975993656,0.8818244288151071,-0.512076993477087,0.6110499840071385,0.8240201214952394,0.8610181881033698,0.3339493755394991,-0.7970445025787507,0.5610315360457064,-0.7782145708865432,-0.7835519012301606,0.5672317388120751,-0.7613981610389987,0.9281530400153307,0.7848234197756263,-0.23889555769299284,0.8045535377226458,0.8544997056532477,-0.7876430283388585,0.5333432502766245,0.9310744045826307,0.023268806782195377,0.818223235140378,0.8907159585178954,0.8066782672128895,0.11434515595171434,-0.8208043772921697,0.9077986657632074,0.7596006331856937,0.8203557759412856,-0.751542953092133,-0.8375194420848746,-0.6617214506967155,0.26499479894235617,0.33707158262873677,-0.6449904482251138,-0.8426497963134633,-0.8299443225640153,-0.8562873510541156,0.9232001451979416,0.7305742980650946,-0.7130601035233606,-0.8140065720968784,-0.7826679214377539,0.7970062324186133,-0.7346632699005603,-0.7812187097088817,0.887268018552035,0.8298624801466922,0.6534747139450585,0.6729044782875364,0.9211131888998662,0.8344935759111166,-0.8298587327554252,0.5778917666473399,0.41522209217349615,0.9028789180211966,0.6983465202441019,-0.7835386847075698,0.8189596214250685,-0.8265610983844245
Balneolaceae,0.5828596011609444,-0.8925757373318114,-0.6243120752459013,0.39767361461654455,-0.02028596885058168,0.6169736195559298,-0.6031443608711184,-0.3584146651482427,-0.38303307119153257,-0.3992719640828701,0.6925835522317242,0.7232565913739301,-0.7840417116391917,0.6520075821019563,1.0,0.027471609838397783,0.391080982024316,0.6224795428676022,0.2640365216765718,0.5732837193343143,-0.25013038327149434,0.6933922487222034,0.42223219977809107,-0.4122386639687595,0.8376502312182988,0.5209640712854897,0.6461102569039999,0.6580218617536858,-0.635365918420379,-0.8142668126560559,0.9210182978186888,-0.7942265054440685,0.5502601633836003,0.6782735103025151,-0.8335071300822278,-0.7592263587244009,-0.8405387337300804,0.4975106556671153,-0.7746764823848827,0.628422041298666,0.11444373371853356,0.38992417371140936,0.615592575382414,0.6498690368858863,-0.017717620576234227,-0.4628264731499472,0.6838854055752229,0.24995952189310197,-0.8759194916200873,-0.7185780501772921,-0.2584125903577074,0.6180860622788471,-0.5120160481963542,-0.818967249254448,-0.6001666216149358,0.2915179614183238,-0.6508799066322905,0.25029621387224116,-0.6270944120290033,-0.3875510991521092,0.6269054320947959,0.2550437352646362,0.1152067918086747,0.47818385848191275,0.48849769989642905,0.49850992872866323,-0.15241661678150895,0.5149356408000931,-0.5035621173255984,-0.16312876818977642,-0.8722089813586479,0.30009540597098366,-0.8051951548474328,-0.19193629248475566,0.6247959115150853,0.5413441308400418,0.425282905756428,0.43398432331238895,0.6181549313733163,0.41970850361744133,0.5948017098262304,-0.8869901157024797,0.2193077456307019,0.5901418502781994,0.4584005557749467,0.026896502567267295,-0.8492435423912169,0.4751905940909554,-0.8358794228351263,-0.8250161354179527,0.3190090106915625,-0.4356728877861128,0.7280119514971332,0.6948142028702554,0.3735881505481665,0.7063537129740189,0.5545162231375967,-0.8094823642100611,0.8116665547942176,0.555346599132225,-0.31778586991108837,0.6076421679160957,0.5871141422348465,0.6528462235144886,0.11074149887744482,-0.6421408108089436,0.6431900753998078,0.30951335519598505,0.5898741576822066,-0.4627873114717673,-0.6023225014423865,-0.40736430084987985,0.5606196392549617,0.24901929808695136,-0.05487588603054802,-0.41384927442526315,-0.37292750490303267,-0.7296554558302564,0.6925950839169415,0.6502765096648034,-0.0908840935893002,-0.7901060923929594,-0.7802452514246598,0.7713746160660088,-0.34542234722069554,-0.9112185692182891,0.5669358120774209,0.8394359207802774,0.0014693614441115624,0.5490380582235432,0.5989278634734064,0.8414543345877812,-0.6018146407609146,0.33646648070982965,0.21627093698627634,0.6049796945231404,0.42489174622798764,-0.43653823715083573,0.8814924740282343,-0.36440919013344125
Balneolales,0.028929408150440337,0.24505663477866735,0.49826327609175824,-0.6877084618556295,-0.8578204428460653,-0.6643536152731175,0.5786611388597946,0.8102090295442083,0.7909208711947684,0.7884924716221277,-0.5457337910379515,-0.520262544589417,0.33109050277562185,-0.5306633003986629,0.027471609838397783,0.9999999999999999,-0.371371647031355,-0.6616364529346543,-0.37301915556288334,-0.6868273837896889,0.7770414069412237,-0.5423401493921528,-0.6461314049418981,0.2746119854028392,-0.20441392362958674,-0.5961447884994934,-0.557205210674989,0.03906184734495595,0.578851417647773,0.36237596148192086,-0.35584515914009096,0.423011705723881,-0.7274596829988619,0.47897219652986445,0.31521901243954176,0.3672099307056357,0.32572956218248816,-0.7180826012358227,0.05686166627482715,-0.4963661445955035,0.031216031045358215,-0.8283273558967472,-0.6431807481968824,-0.641117172130221,0.8844831012361404,0.4229149305471927,-0.21150454488756962,-0.9037129403797469,0.1639094738030594,0.47408905380133154,0.8982530175573555,-0.5528504897782492,0.711518684080215,0.3776816203217213,0.46295799306769203,-0.22500545717916498,0.39902324846746484,-0.5320499275113213,0.49245002348579625,0.7930390016239575,-0.6654896670483239,-0.6271311795501878,0.2323256050038232,-0.6969723241177506,-0.7514895766564238,-0.6764855157946548,-0.4565360687034297,-0.6984842447710607,0.7343811118508313,0.9422153738742893,-0.045901976000303234,-0.5983091086356296,0.29559095870075175,0.869684980500662,-0.6585382071444155,-0.6445118918354008,-0.6720726031322999,-0.5767734798372672,-0.6107696198069067,-0.8037957416873148,-0.7299171209659461,-0.21945749037950005,-0.6600758815485771,-0.5818289574881368,-0.769644735637304,-0.40460416005510347,0.24234796915092563,-0.37400671747334013,0.24416497762849884,0.27332388219941833,-0.37909596867451406,0.8267546145905377,-0.5658024036609396,-0.5346565874522851,0.902920403912742,-0.38305287840076435,-0.7595461374883463,0.27196806445828253,-0.021085792653415505,-0.6816823831792198,-0.4317239850421681,-0.6188697610895427,-0.7395920276813681,-0.577480815317817,-0.34236244866994003,0.5052909531287381,-0.6481733173303472,-0.7262905372954411,-0.6752356047580916,0.7850650592386166,0.6794771489135766,0.7020777989028042,0.10663528654354865,-0.20584324270944418,0.8949453564863519,0.8081769057327496,0.8176059081748618,0.45436604940100617,-0.5739098388064359,-0.549332545687708,0.932268576570894,0.3846622052927485,0.2955881748196962,-0.4082867955312519,0.8639525857974604,0.1444323872207832,-0.6465921636950059,-0.27363317117989794,-0.9422658923867886,-0.4987899978136053,-0.6832602426723853,-0.42480674190878775,0.608321540096903,-0.699446322860699,-0.3422048296012573,-0.6245718959624125,-0.5127858535629093,0.6778764588527726,-0.41358417400028447,0.8233045314682403
Bipolaricaulia,0.22169603399484367,-0.5859287248887609,-0.7024030863614794,0.5385117529753932,0.4735391878089333,0.5911234331861801,-0.6832552883910804,-0.6419377693263041,-0.6785854874311608,-0.6761269604962926,0.4971788480499597,0.4291814822190276,-0.595157775275833,0.48492033758954634,0.391080982024316,-0.37137164703135495,1.0,0.5702437264007028,0.9144817631918619,0.6285689137957517,-0.6552625737056015,0.7765507822180752,0.5440749803157433,-0.8257030523872887,0.44694762106795305,0.8626869628169154,0.5131016351298641,0.5170816500910945,-0.7170522576634965,-0.6295049292342985,0.52670842420011,-0.7278634480035794,0.6554555127102266,-0.0007402420066314075,-0.6582143302601304,-0.695060870778817,-0.6453614786093682,0.5143777944220501,-0.520177712596696,0.34209147785067384,0.011171588437214885,0.37030952810795276,0.7475233951302036,0.6808619694318293,-0.08109993734219649,-0.7011132479815197,0.09796141493466967,0.47590700944700165,-0.6246378510134759,-0.6813159769901721,-0.6207821154422603,0.4119546068476662,-0.6671388106046806,-0.7009507732140311,-0.7563868673627835,0.4968541333797778,-0.679822949506642,0.6483623068578535,-0.6035204964215748,-0.6258444010884486,0.7330881386434576,0.7414096893344274,0.5874071026331528,0.4722611084967057,0.6578700370838559,0.8129024200290557,0.5387236547616834,0.6548018698228082,-0.6965109365767645,-0.588900352265584,-0.4010340527374935,0.4057046759113406,-0.5458589653137217,-0.6146825760819914,0.5113399828652325,0.8215507842872213,0.47362395106387123,0.18154688255532647,0.37783465672157207,0.7014691376733854,0.6775076763596097,-0.44492152845298244,0.8126800706792967,0.8238577745063618,0.7148217577440468,0.8240933139716858,-0.6360848609970575,0.7612241337689006,-0.6497069419360474,-0.6623424295916147,0.9109808251477683,-0.5718786887896726,0.6694918918396866,0.6856968715253962,-0.30116535064350114,0.8256975356653404,0.6641749274473876,-0.6456348295324714,0.1447477337692657,0.5388061330389218,0.6821082875319857,0.7229918789016154,0.6169152604471791,0.7989906324698989,0.6829700190971286,-0.7265826989276429,0.6977197029186774,0.7916568898526802,0.4850501672452536,-0.7032007726999608,-0.7468210289959031,-0.5065527582351745,0.07391994879915081,-0.2568216465025414,-0.5275114975476228,-0.6198524092665749,-0.662994723736874,-0.6296760059887687,0.661849328398731,0.6049977448009791,-0.4786639236669992,-0.6891960111266191,-0.6819638765354358,0.8031163874476237,-0.6538366558767593,-0.6058008674580501,0.7563632012318393,0.6520376201781094,0.34132187222000454,0.8236208128111328,0.6659526556864035,0.42636236170492053,-0.7633287634195458,0.35021831785225566,0.939728805182474,0.6500300419969979,0.8204007086137162,-0.7691507829582634,0.5164347112533363,-0.5771876928591332
Chromatocurvus,0.4401531182741955,-0.8408408929497647,-0.8692324981998496,0.8418772383532502,0.664319682790949,0.9320499614024146,-0.9062972693842356,-0.8672886517525603,-0.8679384829194038,-0.8754304989153582,0.9524421845873484,0.9123130411784224,-0.8501853336410679,0.9217754059888816,0.6224795428676021,-0.6616364529346543,0.5702437264007028,1.0,0.5664256202111095,0.9569464799175122,-0.8709686762377151,0.9038280307908804,0.8151702639803032,-0.4386596157810032,0.8485838936387149,0.8551379097777596,0.9282232907343752,0.4259085065298859,-0.9147082342304245,-0.8957595817211762,0.8497452900967355,-0.8991843159181855,0.9697371039880098,0.03846137824795299,-0.8531613869100173,-0.8241213229869344,-0.8760808710173347,0.9121897809890624,-0.6063726483274671,0.8789909360159806,0.045914000923840244,0.8920930409592569,0.9270449536688966,0.9468045680360548,-0.5841446017701286,-0.7541382435419322,0.7214892806555672,0.8675086621461499,-0.7821943103925003,-0.8936182539473442,-0.8645164014161041,0.8927062311702879,-0.8714061851150215,-0.8916839419247051,-0.8655789665935545,0.5549418801985783,-0.8315197584138362,0.6272077748820831,-0.8344148804898206,-0.8801509872798181,0.9271714642107465,0.7002050750326699,-0.05714482635329383,0.9309700423074551,0.9453279987608207,0.8632538466253599,0.2570399242727208,0.8705530412539403,-0.923434216832838,-0.7980135009598774,-0.6145491493529959,0.6949443658747513,-0.8213886868263323,-0.8002078088604945,0.9825448372030835,0.884386620967475,0.8094437173096439,0.7172717689821582,0.9045009327348298,0.9122911460645634,0.9630143945374738,-0.5235278816854577,0.6914612988491192,0.9014026357031906,0.9291787555448727,0.3986408771586527,-0.826082055044121,0.7013116944019219,-0.8067156703916636,-0.8325566849515297,0.5817095513990213,-0.8871925378981894,0.9496729363843762,0.8931353614702038,-0.3712743067247183,0.8415602057271302,0.9369801037540337,-0.8238611142523317,0.4852759293747241,0.9230425107291484,0.1085275798152779,0.9311338615241942,0.9795677765996361,0.8984819116064025,0.33222991392459206,-0.8789417447631707,0.945578067628527,0.8125032357154113,0.9121906345792312,-0.8125718301608613,-0.8700178243201343,-0.7268835311576675,0.21329000575047552,0.3083898871334478,-0.7140542261895525,-0.9382044644219169,-0.910604486966509,-0.9007118665643851,0.9489989719144122,0.8963383724454899,-0.7787476438265184,-0.8743408768532879,-0.8067362824803926,0.8387356766111815,-0.863710468173872,-0.7937550783315203,0.9138425295523736,0.7710249618406217,0.7524291862898889,0.8057565879546795,0.941573016030309,0.913851884763808,-0.9031182357849076,0.7969061376170656,0.48903032013485376,0.9695497375642461,0.7882012759533253,-0.8742129300112409,0.8425220522565574,-0.906202607746134
Crateriforma,0.2761612017116181,-0.514879771972874,-0.7176844502706545,0.6075214289239506,0.6154119443252809,0.6059145421606814,-0.6489537290734319,-0.6685652538637065,-0.7000486313196176,-0.686862278278049,0.48811536780867937,0.3884524283192614,-0.5568297514703243,0.5182006968750364,0.2640365216765719,-0.37301915556288334,0.9144817631918619,0.5664256202111095,1.0,0.6841065710300542,-0.7144239572146605,0.7363781963635359,0.648948330757918,-0.8163207996638082,0.4534062344483735,0.8501268423137491,0.5559680107931493,0.441158841661306,-0.71889365717758,-0.61461776673066,0.4198816095119087,-0.7063261937379529,0.6657937300710539,-0.08063595490569334,-0.6454309972683412,-0.6790030728098743,-0.6162572945046124,0.5765508479257799,-0.46503079937091857,0.27782797154011246,-0.036182244264434595,0.43892633328470765,0.691827099972067,0.6706197588047866,-0.088358593562054,-0.7884759814274186,0.09453351474822734,0.5524187063113004,-0.5774135762527656,-0.6618620170934632,-0.670040236257448,0.4315204456509825,-0.6763614122028888,-0.6816032499826964,-0.8150533068119892,0.6691979270264498,-0.6870121648200035,0.7506625736994371,-0.5532426921969993,-0.658576987100412,0.6950637369382499,0.8544657523725258,0.6290760721333652,0.5464305083479848,0.6973531859014964,0.7634659929830955,0.6451904630692409,0.7025874829962276,-0.7154933464943124,-0.5911896981069571,-0.29966474577920776,0.5167553235432939,-0.46515684731695317,-0.6648734585336398,0.5124316189914216,0.7881874749883007,0.5686928032121925,0.2681956320355812,0.3941145738154336,0.737342048429617,0.6527585620910507,-0.3846269718892555,0.8991516992277313,0.8471064698142944,0.7450451809335947,0.8821239094280364,-0.6081166621711421,0.7856061363268608,-0.6301794381724374,-0.6351203541292216,0.9175469200756646,-0.5472222069262819,0.6387842588683668,0.6985439324458658,-0.34802378523673255,0.7592424166909174,0.6538645692283911,-0.6100116396081425,-0.07264633236248409,0.5305067581534725,0.7351459673559522,0.7427893703862107,0.6075903347306889,0.758323663623076,0.5291890382762866,-0.7195149725437433,0.6681199429440894,0.8722491605903867,0.5130571519543125,-0.6472287023286221,-0.7239988347356063,-0.5365794630582017,-0.25796265326242435,-0.4339327148033693,-0.5974086192434397,-0.6553199386810157,-0.721362313649089,-0.6384747520685524,0.6334574358169496,0.609935545919876,-0.5641002429788312,-0.6620511959867725,-0.6648659008105888,0.7353281851735408,-0.6247506490490548,-0.5474822770600921,0.702837429428347,0.5018228380817934,0.408348308709028,0.8354907464133842,0.661395204390927,0.35446364883738907,-0.7652922600845399,0.43143474482563476,0.9483656836512054,0.6593127821658507,0.8758626214349957,-0.7600187527845408,0.4061385778362353,-0.6286976116889723
Cryomorpha,0.5050165198485675,-0.8020522871219254,-0.9097354162487296,0.8940764805218699,0.7485931624643548,0.9665114977768793,-0.9015014322238704,-0.8895872239358961,-0.9017205446530645,-0.8990837906077908,0.9096485555511588,0.8559966834330681,-0.8177724621845293,0.8698255065113528,0.5732837193343143,-0.6868273837896889,0.6285689137957517,0.9569464799175122,0.6841065710300542,0.9999999999999998,-0.8998009337836159,0.9237244598465627,0.9221474948626738,-0.5682226786541048,0.8040972163628092,0.8988952310481265,0.9372975502684477,0.4905148735885294,-0.9434169104598562,-0.8863324813008585,0.8109959836619083,-0.9233093581409177,0.9724553427327909,0.04106645909813269,-0.8771685675814846,-0.8614508694781828,-0.8797837732993826,0.9518554990421372,-0.5988790186764309,0.7597576635448111,0.009019305822235079,0.9221272253398296,0.91396387749362,0.9748616162217819,-0.5691319497185654,-0.8363886321062568,0.6292156072761418,0.9018790950242185,-0.7778745608999363,-0.8953883568975758,-0.9044448837705897,0.8365857750069625,-0.9426215738898707,-0.9092624630410383,-0.9301529364801506,0.6234198170829482,-0.8716746888956679,0.7614794077386902,-0.7937223495456844,-0.9086074723282381,0.9489907753653362,0.8234556447737301,0.10280102397024615,0.9463140095895798,0.9700476022141176,0.8754011963395832,0.4574657206025944,0.9399673670568152,-0.9563919089835696,-0.8418172143192706,-0.5422486942759626,0.7942821829844243,-0.759858577163819,-0.8674410487145893,0.9520100220605603,0.8954476657207687,0.9072503915509087,0.7988999913561665,0.8692586086677273,0.9643338511539162,0.9635194609297697,-0.5000984897547509,0.8222124231120338,0.946151088741889,0.9663552094587026,0.5391105787742906,-0.8307530029903438,0.7975839819679846,-0.8304433484457324,-0.8348741389208268,0.6574789107531307,-0.9189248689080203,0.9326213311904231,0.9481850668623039,-0.4447961465771009,0.8283674464929273,0.9562075798549107,-0.8065608568754236,0.34636009022904213,0.8931156233903021,0.265471640594188,0.9698906942070638,0.9715630984125538,0.9252537862261528,0.38354295629580193,-0.899951851678129,0.9381150881055759,0.8989668515999854,0.949384754671729,-0.8673717894661511,-0.9257776299277036,-0.7950316239857831,0.008806005080417626,0.10066731127586948,-0.7808490216278466,-0.9571672514243611,-0.9554897209612293,-0.8997727843811882,0.9366949471788649,0.9248526250733266,-0.8216750253153037,-0.880959250004851,-0.8375444096108002,0.8559682505853634,-0.899626966138585,-0.7741087523311083,0.8936317891234938,0.6873292366384305,0.7514587650018043,0.8891081526776945,0.9535728443804119,0.8496124376335792,-0.9451310071208131,0.8514226554032772,0.5917007049268231,0.9554880128145689,0.8587398483781451,-0.8963176621761072,0.801113673067788,-0.9247734578813293
DDH964,-0.315376945273448,0.6006925017658237,0.8370044986918714,-0.8665686787299587,-0.7955976803298493,-0.8487831606888002,0.8586288607458271,0.8738858902692751,0.8811234886068758,0.8782600870371172,-0.7722149484729852,-0.7242555842060123,0.6485009370570932,-0.735197159344514,-0.25013038327149434,0.7770414069412237,-0.6552625737056016,-0.8709686762377151,-0.7144239572146605,-0.8998009337836159,0.9999999999999999,-0.816736023174781,-0.8513689482965553,0.5008433704422467,-0.60970941560095,-0.8860920613782185,-0.8050071305920371,-0.34227214546750495,0.8614955752938057,0.6990047402155457,-0.5558214745984728,0.7628274703359873,-0.903924464387089,0.2642992886692437,0.691030831648034,0.7063815636684021,0.7060094404366772,-0.8602532474247342,0.38937770969019964,-0.6846458261343198,0.010771270915626649,-0.8380630864592022,-0.8546923659920836,-0.8738632607853717,0.5812828339045646,0.8244089542924234,-0.4464026915171849,-0.8940052668124703,0.5921122215896409,0.7531069355821941,0.9284960160562228,-0.7055690703123757,0.8730514170659177,0.7376079188588516,0.861499052401887,-0.6000360519031454,0.7911968280934625,-0.7234338604468793,0.6764882846225045,0.8770041928093021,-0.8614068839572065,-0.8360963734732338,-0.11253680659880275,-0.8757504511956627,-0.9173811395095298,-0.8683548556992174,-0.6109999242563087,-0.8485817469636475,0.9115951606523357,0.9146571435003115,0.3190675166304711,-0.7426355485973651,0.5903612089286568,0.9351973079067043,-0.8515272204891804,-0.8510837501692926,-0.8122072791707928,-0.672494327632966,-0.7525253217362353,-0.9387388947491613,-0.8784943932790654,0.26194147496245335,-0.8799271127608923,-0.8585232394740328,-0.9389762037479312,-0.6915603963943754,0.6502261966762963,-0.7964995632664278,0.6444904649577927,0.6514983724633414,-0.7153593351553204,0.8774877755394507,-0.7964772232481475,-0.7918760422615919,0.6555031559660107,-0.7502834356547404,-0.8662832955753808,0.6270266927829503,-0.1025657121541816,-0.8139738087125689,-0.4766028260335225,-0.8810670534615864,-0.8817846488926815,-0.839467312797924,-0.5561351933197726,0.8205114295232908,-0.846753685015011,-0.9045541553299787,-0.8185359045125429,0.8094394360656894,0.8123933029365826,0.70976119806721,0.1017869398928581,-0.12482478721450821,0.854169302174771,0.9545125410472962,0.9412074160697824,0.7385611410477141,-0.8392492368847279,-0.7894995917818282,0.8805395880192907,0.7119215574795632,0.6843474907443923,-0.7098083931923344,0.9224129052928369,0.5712636870163529,-0.8680038471058052,-0.5112617750447682,-0.860200575211391,-0.844164744754121,-0.8748913312887557,-0.6420369295179698,0.871083688470103,-0.8063435931261594,-0.6921891307466677,-0.891309611193164,-0.8806830445738637,0.9305016213491571,-0.5426622845367819,0.8957120117112685
DSBN01,0.5446872844796241,-0.9108089256968553,-0.8769688927657315,0.727707658190293,0.5885877156256668,0.9467537332482172,-0.889131534862583,-0.8740891855045239,-0.8956359650802151,-0.9019811301023428,0.8691906713218799,0.8372856973805863,-0.9208736332248976,0.8193583968050201,0.6933922487222035,-0.5423401493921528,0.776550782218075,0.9038280307908804,0.7363781963635359,0.9237244598465628,-0.816736023174781,1.0,0.8341544604871737,-0.7491399461936874,0.8387479072515297,0.9584180523027359,0.9155085055565703,0.6564771986815433,-0.9194871252377703,-0.9405223494617728,0.8731879663649904,-0.9672018504602528,0.9478394775939344,0.22247577124985102,-0.8991820859384961,-0.8652882391778094,-0.9133461554521978,0.7967948067885248,-0.7923090931176023,0.7431662361785357,-0.11710918553469546,0.7525912764760386,0.968048780612731,0.9758756145866136,-0.43362737892501335,-0.7641417915893941,0.506538781686622,0.7370688603380016,-0.8346615795619762,-0.9685563773962386,-0.8053780632592951,0.7689951529685978,-0.8522262597871326,-0.9572833516885372,-0.9238636848360523,0.4768894126616088,-0.8334709386656535,0.7082409506700804,-0.9009155935227354,-0.8878933469931065,0.9849832997529588,0.752050232978176,0.25571158787044185,0.780689703131439,0.8821814643210859,0.9466931106938599,0.37471001605307613,0.8628300978444431,-0.888688517245195,-0.7374772832435895,-0.7316320679579128,0.7056607324645848,-0.8954261569520181,-0.7401581012172618,0.906836480991339,0.9524527375820991,0.8171276117763049,0.6442629905008082,0.8062626656571638,0.9065907697021314,0.95539701043365,-0.6720797846896155,0.8018439586905707,0.958191221650964,0.9079357329023642,0.552981964278757,-0.8600178476025911,0.8441572721470083,-0.8497063469753109,-0.9376901544053012,0.7842523942181814,-0.8039633837266842,0.9694835534799087,0.9711698407404519,-0.28211631074329496,0.9548434565741809,0.9461320510173654,-0.9280600490064153,0.4760569560341769,0.7919424292999635,0.3323364344427239,0.978019149349004,0.9355890940321772,0.9976989652628323,0.5188248676933304,-0.8732353173654479,0.9702060311075673,0.8368352113147751,0.8561650945521924,-0.8577141571229294,-0.9391058152868883,-0.7662243065790856,0.18659721532136508,0.09860703908463203,-0.6330736058679397,-0.8763994934326543,-0.8816418641928482,-0.957004380220308,0.950950190106576,0.9263295866661407,-0.6689145563933143,-0.971764314447787,-0.8430954495853561,0.9792263331934379,-0.8196306345297456,-0.8623640467408472,0.9285169030343421,0.8407325960506512,0.5600181581219936,0.9499416685425551,0.9236291885934151,0.8541357136680429,-0.9227845015043366,0.6884501660901183,0.7182651648973487,0.946289604437963,0.91260646176485,-0.8964189477658501,0.8765319593698748,-0.850307079118326
DT-110,0.6553342860975776,-0.6960618725168622,-0.8438588275311207,0.7666536723607792,0.7582192866781957,0.930516057737854,-0.8139911346430314,-0.7841674976329462,-0.8040983198885284,-0.796627138005637,0.7691945284095535,0.6802940736601557,-0.6990465779947078,0.646260185436522,0.42223219977809107,-0.6461314049418981,0.5440749803157433,0.8151702639803032,0.6489483307579181,0.9221474948626738,-0.8513689482965553,0.8341544604871737,1.0,-0.5528698394292642,0.7162250896248281,0.8014567588183734,0.8767889151267299,0.615466551806248,-0.8564957774344159,-0.7605958717105383,0.6536684030677059,-0.8171822530604487,0.8774034067250617,0.10122415665818378,-0.7755725719360285,-0.768341163489813,-0.7776916433489512,0.832437264282037,-0.5935031179256008,0.5340552941963752,-0.12769353589634305,0.8812301410139328,0.7724476585384105,0.9031105390814147,-0.5044763001182124,-0.7764243593919243,0.44145724808403614,0.8189394282074052,-0.6426346555682508,-0.7825091328917774,-0.8162546293643923,0.6187391398904719,-0.8763762623127007,-0.7969678152916044,-0.8794240604815,0.5865128233053285,-0.8098451282019803,0.8829882660599613,-0.7057178094621432,-0.8230027132394006,0.8621689829043468,0.8103517011101392,0.23954218485178796,0.8546623551270218,0.8563043199386579,0.7575156365554931,0.5556612037253933,0.850007348531252,-0.8484596207837349,-0.7828117943002805,-0.44795665637710785,0.9145325805359104,-0.6598061827204752,-0.7899150459755502,0.8478842328461168,0.763892318701535,0.9884150581972158,0.8865830854603762,0.7048785850219078,0.8825820809596141,0.8416728074347819,-0.4356378154698423,0.8206695894653185,0.8477953928163897,0.8581054342944402,0.5112076816408669,-0.7138796312355052,0.8181480468217258,-0.7184645288048441,-0.7320660043526459,0.5612693168815327,-0.8422451062410826,0.7795770980753877,0.9059569786305749,-0.47424166230099934,0.6974526522328077,0.8563756070640546,-0.6927511879641031,0.17528211896961854,0.6712491322682912,0.33403042715291476,0.9073335838944072,0.8584262799345438,0.838041105621902,0.406177573692743,-0.7962877041756037,0.8030960556222914,0.8095793425463667,0.8569194912569144,-0.7651023488586649,-0.810243145144687,-0.7422111041940503,-0.21645308479827893,-0.10998819438497957,-0.6920504159282775,-0.877647944713218,-0.864450492722964,-0.794742293133505,0.7862559001568541,0.8965506393002893,-0.7308270716964819,-0.7848353459051315,-0.722708364794656,0.7449253858337991,-0.8295069637898201,-0.6432130006769526,0.7158573648213763,0.4605950762980385,0.6776403677326407,0.8788114438025302,0.7929735802867884,0.721549981624579,-0.856957999128761,0.9193460769255294,0.5745714726664944,0.8504863851570649,0.8412428208361951,-0.8190712000985891,0.6565908959767663,-0.827544502758019
DT-91,-0.26780612715607804,0.5824381680393468,0.5672857186276719,-0.37222819893926684,-0.36386523201264,-0.5879132183000938,0.5111200299066155,0.6493886410784585,0.6811065292440944,0.6820589799058646,-0.42141742271369703,-0.44031788232676666,0.6308998254294687,-0.45457465715597595,-0.4122386639687596,0.2746119854028392,-0.8257030523872887,-0.4386596157810032,-0.8163207996638082,-0.5682226786541047,0.5008433704422468,-0.7491399461936874,-0.5528698394292642,1.0,-0.4178413904639966,-0.8026609016396219,-0.5031181215666058,-0.5312409886488023,0.5994267753972841,0.6162235755551717,-0.5087811198595276,0.6860681328417713,-0.5923552698887318,-0.18143560798983857,0.5905379808823369,0.5946682918313994,0.5741370558257336,-0.3858781701269328,0.6488481254181503,-0.2717435009847787,0.28310069781877367,-0.30751331896238965,-0.704371993578775,-0.6439503110016324,0.10644350411351551,0.5547142587326437,0.05363487133514824,-0.3876826030427871,0.5450510287747533,0.6962921757638584,0.5362965309773647,-0.4161190095970543,0.5358178559454082,0.6609898309976683,0.6872615967976523,-0.2629930090810784,0.5026415023608466,-0.5808136026430134,0.648493846100605,0.6372154549211904,-0.7102230290647588,-0.6985442671215638,-0.5332639933029787,-0.3030108274560465,-0.5235501492111329,-0.7756599404300561,-0.4552608950690569,-0.6233851933030472,0.5823659610915437,0.4689297524730713,0.47494557396569265,-0.3704063610501254,0.5713521431909807,0.49003489654068827,-0.4568533431218197,-0.7688563482684544,-0.5239539469367861,-0.2662304347827552,-0.4265595391451828,-0.6382170451050533,-0.6151025135080919,0.4867989023223909,-0.7743583953491199,-0.7207952530716057,-0.6153751239585263,-0.6813805348478874,0.537219486519019,-0.7111971159029951,0.5552622578989729,0.6726869560300314,-0.869256182627548,0.4208900978399331,-0.6543267964180874,-0.6871934802863473,0.18444378952398044,-0.7719468806824504,-0.6419704553847022,0.6743298674443619,-0.13417859102449642,-0.38685459976454634,-0.6780932151171088,-0.6736273069327745,-0.5473351343344952,-0.7603758883508557,-0.5372967587865843,0.5713651526323776,-0.6786749168687918,-0.6958033872587598,-0.4400281633560639,0.6520480384404187,0.745183052998376,0.5358801882993346,0.05169804454260714,0.3493539584932184,0.42192274782267397,0.515894784013332,0.6008087587134414,0.6638423674266294,-0.6311339905170896,-0.5423834569779861,0.4130090985348263,0.7030804238094673,0.5654457749375762,-0.7926507105869911,0.5050212774634076,0.5667702834088422,-0.6721185215680633,-0.6198505333791159,-0.21463487998668496,-0.7902697390424578,-0.6091475894546237,-0.3482951798157267,0.6470404882940911,-0.2225693607859214,-0.8606623007985378,-0.5898780844238535,-0.7992625852437779,0.6350215970971761,-0.5346019988031773,0.5495340876719232
Desulfobacter,0.7359039740452868,-0.9599767131636879,-0.7898837129174858,0.5933881099564888,0.3120563477396519,0.8314763273183589,-0.7757037413988992,-0.6014999833709987,-0.6201765010854131,-0.6301517812306701,0.8710734402991543,0.8293488130269552,-0.9191554673970053,0.7911183837918133,0.8376502312182988,-0.20441392362958674,0.44694762106795305,0.8485838936387149,0.4534062344483735,0.8040972163628092,-0.6097094156009499,0.8387479072515296,0.716225089624828,-0.4178413904639966,1.0,0.7071625020588143,0.8923759802417591,0.6962635585387423,-0.7945346853721695,-0.9426940274732353,0.8773949274894708,-0.8966237833621146,0.7939636730107229,0.4800686633482676,-0.8998910428970088,-0.8124274807526317,-0.9292353963943779,0.692778601127731,-0.8390543495991717,0.7832994706388723,-0.0669334282050925,0.6450561935214886,0.7714724510412398,0.8387698612660321,-0.22003074212165752,-0.6614750247234277,0.7665921834063091,0.5212994650752144,-0.8864916374924149,-0.8765779072998745,-0.5160554026032879,0.7426548691981965,-0.6583859563630997,-0.9180727719961613,-0.8277045593353026,0.49574677265209327,-0.7991786434417965,0.5341458624762313,-0.804141406129208,-0.6465275367516566,0.7899457581774509,0.4733285101039725,0.10562043435893187,0.7393855942514861,0.706558372409457,0.6650347605004449,0.05951690077992551,0.6635008622239932,-0.6894117433601444,-0.40906104593078174,-0.8821218922967339,0.6215163413306996,-0.9207842243750445,-0.4396650489225819,0.8629553863581279,0.7069455998606838,0.7060063732011688,0.6600376632427432,0.7612942007899026,0.6560638394745877,0.774532044867791,-0.8639973012265588,0.46242694278177754,0.775971491159064,0.6797141348177801,0.19936469184477346,-0.8970398985652107,0.7040921347184257,-0.8706757417806773,-0.932492670489597,0.46877656556369146,-0.6013888445638818,0.8572637156688436,0.8605284072127586,0.12042613866077903,0.8241116187937074,0.7357815318290047,-0.9208401173197049,0.6075842666411535,0.6786327052127918,-0.14418444516658846,0.8323284014111947,0.793656585728752,0.8056216410478133,0.23228652559723734,-0.7710728410408049,0.7992152147263567,0.542839207637454,0.7695398343487803,-0.530828603767991,-0.6812941709445705,-0.5207415672552722,0.2804980279559388,0.22624252854451304,-0.3075394954919183,-0.6813201794777081,-0.6423718880600089,-0.9034419739229926,0.8437926895935377,0.8659768155208749,-0.38022561123878845,-0.9162892895174996,-0.8223235654190058,0.8291761112847975,-0.5415512585705584,-0.9341620369000468,0.7206117985734638,0.7725425424921545,0.3346206617700657,0.7590553017733681,0.7483762639604428,0.9300318003969276,-0.7534102865986737,0.6427638180760387,0.3860103708471218,0.8482761338922539,0.7034927761678629,-0.6663537834783989,0.8449714937459752,-0.6445010729326166
Desulfohalobiaceae,0.37239655975129043,-0.7878077460015199,-0.8741176224399321,0.7775731114077308,0.6383836798157272,0.8762714353569975,-0.870748026018563,-0.8922305156855553,-0.9139956323459595,-0.9163866957770835,0.7925051362576009,0.7757331725437403,-0.8217244684783902,0.7880142761490507,0.5209640712854896,-0.5961447884994934,0.8626869628169154,0.8551379097777595,0.850126842313749,0.8988952310481264,-0.8860920613782185,0.9584180523027359,0.8014567588183733,-0.8026609016396219,0.7071625020588143,1.0,0.8246598897166154,0.5303691363282298,-0.9083857699979945,-0.8512674387331304,0.7385228441078289,-0.9132442292597441,0.9180475055355889,0.008592601487968598,-0.8324903903426655,-0.8302838233584371,-0.8378989847541112,0.791510136769289,-0.6456578185966771,0.6855696111256077,-0.07577611019340481,0.7054881027687637,0.9595908468728822,0.9318926731680917,-0.4088907746224692,-0.831896123259582,0.3962722109399184,0.7635294856157808,-0.7691211698299627,-0.9021220971270658,-0.8571451458539746,0.7406427267031053,-0.8603853700630452,-0.892802775221745,-0.9320202133950624,0.5372199333893417,-0.8243849308411816,0.7091663455727287,-0.8159761290340871,-0.8891312002115742,0.9538756496437402,0.8487723078353067,0.30874615964577246,0.7602600863775659,0.8898895014367015,0.9772302214914103,0.5310827819399241,0.8793655799365402,-0.9114309869859935,-0.8022453596901664,-0.5658373246693396,0.6382103915092437,-0.764647133978108,-0.8298590355677465,0.8380338836836269,0.9723532214338931,0.7607676874973438,0.554095765874578,0.7616580225569186,0.932481828512627,0.925346138311587,-0.5312006939780657,0.9084963090578201,0.9577926724051115,0.9367351626250392,0.7420530731550273,-0.7930362893227033,0.8739118698303979,-0.7924791022644279,-0.8465804834687991,0.8980348204208785,-0.8036603642087056,0.9174295605604484,0.9000631752058217,-0.41606979866003396,0.9429161588696595,0.9151710583264071,-0.8323295020997061,0.29029610642684395,0.798801664320522,0.5300297154233145,0.94368059231352,0.8933225340368628,0.9713597731477769,0.6147651657072357,-0.8767742427661459,0.9422350718626809,0.9222274910953804,0.7985176774028498,-0.8717405830334941,-0.934826827891857,-0.7375638503533639,0.07179159051525756,0.02025191473283545,-0.729422986864937,-0.8901058159468344,-0.9119701905038083,-0.8759868009823487,0.9264906841889654,0.832936032626405,-0.7438520243323336,-0.8883786076975735,-0.8134503227739495,0.9291243381923512,-0.8562166174845773,-0.7705338083865683,0.9551373761616546,0.7688838524133432,0.6304658747579914,0.9547744153102955,0.9254460460778089,0.7070731895640027,-0.929186560338079,0.6277916699393573,0.8506477916589963,0.9194864065577543,0.9611726922919259,-0.9389792949206233,0.731345604805652,-0.8589510976659913
Desulfomicrobiaceae,0.6761251156945449,-0.867153936833097,-0.8031614541733174,0.748609177648506,0.6514708324807342,0.9674332608079523,-0.8407727231546586,-0.8450214532044731,-0.858681537631234,-0.857225928994724,0.917648186000771,0.8342783855594651,-0.9054469614018849,0.8231121803405846,0.6461102569039998,-0.557205210674989,0.513101635129864,0.9282232907343752,0.5559680107931494,0.9372975502684476,-0.805007130592037,0.9155085055565702,0.87678891512673,-0.5031181215666057,0.892375980241759,0.8246598897166154,1.0,0.6018791308102509,-0.8457561942093205,-0.9313014992745081,0.8316748133554764,-0.8949275470440142,0.9398276549886053,0.22088154271446928,-0.8410095459140483,-0.7635718412802778,-0.8622650374069243,0.8485520793251513,-0.7433354626317418,0.785477148668334,-0.15582091564480316,0.8615968440652753,0.8679092642770911,0.9480753355634967,-0.563716546742294,-0.6882657410539302,0.6487321379341743,0.7857814883112931,-0.7535749462268798,-0.9397760745745763,-0.7783121237455396,0.771415179812583,-0.8122917138067786,-0.9012749125753164,-0.8626951450570891,0.47007270686255037,-0.7795356303866234,0.6979510476804545,-0.8575587177741252,-0.8823279387247636,0.9129735861654672,0.6441091306449082,0.08776485271473236,0.8609192793365239,0.8713691688797339,0.8060242895040813,0.32662795661428035,0.7949425710101684,-0.8225229091474591,-0.7098533628098431,-0.7209028509591228,0.8367652481525318,-0.8757451179933583,-0.713148522557572,0.9555555370781664,0.8204302011333217,0.8814238396954249,0.7908134396931827,0.8307274128777682,0.8702750414602985,0.9170133740646371,-0.6341835374205145,0.683539946286721,0.8793281898597872,0.8629654763385535,0.3717431151849081,-0.7989884997079831,0.7741520679693373,-0.7791292945332978,-0.9045913046193411,0.5877325472398295,-0.7935548363065711,0.9177809950973022,0.9556143967120415,-0.2851426546372493,0.8038278312038042,0.9116600090372734,-0.8913885644414128,0.4649155429768705,0.7821754609186743,0.1293026772251733,0.9557968175551049,0.9317318485782045,0.9040048736520526,0.34707455102646156,-0.7719188412966654,0.9015596020457277,0.7525007088613113,0.9381506305215644,-0.7605096018905653,-0.8321059593347964,-0.7602049408095145,0.09191863514197735,0.21434832536621318,-0.6453483352251211,-0.8711898934030209,-0.8716010791296062,-0.9535300527798216,0.894900218420613,0.9729155076341605,-0.6909318997437703,-0.9292420169807586,-0.7543892622382904,0.8521072424177498,-0.7678559253279347,-0.7967389698613757,0.8142106227101131,0.6886293380326451,0.6191461145022716,0.8621718283951426,0.879477560010028,0.9093104013167299,-0.8270526893552727,0.8205587650686639,0.4852654676082532,0.9277268493063622,0.812270690517652,-0.8101159721762509,0.8332573951902487,-0.8616193191273376
Desulfotignum,0.8821057570405036,-0.7395048909491061,-0.5847353605867179,0.23518290793313082,0.10327678842995461,0.606663220332583,-0.5622583557009756,-0.2801866237776595,-0.33485896385784536,-0.33590620175535746,0.4695752278014599,0.37426327262708214,-0.6490925014125618,0.23089486107385399,0.6580218617536858,0.03906184734495595,0.5170816500910945,0.4259085065298858,0.441158841661306,0.49051487358852947,-0.342272145467505,0.6564771986815433,0.6154665518062481,-0.5312409886488023,0.6962635585387422,0.5303691363282298,0.6018791308102509,1.0,-0.5533793525013033,-0.6554854945215154,0.6059872032722484,-0.6759154645203789,0.4688852930866624,0.6671742272283574,-0.6875684661323433,-0.624950576052892,-0.7013552634384373,0.31031837919379013,-0.8187529756751198,0.2393282117206008,-0.18592549835834388,0.29894927349799216,0.4751319079142322,0.6059820491555653,0.11787410482236242,-0.47340478291591936,0.258458516588328,0.139925066764184,-0.6720989843705446,-0.6204701134768758,-0.19305237024291982,0.16917461448361945,-0.46566105262758317,-0.6881957991239608,-0.6343905497422632,0.292172562624114,-0.6367408395455009,0.6069925751425141,-0.5481251825147094,-0.3428359125990806,0.5709934581723602,0.34464599650666916,0.5903345907506383,0.3426196691520117,0.3668307330825905,0.443676652119444,0.267734610344428,0.3715054407793994,-0.3800122556663123,-0.18303540191958015,-0.7406004713212994,0.608484406512795,-0.691056061061842,-0.1811495394742731,0.47668768277581686,0.44488447790494606,0.589694605393273,0.5110314788039937,0.2642133628756775,0.38351236939560596,0.45580572585597107,-0.8135282354897474,0.40910063085146947,0.5528076418594403,0.3745962300774322,0.27602252973865404,-0.6803132035810404,0.7324159846085904,-0.6715406182087874,-0.7366859728583458,0.427753619106217,-0.3533894667578459,0.510311095009355,0.6994096434921783,0.19050492720250364,0.6218800992084331,0.44523408729415137,-0.6986019758873678,0.42089496608393917,0.18481778144431685,0.09635150202669472,0.6164017732101446,0.44254657627989125,0.6362216999714573,0.484273287644978,-0.525890783478031,0.4777803977551915,0.30232877376789913,0.46247104369419173,-0.3704331370787535,-0.4592803279020917,-0.34645586221653946,0.14638394098410684,-0.16869093375421002,-0.02514315587465188,-0.36274997444008866,-0.32133516023049746,-0.614034875571185,0.48998405893655544,0.7002089158312962,-0.0035238183345486602,-0.709153619097226,-0.6260667780135618,0.6875441552270318,-0.33346491285150237,-0.7164752484630391,0.3764680655039724,0.4743784753022637,-0.07276402020017493,0.7198464327867194,0.38517455746344786,0.6001541868123662,-0.5307599148248427,0.4892388636701204,0.48660025442164745,0.5047789018371932,0.597954418559594,-0.4737301656256082,0.578730000669413,-0.26447181590428087
Desulfurivibrionaceae,-0.4766246076761532,0.8303363425637391,0.9873651560966539,-0.8639785493837226,-0.6161988218491508,-0.909046474294421,0.9472430302034348,0.7841104780718977,0.7997444745116586,0.8068914227376449,-0.8362057380943867,-0.841317397380702,0.7590366443306555,-0.8356621946605107,-0.635365918420379,0.578851417647773,-0.7170522576634963,-0.9147082342304246,-0.71889365717758,-0.9434169104598564,0.8614955752938056,-0.9194871252377703,-0.8564957774344157,0.5994267753972841,-0.7945346853721695,-0.9083857699979943,-0.8457561942093205,-0.5533793525013033,1.0,0.8424757567423875,-0.8374060725077039,0.9470357520594044,-0.9089223281062705,-0.12108541218002561,0.9390346485287909,0.9609371913267766,0.9345506680952688,-0.8920311726864553,0.5839896911515283,-0.709805033172947,-0.16622403283976178,-0.8057955713746673,-0.9050705615375707,-0.9459547710054819,0.3802472949474825,0.9124874999510001,-0.6064820547331117,-0.7902072560389141,0.8739850148648451,0.8300585433213574,0.8391143748994807,-0.7863849741003346,0.9482334940657379,0.9296941849801343,0.9441329050204997,-0.703193689114337,0.9457795538205575,-0.6769908591103702,0.7215565906267778,0.7889464099754286,-0.9258407691706722,-0.821420034540246,-0.24250541525858615,-0.8935971810569522,-0.9388236944530892,-0.8777446679298495,-0.42570327241130873,-0.9469409533672627,0.9709317716399544,0.7650524922477727,0.5399106332462323,-0.6958059370112158,0.7352857003128883,0.8147115801386057,-0.875049715285877,-0.8825613751884245,-0.8103195741993904,-0.6896701661123231,-0.8338133299922718,-0.90307141145791,-0.9232533293492026,0.551180317409481,-0.812296597055153,-0.9343711230877246,-0.9330792370093184,-0.58042531470634,0.9123460298274187,-0.7854412171961946,0.9138583001980386,0.8127398867514485,-0.6734864872099721,0.883678547833984,-0.9108821305729001,-0.9035529817209971,0.3416148230218031,-0.8705447847971944,-0.8989213494547955,0.7721817569245488,-0.39264569659238713,-0.87225411900663,-0.24089903226347525,-0.9285985231440808,-0.9158974597586629,-0.9222346008483127,-0.4034236697601139,0.9857914569971761,-0.9210703790595188,-0.8538430951578364,-0.848364598707847,0.8535858757707672,0.9250653525672805,0.7851274308536541,-0.08991364700091016,-0.09558039704753808,0.6508524497588157,0.9235648461055436,0.8690214206555494,0.8314215833792569,-0.9235673246265597,-0.8516757955914864,0.7023844349665241,0.8540457190316766,0.931023932518469,-0.8848087307853719,0.8764111014499223,0.8398505830015958,-0.896694638160699,-0.7497147574236334,-0.6310377067267234,-0.8806978769660023,-0.9300585997492365,-0.8245974146266737,0.9935716544748731,-0.7842731256550272,-0.6482601316643968,-0.9167061746281355,-0.852370701115309,0.9120201434833967,-0.8052460930478027,0.805289755462415
Flavobacteriaceae,-0.6233104487420364,0.957906754925075,0.8108968702222756,-0.6855675967908588,-0.4505744412157875,-0.8954350789900009,0.8195773413580868,0.7717819982866919,0.7948315428563798,0.798302813659011,-0.9207544046655953,-0.8617612224709796,0.9785446065791057,-0.8532331126097575,-0.8142668126560559,0.3623759614819208,-0.6295049292342985,-0.8957595817211762,-0.6146177667306602,-0.8863324813008586,0.6990047402155456,-0.9405223494617727,-0.7605958717105383,0.6162235755551717,-0.9426940274732353,-0.8512674387331305,-0.9313014992745081,-0.6554854945215154,0.8424757567423875,1.0,-0.9097111890054693,0.9585123874470503,-0.8904430626989495,-0.3430659245374174,0.9141333865895171,0.8333627072937564,0.9333289779865174,-0.7744512127573789,0.8454156714914096,-0.8040264645364972,0.1065059836092489,-0.7094622301159177,-0.8928174626641796,-0.9209874233116239,0.3432369801332012,0.7012995574822454,-0.6753912040034549,-0.6482800066530938,0.8804561155895718,0.9779373048839537,0.6648189345912977,-0.8095748421972764,0.7569552489432174,0.9684176658159446,0.8862175651230619,-0.46911289747990753,0.8092141808196962,-0.6308193323948642,0.8878551104638122,0.8036980628603678,-0.9039118108139105,-0.6184854134213885,-0.14590401741566078,-0.7683190159187508,-0.8081176845027381,-0.8185842983150571,-0.21436837876211,-0.7649029514607507,0.7854471855791811,0.5763170097431423,0.852973484953621,-0.6362418060960026,0.9377216073500471,0.5964009643342421,-0.9098062508149177,-0.8590636029164673,-0.7555300115239512,-0.6484293722158683,-0.8038326927222226,-0.8012790240642879,-0.8854238897203445,0.8101566775375143,-0.6329963507021203,-0.8956342651042126,-0.8100744473098404,-0.3899740527829217,0.893096980212428,-0.7956046929385872,0.8772120490477225,0.9867204965469076,-0.6684918913288861,0.7084599272368584,-0.9489418102148008,-0.9428193007956799,0.05826991916281046,-0.916832926119077,-0.8613427894341651,0.9803665284369842,-0.577437531339075,-0.7745187835241515,-0.09901352476204103,-0.9231892951923101,-0.8837993670279268,-0.9200470120566597,-0.37998126131379056,0.810185611046574,-0.9057874854316101,-0.7219843292728634,-0.8567912570509671,0.7114328979974534,0.8329499210652036,0.6181910904613191,-0.2761122296428255,-0.15737907047940414,0.5112575407873421,0.7701058827285789,0.7882494042068465,0.9801866306055839,-0.9296685769206057,-0.919124454607778,0.5421601951262172,0.9866261685407435,0.8448779862111353,-0.9353367767857177,0.6756456856876477,0.9286731414729478,-0.8526341405238187,-0.853388884684028,-0.4468154105826823,-0.8681847659685771,-0.867820729611079,-0.9190713983591424,0.8327521909501638,-0.6286003175284258,-0.561445309403195,-0.9173592681506859,-0.8131474862708248,0.7755059484200847,-0.8933950207268799,0.7813150308431095
Fodinibius,0.5392313620597474,-0.942279250886085,-0.7953833621626328,0.6427289518283912,0.32251975110804804,0.8422197009927159,-0.8112121837961243,-0.6606837647021258,-0.6743589816733598,-0.6899599154955398,0.865938997489866,0.8863181121857471,-0.8708448088801136,0.8339919943163966,0.9210182978186888,-0.35584515914009096,0.5267084242001099,0.8497452900967355,0.4198816095119087,0.8109959836619083,-0.5558214745984728,0.8731879663649904,0.6536684030677059,-0.5087811198595276,0.8773949274894707,0.7385228441078288,0.8316748133554764,0.6059872032722484,-0.837406072507704,-0.9097111890054693,0.9999999999999999,-0.9187450306999921,0.8077124298483024,0.44128823309282156,-0.9150165450391249,-0.866207351802662,-0.9247543923005781,0.7439145948063415,-0.7575484767231222,0.7835410866769098,0.10367068203103617,0.6835159302705782,0.8384627652246213,0.8653085318350746,-0.34342083874164414,-0.6214949792742354,0.7112975202415771,0.5877579943878398,-0.8972220635239351,-0.8652260488660433,-0.601767710885215,0.8026376012772571,-0.7585159574861564,-0.9247264670336827,-0.7588972342451313,0.393739120909399,-0.7787784050936496,0.4417879345511486,-0.7857258681889988,-0.6775352335171734,0.8535750929092211,0.5050417174385163,0.047685069903839306,0.7214793010268314,0.7634382023424199,0.7467005027538314,0.035951345633049844,0.7612082929971976,-0.7703295674948075,-0.5198005364349019,-0.8065766817065433,0.5205820898870497,-0.8782020509232633,-0.5256300829201205,0.846179566437592,0.7694538524997915,0.6610509443251585,0.6200240980773696,0.8287784879849514,0.7149382046465431,0.8474518183241951,-0.7558445556018498,0.4848189633201395,0.7940003797150907,0.7423079370059282,0.20216346903219892,-0.9036751367423077,0.6023609304604399,-0.8887259123557278,-0.8891562519518142,0.4725449642828011,-0.724117746366052,0.9136023507837295,0.8648581804783034,-0.0005191514781216517,0.8290761911318301,0.8203979647043297,-0.8751355881707955,0.7666779452202309,0.7890656149475448,-0.11636931174041823,0.8219807591871543,0.8430121949242559,0.8489334881761499,0.22626888960269115,-0.8151075635508804,0.8687778367304644,0.586204471767279,0.809847780098501,-0.7427352787592202,-0.835807193958414,-0.669921587763918,0.46917433374662953,0.3104255984025786,-0.3994588775582666,-0.7186295459691601,-0.6766826202976177,-0.8716261026253376,0.8817904873137068,0.8244441654439938,-0.4507897412099756,-0.8999416917076798,-0.8592110932869824,0.8958181567044576,-0.662372760395712,-0.9208150968422198,0.7950397224352199,0.9045486329460638,0.3678518270066356,0.7219341861070759,0.8370468249997547,0.9524001254639507,-0.8159316037905611,0.5893317940827625,0.3621757135722351,0.8256462678590937,0.6254081070824291,-0.6972105117111467,0.9840773517142947,-0.6637678199215249
GCA-001735895,-0.5863683131919153,0.9420675196855959,0.93038062197293,-0.7724174260714918,-0.4888374013223853,-0.9160667102451208,0.8962040235877233,0.7714484727216641,0.7978227703401259,0.8034131450623974,-0.8802703898552151,-0.8665198617913579,0.904178325918557,-0.8461342859932871,-0.7942265054440685,0.42301170572388097,-0.7278634480035794,-0.8991843159181854,-0.7063261937379529,-0.9233093581409176,0.7628274703359874,-0.9672018504602528,-0.8171822530604488,0.6860681328417713,-0.8966237833621147,-0.913244229259744,-0.8949275470440142,-0.6759154645203789,0.9470357520594043,0.9585123874470501,-0.9187450306999921,1.0,-0.9008962212460093,-0.3098042704292322,0.9778579674790265,0.9477402809411034,0.9813844433698684,-0.829352596345542,0.7724747420388076,-0.7506135050477994,-0.024710643372773677,-0.7302053964642071,-0.9221187986134953,-0.9565175785637244,0.30553314956140953,0.8371440761747589,-0.6391986730019175,-0.6867760367120536,0.9377489585060672,0.9361139675666164,0.7333149679921241,-0.7973573622153649,0.8699646791840042,0.9970560087671448,0.9510446129218909,-0.5885217953375731,0.9121598944439648,-0.6648677835172062,0.8226793068959777,0.7914606761931094,-0.9409758451600522,-0.7356406646717147,-0.2633055566619506,-0.8152553119014835,-0.869722297225726,-0.8722803196328306,-0.3386981500045469,-0.8767655483460478,0.8873181309630866,0.6480361401941165,0.7507457784350873,-0.6564131870818625,0.8708122720994887,0.6913744110619756,-0.8886926533840274,-0.8959985318921496,-0.7868140974021609,-0.6673792564227813,-0.8203227532439887,-0.8544607472999458,-0.9143881936630232,0.7545157588184607,-0.7432738148424839,-0.9410377516564791,-0.8747518333231674,-0.5195341787328258,0.9543889941274054,-0.8358374104674432,0.9517303222386496,0.9494336354452781,-0.7172182386734899,0.791491978914263,-0.9551373045118993,-0.9572953712129745,0.1431192210203158,-0.9410003733661874,-0.8894252244801573,0.9214553112521292,-0.5168374756549098,-0.8205034588878829,-0.18805296245798606,-0.9465126128099565,-0.9010034924596578,-0.9568314346905354,-0.43240107821595025,0.9281258753895805,-0.9331116782637711,-0.7961560763023576,-0.8581569255048598,0.801492581278671,0.9133019743038873,0.7109288028872299,-0.2081060606278056,-0.08880054881633154,0.5508762651021962,0.8353850898812465,0.8217160837295915,0.9332954884766138,-0.9520811749928899,-0.9023707190519765,0.5860389243013568,0.9637813155811931,0.94070419560941,-0.964297515836497,0.7705431823988361,0.9447113050091906,-0.8946103611635107,-0.850281667229866,-0.48088921797022477,-0.9173202507409585,-0.9149759078663076,-0.8882680935435951,0.9405132456553408,-0.681933800527499,-0.653823864240937,-0.9237768092840668,-0.8614807967773876,0.8522038728088592,-0.8888215379079517,0.7786828681512251
GCA-2722315,0.4508607985070249,-0.8179108845732878,-0.8531183608154054,0.8110728911748551,0.7521448281432174,0.9688127377454286,-0.8835452090651524,-0.946829016587474,-0.9518112371209106,-0.9557681689107397,0.9120102330188494,0.8609281048241588,-0.8627890830843172,0.8722695889253942,0.5502601633836003,-0.727459682998862,0.6554555127102266,0.9697371039880099,0.6657937300710539,0.9724553427327908,-0.9039244643870888,0.9478394775939345,0.8774034067250618,-0.5923552698887318,0.7939636730107229,0.9180475055355889,0.9398276549886053,0.4688852930866624,-0.9089223281062705,-0.8904430626989495,0.8077124298483024,-0.9008962212460094,1.0,0.021658851408573872,-0.8201453175517331,-0.7958102853952387,-0.8407291509111722,0.8877914378401607,-0.6536509952946029,0.8042396093978051,-0.10849540049698857,0.8974018890116207,0.9599505593846076,0.975135181365446,-0.6358946084394979,-0.7407171153699239,0.5663573622771111,0.8946150885390192,-0.7207742069516356,-0.9292690261907214,-0.9189804694649227,0.8414187045622514,-0.881210856748481,-0.8845250618364221,-0.8885310039164102,0.49623762497852253,-0.79191477112812,0.7309783780537956,-0.8894734066259996,-0.9591283783446969,0.9749262255175762,0.7735274146703353,0.0400136914200744,0.8915692398726127,0.9497216338031281,0.9302084433638419,0.3686054489267839,0.8980159203714349,-0.9337687446438806,-0.8581973516785683,-0.591052305506184,0.7618248050780417,-0.8266157632558554,-0.8427334246756927,0.9711475154903654,0.9430332112997278,0.8765844745761201,0.7266551607610315,0.8685438346735224,0.966286432246437,0.9896636533262055,-0.4848716840048156,0.7986578994281593,0.9418572970350999,0.9602533773632953,0.49390663394215834,-0.7700082133469115,0.762572834212105,-0.7570111029902251,-0.8429431052602945,0.6841404361586568,-0.8893495150219858,0.9575086820037635,0.9383572716442747,-0.46620668737339765,0.8663426198503429,0.985463052423994,-0.8400077409446481,0.3848101176248989,0.8693172525679838,0.30247268733885013,0.9741944097094494,0.9935063128302601,0.9500757962702506,0.4258214620164195,-0.8521092079907702,0.9718587962805288,0.8814413637908339,0.9109156193304471,-0.8691258018952784,-0.9220806607119466,-0.7890249468337224,0.0945153190460221,0.17247123581112786,-0.7752692328590371,-0.9583063480824112,-0.964354159864856,-0.9285224581367693,0.9457158736527841,0.9250480391575968,-0.8359082241378389,-0.8994797151511394,-0.7596617757729042,0.8764989084782744,-0.8951903290060103,-0.7437985846309041,0.9309423208556851,0.7426120601741336,0.7750869686671205,0.8822319957203875,0.9465615170259712,0.851883785750602,-0.9123804541363327,0.7999239797371884,0.6080969452266834,0.9758315536844846,0.8702201101053451,-0.904421698565781,0.8261216561757508,-0.9601606938684383
GCA-2748055,0.6756503123755394,-0.5084055546840116,-0.16211578493454007,-0.2125748586967547,-0.3708122698694038,0.19233721419690317,-0.014791581917130434,0.15730486557231146,0.12276078956051172,0.11009307004020154,0.07230262574847915,0.13371488047626792,-0.36634179394705924,0.008348206195881808,0.6782735103025153,0.4789721965298644,-0.0007402420066314075,0.03846137824795299,-0.08063595490569334,0.04106645909813269,0.2642992886692437,0.22247577124985102,0.10122415665818377,-0.18143560798983857,0.4800686633482676,0.008592601487968598,0.22088154271446928,0.6671742272283574,-0.12108541218002562,-0.34306592453741747,0.4412882330928215,-0.3098042704292322,0.021658851408573872,1.0,-0.3777178528156643,-0.30478838597593244,-0.393502988449704,-0.08555415794434988,-0.6376727872422535,0.07816721717234225,-0.27161154738786103,-0.11481991985187302,0.06350590878595919,0.15884760713938317,0.29731687824685027,0.010141534533544628,0.2844945906289996,-0.33069020341859734,-0.42271954162233705,-0.25327075288942447,0.2950218640411285,-0.04129447454740298,0.03500579836729151,-0.3471054887879762,-0.1653094894353021,-0.11212365988675141,-0.15635423501244874,0.01113817493198617,-0.2653175310239057,0.09704169587390282,0.127651536964236,-0.25792900857576917,0.2664009202651887,-0.049936455985052,-0.12608654178812495,-0.025381890587728766,-0.30433298953260063,0.016075077442720246,0.07210651075054202,0.3957851005450233,-0.6564104125299124,0.14519459250557787,-0.47654593093530107,0.3932877463170913,0.08631714067238731,0.014638506112653289,0.10911131683646914,0.12951537266115473,0.03305292082576754,-0.1440605933447727,0.047964440433260105,-0.7110485294781436,-0.22242136015561584,0.07657072503133786,-0.14295669800912927,-0.31874964052611165,-0.3746663196412496,0.10887119672668698,-0.3749275674330341,-0.42450969952389933,-0.09790109057515511,0.16521679313899973,0.171263468362229,0.28259713208237913,0.7260312739566518,0.2192541872946915,0.03958811041130942,-0.41368151361523947,0.41651240107585835,-0.1356345138268063,-0.41679802330140986,0.1462173956792922,0.03655006824866903,0.1767520014984125,-0.06292760495905131,-0.0987634403122972,0.08676074022263733,-0.24475400468072264,0.06056659034855485,0.12426047193590217,-0.06494672074907694,-0.08906475313179105,0.21503643223804797,-0.028273374952490483,0.5298083843104164,0.15325378878734577,0.18139675023369675,-0.28245574657308753,0.10834328542427998,0.2767937670069527,0.4288673924765763,-0.36666695442636305,-0.27259698895240786,0.30147191523297356,0.24676483395698506,-0.48866849363885173,-0.03851763136023954,0.2957977169787196,-0.5178582055231459,0.16946263778030088,-0.02393355969034975,0.3653256338820575,-0.05896651029565766,0.01356156988602006,-0.09408765721561965,0.03552480103181945,0.011982406827191629,0.15648391523282415,0.43974287747549357,0.14717936172227114
GWC2-71-9,-0.6200313560054898,0.9244830944412392,0.9435257414764233,-0.7670724436700002,-0.39694457189763405,-0.8572560190016978,0.8839203500502443,0.644352414072273,0.6727377448133355,0.6787780188455725,-0.8377777679439244,-0.8369276557318532,0.8326406980448958,-0.8114305063772812,-0.8335071300822278,0.31521901243954176,-0.6582143302601304,-0.8531613869100173,-0.6454309972683412,-0.8771685675814848,0.6910308316480339,-0.8991820859384961,-0.7755725719360285,0.5905379808823368,-0.8998910428970088,-0.8324903903426655,-0.8410095459140484,-0.6875684661323433,0.9390346485287909,0.9141333865895173,-0.9150165450391248,0.9778579674790265,-0.8201453175517331,-0.3777178528156643,0.9999999999999998,0.978706446848885,0.9936974417805798,-0.8123108154995343,0.7174463665947652,-0.7016847406680968,-0.16282135173308163,-0.6818605031069799,-0.8368634234299867,-0.8998715030014981,0.1865396855008476,0.8626316429543878,-0.6989117245162937,-0.610571127667431,0.9777792216735203,0.8541719574406796,0.6438803065264725,-0.7555457373860447,0.8543995824347863,0.9805512164165648,0.9248853941796047,-0.6660391206907139,0.9445888256243681,-0.5998619605206627,0.7094040698191721,0.6670051993475118,-0.863108564484484,-0.686930765284709,-0.296326533806047,-0.8064512101632578,-0.8259263606404771,-0.7711898685482791,-0.30005455921216967,-0.845455156788957,0.850888395419619,0.5504933060834002,0.7246259535487078,-0.6176422824094914,0.8082100563168303,0.6227956775779812,-0.8277042651125273,-0.7981187864316784,-0.7320070572465671,-0.6569548617137398,-0.7850474178581967,-0.7715839813684939,-0.8390318909309611,0.779401756766182,-0.6666838560226204,-0.8831678555004094,-0.8094558645518265,-0.4658769473081165,0.9915266179609675,-0.786693865380883,0.9922704432470415,0.9064213969733455,-0.6194932186572641,0.7516511921933356,-0.8931768481008895,-0.9043832135754944,0.03892082087524269,-0.8782020776642739,-0.8031969681999847,0.8616944553264541,-0.5384414929412952,-0.7950913175937688,-0.058098931462740595,-0.8815592257874086,-0.8309823075019062,-0.883920393193762,-0.33929679229356285,0.9385141815487676,-0.8589206437154789,-0.7169760296603742,-0.8168677066142818,0.7309149927037275,0.8512930097688769,0.6673577123573254,-0.21321988096834307,-0.08958255091912656,0.44938198882110314,0.7759049033127233,0.729910761171185,0.8606589053067444,-0.8974216899386287,-0.8492429096138703,0.48295901957669035,0.907048048940383,0.9802506360653434,-0.9098617358492102,0.7067141192491331,0.9631333136105124,-0.8152619671909613,-0.8100230346187606,-0.3875625326620869,-0.8515335448833895,-0.8608672306453361,-0.8797814391951233,0.9206573239599553,-0.6737474085926949,-0.5696601648416472,-0.858743324652566,-0.7812254148623038,0.7921156563622703,-0.8600204059540989,0.6686054648300681
Gallionellaceae,-0.5238196073616305,0.8549134644812315,0.9727735929566259,-0.7890559273011563,-0.42745867459861353,-0.8229206653638035,0.8807266298171003,0.6250485778212417,0.6510495317452136,0.6588280798459896,-0.7696300398097062,-0.7967567797704986,0.7339863131937242,-0.7777090101727948,-0.7592263587244009,0.3672099307056356,-0.695060870778817,-0.8241213229869344,-0.6790030728098743,-0.8614508694781828,0.706381563668402,-0.8652882391778094,-0.768341163489813,0.5946682918313994,-0.8124274807526317,-0.8302838233584371,-0.7635718412802779,-0.624950576052892,0.9609371913267766,0.8333627072937564,-0.866207351802662,0.9477402809411034,-0.7958102853952387,-0.30478838597593244,0.978706446848885,0.9999999999999998,0.9643545386132133,-0.8143969566944617,0.615688133886102,-0.6400819615102624,-0.2370907056588537,-0.6729575248278732,-0.8205413818789766,-0.873771583481287,0.17342863418090484,0.90162248393912,-0.6452101215587456,-0.6262241417484371,0.9486553707174763,0.7776503009645117,0.6761491583609358,-0.7259117516735731,0.8845429042730258,0.9384603172531704,0.916830558073159,-0.7144568210781256,0.953941816191549,-0.6000988124323131,0.6422890666302973,0.6365947216196405,-0.8444158204497169,-0.7350552579073906,-0.3205391978386894,-0.8093656542726602,-0.8332360716551882,-0.7738145456159614,-0.34497445998604925,-0.8878194057095049,0.8863039970250859,0.5849517760817944,0.596135711990258,-0.5845485377822399,0.7158467502680667,0.6616282818275604,-0.7779807225417991,-0.7971714160410689,-0.7122837154432734,-0.6210112524554644,-0.7571878540669381,-0.7756754416197149,-0.824539713015246,0.6714984429635352,-0.7025412231241341,-0.8745614468316876,-0.8186649025604008,-0.519557148780459,0.9665206311392367,-0.7485865493323988,0.9771110730226557,0.819190821310834,-0.6115111108737191,0.7769451080509756,-0.8537045991898059,-0.8586562658929952,0.11233065954209784,-0.849336020423629,-0.7896220293750352,0.7671859008497448,-0.4482259039371362,-0.7992659644935536,-0.12015472805635587,-0.8489378008658501,-0.8113332068623857,-0.8582216485534789,-0.3424742815460975,0.9729200162875559,-0.8370973536915892,-0.743968841213862,-0.766800171714501,0.7498993320099383,0.8615793877674901,0.6838080546513986,-0.15094053775787586,-0.028579439062579398,0.4673122447468574,0.7866063270575353,0.7270094502818569,0.7811171929359815,-0.8670112662720201,-0.7870552488470832,0.51357786831768,0.8349819829230435,0.9807410752699778,-0.8717672120794565,0.741511332523286,0.907202328021287,-0.8118445819976721,-0.7682928305478824,-0.4241885063928255,-0.8270565904540834,-0.8485163638519987,-0.8087616569415064,0.9483005375144493,-0.6733951501123575,-0.597551054400774,-0.8240661227377251,-0.7659901695246703,0.7985979383659715,-0.8116422441799062,0.6560007949741566
Geothermobacteraceae,-0.6340688979847198,0.9514629265421461,0.9373617616948189,-0.7473091639046222,-0.3849719294535329,-0.8740409535218576,0.8833171427162005,0.6613322286363879,0.68855721698161,0.6974011801403758,-0.857345114439872,-0.8623365960571543,0.8677059191821945,-0.8179663392645281,-0.8405387337300804,0.32572956218248816,-0.6453614786093682,-0.8760808710173346,-0.6162572945046124,-0.8797837732993827,0.7060094404366772,-0.9133461554521978,-0.7776916433489512,0.5741370558257336,-0.9292353963943779,-0.8378989847541112,-0.8622650374069242,-0.7013552634384373,0.9345506680952689,0.9333289779865173,-0.9247543923005782,0.9813844433698684,-0.8407291509111722,-0.393502988449704,0.99369744178058,0.9643545386132133,1.0,-0.8018700168704913,0.7535222543738231,-0.7516613887911892,-0.09920543957180133,-0.6877868990811471,-0.8594809125217181,-0.9142458765491381,0.21781363417163266,0.836441838980595,-0.7229084796757211,-0.6100171257141154,0.9741024901399415,0.8775153753137446,0.6441977322370092,-0.7686081644123856,0.8368102516141556,0.9852082835074947,0.9257085338583164,-0.6145796606636055,0.9329669982622445,-0.5930468674391308,0.7571282604037389,0.6880500426937866,-0.8798894197349851,-0.6525160408404417,-0.24311645249871103,-0.808812289555189,-0.8184104007779283,-0.7873996662529373,-0.2642144142764788,-0.8327207236021583,0.8450765212237678,0.5548707072029184,0.7678735151027173,-0.6226455360015225,0.8549580328862838,0.6112926215547911,-0.8588738453309656,-0.8138167847417446,-0.7401116491174119,-0.6667435768308896,-0.8005517729041138,-0.7722833395007859,-0.8554468878916955,0.7980669334755724,-0.6431592953332358,-0.878488545777233,-0.8059788185299184,-0.4306993261722813,0.9847914432057139,-0.7912932409849922,0.9800184333523351,0.9247105031254675,-0.6098413312760259,0.749395340819862,-0.9091212459154382,-0.9108146010315138,0.029409184522049964,-0.8983342610832651,-0.8167307846321061,0.8877364482085478,-0.5578568592542695,-0.7930371620918354,-0.03806027779798512,-0.892637796438945,-0.8504871021323555,-0.8965016554672396,-0.37267030473366985,0.9288702874574801,-0.8749169926934758,-0.6984757478733036,-0.8199884687376343,0.7152434206681,0.8413428454587417,0.6516642694910536,-0.25264757245607644,-0.14527531088734708,0.43711974590797814,0.7818090478501768,0.7345009247116296,0.8827117537712783,-0.9158558965372268,-0.8685106801937912,0.4864045155535122,0.9260905606582318,0.9618436545495703,-0.9149816098065627,0.7067788104965208,0.9728914591534571,-0.8337236561779522,-0.8267648670985197,-0.406994347619792,-0.8572150763403751,-0.8622751240424619,-0.9068373259881788,0.9111799900533272,-0.6792896608627074,-0.5579640138692007,-0.8809298452659289,-0.7882304476335993,0.7931534012108075,-0.8759455115572456,0.6905272822266058
Gracilimonas,0.3756273818504147,-0.6641909613307675,-0.8674656664333363,0.9732064241614179,0.7419749065097251,0.8745487273896888,-0.8487263477153731,-0.8068897618821389,-0.8159481878961056,-0.807364606259278,0.852052606972156,0.8159364434978226,-0.665596958771327,0.8442855689517805,0.4975106556671152,-0.7180826012358226,0.5143777944220502,0.9121897809890623,0.5765508479257799,0.9518554990421371,-0.8602532474247341,0.7967948067885247,0.832437264282037,-0.3858781701269328,0.692778601127731,0.7915101367692892,0.8485520793251514,0.31031837919379013,-0.8920311726864553,-0.7744512127573789,0.7439145948063415,-0.829352596345542,0.8877914378401607,-0.08555415794434988,-0.8123108154995343,-0.8143969566944618,-0.8018700168704912,1.0,-0.3665912939631896,0.7457910757544821,0.1966663519158704,0.9259670778265824,0.812885673954204,0.8877751674469883,-0.6076780043401854,-0.8294415365473943,0.7121876055818652,0.9158921375556719,-0.7197743447826277,-0.7633973514810926,-0.8854941373509962,0.8160795694893074,-0.9501580115461529,-0.8176580174759436,-0.8412069835511685,0.6533715363107554,-0.8435252301612568,0.6389374576084224,-0.6112887844858743,-0.8205978175854237,0.8440189058284349,0.7615875441225257,-0.006164765585582544,0.9782875914721094,0.9527826546442256,0.7631930516198097,0.4938588295069724,0.9193022686991806,-0.9328177816255225,-0.8421569451598442,-0.36800015936588887,0.7247467975507104,-0.5915497211827103,-0.8956031314793066,0.881435138939388,0.783998883175107,0.809890144909024,0.7685508517590044,0.8452349604553563,0.9132123502848974,0.8944910350132682,-0.34667457556332604,0.7440684631308031,0.8559649584035408,0.9288154819921023,0.5212027394392252,-0.7741192985720959,0.6822480359640228,-0.7845354855198573,-0.6977487770570665,0.538149805566696,-0.936559346716412,0.8387718497872362,0.8357381822128807,-0.501815004243863,0.6818540205482837,0.8782109444398902,-0.6503038084361012,0.2920982955565943,0.9432697918940334,0.1759580258564456,0.8690086558082907,0.9082229289589698,0.8044417962409522,0.30790163652397373,-0.860761041480169,0.8420670332889736,0.8586670069309617,0.9496293822627474,-0.8402497714258983,-0.8642851636174369,-0.7765707477822575,-0.002502119971004537,0.20019916871788768,-0.8214547492422579,-0.9207528870462134,-0.9111095813853421,-0.7639451875823248,0.862893252874647,0.8271010330023697,-0.8433479469093828,-0.7401496339595454,-0.8041817255558518,0.717852054359132,-0.8933661246733923,-0.6807101015784532,0.826297591591449,0.5768577995830543,0.7902213620445743,0.7583579730243063,0.9265152338220001,0.7922786008894038,-0.8907702399486708,0.8412664062886688,0.4539216414264467,0.8572107559048819,0.7104878167817786,-0.8213490291329175,0.7092729109753458,-0.8670264732093874
Gramella,-0.7325932050544696,0.8942749885628272,0.5561875183809917,-0.23055738558917954,-0.17917019673811466,-0.7117134253718355,0.5621772699947634,0.5364586432855099,0.563563736325028,0.5764186276792168,-0.6618172665244417,-0.6017898739887512,0.9000302630088318,-0.5383631057734625,-0.7746764823848827,0.05686166627482715,-0.520177712596696,-0.606372648327467,-0.4650307993709185,-0.5988790186764308,0.38937770969019964,-0.7923090931176023,-0.5935031179256008,0.6488481254181503,-0.8390543495991718,-0.6456578185966771,-0.7433354626317418,-0.8187529756751198,0.5839896911515283,0.8454156714914095,-0.7575484767231222,0.7724747420388076,-0.6536509952946029,-0.6376727872422535,0.7174463665947652,0.615688133886102,0.7535222543738233,-0.3665912939631896,1.0,-0.5247055880401919,0.3999912193964329,-0.3942392438263865,-0.6846136967033316,-0.7083400239277123,0.09772934167736413,0.3880643035866668,-0.35992421538246533,-0.2816327059959376,0.6992916605697269,0.839527039047485,0.3377041140691062,-0.4952394010062771,0.4219210032344542,0.7863723559013965,0.671026842376355,-0.17141654631485312,0.5430036764394112,-0.5466849290539497,0.8602456615455828,0.5805602943002574,-0.7158777644639219,-0.363326858678586,-0.28369559932132166,-0.39109623559066636,-0.4666095637732797,-0.6287501125575946,0.018077434387926222,-0.4632810367961544,0.4637723773003341,0.24415488966498067,0.9365608211312338,-0.5162132287973663,0.9262129716123915,0.20646091168897876,-0.6688829307108102,-0.6615096398188447,-0.6112371772194833,-0.46744961270394453,-0.5139136071450473,-0.5064755182412141,-0.6354999078883142,0.8822602172381598,-0.40690765481280716,-0.6691134374727102,-0.4898395127082206,-0.14806559440115316,0.6939158753575589,-0.6559720938147328,0.666387793587756,0.892638797488569,-0.5241557411546536,0.35881694136773523,-0.7390903260894585,-0.7918371285827402,-0.22583036111011723,-0.7968703016232209,-0.6324204272808047,0.9154223884215612,-0.5652649109331946,-0.35203348160543063,-0.058927028877553696,-0.724671644743741,-0.6254951563929401,-0.7588538278906461,-0.3221235922564331,0.5381194059192966,-0.6917979871544928,-0.40721947973098677,-0.537353482508189,0.4349447253630308,0.5903735754378706,0.40660153741569866,-0.2792911983481463,0.023462035484262064,0.11775098027724931,0.4618660028732642,0.4800629915733189,0.8509564281514665,-0.6789514102695904,-0.765387189564753,0.17594909346489254,0.8815348458513841,0.6010975779115135,-0.8258826414222152,0.3478307493591756,0.8015477921031409,-0.5831701485250632,-0.7431568249634409,-0.07644831998978155,-0.7336608281581618,-0.5430187479734649,-0.7370506387542952,0.5676955141948863,-0.39249739102187153,-0.4778110601030728,-0.6895890746589073,-0.6759081462159544,0.5193006779709716,-0.7849254175901638,0.5064356220119962
Guyparkeria,0.25877562367711276,-0.7741021605421031,-0.6670201089289127,0.6879125794493092,0.3536698135207581,0.7497563889021422,-0.6967318638934116,-0.7280810185978345,-0.721614133854223,-0.7386352799166819,0.8519939441459744,0.9314739386100919,-0.8045663720701648,0.8803999982935958,0.628422041298666,-0.4963661445955035,0.34209147785067384,0.8789909360159806,0.2778279715401124,0.7597576635448111,-0.6846458261343197,0.7431662361785358,0.5340552941963752,-0.2717435009847787,0.7832994706388723,0.6855696111256078,0.785477148668334,0.23932821172060076,-0.709805033172947,-0.8040264645364972,0.7835410866769098,-0.7506135050477994,0.804239609397805,0.07816721717234225,-0.7016847406680967,-0.6400819615102624,-0.7516613887911893,0.7457910757544821,-0.524705588040192,1.0,-0.039308565544806655,0.6902995126637919,0.8284129184479481,0.7822758488901561,-0.5648056663099388,-0.5399359912127826,0.8102678278138649,0.6694345823627188,-0.6995400606863331,-0.7911402621738167,-0.6619954047512788,0.8891301957017103,-0.6357296365407913,-0.7599109480122442,-0.6710895096530303,0.2491202474438901,-0.6239872037281161,0.25116692525941275,-0.7585436045368119,-0.7380118698649704,0.7717986203569512,0.38755875514844734,-0.3593350145684599,0.7543612216636926,0.7253651468626937,0.7313063362428189,0.031333795919111694,0.6795154142108358,-0.7238216672349598,-0.602554014850261,-0.6579712491207802,0.4004190752057025,-0.7917212407030214,-0.6030004033217257,0.8789197814611895,0.7433690641731547,0.5457689245725014,0.5507293931969489,0.8937314041242739,0.7045056108081388,0.8184595297958153,-0.511729777264472,0.4055785685498356,0.6651852131360696,0.7257112278337992,0.1858560289072058,-0.6931990802755515,0.5124159689856133,-0.6650306280191368,-0.7399630992384372,0.43140882855631835,-0.6837150848926393,0.8496283769876958,0.6888200773110296,-0.1647362626589685,0.7396748408640914,0.7729776989502642,-0.752614341565527,0.556252684750422,0.852072121786767,-0.10849878900971284,0.7334275417594942,0.8320813096066745,0.7299890065471628,0.2966714044862532,-0.6784530578342328,0.8248655630080238,0.5630442826681096,0.7776645104338866,-0.6093041342399729,-0.6916769559400812,-0.5377620649714774,0.43511316433755687,0.6290653523136617,-0.5283523311778637,-0.7390388070674958,-0.7204456813880136,-0.7885656662267775,0.8779329372233358,0.7008223223106701,-0.6273319638836661,-0.7563521492051554,-0.6458189288807016,0.687358159001787,-0.6534488351721717,-0.7376958370612371,0.8422250150449467,0.7639152443792316,0.6313662488085575,0.5904942320493828,0.8303555868647596,0.846159345773983,-0.6776907813425634,0.5220326547509883,0.26906725302330226,0.8303532502883019,0.5761149635125611,-0.6593903876704803,0.7664733971532698,-0.7691150457392063
HIMB11,-0.24020887671783805,0.0810377222011544,-0.18559206391953914,0.30604341765612597,-0.09614997685492814,-0.14143890140348617,-0.27349416358976214,0.2229334699542534,0.23298752637852027,0.23063417503026798,0.0899675631119915,0.07994677943288941,0.25173647257797976,0.14028093110424122,0.11444373371853357,0.031216031045358215,0.011171588437214885,0.045914000923840244,-0.036182244264434595,0.009019305822235079,0.010771270915626647,-0.11710918553469546,-0.12769353589634308,0.28310069781877367,-0.0669334282050925,-0.07577611019340481,-0.1558209156448032,-0.18592549835834388,-0.1662240328397618,0.1065059836092489,0.10367068203103617,-0.024710643372773674,-0.10849540049698857,-0.271611547387861,-0.16282135173308163,-0.2370907056588537,-0.09920543957180133,0.1966663519158704,0.39999121939643295,-0.03930856554480666,1.0,0.04396215482860956,-0.0964711574579337,-0.0726566780331612,0.26390298574076354,-0.2851766592592673,0.20740506164574476,0.06461194367261466,-0.2259066379647233,0.2173609810639028,-0.0022127394481464137,0.1300809753887271,-0.22599105397472646,-0.021068102828194227,0.0241202945370438,0.5246745731809926,-0.2987378145169407,-0.18021872613257553,0.4045073128104525,0.2690683504305141,-0.11744093908095461,0.16265046605380892,0.04864936514367233,0.15670368681422372,0.16964247945300373,-0.1230559912059221,-0.015108749565169695,0.07722714953283356,-0.15119634024601242,-0.03483322427479452,0.2538308494204817,-0.2129361991797587,0.2931635096202559,-0.14212563909580572,-0.07165717370422113,-0.13887564654334547,-0.1812963881028725,-0.04015766673631611,0.08177070212562994,-0.01901984318065793,-0.06269801811173906,0.09096307498820214,-0.00811034581662571,-0.006700940110261275,0.07945979624590876,0.08073992603253778,-0.2454742764068915,-0.10203021428297215,-0.24800483975672044,0.15453918629656702,-0.12432838874964629,-0.21294013441772167,-0.043034581638286336,-0.13504935137050963,-0.048393988050543825,-0.08538260886673148,-0.11592441862883576,0.21782862405143824,0.2759310470870324,0.27578080794877324,-0.2894954676970186,-0.1209648468571711,-0.050135799410252826,-0.11442803851828506,-0.2629934570857389,-0.27380696088461504,-0.056556302076296056,0.0335840647176625,0.02906001439262176,-0.14195484195313798,-0.02682363901720569,0.03881783657197718,0.28278002405691577,0.14043165448906242,-0.06969750031997551,-0.07122179575863422,0.06922019758630592,0.21262593226668514,-0.0026081272855626295,-0.17242343570211413,0.06034770270713153,0.17100638542092464,-0.31951031729721113,-0.04987116377275091,-0.15249012128987335,-0.09017869835506385,-0.01262602487439348,0.08454378425626195,-0.005933063376691136,-0.1661851971720025,0.08829327795895857,0.055308115572010194,-0.17274890297272769,0.050384156123139845,-0.12358447794813558,-0.032198813449750334,-0.16371847881780813,-0.1369968605094351,-0.009455897777354444,0.20800590752684323
HLUCCA08,0.4114206809552699,-0.6094621598573927,-0.7513043460756519,0.8474920656373089,0.8231832224914301,0.8980954885553702,-0.8002169966739782,-0.8372546458658356,-0.8312416765310925,-0.8270274799449758,0.8487502989607435,0.7711816238459569,-0.640402885376088,0.7742512548469703,0.38992417371140936,-0.8283273558967472,0.37030952810795276,0.8920930409592569,0.43892633328470765,0.9221272253398297,-0.8380630864592022,0.7525912764760385,0.8812301410139329,-0.30751331896238965,0.6450561935214886,0.7054881027687637,0.8615968440652751,0.2989492734979922,-0.8057955713746674,-0.7094622301159177,0.6835159302705783,-0.7302053964642072,0.8974018890116207,-0.11481991985187301,-0.6818605031069799,-0.6729575248278732,-0.6877868990811471,0.9259670778265823,-0.39423924382638653,0.6902995126637919,0.04396215482860955,0.9999999999999999,0.7686221737580342,0.8630282345343521,-0.7585773928000481,-0.6534030424982521,0.587716739064334,0.9577580223282804,-0.5459403974222697,-0.7311373491812,-0.8978521055160231,0.7719473575150247,-0.878099943398463,-0.7102947695270825,-0.7317706340501937,0.5052509020288084,-0.7091017242204961,0.70032643099331,-0.6686462277153937,-0.8571507664345525,0.8264925818008623,0.7157076732181864,-0.13925958231394156,0.9321344941536608,0.914042392470881,0.7213200244930495,0.3789855333435958,0.8451712915862777,-0.8688358449478538,-0.8777353915056243,-0.3368582920015451,0.8105933347430441,-0.594082092373618,-0.8581931265738358,0.9038598183516119,0.7309655900091729,0.9026406486986572,0.8676012468155512,0.8248147392186109,0.8997624417406617,0.8786338703751848,-0.23666485094245238,0.6872184527757748,0.7814326502688688,0.8862588103468003,0.3315046443696411,-0.6266935107216759,0.5927840024568736,-0.620934530998718,-0.6214282038820804,0.3917800896143783,-0.9325306057100414,0.7937025025096267,0.8150692036380053,-0.6100931766963529,0.585991571646045,0.8874723012608305,-0.5978513988856006,0.30370952082897235,0.8369591999221513,0.1422593895446126,0.8408927699115419,0.9139569047941085,0.7569032333365738,0.21733755150152145,-0.7430522570365182,0.8141774340325855,0.7854086860347592,0.9222788042888095,-0.8187578629579606,-0.8039769327592527,-0.7673471152151682,-0.035294773804632106,0.19755691947657164,-0.8242448565019732,-0.9225783559560561,-0.9028024699232057,-0.7467583309652148,0.792611245807149,0.8352252815455088,-0.8684763335333865,-0.6912518041519949,-0.634938428267073,0.6432773380136728,-0.8913460687175468,-0.5405874720793585,0.7396108997427218,0.48662035477636306,0.8610846644061877,0.6934085326091795,0.8461153223886725,0.7808587260102576,-0.8057421582274713,0.91971774922207,0.3249782294748943,0.8476367526637606,0.6599656418536677,-0.7841235416535869,0.6978188965722393,-0.8966550688688656
Halanaerobiales,0.3485291345544327,-0.8525276855107822,-0.8502858196278119,0.7598181348969308,0.6020766294956399,0.9139809789270721,-0.8702448116123913,-0.9224045584675583,-0.9312220445498441,-0.942975077088236,0.8708743958622372,0.88912239465732,-0.8824309210254673,0.8755963640412129,0.615592575382414,-0.6431807481968824,0.7475233951302036,0.9270449536688967,0.691827099972067,0.9139638774936201,-0.8546923659920838,0.968048780612731,0.7724476585384104,-0.7043719935787749,0.7714724510412398,0.9595908468728822,0.8679092642770911,0.4751319079142322,-0.9050705615375707,-0.8928174626641797,0.8384627652246212,-0.9221187986134952,0.9599505593846077,0.0635059087859592,-0.8368634234299867,-0.8205413818789766,-0.8594809125217181,0.8128856739542041,-0.6846136967033316,0.828412918447948,-0.0964711574579337,0.7686221737580342,0.9999999999999999,0.9561273032916099,-0.5333236986834964,-0.73899349650273,0.5225572676016425,0.7971877344902291,-0.7780805066698105,-0.9360694067833261,-0.8669533977503635,0.8510074697708389,-0.8416391075620315,-0.9046621515114907,-0.881942252727578,0.4221450872970358,-0.7820922761803484,0.6137869906454778,-0.8977798407853144,-0.9198877412103509,0.9817079368576499,0.7476954611463028,0.07506610339514166,0.7920387016310171,0.8976196801427251,0.9818607455947762,0.3305914093769277,0.883632391751256,-0.9173371298952501,-0.8046634215600235,-0.6476279901258551,0.6024902435788758,-0.852173479633085,-0.7973556668659498,0.9205271936880808,0.9819939159423916,0.7617029791680016,0.5983017444008446,0.8699887310023476,0.9283926336381376,0.9754723360243848,-0.5464351351801279,0.7894929688940873,0.9280646857466026,0.9324249406039968,0.543833172747224,-0.7976998779610248,0.7690966818011378,-0.7855373062890912,-0.8654019465681386,0.7735183487498063,-0.8323515662670263,0.9763707558833498,0.9042184430155545,-0.3751665596405258,0.9441155077129822,0.9615237963000887,-0.8687340148232161,0.4499417450470203,0.8620969078969821,0.34229522935032913,0.94204382741032,0.9562823785939585,0.9715318453646716,0.513993578709476,-0.8649007923194185,0.9905201764999749,0.8558516563341573,0.8380684283407824,-0.8757354305702574,-0.9443785543181593,-0.7511484772397827,0.23655811728817205,0.21845535345637465,-0.7033121244040689,-0.9068859193246616,-0.9137385415952644,-0.9187638100287198,0.9750141503397298,0.8527489237735745,-0.7619370397241753,-0.9144837923495773,-0.791957595461666,0.9319525486786508,-0.8602588167284773,-0.8004024270315762,0.9862382030937906,0.8555949317056145,0.6797602226419522,0.8865568094470696,0.955520818950511,0.8206022216289722,-0.9127151781567223,0.6384613093835596,0.6884231063799311,0.9579056388638663,0.8817113133924004,-0.9055303283407892,0.8487529742915157,-0.9041850718825749
Halanaerobium,0.5567073943236718,-0.876818168325824,-0.9091352234764339,0.8202671323043366,0.6594148322806895,0.9856800945544246,-0.9122685563754505,-0.8884253617148806,-0.9063360518575716,-0.9100353525947649,0.9028742410248832,0.8768022108002981,-0.880429917956933,0.8404824344618433,0.6498690368858863,-0.6411171721302211,0.6808619694318292,0.9468045680360548,0.6706197588047866,0.9748616162217819,-0.8738632607853716,0.9758756145866136,0.9031105390814147,-0.6439503110016324,0.8387698612660323,0.9318926731680915,0.9480753355634967,0.6059820491555653,-0.945954771005482,-0.9209874233116239,0.8653085318350745,-0.9565175785637244,0.9751351813654459,0.15884760713938317,-0.8998715030014981,-0.873771583481287,-0.914245876549138,0.8877751674469881,-0.7083400239277124,0.7822758488901561,-0.07265667803316118,0.8630282345343521,0.9561273032916099,1.0,-0.5392651599319891,-0.7984844742667443,0.5941538291852603,0.8294898280748623,-0.8170003264447774,-0.9408620697247857,-0.8630714603858858,0.8059384250336297,-0.9169385717804236,-0.9444846398267456,-0.932344561888225,0.5138403395777621,-0.865787036589204,0.7300962019689745,-0.8604533693650095,-0.9092359577698056,0.9883968142289763,0.7698838937557404,0.14870955447102885,0.8803222856174236,0.9306083442680758,0.9211907312979283,0.4223306050323121,0.9126348981576649,-0.9334746784906498,-0.810703227448605,-0.6564213762685337,0.7791443866441176,-0.8505971638242352,-0.8161342926238891,0.9551907506634212,0.9251564027949511,0.8913141966058111,0.772123370332504,0.8630608376346665,0.9449390110985908,0.9775688724809047,-0.593464748399591,0.8039643246275014,0.9443527474778074,0.9431715365193265,0.5233489185917874,-0.8553002450619976,0.8342465440771392,-0.8486264871443068,-0.894594892459856,0.6965546956150906,-0.8894735857151258,0.9624045395883855,0.9751853566534318,-0.3763776466090367,0.8939428224603613,0.9687449119251446,-0.8729946523406803,0.438710162566419,0.850229191979831,0.2729020709033845,0.9873746539653692,0.9733841768361009,0.9755599584658451,0.4863855572288256,-0.894352369535217,0.9681862864624574,0.8517181187506243,0.9293398102291582,-0.8788820389755305,-0.9429751877355688,-0.8033868318083445,0.12479286310590651,0.15658847208831217,-0.7067473447895231,-0.9344258407071672,-0.9247551657935444,-0.9350685166334791,0.9618640835721511,0.9485487793616794,-0.7527597748085325,-0.9370774512366222,-0.8465367336440216,0.9232353404439996,-0.8845581283960315,-0.831548122255222,0.9211597527714753,0.7652403189570666,0.6740671906746579,0.9310659895314223,0.9516312963055619,0.8833688062029282,-0.9425241803411151,0.8061865455742678,0.6323066110315178,0.9639938805919075,0.884891242370916,-0.9055260038154211,0.8618656479348792,-0.8977778857179934
Halioglobus,-0.02527838833862441,0.22547042388709296,0.2837140120477093,-0.5188564531210261,-0.7269036445428919,-0.6048973734768951,0.36313800142949143,0.7428555600737551,0.7164302894263731,0.7141673529041522,-0.49184574010640575,-0.49790863351268616,0.3572917396066641,-0.48962419596674994,-0.01771762057623423,0.8844831012361404,-0.08109993734219649,-0.5841446017701287,-0.088358593562054,-0.5691319497185654,0.5812828339045646,-0.4336273789250134,-0.5044763001182124,0.10644350411351551,-0.22003074212165752,-0.4088907746224692,-0.563716546742294,0.11787410482236242,0.3802472949474825,0.34323698013320114,-0.34342083874164414,0.30553314956140953,-0.6358946084394979,0.29731687824685027,0.18653968550084762,0.17342863418090484,0.2178136341716327,-0.6076780043401854,0.09772934167736413,-0.5648056663099389,0.2639029857407635,-0.7585773928000481,-0.5333236986834964,-0.539265159931989,1.0,0.15280911264800537,-0.3057677122582507,-0.7774862420453336,0.044954246714296285,0.4533572069904793,0.738843045557338,-0.5145469445836119,0.504527764534226,0.28453232650026117,0.2853969541694856,0.07703641649040457,0.16565205469159675,-0.3160293926547593,0.5073379546040646,0.7445035155552938,-0.5554738637557727,-0.3123476204798617,0.4719914620048183,-0.5882739701149986,-0.5800477777776157,-0.5223466354998653,-0.23179850178198663,-0.5325405529508984,0.5361123851244152,0.7591041391095122,0.06281056664438,-0.5497488559027328,0.3471600091864206,0.6625170203669701,-0.6209259449828811,-0.49957725462354863,-0.571190745688934,-0.5404764718678732,-0.593167396965882,-0.6455500779628228,-0.6393514963755119,-0.19266844466970356,-0.3855671647072574,-0.41001173543778385,-0.5930902730847931,-0.09541458460603516,0.10309907970847426,-0.1803344421972078,0.09536463829793064,0.25565078575341127,-0.17057947930500475,0.6426912168457961,-0.501474326549066,-0.45763089392721723,0.7118913507462996,-0.2386120465938955,-0.677948214285716,0.2769367970890631,-0.09193638609583221,-0.5779737840171362,-0.18409585795335132,-0.5147439433972234,-0.6592384385551866,-0.4536168461869942,-0.17407151509317662,0.263811594665464,-0.5524950792728154,-0.5009270116675375,-0.6497222214650821,0.6093321062200225,0.5376194315622749,0.6642613522437634,0.04749160030905858,-0.42204015660128197,0.7398772245924572,0.6471547550976264,0.6901035558125157,0.4479950726778983,-0.48151753362328537,-0.5146388708610425,0.8258887378864314,0.3482607153656167,0.10122001690205855,-0.2902617083173098,0.6494208518799485,0.07852724311504085,-0.5130582725824676,-0.21203088523989375,-0.8280797332490558,-0.33219090078207253,-0.5728376058906053,-0.44355037926515056,0.3825100604915219,-0.5882597299219664,-0.05148883563994816,-0.5079451507947527,-0.3105489571697036,0.4359025789040395,-0.4266804581152247,0.7603952660153396
Halofilum,-0.40490843853190445,0.6518046957219857,0.945995161055278,-0.8798360650814911,-0.5370938173259575,-0.734004557023751,0.8521038225817749,0.6179994530726686,0.6455291992996307,0.6402366918732093,-0.682045620666415,-0.6789684406121113,0.5795838627284013,-0.7038265823626425,-0.4628264731499472,0.4229149305471927,-0.7011132479815199,-0.7541382435419322,-0.7884759814274186,-0.8363886321062569,0.8244089542924236,-0.7641417915893941,-0.7764243593919242,0.5547142587326437,-0.6614750247234276,-0.831896123259582,-0.6882657410539302,-0.47340478291591936,0.9124874999510001,0.7012995574822454,-0.6214949792742354,0.8371440761747589,-0.740717115369924,0.01014153453354463,0.8626316429543877,0.9016224839391201,0.8364418389805951,-0.8294415365473943,0.3880643035866668,-0.5399359912127826,-0.2851766592592673,-0.6534030424982521,-0.7389934965027299,-0.7984844742667444,0.1528091126480054,0.9999999999999999,-0.5339768994910284,-0.6771054935090799,0.8223589901865688,0.6658651384735234,0.7233516588265886,-0.6473351094378872,0.8841720596783,0.8231573142456642,0.9247934702257699,-0.8519503853953843,0.9476004183449414,-0.6444062513070928,0.4737448503288011,0.6221954881003544,-0.7548077028847261,-0.850971357151036,-0.3958230804576598,-0.8219720327482769,-0.8397724973041375,-0.7341087032056235,-0.6156601668472861,-0.8603010019831916,0.8774084689277971,0.6595201124960545,0.3525942712194577,-0.5997879231578247,0.505763705157562,0.7848889481810029,-0.6950430798382884,-0.7407377975664793,-0.6878415224068261,-0.5906704333962358,-0.6757741702355099,-0.7946500574456127,-0.74268379986305,0.474411191879191,-0.8325334776077299,-0.8413641571175694,-0.8377302631324107,-0.7527621743237702,0.8529785749975488,-0.8189263815106477,0.8716860989300191,0.682157835598208,-0.7054555108527332,0.7660538974665372,-0.7339833345535437,-0.7592254816337386,0.31167504357603387,-0.7555326738904365,-0.7074897402695756,0.6136640856815284,-0.1441037625689093,-0.775178319902666,-0.3361620878627263,-0.7993069899500411,-0.7309127972900906,-0.7752454830046858,-0.43103057335156775,0.9324983868188457,-0.7446004577028438,-0.8332753118688913,-0.7287520006503646,0.7088437148337164,0.7827930559201138,0.6234294199391652,0.11194010976653768,0.0738456649895347,0.6140551073436262,0.8063294189442614,0.7630291528002952,0.6612400310812276,-0.7917830565000146,-0.6920536701481114,0.6124969770226167,0.6973099481115678,0.9091034089813409,-0.7352508930020559,0.7675981686947978,0.7475689425997706,-0.7718373564415371,-0.5490027815732391,-0.5362851112405818,-0.8242961922345301,-0.8164537668165129,-0.6104721613270304,0.9139228669614033,-0.6829390146161273,-0.7132296206590919,-0.7789799108999971,-0.8241370367024468,0.840730141314519,-0.5392920574759973,0.6531247494221815
Halomonas,0.41780175222934596,-0.6630830850521133,-0.6275216406865806,0.6583115916520015,0.18569077440950668,0.5801247397387022,-0.5518910971535389,-0.368738455475715,-0.3760190026115172,-0.38046888893582764,0.7041128769439156,0.7482541359901548,-0.5934162187171955,0.7091420801986144,0.683885405575223,-0.21150454488756962,0.09796141493466967,0.7214892806555673,0.09453351474822734,0.6292156072761418,-0.4464026915171849,0.506538781686622,0.4414572480840361,0.05363487133514824,0.7665921834063091,0.39627221093991843,0.6487321379341742,0.258458516588328,-0.6064820547331117,-0.675391204003455,0.711297520241577,-0.6391986730019175,0.5663573622771111,0.2844945906289996,-0.6989117245162937,-0.6452101215587456,-0.722908479675721,0.7121876055818651,-0.3599242153824654,0.8102678278138647,0.20740506164574476,0.5877167390643339,0.5225572676016425,0.5941538291852603,-0.3057677122582507,-0.5339768994910284,0.9999999999999999,0.47038937975656836,-0.7161992185705495,-0.558251518224692,-0.39180576636960435,0.6972642430138598,-0.5601889995335024,-0.6679611673217456,-0.5697154831185371,0.41385392375121877,-0.6437982895336213,0.1703046497776058,-0.44285767608378945,-0.40972383078022634,0.5131973727665918,0.1930615037869922,-0.2973830228202498,0.7500515249058093,0.5655830995583901,0.36972966646101346,-0.02391780584074984,0.5533558193220233,-0.5589412786498187,-0.3155401585583579,-0.5471495604388604,0.3720185630986163,-0.5878086333462149,-0.38042495973681323,0.6931854279439555,0.4292340247350553,0.4296005250932953,0.5480774620691518,0.6939881373213395,0.4546881240579488,0.5795573660567384,-0.5397224508965117,0.1471465835482864,0.491546310323847,0.5009471025534955,0.005573591691526445,-0.7122116873099108,0.3568153762781282,-0.7062480614064951,-0.6026947035267116,0.10047692416363699,-0.5484821187542201,0.618603198245679,0.5480031046764368,0.11443024005478343,0.4802849905909447,0.5150332567974052,-0.5677980015869669,0.4869639110243169,0.7303605916410755,-0.4505448796886685,0.5437599649185534,0.6175802700231701,0.47955172483554637,0.039513564884516676,-0.6115586085908413,0.5470825762420338,0.339126981823456,0.6890983620674491,-0.3442386888267071,-0.46150416520762144,-0.3741470734390808,0.31823388264981634,0.518553991625193,-0.27200268670931416,-0.5166242980497954,-0.4657936719091197,-0.5797902521467554,0.6545166074353779,0.5978341701674024,-0.36234492864496787,-0.5764407498154661,-0.6654313347225874,0.4641681540660105,-0.4265529910432435,-0.7112652441624384,0.5415988092802076,0.5288193709671714,0.38586576481291945,0.38952733165224035,0.6163867930824524,0.7967117777848497,-0.5466750541904336,0.5368061162175254,-0.020983578581343018,0.5932405574615489,0.2956251887369925,-0.387368641762636,0.6397895487890812,-0.49382683707727476
IMCC34051,0.1963876824031383,-0.5116198830573978,-0.7250852008215827,0.8768969913437915,0.8855216147921314,0.8380735411289921,-0.7815801415715407,-0.9012945049907815,-0.8900594835460717,-0.884525799501541,0.79989363132014,0.7352911461010202,-0.5829052243870326,0.7888136835490213,0.24995952189310197,-0.9037129403797469,0.47590700944700165,0.8675086621461499,0.5524187063113004,0.9018790950242185,-0.8940052668124703,0.7370688603380017,0.8189394282074053,-0.3876826030427871,0.5212994650752144,0.7635294856157808,0.785781488311293,0.139925066764184,-0.7902072560389141,-0.6482800066530938,0.5877579943878399,-0.6867760367120536,0.8946150885390192,-0.33069020341859734,-0.610571127667431,-0.6262241417484371,-0.6100171257141154,0.915892137555672,-0.2816327059959376,0.6694345823627188,0.06461194367261466,0.9577580223282804,0.7971877344902291,0.8294898280748623,-0.7774862420453335,-0.6771054935090799,0.4703893797565683,1.0,-0.47555303277592204,-0.7027951313318488,-0.9707549091358529,0.7874277022290146,-0.8719464065114347,-0.6563437028313382,-0.7217964446817803,0.5206318045363495,-0.6653897964891109,0.6773223238979986,-0.6417183194857833,-0.8972510177324814,0.8203852739066153,0.8010147096130312,-0.12811513503434124,0.8989198667626438,0.9356433268366594,0.7877586452321468,0.4641307062035923,0.8636564528601551,-0.8975921245600136,-0.9521843608315749,-0.20905103305988845,0.7134879216384132,-0.5069869455426598,-0.9424516897608589,0.856750031203613,0.7903309734631765,0.8272752792888137,0.7358844424821834,0.8082481886185039,0.9415064023475737,0.8808501479418366,-0.10222268305765336,0.7828782578058486,0.801532240975513,0.9305415816417161,0.4884072371880305,-0.5531220709415856,0.5869977958226255,-0.5521651027786137,-0.5551256771927664,0.5249172957149927,-0.9306381211878336,0.7823099436536074,0.7564996801190024,-0.7416157394134475,0.6034949464334517,0.8916853330663602,-0.5404774204218906,0.17879244188376253,0.8691754266770625,0.33668562418209796,0.8195038459438316,0.9007575992560353,0.7548447568838054,0.2817618225272987,-0.7371618741018753,0.8243786337429796,0.8822500966165616,0.8697091967806633,-0.8618980364167853,-0.8289579429452814,-0.7606198083507173,-0.08461748145431378,0.15487627546907157,-0.9346936400484092,-0.9447957747846247,-0.9528307796228499,-0.7040522894839605,0.7908441612153914,0.7502085591937903,-0.9628869480956805,-0.6371904887413317,-0.5907320970143339,0.6277308652856551,-0.930494772564592,-0.4556479419296421,0.8001860733580989,0.4831351039043619,0.9402920480127824,0.6902867456705075,0.8714814459731965,0.6597918755172784,-0.8115747173905633,0.8235431298305468,0.4532078759273614,0.8413601871382879,0.7055482560446832,-0.8323389904124502,0.6065421244627197,-0.936608793770563
J153,-0.56929570895161,0.9159344888793559,0.8901916348580999,-0.6944849380961885,-0.21604931125545052,-0.7520622254165117,0.8317973703411673,0.5287727162084521,0.5594287747680935,0.5695600898454152,-0.7890681889548862,-0.818991038226417,0.8051296320397399,-0.7766672996774282,-0.8759194916200873,0.1639094738030594,-0.6246378510134759,-0.7821943103925003,-0.5774135762527656,-0.7778745608999365,0.5921122215896409,-0.8346615795619763,-0.6426346555682508,0.5450510287747532,-0.886491637492415,-0.7691211698299627,-0.7535749462268798,-0.6720989843705447,0.873985014864845,0.8804561155895718,-0.8972220635239351,0.9377489585060671,-0.7207742069516356,-0.422719541622337,0.9777792216735203,0.9486553707174762,0.9741024901399415,-0.7197743447826277,0.6992916605697269,-0.6995400606863331,-0.22590663796472332,-0.5459403974222697,-0.7780805066698105,-0.8170003264447773,0.04495424671429628,0.8223589901865688,-0.7161992185705495,-0.47555303277592204,1.0,0.7984456480992056,0.5146271476461832,-0.7252968573165889,0.7614063685112513,0.9482938092425012,0.8650683483232778,-0.6262298564513585,0.91328254160793,-0.45889118839522575,0.6414145986428748,0.5476738175307247,-0.7807174510810614,-0.5866550029561364,-0.28546678870642384,-0.7100333866750953,-0.7279423025214254,-0.7016975565631035,-0.2114465932295068,-0.7491999654827047,0.7625490248995875,0.42305338680790733,0.759680824067407,-0.46555627790831555,0.7844870787862677,0.5116067995236867,-0.7498819932764085,-0.7267343515203596,-0.5913422588025982,-0.548007209397936,-0.7391421723878874,-0.6590572972797611,-0.7491343582949649,0.8355844816025909,-0.5607248783884107,-0.7996218243376851,-0.7118426304608668,-0.4209480983336591,0.9915449856379133,-0.7421147888372107,0.9885065188778148,0.8833497566250903,-0.588501315296731,0.6492293463311637,-0.8392299161701617,-0.8156386113357862,-0.10789454503304363,-0.8620717143599965,-0.6970175540982917,0.8396060633580261,-0.5999546932943745,-0.7462534789965685,0.03175248136176858,-0.7895455343508744,-0.7361921387505757,-0.8144393458195663,-0.3296453185086013,0.8953178817041147,-0.7907332070494937,-0.6100340897835783,-0.7256961328288158,0.6352103299156331,0.7667051145469995,0.5448983345156523,-0.33665177590855266,-0.15583998281280684,0.32321301324268725,0.6694300401131225,0.6120811422343972,0.8001318457924367,-0.8562886586025217,-0.7531865767660699,0.3451895376554932,0.863018557234885,0.973832746998073,-0.8727252831303752,0.6011079375399451,0.9843964385699102,-0.7710235375935218,-0.8339543453487865,-0.25825197738001543,-0.7772567020924684,-0.7968655301553338,-0.8447691156326564,0.8499950643660309,-0.5356692568745577,-0.5288224816139465,-0.791220777208759,-0.7094187955804757,0.7217075811403334,-0.8210786928229794,0.547249687840883
JAACFB01,-0.5651359021445054,0.9183880135716989,0.7794260086294821,-0.6729253253123737,-0.5432528299557409,-0.9210641167120484,0.8102406418928914,0.8663471979058144,0.886274120832479,0.889273374840833,-0.9001525027771243,-0.8410668344870657,0.9789316687324167,-0.8368495384373035,-0.718578050177292,0.47408905380133154,-0.681315976990172,-0.8936182539473442,-0.6618620170934632,-0.8953883568975758,0.753106935582194,-0.9685563773962385,-0.7825091328917774,0.6962921757638584,-0.8765779072998744,-0.9021220971270657,-0.9397760745745763,-0.6204701134768758,0.8300585433213573,0.9779373048839536,-0.8652260488660434,0.9361139675666164,-0.9292690261907214,-0.25327075288942447,0.8541719574406795,0.7776503009645118,0.8775153753137446,-0.7633973514810926,0.8395270390474852,-0.7911402621738167,0.2173609810639028,-0.7311373491812,-0.936069406783326,-0.9408620697247857,0.4533572069904793,0.6658651384735234,-0.558251518224692,-0.7027951313318489,0.7984456480992056,1.0,0.7415686389008672,-0.7940614986586924,0.7603010728860475,0.9381220932742614,0.8763974535181293,-0.3893416965796746,0.7513022950821872,-0.6673406542306186,0.937515964142211,0.8906632609701655,-0.9452870846844034,-0.6592345351077105,-0.14909511059316574,-0.74633813101216,-0.8273507320752951,-0.8908599928694073,-0.28274283290046254,-0.7804338392447798,0.8034778614922645,0.6652785187804281,0.8093892102537549,-0.6715445933124536,0.9366464874440227,0.6613102712572202,-0.9174029252161899,-0.9152227837595134,-0.7849657744104139,-0.6336223162513662,-0.8022987510849338,-0.8584589970999618,-0.9234954238713491,0.7229829798538785,-0.7088604441326731,-0.9165253624590489,-0.851088507839327,-0.4538004962121858,0.8165659646274102,-0.8108816436450288,0.7996619816966759,0.9691539820910787,-0.7442168010697233,0.7286979264834632,-0.9622737866634896,-0.9553000059635585,0.19280986985993814,-0.9283917535157304,-0.9144934670848817,0.9741632409754533,-0.5110895919244036,-0.7642456100132718,-0.25031893829784413,-0.9513868249120797,-0.9129154235105905,-0.9571647692498133,-0.4589237776960312,0.7761760802839076,-0.9410369820783213,-0.7793426135365861,-0.8612009291537717,0.774903456708735,0.8738990885328592,0.6825701198331485,-0.22387274877057994,-0.14446744490526364,0.6010266040367459,0.8120062099578995,0.8513339998630782,0.9933400370173202,-0.935606010301944,-0.9284319896191217,0.6327675210133584,0.9873656858933012,0.7747861480514914,-0.948361577993453,0.7284160845641459,0.8567201972113314,-0.8914135391086052,-0.8379363378645334,-0.5243848522595567,-0.9034824148080879,-0.8894987681943133,-0.8719379924948285,0.8312537153898786,-0.6288376050908379,-0.6349891989062055,-0.9334759080697015,-0.865335509518087,0.8173353171021422,-0.8739721598019768,0.8498032287488972
JAAXQD01,-0.17555802554861777,0.5512021055689537,0.7751095320062813,-0.857497229890928,-0.8822200554410575,-0.8554016495361009,0.8040863424479526,0.9457273964957407,0.9389434800541102,0.9375535981872944,-0.7579023417809723,-0.7309460467727714,0.6127539965928656,-0.7856835107699284,-0.25841259035770736,0.8982530175573555,-0.6207821154422603,-0.8645164014161042,-0.670040236257448,-0.9044448837705897,0.9284960160562228,-0.8053780632592952,-0.8162546293643923,0.5362965309773646,-0.5160554026032879,-0.8571451458539746,-0.7783121237455396,-0.19305237024291982,0.8391143748994806,0.6648189345912977,-0.6017677108852149,0.733314967992124,-0.9189804694649228,0.29502186404112857,0.6438803065264724,0.6761491583609358,0.6441977322370093,-0.8854941373509962,0.33770411406910616,-0.6619954047512788,-0.0022127394481464137,-0.8978521055160231,-0.8669533977503635,-0.8630714603858858,0.738843045557338,0.7233516588265886,-0.3918057663696044,-0.9707549091358529,0.5146271476461832,0.7415686389008672,1.0,-0.7652393900766554,0.8853557876180046,0.6982681442387547,0.7752603156575402,-0.5101520748685111,0.6854186768840483,-0.680452357814486,0.6946640319749359,0.931466627020397,-0.876500854787141,-0.8418447465869303,0.0011533504071337302,-0.8628455391263602,-0.9443540422434584,-0.8856839488277768,-0.5169846231897652,-0.9071716301527095,0.9371238570748059,0.9653936350474952,0.23987908231290486,-0.7003872831835672,0.5524267814654548,0.959233107626852,-0.8413097398836251,-0.8760333805121541,-0.8068553663844099,-0.6481516274447164,-0.7997317230749533,-0.9716770198002952,-0.9183171276925133,0.1342396679223954,-0.8630385635755303,-0.858444672197719,-0.9628412841230377,-0.6018149342161888,0.5804660523217764,-0.6387075759642378,0.5825454524587117,0.5959277514002587,-0.6588288524229563,0.9129907676214817,-0.8225701850196857,-0.7871414298133871,0.7377319624255979,-0.6963031332869286,-0.9301063538320642,0.584855375567506,-0.14395091845657262,-0.8622094513906808,-0.47313703130529416,-0.8616743104270731,-0.9159894984549432,-0.8294656580972755,-0.39170850673361624,0.7828391163069298,-0.8778528200162017,-0.9326726366254466,-0.834846334756823,0.9055970970028989,0.8926230789641801,0.825878173428776,0.09492215137720336,-0.11586110957658137,0.9225647914953994,0.9646524468208387,0.9768937144527771,0.7328041154600903,-0.8263337287644806,-0.7567538859756051,0.9679396593846015,0.6833332575013791,0.6240879243755085,-0.7077329695497009,0.9485613483914261,0.49316936277322493,-0.8718885283931737,-0.5504825235419608,-0.911329175817126,-0.766853404842471,-0.9034611850896822,-0.6326698770465845,0.8629734475283692,-0.7717803138972124,-0.601410799986802,-0.8603963962585806,-0.7922978503305012,0.8841963279239597,-0.6278397678093759,0.9507211111872486
JAAYHV01,0.16950526167070643,-0.748376213210359,-0.7264008198409538,0.765948754362393,0.4736548742555945,0.7690134603911719,-0.7652480085593947,-0.788197996846447,-0.7714003743346831,-0.7863739380355453,0.9018495728345575,0.9506299800008381,-0.7754063233346707,0.9805254260074067,0.6180860622788472,-0.5528504897782492,0.4119546068476662,0.8927062311702879,0.4315204456509826,0.8365857750069625,-0.7055690703123757,0.7689951529685979,0.6187391398904718,-0.4161190095970542,0.7426548691981966,0.7406427267031052,0.7714151798125829,0.16917461448361945,-0.7863849741003346,-0.8095748421972764,0.802637601277257,-0.7973573622153648,0.8414187045622514,-0.04129447454740298,-0.7555457373860446,-0.7259117516735731,-0.7686081644123857,0.8160795694893074,-0.4952394010062771,0.8891301957017103,0.13008097538872712,0.7719473575150247,0.8510074697708389,0.8059384250336298,-0.514546944583612,-0.6473351094378873,0.6972642430138597,0.7874277022290145,-0.7252968573165889,-0.7940614986586924,-0.7652393900766553,0.9999999999999998,-0.7298993815984273,-0.7894691290542349,-0.7249022230729901,0.4621068892824195,-0.6851072201825843,0.38129439820839606,-0.7371165196305655,-0.7758884951529516,0.8038889822949404,0.6408553906589853,-0.2764083228755201,0.7914183821861356,0.8348637283967423,0.7750836118160664,0.05395367127735161,0.8018345012822926,-0.8268364858164651,-0.674052010446667,-0.5520183907135416,0.387868127234847,-0.7098957548845534,-0.6991802823206503,0.8820369816464851,0.7999217601058557,0.6336291005255956,0.6075043661344783,0.9591433649636124,0.7987703161560756,0.8508704651638318,-0.4570238690978516,0.5640784202434856,0.757251351903567,0.8256886387329576,0.27044899708246656,-0.7419315725617635,0.5213644705172855,-0.7232006616372906,-0.7257163549351706,0.4996080858063923,-0.7625031557348932,0.8950872911804331,0.7312707715142723,-0.26033160397231625,0.7634162680848319,0.8245768843505639,-0.7355974431721427,0.5393305634037572,0.9140257936616781,-0.010853849554436606,0.7621783093945972,0.8665565353246915,0.7555341963257042,0.1097359156469321,-0.779328419452358,0.8778139934274466,0.7160093800670431,0.7925684047563335,-0.7281583239884193,-0.8019124882405588,-0.5821939740242065,0.31046322199552356,0.3662302693928894,-0.6414197321140753,-0.8129400599990588,-0.8007088154183353,-0.8099244583326339,0.9080726538060518,0.6711229016748845,-0.7106239601641403,-0.7617395022337218,-0.7314743454170367,0.7414035375301887,-0.728037800607617,-0.7340842154687046,0.8660071230868243,0.8050048636968804,0.6816372434947736,0.6151610810251471,0.8919046779645622,0.8055445690763081,-0.7857569587425333,0.5444695882093087,0.35055303789713,0.8818958908681023,0.6466790811289406,-0.746640647112892,0.7908844057914495,-0.8175400310549148
JAAYYF01,-0.4150198668493116,0.6899637538889816,0.9294025453610791,-0.9379033793915595,-0.7175535618176598,-0.8898669070593045,0.9143288969314085,0.7913815378857231,0.8105241397950735,0.8057028213509259,-0.8049156164090587,-0.7747057032485855,0.6484485233616264,-0.7627355976202979,-0.5120160481963542,0.711518684080215,-0.6671388106046807,-0.8714061851150215,-0.6763614122028888,-0.9426215738898707,0.8730514170659177,-0.8522262597871327,-0.8763762623127008,0.5358178559454082,-0.6583859563630997,-0.8603853700630452,-0.8122917138067786,-0.4656610526275832,0.9482334940657376,0.7569552489432174,-0.7585159574861564,0.8699646791840041,-0.8812108567484809,0.03500579836729151,0.8543995824347863,0.8845429042730257,0.8368102516141556,-0.9501580115461529,0.4219210032344542,-0.6357296365407913,-0.22599105397472644,-0.8780999433984631,-0.8416391075620315,-0.9169385717804237,0.504527764534226,0.8841720596783,-0.5601889995335024,-0.8719464065114348,0.7614063685112512,0.7603010728860475,0.8853557876180046,-0.7298993815984273,1.0,0.8465194508170241,0.8820707604063128,-0.6742225071800299,0.907371668781775,-0.7185856703242987,0.6102183428626383,0.7991088828194385,-0.889128881903762,-0.8469220345757746,-0.19992848013882544,-0.9201886194177501,-0.9531323224476357,-0.8254653955246972,-0.5839049399983544,-0.9442398659663676,0.962755563123322,0.8666563488785058,0.3696423199934204,-0.7454092007941974,0.5926826313732461,0.9106363567608066,-0.8401760186880661,-0.822843527398204,-0.8402637878990611,-0.7606037081452929,-0.7877974189098736,-0.9306511239404648,-0.8996373850190222,0.38022277028480334,-0.8422130802870277,-0.8932408847285398,-0.9454166764257992,-0.6315165631572189,0.8167739313442356,-0.7725377769419702,0.8307431117385813,0.7101052849500522,-0.628416735363296,0.9631157295509598,-0.8384474733665019,-0.8699224690279728,0.5314154404564322,-0.7455562038825951,-0.8883786084134441,0.6531338754848915,-0.3063478978797757,-0.8835751026458484,-0.31109223194078905,-0.8938414988744895,-0.8956863276947457,-0.8663176645854308,-0.4447864610823161,0.9243590841189525,-0.8606533770387838,-0.8849223549901495,-0.9056637720800693,0.9151482743017372,0.9193806831656508,0.807738893965432,-0.013627680906803247,-0.07671338247051847,0.7928764999166122,0.9316747532669606,0.8983012177697572,0.747546579754838,-0.8631650978505653,-0.8329567553725689,0.7908524190270718,0.7611734129938088,0.8635925854265243,-0.7953618531056398,0.9459429508962656,0.7099021036834106,-0.8420566620497586,-0.611267536540949,-0.7229506584727448,-0.8447324040868738,-0.921042237626643,-0.7605739066110808,0.957280931033251,-0.845548931356814,-0.6002796656740517,-0.8566153023081947,-0.7887915561683082,0.8961611827056148,-0.72381586642637,0.819613510735096
JABDJL01,-0.6156115736334444,0.9533443621260921,0.9157406436489463,-0.758055577028042,-0.4555446806374969,-0.9055573745956452,0.8825335677296404,0.7472950667345604,0.7749804138989428,0.7799211386630959,-0.8808555860741932,-0.8643219960522329,0.9154461974343746,-0.8438685438519851,-0.818967249254448,0.37768162032172137,-0.7009507732140311,-0.8916839419247052,-0.6816032499826965,-0.9092624630410383,0.7376079188588515,-0.9572833516885371,-0.7969678152916044,0.6609898309976683,-0.9180727719961613,-0.8928027752217451,-0.9012749125753163,-0.6881957991239608,0.9296941849801342,0.9684176658159445,-0.9247264670336827,0.9970560087671448,-0.884525061836422,-0.3471054887879762,0.980551216416565,0.9384603172531704,0.9852082835074948,-0.8176580174759436,0.7863723559013965,-0.7599109480122442,-0.021068102828194223,-0.7102947695270826,-0.9046621515114907,-0.9444846398267457,0.28453232650026117,0.8231573142456642,-0.6679611673217455,-0.6563437028313381,0.9482938092425012,0.9381220932742614,0.6982681442387547,-0.789469129054235,0.8465194508170241,1.0,0.9414989513884889,-0.5798638219682584,0.9051186126080684,-0.6372107694701973,0.8158345519503123,0.7709726458779387,-0.923143471197195,-0.6966270094963846,-0.2626066755900324,-0.8050594037803939,-0.8493332666039669,-0.8464964514919224,-0.3163963671769619,-0.8494515978528363,0.8604313736529527,0.6084271872268484,0.782515663625896,-0.6508168624934968,0.8832351083227712,0.6577872498981785,-0.882490489149093,-0.8721876928927831,-0.7662050792324111,-0.6575552700671019,-0.8132624418878185,-0.8277901603321515,-0.8971080561636892,0.7888379520543696,-0.7083524408415043,-0.925683595734572,-0.8504996679440721,-0.4931235604399021,0.9610705653414165,-0.8292697196182763,0.9564027307884749,0.9629961985076182,-0.7010975148516461,0.7623649725544573,-0.9482236286284907,-0.9519508817886256,0.09213888585060127,-0.9323752744124172,-0.8690451418923076,0.9344702672918717,-0.53876720891754,-0.8091948636356276,-0.14444435439410863,-0.9367122799539308,-0.8849446245394886,-0.9438458778490734,-0.41493840626046513,0.9095859751286854,-0.9179259466381904,-0.765435026104072,-0.8571716450223408,0.7709502332066788,0.8897766792587756,0.6957561741456973,-0.22538329434111007,-0.1154720260550488,0.5181293919894308,0.8108608836706201,0.7974841055981352,0.9373771600393936,-0.9433029813685733,-0.9037952544967922,0.5515306988018615,0.9686571535964509,0.9392201096896539,-0.9581113597014156,0.7355306681903208,0.9596360571178156,-0.8761907086806133,-0.8500473462535459,-0.4440192904030535,-0.9049214621584193,-0.9017726922574186,-0.899932772110348,0.9179304317423163,-0.6673992996161934,-0.6268743359842339,-0.9116014474365591,-0.8431605438485286,0.8276339221703042,-0.8897284450127988,0.7549134502885242
JABDQB01,-0.5707350325115031,0.8348049148761953,0.9526656951555181,-0.8208024757590486,-0.590497569586218,-0.8909373567256047,0.873047486001776,0.7739097502129385,0.8043584787518436,0.8018549003117554,-0.8093520654020063,-0.7768221254086664,0.8178522276008776,-0.7782794758443716,-0.6001666216149358,0.46295799306769203,-0.7563868673627836,-0.8655789665935545,-0.8150533068119892,-0.9301529364801505,0.8614990524018871,-0.9238636848360523,-0.8794240604815,0.6872615967976523,-0.8277045593353027,-0.9320202133950624,-0.8626951450570891,-0.6343905497422632,0.9441329050204997,0.8862175651230619,-0.7588972342451314,0.9510446129218909,-0.8885310039164103,-0.16530948943530208,0.9248853941796048,0.9168305580731592,0.9257085338583165,-0.8412069835511685,0.671026842376355,-0.6710895096530302,0.0241202945370438,-0.7317706340501938,-0.8819422527275779,-0.9323445618882251,0.28539695416948563,0.9247934702257699,-0.5697154831185371,-0.7217964446817803,0.8650683483232778,0.8763974535181291,0.7752603156575402,-0.7249022230729902,0.8820707604063128,0.9414989513884889,1.0,-0.6942233551989428,0.9300529474604278,-0.7650108557919614,0.7523703266295592,0.7976611270324121,-0.9058713997722322,-0.8258760350461798,-0.34632872740691345,-0.8468886406525744,-0.8757961414860909,-0.8604088904627513,-0.5292988367406286,-0.8917137069865608,0.9006349127089232,0.6955473042436426,0.6035241008700937,-0.7206796153545213,0.7626118508479326,0.7631799565545494,-0.8494875906355226,-0.8844457815511948,-0.8244167616316868,-0.6766889800973171,-0.7508569590251944,-0.8783064586202404,-0.8775643688012438,0.6451322358557859,-0.846741128585621,-0.9459567463518941,-0.8918489020535465,-0.6750568190569013,0.89280268538299,-0.9063228188411765,0.9002804311961284,0.8760175748873416,-0.7763553602450344,0.78611977834256,-0.8826904258343286,-0.9244598645251327,0.2584495954637414,-0.9014873432820792,-0.8550397079609224,0.8368263213801168,-0.2551152495960394,-0.7812251223028244,-0.35417412942114695,-0.9434717669560077,-0.8668119095171861,-0.9249253388586562,-0.5141587928649805,0.9278364033866197,-0.8813764482466372,-0.8680540020373041,-0.8262054287633694,0.7542409798071463,0.8690938844433677,0.6817644435655594,0.0388630358899344,0.055407727688047165,0.6205013286876411,0.8582026727749412,0.8570034653362424,0.8721508697278058,-0.9072153618870216,-0.8759750384694879,0.6559126387873143,0.8951272449555424,0.9036896412700409,-0.8865817970313608,0.7885295661764136,0.8538347032469753,-0.8707847469275175,-0.6893563155909773,-0.5616091127878349,-0.9531979526075604,-0.8834785557926889,-0.7642416065101754,0.9430970419107999,-0.7318452746863018,-0.7585237148904469,-0.9078983395070931,-0.9316017725383255,0.8755922556078349,-0.7200336392070537,0.8020374873676367
JABSQH01,0.32516745665790503,-0.4114312576473843,-0.7437642819338656,0.7071133482105776,0.4849823191318908,0.4705691554059693,-0.6905934697141497,-0.3436792690902492,-0.35578421486616985,-0.34458649427201976,0.5161286107709875,0.39930774575143346,-0.3161805913540459,0.5413356035593132,0.2915179614183238,-0.22500545717916498,0.4968541333797778,0.5549418801985782,0.6691979270264498,0.6234198170829482,-0.6000360519031454,0.4768894126616088,0.5865128233053285,-0.2629930090810784,0.4957467726520932,0.5372199333893417,0.47007270686255037,0.292172562624114,-0.703193689114337,-0.46911289747990753,0.393739120909399,-0.588521795337573,0.4962376249785226,-0.11212365988675142,-0.6660391206907138,-0.7144568210781255,-0.6145796606636055,0.6533715363107554,-0.17141654631485312,0.2491202474438901,0.5246745731809926,0.5052509020288084,0.42214508729703587,0.5138403395777622,0.07703641649040457,-0.8519503853953844,0.4138539237512188,0.5206318045363495,-0.6262298564513585,-0.3893416965796746,-0.5101520748685112,0.4621068892824195,-0.6742225071800299,-0.5798638219682584,-0.6942233551989428,1.0,-0.7928038220297292,0.56941267289273,-0.19796106854843948,-0.3401738036621685,0.44603789987366826,0.7428790844880856,0.4328546979455237,0.679607999285555,0.6778057821308735,0.41168877096238254,0.42556903438700194,0.6182496945843603,-0.6603020228366941,-0.4229334758596451,-0.13001030884478773,0.46790191057882974,-0.2334059819260378,-0.5664104864819304,0.4592121836167785,0.4484339177455687,0.4939359551029795,0.40678737736671317,0.4254107285620012,0.5524719697097382,0.4667564048369537,-0.31866999262169793,0.6291134725607672,0.6496489908696137,0.618602854392562,0.5681083520532273,-0.6843458330483018,0.554168128047474,-0.696450208827486,-0.4333063395171949,0.45184923379451997,-0.557615205439416,0.4678532017213322,0.5140262187792529,-0.20702033781886353,0.4766255632742065,0.4308667265391395,-0.3653633110348016,0.05211263739812988,0.5787879710863072,0.16243523092359322,0.5478229423933001,0.48257348183022014,0.47930966070207703,0.04559260243928921,-0.7588931795896754,0.4628111080432218,0.6528178838423506,0.4907246367578913,-0.4518121034663929,-0.49915196782469806,-0.38581292636793996,-0.22825860596747402,-0.26339174906460233,-0.4431399954501267,-0.5971111886341323,-0.5289181541338136,-0.4192596733200653,0.4933715847681812,0.469717879980749,-0.4047414657958589,-0.43490545171279243,-0.7420854367625037,0.4700296375828553,-0.5312295804251416,-0.5275755096025315,0.4585107123743441,0.3198141059655637,0.36723364950940796,0.5401974753080001,0.5431312685341344,0.4151342611194783,-0.7086762391324413,0.582962003883987,0.49398812002779663,0.5506400399658474,0.5786548199716602,-0.6332907672890344,0.30456011885022966,-0.3986517377670203
KS3-K002,-0.5588866319363842,0.7968765285520986,0.9693633951061325,-0.8492953593949517,-0.473721746251518,-0.8119192010849923,0.9290764421313019,0.6085301594568001,0.6392402282879892,0.6393592823931853,-0.8016564518343968,-0.7632292053662042,0.6992109330852743,-0.7336701749719575,-0.6508799066322905,0.39902324846746484,-0.6798229495066419,-0.8315197584138363,-0.6870121648200035,-0.8716746888956679,0.7911968280934625,-0.8334709386656535,-0.8098451282019803,0.5026415023608466,-0.7991786434417965,-0.8243849308411816,-0.7795356303866233,-0.6367408395455009,0.9457795538205575,0.8092141808196961,-0.7787784050936496,0.9121598944439648,-0.79191477112812,-0.15635423501244872,0.9445888256243681,0.953941816191549,0.9329669982622445,-0.8435252301612569,0.5430036764394112,-0.6239872037281161,-0.29873781451694065,-0.7091017242204961,-0.7820922761803483,-0.865787036589204,0.16565205469159675,0.9476004183449414,-0.6437982895336212,-0.6653897964891109,0.91328254160793,0.7513022950821872,0.6854186768840482,-0.6851072201825843,0.907371668781775,0.9051186126080683,0.9300529474604278,-0.7928038220297291,1.0,-0.6713366973701935,0.577143623512476,0.6285762185050321,-0.8145450640227035,-0.7758893812923088,-0.3423687690371324,-0.8513851275905243,-0.855552160814415,-0.7389774989381348,-0.47501745673418,-0.8362373842245169,0.8750841223889189,0.6425065280675984,0.5378788271339201,-0.6513104997634109,0.6560589503656382,0.7274248537601917,-0.790317817113057,-0.7513912890989921,-0.7444696001108307,-0.6851741279948036,-0.7176940967702481,-0.7916419942283879,-0.7955007035136537,0.6316478326090038,-0.7452207490279674,-0.8622448983683039,-0.8344351611779284,-0.6003016977468631,0.9462238559672668,-0.8401589306038723,0.9503496758028652,0.7901848947749606,-0.6247746979683891,0.8196928868845794,-0.8044659272437227,-0.8395924007332656,0.2167882632779597,-0.8115650316511713,-0.7521056040961676,0.726187518670624,-0.3918056134352291,-0.7936436862034498,-0.1606634358583323,-0.8489465398685999,-0.7956958789722692,-0.8316321439373993,-0.4372297550692767,0.9633224331617456,-0.7941673401580372,-0.7648138506651926,-0.7989184423408004,0.7351454351381903,0.7995627214684683,0.6089433422606965,-0.11420396038220927,-0.03829053390878484,0.5481362142471,0.8162721729845391,0.7462088317637114,0.7476630105296462,-0.8459613676605995,-0.8025939013950344,0.538634967436992,0.7974956188645608,0.9685965927955299,-0.8167626425205351,0.7883035909345423,0.8641759928846596,-0.7851276633854296,-0.6665024687065442,-0.49065782234962796,-0.8485664443408217,-0.8348927298908161,-0.7872928222862089,0.9364251827328776,-0.7553962114315943,-0.6247254968168665,-0.8395732458148384,-0.8009095924837186,0.8560149565050861,-0.6995244610168652,0.6510855645882616
Krumholzibacteria,0.586145047641827,-0.5249545211634418,-0.6684328345648209,0.5805878643762751,0.756669411080224,0.748738285411708,-0.6581542184420545,-0.6639341124505836,-0.6943861397602272,-0.6750814232155468,0.6054319813739906,0.3845737652283004,-0.5773219506576365,0.417420457313184,0.25029621387224116,-0.5320499275113213,0.6483623068578535,0.6272077748820831,0.7506625736994371,0.7614794077386902,-0.7234338604468793,0.7082409506700804,0.8829882660599613,-0.5808136026430134,0.5341458624762313,0.7091663455727287,0.6979510476804546,0.6069925751425143,-0.6769908591103702,-0.6308193323948642,0.44178793455114856,-0.6648677835172062,0.7309783780537957,0.01113817493198617,-0.5998619605206627,-0.6000988124323132,-0.5930468674391308,0.6389374576084224,-0.5466849290539496,0.2511669252594128,-0.18021872613257553,0.7003264309933099,0.6137869906454777,0.7300962019689745,-0.3160293926547593,-0.6444062513070928,0.1703046497776058,0.6773223238979986,-0.4588911883952257,-0.6673406542306186,-0.680452357814486,0.38129439820839606,-0.7185856703242988,-0.6372107694701973,-0.7650108557919614,0.56941267289273,-0.6713366973701935,1.0,-0.6178873659088447,-0.7050369498525547,0.7101445164566087,0.7916544245970429,0.4268700362345147,0.6650039056215207,0.707740785796988,0.6356991702928075,0.5916418152028008,0.6589501275077123,-0.6733673909062815,-0.6732831541087715,-0.3237552244208028,0.8234635410175214,-0.5123739331952644,-0.6542069599302649,0.6512697448883913,0.6757526402502562,0.8670297987068413,0.6729200171473548,0.386731989191949,0.7568140938783433,0.6714557408871242,-0.35338992011427434,0.7962770754641919,0.78708970125368,0.7176382543937475,0.5825049896048743,-0.5406944882654912,0.7869866564801418,-0.5525722874624548,-0.6164058657725778,0.5972600625852464,-0.6844638817423665,0.5967017927025363,0.7851955443477339,-0.4645745242771362,0.607413211066762,0.6958874661862007,-0.5879934588998563,-0.005829542936339711,0.44943253957572915,0.5282141139617024,0.7807021013513475,0.6819406100208392,0.7177196672991615,0.46137537280262914,-0.6400745963441784,0.621533689028857,0.7738341921280433,0.6543729151816322,-0.6256977124136434,-0.64931926738396,-0.5064698523969864,-0.31035643076405717,-0.450104555498603,-0.6266818945917878,-0.6963219265041417,-0.739900981334024,-0.6643831730275414,0.5813173353496723,0.7857303205560078,-0.5964090368217939,-0.6620343699770345,-0.5621889441882573,0.6412470019910155,-0.6918307491399305,-0.46857542244097883,0.5529320628517143,0.3203730409087895,0.537340275866489,0.8174243036559555,0.5840052162282089,0.5041987338276975,-0.7124364113995221,0.7692411627170201,0.6736463242473274,0.6929772726364742,0.7897655898371886,-0.7080798888972482,0.4613357273677344,-0.6986662547515516
Lutibacter,-0.4820221770914849,0.8645361322818018,0.6533831642698003,-0.481087988803159,-0.5171935845959654,-0.8614857144011473,0.6881739281623693,0.8500808875259029,0.855379524358787,0.8692603085856142,-0.8136410364966644,-0.7730258084683408,0.9397541530256389,-0.7584356243295293,-0.6270944120290033,0.49245002348579625,-0.6035204964215748,-0.8344148804898205,-0.5532426921969994,-0.7937223495456844,0.6764882846225045,-0.9009155935227353,-0.7057178094621432,0.648493846100605,-0.8041414061292081,-0.8159761290340872,-0.8575587177741252,-0.5481251825147094,0.7215565906267778,0.8878551104638122,-0.7857258681889988,0.8226793068959776,-0.8894734066259996,-0.26531753102390576,0.7094040698191721,0.6422890666302973,0.7571282604037389,-0.6112887844858743,0.8602456615455829,-0.758543604536812,0.40450731281045244,-0.6686462277153936,-0.8977798407853144,-0.8604533693650094,0.5073379546040646,0.4737448503288011,-0.4428576760837895,-0.6417183194857834,0.6414145986428746,0.9375159641422108,0.6946640319749359,-0.7371165196305656,0.6102183428626383,0.8158345519503123,0.7523703266295592,-0.19796106854843948,0.577143623512476,-0.6178873659088447,1.0,0.8709046325570727,-0.8933491607856018,-0.5397405048813273,-0.00902488954822709,-0.6304521077557894,-0.7175610800386277,-0.8584906997527698,-0.08452010108463971,-0.6869528168302556,0.7101499600300005,0.6102785585948947,0.7878603271743709,-0.5978935799208585,0.9436100468442087,0.5403557092236863,-0.8734236294247482,-0.8874865864575845,-0.7351939934595065,-0.5459151310872109,-0.7361628672818078,-0.7765675742182206,-0.8742005385382304,0.6290681859740965,-0.5914468777215132,-0.8208583794257801,-0.7518366218153384,-0.2753366038810778,0.6594729545938417,-0.6575016137662035,0.6320101801987882,0.8740114169304711,-0.6314859831806763,0.6263527670351584,-0.9004722663538612,-0.8652600646572949,0.17950438255691253,-0.8751398483637485,-0.8761498382732806,0.9139701484060367,-0.47502345440906146,-0.6397141692899806,-0.2288919507854743,-0.8689116924709841,-0.8696371013318676,-0.8869239317935689,-0.39836237096911836,0.6561532482254605,-0.8928322960132256,-0.6701994924827518,-0.7170614842994525,0.670927996833126,0.7818612291364766,0.6041866113072992,-0.24296633203932458,-0.14874836096753122,0.49759663975612006,0.7382978436571003,0.7787863276101358,0.9381666018497717,-0.8523859987521762,-0.8510682533589884,0.5950515435781908,0.9142242799592507,0.5955288629788624,-0.8666349920086491,0.642689663133362,0.7321629545149643,-0.8312578667796163,-0.8045153644255825,-0.5239759119451931,-0.7975714802490099,-0.7727689146036476,-0.803475081383363,0.7209168808684413,-0.5511066004768421,-0.5480496498899596,-0.8771350350624239,-0.7851904832232417,0.7165123768615997,-0.8444873576323254,0.8364175181917948
M0040,-0.33278926167581685,0.6859625744151312,0.7139008909379433,-0.7463818994073783,-0.8087957136119475,-0.9129853107949044,0.7555435590525365,0.9938088259776553,0.995581797980444,0.9938321282905301,-0.8181523968521134,-0.7683852685155843,0.8029087676335201,-0.7987041451827871,-0.3875510991521092,0.7930390016239576,-0.6258444010884486,-0.880150987279818,-0.6585769871004121,-0.9086074723282381,0.8770041928093021,-0.8878933469931065,-0.8230027132394004,0.6372154549211902,-0.6465275367516566,-0.8891312002115742,-0.8823279387247636,-0.3428359125990806,0.7889464099754286,0.8036980628603678,-0.6775352335171735,0.7914606761931093,-0.959128378344697,0.09704169587390282,0.6670051993475118,0.6365947216196405,0.6880500426937864,-0.8205978175854237,0.5805602943002572,-0.7380118698649704,0.2690683504305141,-0.8571507664345526,-0.9198877412103508,-0.9092359577698056,0.7445035155552939,0.6221954881003544,-0.40972383078022634,-0.8972510177324815,0.5476738175307249,0.8906632609701655,0.931466627020397,-0.7758884951529517,0.7991088828194385,0.7709726458779387,0.7976611270324121,-0.3401738036621685,0.6285762185050321,-0.7050369498525547,0.8709046325570727,1.0,-0.9308471060432231,-0.747001042148806,0.002879516136217822,-0.7978305118066706,-0.8865393713766002,-0.9201330053638549,-0.4345080367880188,-0.8409847605423824,0.86091310189831,0.8837388217155243,0.4872580986219358,-0.7329834152339465,0.7465596053397721,0.8507631030690308,-0.9005956839196072,-0.9235032792905246,-0.8369195848387828,-0.6588573696090545,-0.804731002858856,-0.9547168270771058,-0.9469826194289017,0.3366024988094047,-0.8123860364689865,-0.8821261636741139,-0.9241732036721455,-0.5268614867891135,0.595914328207183,-0.711379130551549,0.5876842107559768,0.7590714051577795,-0.7180574706572399,0.8247974515459274,-0.8927596110529393,-0.8755203246943155,0.5774336699856282,-0.7872497739342156,-0.9645852498362594,0.7703986703817808,-0.24394887208916383,-0.7970574000657933,-0.4544524110857609,-0.9220342030970923,-0.94106651921285,-0.899529805315685,-0.459266905439465,0.706850202537151,-0.9235181576575598,-0.8856278549342275,-0.8662306581937708,0.8577914110047861,0.8898948139732914,0.7916754411883747,0.012605232639517185,-0.13631400071225672,0.843439986522858,0.9114782671608487,0.9699580622103006,0.8798659813924031,-0.8743533177670421,-0.8582877186047253,0.8958180302311418,0.8270686003142513,0.5938693476732666,-0.8018041451315562,0.8596425411106288,0.5860273562441379,-0.8923600647150117,-0.6426995897125325,-0.8102202470256373,-0.8395396400816629,-0.8995851585136005,-0.7163597091117453,0.807729425993638,-0.7128626456881095,-0.621585669456958,-0.9042839685546746,-0.8445161171797725,0.8441653280729905,-0.723541365621,0.9817171105885734
MWEM01,0.473517769211277,-0.862379439819471,-0.8755886794924571,0.775363618249475,0.6573933059952629,0.9666554730724226,-0.8890103828907124,-0.9203733630438269,-0.9353679222282092,-0.9422496293616925,0.8761978796438856,0.8637633235645067,-0.8812807480587836,0.8339276567712537,0.6269054320947959,-0.665489667048324,0.7330881386434577,0.9271714642107465,0.6950637369382499,0.9489907753653362,-0.8614068839572065,0.9849832997529588,0.8621689829043468,-0.7102230290647586,0.7899457581774509,0.9538756496437402,0.9129735861654672,0.5709934581723602,-0.925840769170672,-0.9039118108139105,0.853575092909221,-0.9409758451600522,0.9749262255175761,0.12765153696423603,-0.863108564484484,-0.844415820449717,-0.8798894197349852,0.8440189058284349,-0.7158777644639218,0.7717986203569513,-0.1174409390809546,0.8264925818008623,0.98170793685765,0.9883968142289763,-0.5554738637557726,-0.7548077028847261,0.5131973727665919,0.8203852739066152,-0.7807174510810613,-0.9452870846844035,-0.876500854787141,0.8038889822949404,-0.889128881903762,-0.923143471197195,-0.9058713997722323,0.4460378998736682,-0.8145450640227037,0.7101445164566088,-0.8933491607856018,-0.9308471060432232,1.0,0.7732376999750996,0.1437578074981526,0.8257931094392,0.9153114103411099,0.9627289595333389,0.39824498131401215,0.9057137633844934,-0.9272602267478027,-0.824383069641226,-0.6476233201497289,0.7226564856400988,-0.8544902848314561,-0.8124804788122508,0.9345978600513858,0.9625785985871634,0.8554153950668564,0.7013893287224174,0.850473671837979,0.9490684914573511,0.9848576053335947,-0.5608085409190431,0.8177377119503771,0.9457352169375999,0.9428192529685662,0.5402404991354434,-0.8139340943567512,0.810566671971043,-0.8064919955961597,-0.8814566106906108,0.7427254242805749,-0.8708809651730869,0.9695461744272539,0.9586146914141793,-0.4022867048964253,0.9176226504910476,0.9812985198721035,-0.8724891048478027,0.4365938933881342,0.8357102755942848,0.3457073692007901,0.9768217466419898,0.9705882992329435,0.9879919034641519,0.5171348234720515,-0.8727324807607558,0.984085798838993,0.863587771859809,0.8879051325495039,-0.901481492873266,-0.9613951056675233,-0.8037798069878376,0.15869108074935614,0.14507585130172346,-0.714851258084256,-0.924525663236163,-0.9282118216080749,-0.9321314513857091,0.9608465325384717,0.9172620865236448,-0.7644645225463494,-0.9329730428599455,-0.8081538256635009,0.940377049421619,-0.8855885330133364,-0.8022245140741285,0.9473830150454272,0.8026052145872868,0.6752091081759747,0.9269056607665966,0.9496857985990276,0.8462235394079074,-0.9318484694114275,0.7383239817226046,0.6767667857622257,0.9573369455025256,0.8932436599126696,-0.9092808537770126,0.8665284464794611,-0.9092749491690125
Maliponia,0.23322504101566593,-0.5130075730299654,-0.796002979275545,0.7884196559332578,0.7351625034789415,0.7273396397575442,-0.8034090026451656,-0.7641622433309065,-0.7747888460888988,-0.7673568433862674,0.6663190147499416,0.5881888848456001,-0.5351307917922209,0.6655759292656853,0.2550437352646362,-0.6271311795501878,0.7414096893344274,0.7002050750326698,0.8544657523725259,0.82345564477373,-0.836096373473234,0.752050232978176,0.8103517011101392,-0.6985442671215637,0.47332851010397253,0.8487723078353067,0.644109130644908,0.34464599650666916,-0.8214200345402461,-0.6184854134213885,0.5050417174385163,-0.7356406646717146,0.7735274146703354,-0.25792900857576917,-0.6869307652847091,-0.7350552579073906,-0.6525160408404418,0.7615875441225256,-0.363326858678586,0.38755875514844734,0.1626504660538089,0.7157076732181865,0.7476954611463028,0.7698838937557404,-0.31234762047986175,-0.850971357151036,0.1930615037869922,0.8010147096130312,-0.5866550029561363,-0.6592345351077104,-0.8418447465869303,0.6408553906589853,-0.8469220345757748,-0.6966270094963846,-0.8258760350461799,0.7428790844880856,-0.7758893812923088,0.7916544245970429,-0.5397405048813273,-0.747001042148806,0.7732376999750997,0.9999999999999998,0.36103540734314626,0.722407616942449,0.8601253864235415,0.7959357070503237,0.6249322440431077,0.8393145798773682,-0.8629496424189187,-0.8051585407887292,-0.20560351064588928,0.6067761689998036,-0.42582269677866513,-0.8617861040744309,0.6735369473772271,0.7931210133015791,0.7659731826343438,0.5919182754813737,0.6362308069323087,0.8762511732862238,0.7562039913133017,-0.2553328841960606,0.9567126582460085,0.8499563563163581,0.8820071558820807,0.7738939526130179,-0.6495315886592499,0.771659665744156,-0.6628301044100215,-0.5853699581012023,0.7687712246816275,-0.7954370989783872,0.7151177481313866,0.74407989846868,-0.5882847140060372,0.710308981907241,0.7657380900284743,-0.5510902515382201,0.06806682529021588,0.7011484966488577,0.5927249071663105,0.7874917060891841,0.744360023075299,0.7724939832655288,0.38537614458690667,-0.8206657542312902,0.7617732764582559,0.9342707558934251,0.6837109173303318,-0.8204516269560368,-0.8231746997467771,-0.6314464307386991,-0.211193678986274,-0.28309170792776395,-0.7917789563599841,-0.8416785922773007,-0.847652777858707,-0.6532188153915618,0.7368053102601355,0.6463041520081857,-0.7515805790284292,-0.6449709589847397,-0.7246165777628294,0.718002919779572,-0.8375314638407209,-0.5347704733842277,0.7561020403774487,0.5024174282394994,0.6654224874999654,0.8091911717507743,0.7906655798721699,0.47574014039403806,-0.8698142728946746,0.6573781633321485,0.7844844964709928,0.7846734493903694,0.8665331685815694,-0.8874237828105247,0.4878044543104867,-0.7513456685658008
Maribacter,0.421665500269942,-0.1682900022538771,-0.29587958285892113,0.04540630121173519,0.09251759209768357,0.11390764699704369,-0.22505689153526265,0.010890782893396449,-0.04219052464755475,-0.024315509143994798,-0.0803688016010104,-0.20396560440595643,-0.09328299531052779,-0.14710631794139353,0.11520679180867469,0.23232560500382324,0.5874071026331529,-0.05714482635329383,0.6290760721333652,0.10280102397024615,-0.11253680659880273,0.25571158787044185,0.23954218485178796,-0.5332639933029787,0.10562043435893187,0.3087461596457725,0.08776485271473236,0.5903345907506383,-0.24250541525858615,-0.14590401741566078,0.047685069903839306,-0.26330555666195066,0.040013691420074396,0.2664009202651887,-0.296326533806047,-0.3205391978386894,-0.24311645249871103,-0.006164765585582544,-0.28369559932132166,-0.3593350145684599,0.04864936514367233,-0.13925958231394156,0.07506610339514166,0.14870955447102885,0.47199146200481823,-0.3958230804576598,-0.29738302282024975,-0.12811513503434124,-0.28546678870642384,-0.14909511059316574,0.0011533504071337302,-0.2764083228755201,-0.19992848013882544,-0.26260667559003237,-0.34632872740691345,0.43285469794552367,-0.34236876903713237,0.42687003623451464,-0.00902488954822709,0.002879516136217822,0.14375780749815256,0.3610354073431462,1.0,-0.026694129410345862,0.10116674553864356,0.167015168821058,0.5115502765451224,0.12323636680466557,-0.11917563305439652,0.03160086932210204,-0.1296713015971418,0.2888644760096277,-0.0764534712707538,-0.05994952030353861,-0.09719676022336711,0.1542276952065246,0.14157947909083338,-0.06996233609939927,-0.23055799167834182,0.1103898512986254,0.03654914976698527,-0.3421520473599781,0.4373598614182387,0.31904701122896134,0.12512473669987523,0.5878075959111967,-0.29599310650644156,0.4734681519931771,-0.32066724936859947,-0.2619591711596857,0.5079993542617574,0.008818512676475461,0.058635968137052234,0.2678191727681067,0.08735794673305627,0.2688612545919242,0.045472667047026925,-0.20596383518772585,-0.15222585238788983,-0.1312093211866485,0.5010016792790942,0.23468838820120633,-0.020104476626666912,0.2687131738943474,0.3456597219059359,-0.25419896860836394,0.06780683412728562,0.25593247909979455,0.003019512552874038,-0.14837028899199678,-0.18514748252280608,-0.1812830647863263,-0.3095322828439722,-0.6292817230232743,0.04015096880349238,-0.05199568409772469,-0.05806577451133587,-0.13175279979025034,0.02802132663056096,0.20616073167708052,0.15035944514565955,-0.2322483655062375,-0.33412585172566406,0.32967234589138544,-0.05639082784797714,-0.24337437912407645,0.045810611533856196,0.0583379994141666,-0.3114104604106651,0.4396568342695371,0.04641967001240539,-0.05430096556876394,-0.26450067207587585,0.08549143635947982,0.6305123199172296,0.04958409540317742,0.4089024001853023,-0.24703553147543858,0.00542647058634252,0.09750677946986727
Marinobacter,0.44200578491188075,-0.6796780352230932,-0.8801558053014946,0.9377982529848448,0.745739138305121,0.8794175261273968,-0.8494395836620257,-0.7750904305815457,-0.7812275487352174,-0.7757179688298513,0.8510359283942326,0.8002608668756763,-0.6653091932110997,0.8236351623254597,0.47818385848191275,-0.6969723241177506,0.4722611084967058,0.9309700423074551,0.5464305083479848,0.9463140095895798,-0.8757504511956629,0.780689703131439,0.8546623551270218,-0.3030108274560465,0.7393855942514861,0.7602600863775659,0.8609192793365239,0.3426196691520117,-0.8935971810569522,-0.7683190159187508,0.7214793010268314,-0.8152553119014836,0.8915692398726128,-0.049936455985052,-0.8064512101632578,-0.8093656542726602,-0.808812289555189,0.9782875914721093,-0.39109623559066636,0.7543612216636926,0.15670368681422372,0.9321344941536608,0.7920387016310171,0.8803222856174238,-0.5882739701149986,-0.8219720327482769,0.7500515249058093,0.8989198667626439,-0.7100333866750953,-0.74633813101216,-0.8628455391263602,0.7914183821861356,-0.92018861941775,-0.8050594037803939,-0.8468886406525745,0.679607999285555,-0.8513851275905242,0.6650039056215207,-0.6304521077557893,-0.7978305118066705,0.8257931094391999,0.722407616942449,-0.02669412941034586,0.9999999999999999,0.9368553386274235,0.731583044021793,0.43436125145621846,0.8927121178493084,-0.9180787852143826,-0.8099459550829127,-0.38560896123311267,0.7657586618543382,-0.6166910618260661,-0.8518413567598339,0.898833553049869,0.7605642436403472,0.8297019611325931,0.7838043085793412,0.8231190568789178,0.8847840086463,0.8806168451714036,-0.36112162355354716,0.6991084743977344,0.8414858638581426,0.9018508587194507,0.45399585608882914,-0.7709351928204189,0.6668070616417563,-0.7744113256291376,-0.6882572364946072,0.47221103150969507,-0.9137684670960641,0.8182103299644555,0.8257602893087123,-0.46479091051633753,0.6716052362233037,0.8580315156929207,-0.6447808536003135,0.2655151586260535,0.9076297737045796,0.11241016181007679,0.8663522729012884,0.9074661950385378,0.7843478935683023,0.2815870199478157,-0.8629931590025093,0.8210659816802639,0.8168784736669347,0.9187340807852657,-0.7643008910370983,-0.8060153350511312,-0.7357547186498091,-0.031187029962946776,0.20329645468656668,-0.7606108380819002,-0.9187271855315462,-0.8878544038752687,-0.7579599420877133,0.8419604184739387,0.8440632986119979,-0.8157638963617508,-0.7310008546848021,-0.7857201406264812,0.6843930651147265,-0.8660109982383637,-0.6778198417604328,0.7964582863587908,0.5404775314740077,0.7979367322065366,0.744549012894692,0.8831238788026787,0.8108570139891975,-0.8794850959923025,0.8930416381352738,0.4155083228785217,0.8653414608012221,0.704951818451033,-0.804671256716046,0.6907040294708916,-0.8601369445740156
Marivita,0.35552215282754385,-0.7179410072913281,-0.8915610299368191,0.9207009790989468,0.7913286650102256,0.9100523999738596,-0.9306877557337121,-0.8896219402116136,-0.8923738248559636,-0.8911815225760017,0.8851982323935146,0.8235140220028175,-0.7278406820585731,0.8761822803951349,0.48849769989642905,-0.7514895766564239,0.6578700370838559,0.9453279987608207,0.6973531859014964,0.9700476022141177,-0.9173811395095297,0.8821814643210858,0.8563043199386579,-0.5235501492111329,0.7065583724094568,0.8898895014367016,0.8713691688797339,0.3668307330825905,-0.9388236944530892,-0.8081176845027381,0.7634382023424199,-0.869722297225726,0.949721633803128,-0.12608654178812495,-0.8259263606404771,-0.8332360716551882,-0.8184104007779284,0.9527826546442255,-0.46660956377327967,0.7253651468626937,0.16964247945300376,0.914042392470881,0.8976196801427251,0.9306083442680759,-0.5800477777776157,-0.8397724973041375,0.5655830995583901,0.9356433268366594,-0.7279423025214256,-0.8273507320752951,-0.9443540422434583,0.8348637283967423,-0.9531323224476357,-0.8493332666039669,-0.8757961414860909,0.6778057821308735,-0.8555521608144149,0.707740785796988,-0.7175610800386277,-0.8865393713766002,0.9153114103411101,0.8601253864235414,0.10116674553864356,0.9368553386274235,1.0,0.8781901813180818,0.4618871779813566,0.9305332770120469,-0.9762178960655958,-0.8921554528842425,-0.42097737223790627,0.7315912242776095,-0.6645470765515664,-0.9212828556315233,0.9097871976557268,0.8836062713062696,0.8329931921834678,0.7096274255283007,0.8557678855609648,0.9714785903890297,0.9489287528691657,-0.37548864114981273,0.8449662768532779,0.9343355336088142,0.988636505488692,0.5844460574327391,-0.7899841070328679,0.7324840864116794,-0.7857812038552756,-0.7470722102660711,0.6686067888281364,-0.9450409872714164,0.90329470413951,0.8803337860931076,-0.5533024375284049,0.7916767832533979,0.9386450621850236,-0.7192038364672866,0.34433301711937475,0.9296446048258531,0.3051007636098857,0.9272664495371494,0.9536095224766096,0.8917745538110714,0.3465515715403098,-0.9064732622619297,0.9238065511443366,0.9267006599690766,0.9123134311422139,-0.9126603795611151,-0.9242182577478759,-0.8076657118242806,0.041251392527624844,0.1369513058053456,-0.8453818296036864,-0.9807754327262997,-0.9607167790280269,-0.8281425689464141,0.904746321799034,0.8519214504919337,-0.8611962855372511,-0.8039567889545175,-0.8166783603076616,0.8193904669841304,-0.9430448297169103,-0.7003542902985297,0.8981946906413124,0.6808885671147911,0.8003228234874528,0.8320909458015386,0.9579231488941328,0.7936579812216493,-0.9500209035789937,0.8253809977658003,0.6000939074722109,0.9323340803849474,0.8288570122172073,-0.9358836015307265,0.7505273205778421,-0.9049640713855213
Mcinerneyibacterium,0.27665575358038136,-0.7701863901437105,-0.8199254266252171,0.7300198549024312,0.6441935927281909,0.8742108438471552,-0.8424099567269925,-0.9331628460879031,-0.9426607629420052,-0.952589511576663,0.7880124622021127,0.8050139440248611,-0.8136408513443346,0.8060907348141114,0.4985099287286633,-0.6764855157946547,0.8129024200290557,0.8632538466253599,0.7634659929830955,0.8754011963395832,-0.8683548556992176,0.9466931106938599,0.7575156365554931,-0.7756599404300561,0.6650347605004449,0.9772302214914103,0.8060242895040813,0.443676652119444,-0.8777446679298494,-0.818584298315057,0.7467005027538315,-0.8722803196328305,0.9302084433638421,-0.025381890587728766,-0.7711898685482791,-0.7738145456159614,-0.7873996662529373,0.7631930516198098,-0.6287501125575947,0.7313063362428189,-0.1230559912059221,0.7213200244930494,0.9818607455947762,0.9211907312979284,-0.5223466354998653,-0.7341087032056235,0.36972966646101346,0.7877586452321468,-0.7016975565631036,-0.8908599928694072,-0.8856839488277769,0.7750836118160664,-0.8254653955246971,-0.8464964514919223,-0.8604088904627513,0.41168877096238254,-0.7389774989381348,0.6356991702928075,-0.8584906997527698,-0.9201330053638549,0.9627289595333389,0.7959357070503237,0.167015168821058,0.731583044021793,0.8781901813180818,0.9999999999999999,0.42304243500288635,0.8709005668092809,-0.905599140225386,-0.8332561745925241,-0.5510919412378651,0.5914655598194428,-0.7779043343594074,-0.82473337967994,0.852106000054508,0.9854981822245648,0.7378647881267627,0.5306613391819539,0.8016035933704739,0.9320686367094192,0.9464272523453059,-0.4539922152290151,0.8585457070783934,0.9199423340105843,0.9301725152878533,0.6438954400511004,-0.7247462810242337,0.7761066721116144,-0.7169859893216645,-0.8030997696925647,0.8429846247901153,-0.8082426084713575,0.9290202412413449,0.8675073650196831,-0.4652441661456789,0.924080219157537,0.9426466725795054,-0.8072537768171906,0.3390219475120311,0.8076300057294281,0.4995277731775805,0.9190226815261212,0.9150500378112038,0.9602404210408043,0.5744502363903244,-0.833969594270179,0.9639614240754638,0.8891549280004527,0.7781081074417129,-0.8929448242722764,-0.9418426502761156,-0.7640572668645379,0.14790726806720436,0.12681258445382132,-0.7381735023014568,-0.8981950308854799,-0.9156272478417488,-0.8651781032485569,0.9271310570454824,0.8013969869647336,-0.7829639100455593,-0.8627809557868363,-0.7375833122892552,0.9097878714275631,-0.8685223724656506,-0.7156573383942213,0.9724422431275436,0.7988606436774168,0.6848140866127305,0.8950723367819818,0.9264723162869463,0.7107576938454121,-0.8980145465213684,0.5987506572296883,0.779476187559573,0.9175951918998613,0.9108855335914984,-0.9204955795819229,0.7659930042910895,-0.8902417645328804
Microbacteriaceae,0.2103668393125074,-0.06715722495468494,-0.46301706727200936,0.5961144033181289,0.5669803481845787,0.3921985048334229,-0.3893219993925664,-0.419765526404111,-0.46590982851097534,-0.430883651506697,0.17394569288727307,0.10314902880828677,-0.12389894133943931,0.1001593796952355,-0.15241661678150895,-0.4565360687034297,0.5387236547616833,0.2570399242727208,0.6451904630692409,0.4574657206025944,-0.6109999242563087,0.37471001605307613,0.5556612037253933,-0.4552608950690569,0.05951690077992551,0.5310827819399241,0.32662795661428035,0.26773461034442797,-0.42570327241130873,-0.21436837876210998,0.035951345633049844,-0.33869815000454684,0.36860544892678393,-0.30433298953260063,-0.30005455921216967,-0.34497445998604925,-0.26421441427647885,0.4938588295069724,0.01807743438792622,0.031333795919111694,-0.015108749565169695,0.37898553334359586,0.3305914093769277,0.4223306050323122,-0.23179850178198666,-0.615660166847286,-0.023917805840749838,0.46413070620359226,-0.2114465932295068,-0.28274283290046254,-0.5169846231897653,0.05395367127735161,-0.5839049399983544,-0.31639636717696185,-0.5292988367406286,0.42556903438700194,-0.47501745673418,0.5916418152028008,-0.0845201010846397,-0.43450803678801886,0.39824498131401215,0.6249322440431077,0.5115502765451224,0.43436125145621846,0.4618871779813566,0.42304243500288635,0.9999999999999999,0.481046916883981,-0.47090802092431683,-0.5890858578931778,0.14167923738506882,0.5595741319344801,-0.018100417686006048,-0.6738400979848078,0.24704940160085803,0.3861701809259522,0.4782467938600562,0.37476891329996403,0.14080127319075542,0.5417450517401347,0.3617031748711652,0.03847307592751897,0.7462890561965767,0.46901056724122897,0.515694347535661,0.8665612150974559,-0.2512998062675957,0.6700137867594673,-0.2977966769848957,-0.2342023274310389,0.6100501219632046,-0.49255571257475855,0.23848031570681605,0.4123006463466857,-0.6054000744163595,0.2779968695496116,0.37861742568357715,-0.1559490502924079,-0.4063413876029916,0.3143637295939283,0.7398933686155883,0.46206170340455416,0.32676041670827777,0.42211994319258156,0.6717883551077914,-0.39239086402809054,0.30046482248335143,0.6361576860892969,0.45669070845287557,-0.5008193451352723,-0.44350455326946625,-0.4504813028529802,-0.5018783152313273,-0.3045451834379637,-0.6393706365720268,-0.47232587925930475,-0.5322321896935192,-0.22914203924466786,0.3094304118848969,0.3945199228923331,-0.5301062238747912,-0.2574355348297644,-0.35280463356129227,0.2981987263690463,-0.5573698810581303,-0.14143483798200118,0.3646632616732233,-0.06530136503614142,0.4314398460035895,0.6004367288198937,0.4191318827165212,0.05254996886953203,-0.4628732347567807,0.473844693245023,0.666545416771937,0.31270825247237505,0.5716208624451732,-0.5165627550194377,-0.013307866218329066,-0.40994861495530144
Muricauda,0.3303386189547439,-0.708118139962857,-0.9226557996307202,0.8890447099655535,0.7110871350731894,0.8883279777900525,-0.8338485995162556,-0.8427157002072238,-0.8515906401330029,-0.8537717604472459,0.7650227119025927,0.8107412255166423,-0.6776576326888935,0.8294048045495961,0.5149356408000931,-0.6984842447710609,0.6548018698228082,0.8705530412539403,0.7025874829962278,0.9399673670568152,-0.8485817469636475,0.8628300978444431,0.850007348531252,-0.6233851933030472,0.6635008622239933,0.8793655799365401,0.7949425710101683,0.3715054407793994,-0.9469409533672626,-0.7649029514607507,0.7612082929971976,-0.8767655483460477,0.898015920371435,0.016075077442720246,-0.845455156788957,-0.8878194057095049,-0.8327207236021582,0.9193022686991806,-0.46328103679615446,0.6795154142108359,0.07722714953283355,0.8451712915862776,0.8836323917512559,0.9126348981576649,-0.5325405529508984,-0.8603010019831917,0.5533558193220234,0.863656452860155,-0.7491999654827047,-0.7804338392447798,-0.9071716301527095,0.8018345012822926,-0.9442398659663676,-0.8494515978528362,-0.8917137069865608,0.6182496945843603,-0.8362373842245168,0.6589501275077123,-0.6869528168302556,-0.8409847605423824,0.9057137633844932,0.8393145798773682,0.12323636680466557,0.8927121178493085,0.930533277012047,0.870900566809281,0.48104691688398105,1.0,-0.9766843802967717,-0.825166710940169,-0.3842279982855811,0.6720889421901994,-0.6311324185427803,-0.8711644117503432,0.8391061633861057,0.8832184847474345,0.8187654596418878,0.6946316015879312,0.8458419303233805,0.9299827776809022,0.9215246764811835,-0.36976539037700334,0.83277220225506,0.9003125326369162,0.940136726587173,0.588280430755945,-0.789196376537212,0.6950712967604743,-0.8086988957837582,-0.713979303801047,0.6464315828201043,-0.891556380927996,0.8768053711790403,0.8621193903127817,-0.4642744817864579,0.7824201824344357,0.918822926857582,-0.677460153960973,0.23241772824380005,0.8862030595662475,0.3291153501920684,0.8913704642431078,0.9101689776963997,0.873877341819236,0.34892918372675175,-0.9170089124897636,0.9007761253727987,0.8978565711104944,0.8509622459893985,-0.8768008406095414,-0.9498550274191212,-0.842563294879007,-0.06562976960090826,0.042954066954430485,-0.7476516868375117,-0.9197654183498761,-0.911504268014312,-0.7806577005244285,0.8900106332422213,0.7897735003236894,-0.8258857319314142,-0.7765796246280516,-0.8302955334747133,0.8060046427236861,-0.8858990736065784,-0.7095973983589509,0.8842449912981301,0.6580568696583305,0.7305368020148976,0.8236795497330806,0.9319444405926887,0.7255485927713521,-0.9530356417906358,0.754480040125825,0.6062484531106775,0.8634597437646885,0.7992164610344189,-0.8441346702909452,0.7536695522165054,-0.8733483024309892
NaphS2,-0.31840335708355366,0.7287792979073645,0.9383493029473005,-0.9121298718968383,-0.7330233861549779,-0.9000366374435496,0.9160965820767587,0.8678488283579525,0.8734442971722957,0.8778066264256738,-0.8292262147587428,-0.8368658479332163,0.7038678948482068,-0.8590161530982467,-0.5035621173255983,0.7343811118508312,-0.6965109365767647,-0.923434216832838,-0.7154933464943124,-0.9563919089835695,0.9115951606523358,-0.888688517245195,-0.8484596207837348,0.5823659610915437,-0.6894117433601444,-0.9114309869859935,-0.8225229091474592,-0.38001225566631236,0.9709317716399544,0.785447185579181,-0.7703295674948074,0.8873181309630866,-0.9337687446438806,0.07210651075054202,0.850888395419619,0.886303997025086,0.8450765212237678,-0.9328177816255226,0.46377237730033416,-0.7238216672349598,-0.15119634024601242,-0.8688358449478538,-0.9173371298952502,-0.9334746784906498,0.5361123851244152,0.8774084689277971,-0.5589412786498187,-0.8975921245600135,0.7625490248995876,0.8034778614922644,0.9371238570748059,-0.8268364858164651,0.9627555631233219,0.8604313736529527,0.9006349127089233,-0.6603020228366941,0.875084122388919,-0.6733673909062815,0.7101499600300006,0.86091310189831,-0.9272602267478026,-0.8629496424189188,-0.11917563305439652,-0.9180787852143826,-0.976217896065596,-0.905599140225386,-0.47090802092431683,-0.9766843802967717,1.0,0.8761604159142785,0.40620035454966286,-0.6805232537006128,0.6583794449014004,0.911508950499911,-0.8823990267275609,-0.9074506781159749,-0.8142108045798347,-0.684742242705134,-0.8611101242791087,-0.9594616413140353,-0.9485234494022922,0.3767657167713445,-0.8538134987668432,-0.9271516877195289,-0.9789246794616486,-0.6121554673667144,0.8105269481491303,-0.7309744820828541,0.8156907191669777,0.731310771934425,-0.6804441160605577,0.9352322625278108,-0.9022768221898197,-0.8669459134858022,0.518340921283228,-0.8211144921093337,-0.9351443321463476,0.6994159873860849,-0.3025231182942974,-0.9228273922749463,-0.3309752198326078,-0.9153152338678168,-0.9424302951474316,-0.9010218930860645,-0.39570113739264345,0.9474830637452668,-0.9306174960946222,-0.9194162554322738,-0.86732055733983,0.9079661872382048,0.9473093019074115,0.8181387990614193,-0.03123383195676444,-0.11822825366546567,0.7924145362158698,0.9691110625851179,0.9395268428353987,0.7993982708432249,-0.918339457437406,-0.8139898347646137,0.8435731976806724,0.7935313942915257,0.8475787379255122,-0.8298481943294254,0.9407031981887932,0.7239145063449601,-0.9239760994044385,-0.699612623100408,-0.7780398618097525,-0.8422364220781252,-0.9584399951188161,-0.765015621502848,0.9786200647872145,-0.7869415585380108,-0.6380605030293395,-0.9168933321702327,-0.8364025265921083,0.9249911009198571,-0.7558316641552835,0.8888363610890329
Nevskiales,-0.1295318334228935,0.4547497669196731,0.7014844483518153,-0.8344895477597587,-0.8534460278529907,-0.799152380523457,0.7788320324225695,0.8949884334758719,0.8930265101040661,0.8885684791174634,-0.7142250393220257,-0.6669583814340311,0.5273711436127473,-0.6702597926171618,-0.16312876818977642,0.9422153738742894,-0.588900352265584,-0.7980135009598776,-0.5911896981069571,-0.8418172143192706,0.9146571435003116,-0.7374772832435895,-0.7828117943002805,0.4689297524730712,-0.4090610459307817,-0.8022453596901664,-0.7098533628098432,-0.18303540191958015,0.7650524922477727,0.5763170097431423,-0.5198005364349019,0.6480361401941166,-0.8581973516785684,0.3957851005450233,0.5504933060834002,0.5849517760817944,0.5548707072029183,-0.8421569451598443,0.2441548896649807,-0.602554014850261,-0.03483322427479452,-0.8777353915056244,-0.8046634215600236,-0.8107032274486049,0.7591041391095122,0.6595201124960546,-0.3155401585583579,-0.952184360831575,0.42305338680790733,0.6652785187804281,0.9653936350474953,-0.674052010446667,0.866656348878506,0.6084271872268484,0.6955473042436427,-0.42293347585964514,0.6425065280675984,-0.6732831541087715,0.6102785585948947,0.8837388217155244,-0.8243830696412259,-0.8051585407887292,0.03160086932210204,-0.8099459550829126,-0.8921554528842426,-0.8332561745925242,-0.5890858578931777,-0.825166710940169,0.8761604159142785,1.0,0.1538193637562127,-0.6800978072578835,0.4621694904393337,0.9711445544917328,-0.7895838966961799,-0.8041419276880606,-0.780923544500023,-0.6648793466335648,-0.7210749302178767,-0.9356986368070827,-0.8580818852241977,0.04071149220567937,-0.8382118496735584,-0.7758262053278043,-0.9168876352146915,-0.6122628003892954,0.4931674607541938,-0.6435487327594944,0.4944422501899115,0.507176199711213,-0.6138336230211144,0.9310662373987693,-0.7355403372370918,-0.7182738797684263,0.8365702609135206,-0.6163116408956995,-0.8701395978059889,0.4896842452934816,-0.13099714465147744,-0.8057612040826453,-0.5081696556837912,-0.7957083213654081,-0.8577008347864402,-0.7689213526282738,-0.5059295513300237,0.7106609821241394,-0.8028900418477448,-0.8813596125021096,-0.8105098791887749,0.9039804044286597,0.8285046749471677,0.747534186607783,0.0415200866496281,-0.15193928908834334,0.9520296667980315,0.9262913533928345,0.932750583708244,0.6372687212828549,-0.7609613612573937,-0.7075322956917123,0.9479979401563948,0.5963757286554571,0.5486582976445231,-0.6301245135366609,0.9709926534011993,0.39830807368514504,-0.8138637942633472,-0.4594916567103438,-0.9259096093503216,-0.7262207770340956,-0.8452091844003151,-0.5713356506228917,0.7977206593923143,-0.769492710138293,-0.5735110739755359,-0.7997752551168635,-0.7374286319837429,0.8695949707989036,-0.5391716008891041,0.8972305960560841
Nitriliruptorales,-0.6796496909468706,0.9138520254705635,0.5175837170364709,-0.24948388750480058,-0.00688684575629126,-0.6407838572305786,0.551388838482486,0.4445054254415892,0.4692600220138806,0.4856430108988008,-0.6971401761628905,-0.6764424767087144,0.9023910238128532,-0.5914454281822863,-0.8722089813586478,-0.045901976000303234,-0.4010340527374935,-0.6145491493529959,-0.29966474577920776,-0.5422486942759626,0.3190675166304711,-0.7316320679579128,-0.44795665637710785,0.4749455739656927,-0.8821218922967339,-0.5658373246693396,-0.7209028509591228,-0.7406004713212994,0.5399106332462322,0.852973484953621,-0.8065766817065432,0.7507457784350873,-0.591052305506184,-0.6564104125299124,0.7246259535487078,0.5961357119902582,0.7678735151027173,-0.36800015936588887,0.9365608211312338,-0.6579712491207801,0.2538308494204817,-0.3368582920015451,-0.6476279901258551,-0.6564213762685337,0.06281056664438,0.3525942712194577,-0.5471495604388603,-0.20905103305988845,0.759680824067407,0.809389210253755,0.23987908231290486,-0.5520183907135416,0.36964231999342034,0.782515663625896,0.6035241008700937,-0.13001030884478776,0.5378788271339201,-0.32375522442080285,0.7878603271743708,0.4872580986219358,-0.6476233201497289,-0.20560351064588928,-0.1296713015971418,-0.3856089612331127,-0.4209773722379062,-0.551091941237865,0.14167923738506882,-0.3842279982855811,0.40620035454966286,0.1538193637562127,1.0,-0.3804140172106943,0.9306847584366029,0.14042291850033428,-0.6635779396398357,-0.5796789290136442,-0.46370512491669724,-0.4090740672427365,-0.562317300608296,-0.41764877749225066,-0.5895147273377248,0.9404969257703929,-0.24432761851961923,-0.5822901024167371,-0.42612439531143054,-0.040285034440500744,0.7316287921889312,-0.5800317930949097,0.6942747394499301,0.8915495453821263,-0.43167011797862076,0.31898346471505845,-0.7277807739222926,-0.7137930062729295,-0.3600662989097603,-0.76332213001867,-0.5584082699130191,0.9107312661955124,-0.7249487838740744,-0.4146710341085216,0.17018501053655133,-0.6506694851677218,-0.5846675083954151,-0.690577100312506,-0.27077153608281673,0.5095212811243911,-0.6542389383579439,-0.2892481196336067,-0.5452245294528696,0.3671757163846877,0.5182667833235172,0.32847270879940915,-0.5003892941251756,-0.2528824887082118,0.04469308765998473,0.40151410303961554,0.39591635770560735,0.8176348936037534,-0.6868121635234371,-0.7079866360089508,0.0903644127378359,0.8526973713397791,0.6226752938260882,-0.7794240654621516,0.28163406652342265,0.85860819505267,-0.5735279488086897,-0.7965180290881609,-0.016554292700388735,-0.6269860090480581,-0.5437893480829461,-0.8010160427573378,0.504434060325916,-0.3085369618911611,-0.32532147405867684,-0.656834526689064,-0.5540250653799067,0.45822601109814953,-0.7982995622454615,0.4226421208672924
Opitutales,0.7495990286242153,-0.5659198005021616,-0.6809736171881781,0.6361668323625924,0.7808752546791077,0.8485585405688624,-0.67935138673407,-0.6798093795813493,-0.7017663286153154,-0.6853782220519142,0.6278074849081684,0.476164064189512,-0.5844987698385021,0.4592882373159745,0.30009540597098366,-0.5983091086356296,0.4057046759113406,0.6949443658747513,0.5167553235432938,0.7942821829844244,-0.7426355485973651,0.7056607324645847,0.9145325805359102,-0.37040636105012537,0.6215163413306996,0.6382103915092437,0.8367652481525318,0.608484406512795,-0.6958059370112158,-0.6362418060960026,0.5205820898870497,-0.6564131870818626,0.7618248050780417,0.14519459250557787,-0.6176422824094914,-0.5845485377822399,-0.6226455360015225,0.7247467975507104,-0.5162132287973664,0.4004190752057026,-0.2129361991797587,0.8105933347430442,0.6024902435788759,0.7791443866441177,-0.5497488559027328,-0.5997879231578247,0.3720185630986163,0.7134879216384132,-0.46555627790831555,-0.6715445933124536,-0.7003872831835672,0.3878681272348469,-0.7454092007941974,-0.6508168624934968,-0.7206796153545213,0.46790191057882974,-0.6513104997634109,0.8234635410175214,-0.5978935799208585,-0.7329834152339465,0.7226564856400989,0.6067761689998036,0.2888644760096277,0.765758661854338,0.7315912242776094,0.5914655598194429,0.5595741319344801,0.6720889421901994,-0.6805232537006128,-0.6800978072578835,-0.38041401721069423,1.0,-0.5770660593057761,-0.6700007682670239,0.7288090957265776,0.5890361975577245,0.9063986120752252,0.8006640460750855,0.5174322368887181,0.7512200371356796,0.7166622761210736,-0.3421907199227906,0.6793205044773906,0.7206951864689821,0.7166369129469895,0.40202599675218614,-0.5495644855317178,0.6950110136162913,-0.5488401199125383,-0.6263057323302372,0.42209579877579917,-0.7117557331889971,0.6221307989422938,0.8152081681158291,-0.4653285324396913,0.5045011278278664,0.7421716365941838,-0.5846030185545965,0.09423987885091725,0.5103919945441091,0.28207853588528375,0.8135614430225079,0.7378617583246027,0.7118232425824962,0.3546950078546891,-0.5973797839550639,0.6439966831230957,0.660399825066396,0.7941124028631084,-0.637337894994645,-0.6497119868921338,-0.7497939459855932,-0.3093402360929083,-0.06701253436780528,-0.6110206658148666,-0.7594008936054288,-0.7509527933226909,-0.6879856499584375,0.5953302608601749,0.8741254687844288,-0.6399317769843597,-0.670291959630112,-0.5357079540852445,0.5958511451153834,-0.6997135770600224,-0.4798021498463045,0.525578102304594,0.2612106298406121,0.5830580935590657,0.7672283745504999,0.6346846865606557,0.6419801183682127,-0.6800871050046636,0.9251886895234825,0.43008912369640395,0.6883932539346835,0.6941521273285141,-0.6683518298524412,0.5380314976502487,-0.7120932071905629
Ornithinicoccus_A,-0.6376387512050266,0.9629977110861274,0.6921703748120102,-0.4653563218687807,-0.32788125395984724,-0.8440120426847764,0.7179561600565944,0.7129924960583455,0.7288868470549421,0.7451242379934203,-0.828816199218755,-0.8084814009782982,0.9750146900938933,-0.7503518140915468,-0.8051951548474328,0.29559095870075175,-0.5458589653137217,-0.8213886868263323,-0.46515684731695317,-0.7598585771638189,0.5903612089286568,-0.8954261569520182,-0.6598061827204752,0.5713521431909808,-0.9207842243750445,-0.764647133978108,-0.8757451179933584,-0.6910560610618419,0.7352857003128883,0.9377216073500471,-0.8782020509232633,0.8708122720994886,-0.8266157632558554,-0.47654593093530107,0.8082100563168302,0.7158467502680668,0.8549580328862837,-0.5915497211827103,0.9262129716123915,-0.7917212407030212,0.2931635096202559,-0.5940820923736179,-0.8521734796330851,-0.8505971638242351,0.34716000918642054,0.5057637051575621,-0.5878086333462149,-0.5069869455426598,0.7844870787862677,0.9366464874440228,0.5524267814654548,-0.7098957548845534,0.5926826313732461,0.8832351083227711,0.7626118508479326,-0.2334059819260378,0.6560589503656382,-0.5123739331952644,0.9436100468442088,0.7465596053397721,-0.8544902848314561,-0.42582269677866513,-0.0764534712707538,-0.6166910618260661,-0.6645470765515665,-0.7779043343594074,-0.018100417686006048,-0.6311324185427803,0.6583794449014005,0.46216949043933364,0.930684758436603,-0.5770660593057761,1.0,0.4271146649073927,-0.8562171896317377,-0.8022170334285611,-0.6746530080079153,-0.5528297727123308,-0.7351380157771281,-0.680204328488917,-0.822727972415154,0.8192047955779236,-0.4783864175987694,-0.7799860554392477,-0.6781700883060698,-0.19852188979566524,0.7845309420949069,-0.6771496095851018,0.7519950605998293,0.945645654783999,-0.5640965858047301,0.5699070061970712,-0.8940174516970364,-0.869524992700561,-0.0466017869198338,-0.8823135202530099,-0.8029360700195786,0.9666425115615566,-0.6359892236657394,-0.6234352732589875,-0.019756793643754468,-0.8468784699309722,-0.8191184365104847,-0.8693306522864388,-0.3708718860165907,0.6818394158520417,-0.8561331167210263,-0.5467159506643078,-0.7241976891357356,0.5992372912398035,0.7326034905279417,0.5688771064136793,-0.37906792683419493,-0.2627788973295868,0.3319031702339873,0.6687423143815558,0.6684446971516323,0.9421204619593736,-0.853004260674254,-0.8663663359701187,0.41757039099175836,0.9511153812009769,0.6989363492106233,-0.8901581733026445,0.5556772002290816,0.8706448123747392,-0.7829867095625361,-0.8532382509633999,-0.3457174211589706,-0.7844061964204077,-0.7495355187418189,-0.8939269428859936,0.7090479965477329,-0.5344874058721771,-0.4666860437220383,-0.8475692293117953,-0.7309147892071971,0.6706836550331516,-0.8970713918033788,0.7028410268473755
PWMO01,-0.1437043907563273,0.46398589431197224,0.7722367046909275,-0.9206154545509229,-0.8303688473813101,-0.788042439214008,0.8095144246368463,0.8643339428504845,0.8679819293913252,0.859298464480549,-0.7143536236630773,-0.6848822403232805,0.5162162441620822,-0.7130180246493456,-0.19193629248475566,0.869684980500662,-0.6146825760819914,-0.8002078088604945,-0.6648734585336398,-0.8674410487145894,0.9351973079067042,-0.7401581012172618,-0.7899150459755502,0.4900348965406882,-0.4396650489225819,-0.8298590355677464,-0.7131485225575719,-0.1811495394742731,0.8147115801386056,0.5964009643342421,-0.5256300829201205,0.6913744110619757,-0.8427334246756927,0.39328774631709124,0.6227956775779812,0.6616282818275604,0.6112926215547911,-0.8956031314793067,0.20646091168897876,-0.6030004033217257,-0.14212563909580572,-0.8581931265738357,-0.7973556668659497,-0.8161342926238891,0.6625170203669701,0.7848889481810029,-0.38042495973681323,-0.942451689760859,0.5116067995236867,0.6613102712572202,0.9592331076268519,-0.6991802823206503,0.9106363567608066,0.6577872498981786,0.7631799565545495,-0.5664104864819304,0.7274248537601917,-0.654206959930265,0.5403557092236863,0.8507631030690308,-0.8124804788122508,-0.8617861040744309,-0.05994952030353861,-0.8518413567598339,-0.9212828556315232,-0.8247333796799399,-0.6738400979848077,-0.8711644117503432,0.911508950499911,0.9711445544917329,0.14042291850033425,-0.6700007682670239,0.4271146649073927,1.0,-0.7724176762408316,-0.7978392186878208,-0.7613146155650069,-0.6579265359653517,-0.7450613905508554,-0.9418909898752543,-0.8465391554032685,0.0880731233714813,-0.8859001514139447,-0.8061713344309362,-0.9406181270230908,-0.7129500614633745,0.574643944762922,-0.6954515270386377,0.5845432157510856,0.5321167004655594,-0.6707480791953968,0.9271540858777282,-0.7423463952957741,-0.7266174668515564,0.7847420076104604,-0.6341156463659671,-0.848760714206215,0.4955134853118896,-0.09002594270027447,-0.8534938690623518,-0.5086900823329378,-0.8066035356711015,-0.8412290957394146,-0.7719713977675488,-0.4852704394415758,0.775466722095834,-0.800975995967114,-0.9234651091307299,-0.8325548592361911,0.8997050273954901,0.8467626990618349,0.7649460550138419,0.10956232060964985,-0.11933155152036154,0.955041064996354,0.9351527863189418,0.9378224308749579,0.6368715212782228,-0.7840058651726662,-0.6961347102295526,0.9383759384661555,0.6053385929433133,0.6447876481203675,-0.644262842120485,0.9619095318004808,0.46123417356727725,-0.8277876990621733,-0.4580064650276037,-0.8912904292830081,-0.7542326017537754,-0.8817631579164981,-0.5616990796215315,0.8435795853764229,-0.7624833735400475,-0.6225628021605405,-0.8025586068133113,-0.7710811171838606,0.8905822608471502,-0.5121016580737442,0.8707035955070346
PWYM01,0.5027527422109079,-0.8537457285954355,-0.8248437677605979,0.7938039681270826,0.6431435170257662,0.9548526861587,-0.8747243191627847,-0.8772243916550467,-0.8794301146033094,-0.8867048911582748,0.9635258626254176,0.9211351365440619,-0.8853157192331534,0.8929164543849948,0.6247959115150853,-0.6585382071444155,0.5113399828652326,0.9825448372030835,0.5124316189914216,0.9520100220605604,-0.8515272204891804,0.906836480991339,0.8478842328461167,-0.45685334312181974,0.862955386358128,0.8380338836836269,0.9555555370781664,0.4766876827758168,-0.875049715285877,-0.9098062508149177,0.846179566437592,-0.8886926533840274,0.9711475154903654,0.0863171406723873,-0.8277042651125273,-0.777980722541799,-0.8588738453309654,0.881435138939388,-0.6688829307108102,0.8789197814611895,-0.07165717370422114,0.9038598183516118,0.9205271936880808,0.9551907506634212,-0.6209259449828812,-0.6950430798382884,0.6931854279439555,0.856750031203613,-0.7498819932764085,-0.9174029252161899,-0.8413097398836252,0.882036981646485,-0.840176018688066,-0.8824904891490931,-0.8494875906355226,0.45921218361677846,-0.7903178171130569,0.6512697448883913,-0.8734236294247483,-0.9005956839196072,0.9345978600513859,0.673536947377227,-0.09719676022336712,0.898833553049869,0.9097871976557268,0.8521060000545081,0.24704940160085803,0.8391061633861057,-0.8823990267275609,-0.78958389669618,-0.6635779396398357,0.7288090957265777,-0.8562171896317378,-0.7724176762408316,1.0,0.8679360195883741,0.8610440640359939,0.7924375786724818,0.9100171790435734,0.9037697348679172,0.9556374025955372,-0.5501637469304115,0.6732840773568628,0.8709646567858543,0.9030216937215113,0.3427355606867632,-0.793068569581801,0.7248372396815702,-0.7703352636183178,-0.8516301209597525,0.5551728563529963,-0.8708494257436652,0.9464772828256579,0.9112130084035248,-0.3629335499195021,0.8291140357196457,0.9393114679680626,-0.8488131375781273,0.5029244300109403,0.8709428497596254,0.09946207771037445,0.9338408279201469,0.9769436162966816,0.8978204665829956,0.35217526220028006,-0.8243824155289233,0.9410895051315541,0.7754259095417209,0.9263908730647247,-0.7973545878125221,-0.8539313655556953,-0.7068876872478628,0.2098671611502084,0.308320131856224,-0.6992531286334283,-0.9196081084090162,-0.9023812961074644,-0.9252401081060392,0.9469635241069211,0.9182846412931102,-0.7635853229694607,-0.8932587912517539,-0.7612363035291972,0.8351039167999996,-0.8441364919811173,-0.7835450575168094,0.8885044062401084,0.7484825948684147,0.7419926064409356,0.8160693672447716,0.921041730901893,0.9227358393284568,-0.8630748869140807,0.8066154188262719,0.4581002823128489,0.9730072873541152,0.7919103307169151,-0.8506719095257051,0.8496623963400682,-0.9144097233205025
Paceibacterales,0.2996947471888103,-0.7963793273216239,-0.8298530014379881,0.7367515771949915,0.655430470534067,0.8786826390607309,-0.8239943768902166,-0.9294763909021649,-0.9408345189914371,-0.9480728865038834,0.8110682869923778,0.804565911196069,-0.8459735376763222,0.8320816968187317,0.541344130840042,-0.6445118918354008,0.8215507842872213,0.884386620967475,0.7881874749883008,0.8954476657207686,-0.8510837501692927,0.9524527375820991,0.763892318701535,-0.7688563482684544,0.7069455998606838,0.9723532214338931,0.8204302011333217,0.444884477904946,-0.8825613751884245,-0.8590636029164673,0.7694538524997916,-0.8959985318921496,0.9430332112997278,0.01463850611265329,-0.7981187864316784,-0.7971714160410689,-0.8138167847417447,0.7839988831751069,-0.6615096398188446,0.7433690641731547,-0.13887564654334547,0.730965590009173,0.9819939159423915,0.9251564027949511,-0.49957725462354863,-0.7407377975664793,0.4292340247350553,0.7903309734631765,-0.7267343515203597,-0.9152227837595135,-0.8760333805121542,0.7999217601058556,-0.822843527398204,-0.8721876928927829,-0.8844457815511948,0.4484339177455687,-0.7513912890989921,0.6757526402502562,-0.8874865864575846,-0.9235032792905246,0.9625785985871635,0.7931210133015791,0.1542276952065246,0.7605642436403471,0.8836062713062696,0.9854981822245649,0.3861701809259522,0.8832184847474345,-0.9074506781159748,-0.8041419276880606,-0.5796789290136442,0.5890361975577245,-0.8022170334285611,-0.7978392186878209,0.8679360195883741,1.0,0.7453626923612525,0.5255778401965604,0.792454512348193,0.9296868463570233,0.9535816247053862,-0.4954351799471635,0.8376679470208862,0.9484849217149325,0.9278086045984836,0.6230893761732048,-0.7498537513507,0.7705728065130746,-0.7467346217442953,-0.8340078105440802,0.8327121754402261,-0.799860786885345,0.9428559492501927,0.8876185846044954,-0.40631574523006553,0.9394241185653924,0.9469736029201237,-0.8402756775246025,0.32701315187141083,0.8218438341027874,0.46874214982760226,0.9308492697249501,0.92710794122847,0.9612596573496441,0.534945638106746,-0.8471845245605633,0.9638085261550073,0.9033871912722786,0.7857779686549464,-0.8603834474907711,-0.9380652083841208,-0.7287712308222517,0.1316727528534473,0.06571244027612314,-0.7221943336381732,-0.8828721147750901,-0.9193090190140601,-0.894112409478146,0.9338889530619057,0.8254942022404442,-0.7768096374369089,-0.8881147111912411,-0.7575546083447626,0.9180383878543268,-0.8423785457378676,-0.7454780009864608,0.9718673680277427,0.8152771280998954,0.6749318108472107,0.8967714961943227,0.9230073351139514,0.7359375579699907,-0.904164865139641,0.5986144759056082,0.7702630787105584,0.9264584372229999,0.903826788248763,-0.891149071873581,0.7902312016859859,-0.9094076765417026
Phaeodactylibacter,0.6459330913485234,-0.688879603856727,-0.7821048084034335,0.7209239299229102,0.7544378707511632,0.9326856543136951,-0.7784351663485858,-0.7959165643018932,-0.8103354786702762,-0.8045012634032623,0.7838950372845211,0.6900039814838765,-0.7103037517637458,0.6444385791568817,0.425282905756428,-0.6720726031322999,0.47362395106387123,0.8094437173096439,0.5686928032121925,0.9072503915509087,-0.8122072791707928,0.8171276117763049,0.9884150581972156,-0.5239539469367861,0.7060063732011687,0.7607676874973438,0.8814238396954249,0.5896946053932731,-0.8103195741993904,-0.7555300115239512,0.6610509443251587,-0.7868140974021609,0.8765844745761201,0.10911131683646916,-0.7320070572465671,-0.7122837154432734,-0.7401116491174118,0.809890144909024,-0.6112371772194833,0.5457689245725014,-0.1812963881028725,0.9026406486986572,0.7617029791680016,0.891314196605811,-0.571190745688934,-0.6878415224068261,0.4296005250932953,0.8272752792888137,-0.5913422588025982,-0.7849657744104139,-0.8068553663844099,0.6336291005255956,-0.8402637878990612,-0.766205079232411,-0.8244167616316868,0.4939359551029795,-0.7444696001108307,0.8670297987068414,-0.7351939934595065,-0.8369195848387828,0.8554153950668564,0.7659731826343438,0.14157947909083335,0.829701961132593,0.8329931921834678,0.7378647881267626,0.4782467938600562,0.8187654596418878,-0.8142108045798347,-0.7809235445000229,-0.4637051249166973,0.9063986120752253,-0.6746530080079154,-0.7613146155650069,0.8610440640359939,0.7453626923612525,0.9999999999999999,0.91584198467415,0.7178294013476804,0.8691865020257166,0.8386503807723585,-0.4150737755647922,0.76864739135654,0.8118362496795101,0.8339594022001137,0.4127867988458469,-0.6652046226312036,0.766593210574061,-0.664818960826183,-0.7190180266215626,0.4982065613368765,-0.8356163403794494,0.7768663810571348,0.8968182040804897,-0.481125499243407,0.6651033372042964,0.8613354902021979,-0.6910198815963674,0.22425191628449384,0.6518036693643148,0.28499366809009596,0.8881607196663088,0.8620609261164284,0.8172478753690687,0.3573035511807113,-0.7400131705287116,0.7981642812345286,0.7696009054594267,0.8599041171787173,-0.7595864371203227,-0.7947140187018358,-0.7277212780678437,-0.17429016722104604,-0.07356931821756976,-0.6884737493430059,-0.8604259424477295,-0.8541621516059157,-0.8004305966379814,0.7735315305696744,0.8935117345127215,-0.7322893306974776,-0.7774917193120756,-0.6628053770776215,0.7245759288288304,-0.81444947631974,-0.6091032499136284,0.6922878760972067,0.46009799392770406,0.6893216643231238,0.8376378860647888,0.7741783122477923,0.735967216507861,-0.8122022861600213,0.9127264376691752,0.4968316303413627,0.8433882146309655,0.7960640685631268,-0.782721131204434,0.6810228669342671,-0.8389320568817322
Psychroflexus,0.6307912668883339,-0.6008267678004985,-0.6776786464943041,0.6930236997108107,0.5560941702546313,0.8212604041225503,-0.6914911068045358,-0.6070220272814917,-0.618459042098689,-0.6137627111720972,0.748621588190238,0.6985064330523054,-0.5882988252286572,0.5752409577836872,0.43398432331238895,-0.5767734798372672,0.18154688255532647,0.7172717689821583,0.2681956320355813,0.7988999913561666,-0.672494327632966,0.644262990500808,0.8865830854603763,-0.2662304347827552,0.6600376632427432,0.5540957658745781,0.7908134396931827,0.5110314788039937,-0.6896701661123231,-0.6484293722158683,0.6200240980773696,-0.6673792564227813,0.7266551607610314,0.12951537266115473,-0.6569548617137398,-0.6210112524554643,-0.6667435768308896,0.7685508517590044,-0.4674496127039445,0.5507293931969488,-0.04015766673631611,0.8676012468155512,0.5983017444008445,0.7721233703325041,-0.5404764718678732,-0.5906704333962357,0.5480774620691518,0.7358844424821834,-0.548007209397936,-0.6336223162513662,-0.6481516274447164,0.6075043661344784,-0.7606037081452928,-0.6575552700671019,-0.6766889800973171,0.40678737736671317,-0.6851741279948036,0.6729200171473548,-0.5459151310872109,-0.6588573696090545,0.7013893287224174,0.5919182754813737,-0.06996233609939927,0.7838043085793412,0.7096274255283007,0.5306613391819539,0.37476891329996403,0.6946316015879312,-0.684742242705134,-0.6648793466335648,-0.40907406724273654,0.8006640460750853,-0.5528297727123308,-0.6579265359653516,0.7924375786724818,0.5255778401965604,0.91584198467415,0.9999999999999999,0.7156262858602094,0.7151806052091796,0.6948915625495936,-0.37412409150020015,0.5544111180051663,0.602028688478788,0.6865967566316167,0.20106507249513467,-0.6122748067999291,0.6430310145705074,-0.609217914145005,-0.5946963692048955,0.23309689995238853,-0.7876791753748525,0.6472181423357782,0.7548870527763513,-0.38870760215346956,0.4777494593791178,0.705598820902391,-0.5506945159739844,0.31744366602332624,0.6058187924252582,-0.0036789031532698272,0.7244240095475519,0.7402639611223649,0.6353857120436843,0.23112267006978907,-0.6322736690019716,0.6500012245533071,0.5599715604324228,0.8333077488393439,-0.6352932785490836,-0.6404869958760185,-0.5886629126695626,-0.0635850602213519,0.11719463322281684,-0.5778103548524482,-0.7408981091590041,-0.6945858014989107,-0.6550330547269074,0.68026011377243,0.7705227437454829,-0.6035588235440544,-0.6339393039510203,-0.6041709810887429,0.5497604549081494,-0.7159599078229943,-0.5556356166697639,0.5382322027742028,0.3419888660240647,0.6190457169060617,0.6506696245651349,0.673399108262537,0.7249788526148877,-0.6733411776850081,0.8828185015125062,0.20974008703100527,0.7235075654046356,0.5811183162902143,-0.6339262806997324,0.6061809917518884,-0.6838624120335361
RZYO01,0.2833482180124811,-0.773348430824783,-0.7776170387104729,0.7907578607618726,0.5017517502461014,0.8464357100091936,-0.8087979514945516,-0.8106571204692558,-0.7969060663259511,-0.8135954847550332,0.8882279611596277,0.9762727894681821,-0.7712628325752078,0.9494336704203902,0.6181549313733163,-0.6107696198069067,0.377834656721572,0.9045009327348297,0.3941145738154336,0.8692586086677274,-0.7525253217362353,0.8062626656571636,0.7048785850219078,-0.42655953914518274,0.7612942007899026,0.7616580225569186,0.8307274128777681,0.26421336287567754,-0.8338133299922716,-0.8038326927222226,0.8287784879849514,-0.8203227532439887,0.8685438346735223,0.033052920825767544,-0.7850474178581967,-0.757187854066938,-0.800551772904114,0.8452349604553563,-0.5139136071450472,0.8937314041242739,0.08177070212562992,0.824814739218611,0.8699887310023476,0.8630608376346665,-0.593167396965882,-0.6757741702355098,0.6939881373213396,0.808248188618504,-0.7391421723878874,-0.8022987510849339,-0.7997317230749533,0.9591433649636124,-0.7877974189098736,-0.8132624418878186,-0.7508569590251944,0.4254107285620012,-0.7176940967702481,0.386731989191949,-0.7361628672818078,-0.804731002858856,0.850473671837979,0.6362308069323086,-0.2305579916783418,0.8231190568789177,0.8557678855609647,0.8016035933704739,0.1408012731907554,0.8458419303233805,-0.8611101242791088,-0.7210749302178767,-0.5623173006082961,0.517432236888718,-0.7351380157771281,-0.7450613905508554,0.9100171790435735,0.7924545123481931,0.7178294013476805,0.7156262858602094,1.0,0.8310867023789954,0.8852317261482854,-0.4544955092119594,0.6005917428396622,0.7541904687469768,0.8510504312263879,0.2735056852648469,-0.7599479896233431,0.5631310941225092,-0.7408266731596983,-0.7369906541026373,0.4801167434148962,-0.8084192423633682,0.9085566585672734,0.7810303189534673,-0.31539275741244827,0.7505290586016746,0.8674373792873676,-0.7333610152798522,0.5422973900680115,0.9056476427853488,-0.009412013274566318,0.8081888405122011,0.8978996700195399,0.7965780063255775,0.16404363814751927,-0.7974183663036638,0.9058000869223536,0.7025334840106667,0.8518562523668272,-0.7839108330075037,-0.844185985236722,-0.721405985348047,0.25660588774430354,0.4402545895046514,-0.6490536248849107,-0.8676205039766552,-0.8253869688918559,-0.8196743400855069,0.9252911262298087,0.7291258018373337,-0.7365684081833389,-0.7811868227057407,-0.7469854239422835,0.7594475897563284,-0.7813398681745111,-0.7442852040865895,0.8678755237097957,0.7650396891691773,0.7014835824555338,0.6660229469193196,0.9215078183939567,0.840113205204702,-0.8172119346981779,0.6498870724076017,0.33852109508883876,0.8936944295268318,0.6753062154580948,-0.781149784058021,0.8181883523678002,-0.8279422700525199
Rhodobacteraceae,0.338354028079062,-0.6947352147069499,-0.8489143044497127,0.8776906399889164,0.8221163758419067,0.9273067149718976,-0.8780741846377623,-0.9549263057210852,-0.9621186672324986,-0.959127911153976,0.8472108502618658,0.797269559758228,-0.7493520947969596,0.8259413975993656,0.41970850361744133,-0.8037957416873148,0.7014691376733854,0.9122911460645634,0.7373420484296169,0.9643338511539161,-0.9387388947491614,0.9065907697021315,0.8825820809596141,-0.6382170451050532,0.6560638394745877,0.932481828512627,0.8702750414602985,0.383512369395606,-0.9030714114579101,-0.8012790240642879,0.7149382046465431,-0.8544607472999457,0.9662864322464371,-0.1440605933447727,-0.7715839813684939,-0.7756754416197149,-0.7722833395007858,0.9132123502848976,-0.5064755182412141,0.7045056108081387,-0.01901984318065793,0.8997624417406616,0.9283926336381377,0.9449390110985908,-0.6455500779628228,-0.7946500574456128,0.4546881240579488,0.9415064023475737,-0.659057297279761,-0.8584589970999619,-0.9716770198002952,0.7987703161560755,-0.9306511239404647,-0.8277901603321515,-0.8783064586202404,0.5524719697097381,-0.7916419942283878,0.7568140938783433,-0.7765675742182208,-0.9547168270771058,0.9490684914573511,0.8762511732862239,0.1103898512986254,0.8847840086463,0.9714785903890297,0.9320686367094191,0.5417450517401347,0.9299827776809022,-0.9594616413140354,-0.9356986368070827,-0.41764877749225066,0.7512200371356798,-0.680204328488917,-0.9418909898752542,0.9037697348679172,0.9296868463570233,0.8691865020257166,0.7151806052091796,0.8310867023789953,0.9999999999999998,0.9631557728133496,-0.3420556109430443,0.9012759114532137,0.936451329443508,0.9922480461649466,0.6434530742309801,-0.716119871653895,0.7819652889060591,-0.7165213054247479,-0.7515792306813647,0.7442005082931369,-0.9300376124287063,0.903206541413323,0.8973295279617083,-0.6203019422303615,0.8114109449146452,0.9680657613498654,-0.7335806446040878,0.25639272938004404,0.8769392855640817,0.4573607578903068,0.9457487501118929,0.9572833296630335,0.9224247006241132,0.47259737258875306,-0.851797266069577,0.9381520365287338,0.9558920504846782,0.9035404380246909,-0.9328215625971935,-0.9451872779549481,-0.8181379450725903,-0.02122152041367709,0.07959079711829345,-0.8862144121065069,-0.9763060745751557,-0.9932533939931036,-0.8462317993100564,0.9078965677341252,0.8603126966981924,-0.9058099745671908,-0.818251249775242,-0.7455813387975194,0.8320209094923845,-0.9535309965655683,-0.6510576691689299,0.9198603608588436,0.6543615390999026,0.8279052210782889,0.882577715357401,0.9536354089692093,0.7362339124927371,-0.9250834740767578,0.7943819361866797,0.6816425957305596,0.9322172071906101,0.8828843408179927,-0.9367689342079385,0.7238925573157323,-0.9548531852344045
Rhodohalobacter,0.4067079610702246,-0.8260641923835584,-0.8651858192263316,0.8227884963747647,0.7152886873928664,0.9618391202065174,-0.8851507860716487,-0.9411552761731508,-0.9472997547078528,-0.9535016014885743,0.8961300224482381,0.881222640482976,-0.8523756927878988,0.8818244288151071,0.5948017098262303,-0.7299171209659462,0.6775076763596097,0.9630143945374738,0.6527585620910505,0.9635194609297697,-0.8784943932790655,0.9553970104336501,0.8416728074347819,-0.615102513508092,0.774532044867791,0.925346138311587,0.9170133740646371,0.45580572585597107,-0.9232533293492027,-0.8854238897203445,0.8474518183241951,-0.9143881936630233,0.9896636533262055,0.047964440433260105,-0.8390318909309611,-0.8245397130152461,-0.8554468878916955,0.894491035013268,-0.6354999078883142,0.8184595297958154,-0.06269801811173907,0.8786338703751848,0.9754723360243848,0.9775688724809047,-0.6393514963755119,-0.7426837998630501,0.5795573660567384,0.8808501479418365,-0.7491343582949648,-0.9234954238713491,-0.9183171276925132,0.8508704651638319,-0.8996373850190221,-0.8971080561636892,-0.8775643688012438,0.46675640483695374,-0.7955007035136537,0.6714557408871243,-0.8742005385382304,-0.9469826194289018,0.9848576053335948,0.7562039913133017,0.03654914976698527,0.8806168451714036,0.9489287528691656,0.9464272523453059,0.3617031748711652,0.9215246764811836,-0.948523449402292,-0.8580818852241976,-0.5895147273377248,0.7166622761210737,-0.8227279724151542,-0.8465391554032685,0.9556374025955372,0.9535816247053862,0.8386503807723585,0.6948915625495936,0.8852317261482855,0.9631557728133496,1.0,-0.48340630768073395,0.7877625080139669,0.9389717788608571,0.962502545080399,0.4992803072814228,-0.7893643531949066,0.7375377366545679,-0.7809379516093284,-0.8406145597725532,0.688501373790225,-0.9009402260101953,0.9704581855607289,0.9330502939925551,-0.45316108410783185,0.8753235116100649,0.993864188369623,-0.8339888764642973,0.4273716369777623,0.8979168893357888,0.29109793637897274,0.965192132228087,0.994085403312273,0.9593814904290935,0.4372870108616517,-0.8688950189448559,0.9845992358067562,0.8752011420637164,0.9128520312224147,-0.9053114616641307,-0.9561968416010558,-0.8263480448938997,0.1550967479874982,0.21911729402096694,-0.7667150375430422,-0.9520010116838792,-0.9544905151358959,-0.9160693535722552,0.9585605293414206,0.9063746642353178,-0.8290656883877352,-0.8981568039250393,-0.7852337029444729,0.8960950332403596,-0.9057695408454359,-0.7636103472424329,0.9528321171014761,0.7855926477695963,0.7535563052722705,0.8718870464307624,0.9682319155633698,0.859444923067689,-0.9263700174434024,0.7641318814953407,0.6026359636398871,0.9592694719870937,0.8439166198630615,-0.8984418150065082,0.8629490792045628,-0.9450483073436248
Rhodothermales,-0.7343485005775475,0.8772824846178696,0.5711740539625281,-0.26967571140588303,0.08350773490520716,-0.5564640410049702,0.543254344519665,0.2892060602749968,0.32902471673001704,0.33846846256688695,-0.6166649092335649,-0.5829906160327676,0.8123193575117446,-0.512076993477087,-0.8869901157024798,-0.21945749037950005,-0.4449215284529825,-0.5235278816854577,-0.38462697188925543,-0.5000984897547508,0.26194147496245335,-0.6720797846896155,-0.4356378154698423,0.4867989023223909,-0.8639973012265587,-0.5312006939780657,-0.6341835374205145,-0.8135282354897474,0.551180317409481,0.8101566775375142,-0.7558445556018498,0.7545157588184607,-0.4848716840048156,-0.7110485294781436,0.779401756766182,0.6714984429635352,0.7980669334755724,-0.346674575563326,0.8822602172381597,-0.511729777264472,0.09096307498820214,-0.23666485094245235,-0.546435135180128,-0.5934647483995908,-0.19266844466970354,0.474411191879191,-0.5397224508965117,-0.10222268305765336,0.8355844816025908,0.7229829798538784,0.13423966792239536,-0.45702386909785164,0.38022277028480334,0.7888379520543695,0.6451322358557859,-0.31866999262169793,0.6316478326090037,-0.35338992011427434,0.6290681859740966,0.3366024988094047,-0.5608085409190431,-0.2553328841960606,-0.3421520473599781,-0.36112162355354716,-0.3754886411498128,-0.4539922152290152,0.038473075927518974,-0.3697653903770033,0.37676571677134446,0.040711492205679364,0.9404969257703928,-0.34219071992279054,0.8192047955779237,0.0880731233714813,-0.5501637469304115,-0.4954351799471635,-0.4150737755647922,-0.3741240915002001,-0.4544955092119594,-0.3420556109430443,-0.48340630768073395,0.9999999999999998,-0.2629285623057611,-0.5678563314293291,-0.36923633936077893,-0.1470289407084515,0.803049065406576,-0.6344509387442341,0.7821426903119013,0.8641581332044362,-0.4444085653183631,0.26310043624466184,-0.6402472308548232,-0.6750474600543627,-0.47661646216996095,-0.7324216070965862,-0.4409320229511845,0.8522827658747933,-0.6388718589283219,-0.3562789203968138,0.16441607664444838,-0.5957313173880985,-0.4739376270428013,-0.6304786617112292,-0.2591531824867062,0.557767038982563,-0.5546269298815901,-0.2755517892694456,-0.4785119896082793,0.29123229194364286,0.4638228209192144,0.24045605512542298,-0.39883296282820807,-0.0592801544276127,-0.0487020747909361,0.321413741213244,0.3035467255007225,0.7326259998870607,-0.6193131996473175,-0.6455976644354094,-0.040071202348367786,0.8014993240835611,0.7184036516671148,-0.7480374816675199,0.2107814307026582,0.8969317139315925,-0.48761569397021853,-0.7254413655432298,0.1310199924783442,-0.6299039962426761,-0.47793645928727435,-0.7222281885706635,0.5178057114249623,-0.2760854795070434,-0.3839486729457841,-0.5777443801639165,-0.5466520634772518,0.42283549929682934,-0.7040886694657983,0.28331992614557694
Roseicyclus,0.2823910126968387,-0.5224912047696934,-0.7865988366528077,0.7718379682824527,0.7666746879791749,0.7643142197661792,-0.7825353143909716,-0.8234373424574284,-0.8439413097111831,-0.8333189584253811,0.621720206767086,0.5569041754621721,-0.5728232695993888,0.6110499840071384,0.2193077456307019,-0.6600758815485772,0.8126800706792967,0.6914612988491193,0.8991516992277314,0.8222124231120339,-0.8799271127608924,0.8018439586905706,0.8206695894653185,-0.77435839534912,0.46242694278177754,0.9084963090578201,0.6835399462867209,0.40910063085146947,-0.8122965970551531,-0.6329963507021203,0.48481896332013946,-0.7432738148424839,0.7986578994281592,-0.22242136015561584,-0.6666838560226204,-0.702541223124134,-0.6431592953332357,0.7440684631308031,-0.4069076548128072,0.4055785685498356,-0.008110345816625708,0.6872184527757749,0.7894929688940874,0.8039643246275014,-0.3855671647072573,-0.83253347760773,0.14714658354828639,0.7828782578058486,-0.5607248783884107,-0.7088604441326731,-0.8630385635755302,0.5640784202434856,-0.8422130802870277,-0.7083524408415043,-0.846741128585621,0.6291134725607672,-0.7452207490279674,0.7962770754641918,-0.5914468777215132,-0.8123860364689865,0.817737711950377,0.9567126582460086,0.4373598614182387,0.6991084743977344,0.8449662768532779,0.8585457070783934,0.7462890561965766,0.83277220225506,-0.8538134987668433,-0.8382118496735584,-0.24432761851961923,0.6793205044773906,-0.47838641759876943,-0.8859001514139448,0.6732840773568628,0.8376679470208863,0.76864739135654,0.5544111180051663,0.6005917428396622,0.9012759114532137,0.7877625080139669,-0.2629285623057611,1.0,0.8709200235435497,0.8928961375932198,0.8641934321956499,-0.6144972952446679,0.8380265552155806,-0.6296383590453775,-0.626222722115995,0.867685083375485,-0.7763141281843661,0.7271441009758065,0.7809692025376544,-0.6282079279823461,0.7430488907686899,0.80283447123189,-0.59273662438555,0.000823250540432333,0.6712746467354854,0.7224808705855195,0.8355834573652833,0.7583635160204005,0.830911294726092,0.5657832500490785,-0.7803388445955407,0.7847248403890716,0.9512323605612198,0.7069260677737684,-0.8443322044793781,-0.8475926840416539,-0.7145806774523842,-0.24874719155630803,-0.23495074581845063,-0.8173032094403581,-0.8502319781116241,-0.880584205321234,-0.6854869308817443,0.7463772248567226,0.7013972086033514,-0.7824777329938628,-0.6851406187935742,-0.6830230830827343,0.7522615047813482,-0.8494682727440361,-0.524384807539674,0.7928844407131451,0.48515523893138046,0.6661159026157166,0.8851487228665206,0.8067573642649682,0.460302414812578,-0.8558201442116318,0.6531216552951243,0.8750667351718849,0.7808740243307579,0.9234625748434383,-0.9009300853848409,0.4777401692217416,-0.7853097461162609
Roseimaritima,0.47429885643307085,-0.8186259975176735,-0.8999222304793096,0.8084185153870049,0.7139277518916397,0.9105767139301707,-0.8889093124663476,-0.8744515772857473,-0.8947253507548725,-0.8918535004884206,0.8443909714408424,0.760803243617281,-0.8378794216431721,0.8240201214952393,0.5901418502781994,-0.5818289574881368,0.8238577745063618,0.9014026357031906,0.8471064698142943,0.9461510887418889,-0.8585232394740328,0.958191221650964,0.8477953928163897,-0.7207952530716057,0.7759714911590642,0.9577926724051115,0.8793281898597872,0.5528076418594403,-0.9343711230877246,-0.8956342651042125,0.7940003797150907,-0.941037751656479,0.9418572970350999,0.07657072503133786,-0.8831678555004094,-0.8745614468316876,-0.8784885457772329,0.8559649584035408,-0.6691134374727102,0.6651852131360697,-0.006700940110261275,0.7814326502688687,0.9280646857466025,0.9443527474778074,-0.4100117354377839,-0.8413641571175694,0.491546310323847,0.801532240975513,-0.7996218243376852,-0.9165253624590489,-0.858444672197719,0.757251351903567,-0.8932408847285398,-0.925683595734572,-0.9459567463518941,0.6496489908696137,-0.8622448983683038,0.78708970125368,-0.8208583794257802,-0.882126163674114,0.9457352169375999,0.8499563563163581,0.31904701122896134,0.8414858638581425,0.9343355336088143,0.9199423340105845,0.46901056724122897,0.9003125326369161,-0.9271516877195289,-0.7758262053278043,-0.5822901024167372,0.7206951864689822,-0.7799860554392476,-0.8061713344309362,0.8709646567858543,0.9484849217149324,0.81183624967951,0.602028688478788,0.7541904687469768,0.936451329443508,0.9389717788608573,-0.5678563314293291,0.8709200235435498,1.0,0.9460942975727771,0.6606796694270755,-0.8424138451855572,0.8324511427923272,-0.843785304183991,-0.8743619760471618,0.8135049714589353,-0.8299677124230608,0.9293122845497632,0.9461494192789113,-0.3688656906956932,0.9118100471309386,0.9299408550418159,-0.854477680819983,0.32435363871974643,0.8274919221312759,0.4169772773353794,0.9699928984767442,0.9229332057031455,0.9627629908906963,0.4606265485563121,-0.9047794565907966,0.9343130587943402,0.9313789658462452,0.8483932351649129,-0.8570749691589111,-0.9332086474186616,-0.7590932708554199,0.029213483843391872,-0.050726512177448696,-0.7208112008175848,-0.8989821896795919,-0.9207447673155861,-0.9092328872351966,0.9098523547268078,0.9002752461861293,-0.7386004133738968,-0.9124311011230668,-0.8527074524717219,0.929378871101533,-0.8440133249332432,-0.7983860877939386,0.909724402395508,0.7611541056969509,0.6227579782358592,0.9376435764329883,0.9199523446738392,0.7818781250994857,-0.9508996392574564,0.7199503441517896,0.7666439007086334,0.9273002288133952,0.9189932677977014,-0.909647341657759,0.7892941265473327,-0.8703025085149122
Roseovarius,0.3226987074455279,-0.7149858968208253,-0.8837827815106257,0.9046997940188752,0.7902104724219713,0.9144408614118411,-0.913505695966174,-0.9299735346690284,-0.9359367093130652,-0.9350863338851968,0.8622817206135224,0.8213319661701345,-0.7460343788937691,0.8610181881033697,0.4584005557749467,-0.769644735637304,0.7148217577440468,0.9291787555448727,0.7450451809335946,0.9663552094587026,-0.9389762037479311,0.9079357329023641,0.8581054342944402,-0.6153751239585263,0.6797141348177801,0.9367351626250392,0.8629654763385535,0.3745962300774322,-0.9330792370093185,-0.8100744473098404,0.7423079370059282,-0.8747518333231674,0.9602533773632953,-0.14295669800912927,-0.8094558645518266,-0.8186649025604008,-0.8059788185299185,0.9288154819921022,-0.4898395127082206,0.7257112278337992,0.07945979624590876,0.8862588103468003,0.9324249406039967,0.9431715365193265,-0.593090273084793,-0.8377302631324108,0.5009471025534955,0.930541581641716,-0.7118426304608668,-0.851088507839327,-0.9628412841230377,0.8256886387329575,-0.9454166764257993,-0.8504996679440722,-0.8918489020535465,0.618602854392562,-0.8344351611779283,0.7176382543937475,-0.7518366218153384,-0.9241732036721455,0.9428192529685663,0.8820071558820806,0.12512473669987526,0.9018508587194507,0.988636505488692,0.9301725152878533,0.515694347535661,0.9401367265871728,-0.9789246794616485,-0.9168876352146915,-0.42612439531143054,0.7166369129469895,-0.6781700883060698,-0.9406181270230908,0.9030216937215114,0.9278086045984836,0.8339594022001138,0.6865967566316167,0.8510504312263879,0.9922480461649466,0.9625025450803989,-0.36923633936077893,0.8928961375932197,0.9460942975727771,1.0,0.6508294949871778,-0.765780427535184,0.7745699392290917,-0.7644081655276188,-0.7591232093068525,0.7465600138584465,-0.9342501577165474,0.914905497570831,0.8885931850025566,-0.5823443208403629,0.8290313443726001,0.9571479699251338,-0.7365408783567166,0.29853120305775616,0.9128262804783206,0.4106758460894641,0.9413579650687214,0.9562069913465151,0.9222088832318448,0.44113408038710433,-0.894953654253639,0.9447933657872252,0.9553056296787021,0.8994341749725566,-0.9330771301897437,-0.9490958750519941,-0.8145453627659539,0.023906518443555683,0.11326367645835814,-0.8671200085180872,-0.982743602669898,-0.9817412193166444,-0.8414303306037102,0.9226624009727799,0.8465576938654202,-0.8842067493869886,-0.8199226744884085,-0.797426037548006,0.8443687986449906,-0.9536823527066416,-0.691531728781847,0.934538829685194,0.6921265348715211,0.8087783163831829,0.8726853857287032,0.9701278739583789,0.7565319974659654,-0.9510764849728561,0.7837488694986724,0.6800015317130593,0.9400450156445315,0.8778194752684697,-0.9537516157197764,0.7368381103583723,-0.9303062300213182
S36-B12,0.08167893122049011,-0.2627334429953084,-0.5999717070695281,0.6365693998860431,0.5287953554692805,0.4348128970208814,-0.5453221693259234,-0.54425486969067,-0.5836678935835418,-0.5622488572677935,0.3149057767640199,0.2642587081854049,-0.3149201294840378,0.3339493755394991,0.0268965025672673,-0.40460416005510347,0.824093313971686,0.3986408771586527,0.8821239094280365,0.5391105787742906,-0.6915603963943754,0.5529819642787569,0.5112076816408669,-0.6813805348478874,0.19936469184477346,0.7420530731550273,0.37174311518490816,0.27602252973865404,-0.5804253147063398,-0.38997405278292163,0.20216346903219892,-0.5195341787328258,0.49390663394215834,-0.31874964052611165,-0.4658769473081165,-0.5195571487804589,-0.4306993261722813,0.5212027394392252,-0.14806559440115316,0.1858560289072058,0.08073992603253778,0.3315046443696411,0.543833172747224,0.5233489185917874,-0.09541458460603518,-0.7527621743237702,0.005573591691526445,0.4884072371880304,-0.42094809833365904,-0.4538004962121858,-0.6018149342161888,0.27044899708246656,-0.6315165631572188,-0.493123560439902,-0.6750568190569013,0.5681083520532273,-0.6003016977468631,0.5825049896048743,-0.2753366038810778,-0.5268614867891135,0.5402404991354434,0.7738939526130179,0.5878075959111967,0.45399585608882914,0.5844460574327391,0.6438954400511006,0.8665612150974559,0.588280430755945,-0.6121554673667144,-0.6122628003892954,-0.040285034440500744,0.40202599675218614,-0.19852188979566524,-0.7129500614633745,0.34273556068676325,0.6230893761732048,0.41278679884584696,0.20106507249513467,0.2735056852648469,0.6434530742309801,0.49928030728142275,-0.1470289407084515,0.8641934321956499,0.6606796694270753,0.6508294949871778,0.9999999999999999,-0.4399727478849621,0.7515980101740518,-0.47406560312282,-0.41396401250635356,0.8742407054181881,-0.5179549327142027,0.4422596459952699,0.4999671777982194,-0.5033600097254293,0.5688496435691252,0.49334912463429975,-0.3622246624611488,-0.23750811817798306,0.4705438837543732,0.8206401580544012,0.574108094451806,0.4434513803734858,0.5955261434827328,0.6984888105422836,-0.5873041736646817,0.49587762740760305,0.7904694357411876,0.4424860003403063,-0.6038805882559343,-0.597394956515004,-0.44934204597255484,-0.2856637469991444,-0.3095182027738826,-0.6534219001476371,-0.5648166125087438,-0.6260720872741056,-0.3966751221170602,0.4988398468005807,0.4234001643373668,-0.5532444887710117,-0.4341961711734501,-0.539452126679312,0.5318069832187124,-0.6160227032585767,-0.35320828637114005,0.6020736306334801,0.27783010965124205,0.42413837740257504,0.7174878202390731,0.5740140873513113,0.14887569737283626,-0.6322305903911888,0.34254601102511906,0.906943591904329,0.4867213968828849,0.7514148474089243,-0.6917595421619073,0.14976341624977946,-0.4965432664029692
SAR324,-0.6001095916294936,0.9155843992807232,0.9225150715735266,-0.7417876889230045,-0.315562173260039,-0.8016187309663064,0.8816049604441127,0.5758796848343616,0.6040696384621949,0.6119284215836704,-0.8291166726003255,-0.8256123230600539,0.808937119254549,-0.7970445025787508,-0.849243542391217,0.24234796915092566,-0.6360848609970575,-0.826082055044121,-0.6081166621711421,-0.8307530029903438,0.6502261966762963,-0.8600178476025911,-0.7138796312355052,0.537219486519019,-0.8970398985652106,-0.7930362893227034,-0.7989884997079831,-0.6803132035810403,0.9123460298274187,0.8930969802124279,-0.9036751367423076,0.9543889941274054,-0.7700082133469115,-0.3746663196412496,0.9915266179609674,0.9665206311392366,0.9847914432057139,-0.7741192985720959,0.693915875357559,-0.6931990802755515,-0.24547427640689154,-0.6266935107216759,-0.7976998779610248,-0.8553002450619976,0.10309907970847426,0.8529785749975488,-0.7122116873099109,-0.5531220709415856,0.9915449856379134,0.81656596462741,0.5804660523217765,-0.7419315725617636,0.8167739313442356,0.9610705653414165,0.8928026853829899,-0.6843458330483017,0.9462238559672669,-0.5406944882654912,0.6594729545938417,0.595914328207183,-0.8139340943567512,-0.6495315886592499,-0.29599310650644156,-0.7709351928204189,-0.789984107032868,-0.7247462810242337,-0.2512998062675957,-0.7891963765372121,0.8105269481491302,0.4931674607541938,0.7316287921889311,-0.5495644855317179,0.7845309420949069,0.574643944762922,-0.793068569581801,-0.7498537513507,-0.6652046226312037,-0.6122748067999291,-0.7599479896233432,-0.7161198716538949,-0.7893643531949066,0.8030490654065761,-0.6144972952446679,-0.8424138451855572,-0.765780427535184,-0.43997274788496205,1.0,-0.7656973431851852,0.9957225348061033,0.8872832732000828,-0.5912692701720792,0.7145020462974948,-0.8606177636453209,-0.8556222998311109,-0.021584094465289114,-0.8621750179410912,-0.7427724381541418,0.8410118681345821,-0.586473270628065,-0.7769250417051901,0.004949920480269041,-0.833120628719796,-0.7834679824012717,-0.8417805277008252,-0.31674113429691664,0.9275007428768995,-0.819026473045489,-0.6643634948778604,-0.7743644486278293,0.6851259413566921,0.7991921983702217,0.5936367719032642,-0.2861632782180019,-0.12441884698885801,0.39419870399439416,0.7323083805429753,0.6699519974656883,0.8228930130109786,-0.8716269383237869,-0.8021899597822252,0.41070346619049725,0.8767915707681683,0.9864362193559104,-0.8846518627342657,0.6649618202444207,0.9720451455921236,-0.7843703884922083,-0.8166677576915798,-0.33048072455163463,-0.8077928534883749,-0.8265264681570597,-0.8701322825114471,0.891541856668734,-0.6264199735718424,-0.5402276549599868,-0.8309185152864209,-0.7428565730181472,0.7725210199590347,-0.8332774768668734,0.5991389988773496
SCGC-AAA027-K21,0.6038373538155692,-0.7250854064369717,-0.7999816823401895,0.6935029668965239,0.48460897709346795,0.7844356077941781,-0.7948599393561561,-0.6769537537204522,-0.7242388226794318,-0.713163726329607,0.7130504072195327,0.6201016326880071,-0.7549407271511221,0.5610315360457064,0.4751905940909554,-0.37400671747334013,0.7612241337689007,0.7013116944019218,0.7856061363268607,0.7975839819679846,-0.7964995632664278,0.8441572721470083,0.8181480468217257,-0.7111971159029951,0.7040921347184257,0.8739118698303979,0.7741520679693373,0.7324159846085905,-0.7854412171961946,-0.7956046929385873,0.6023609304604399,-0.8358374104674431,0.7625728342121049,0.10887119672668698,-0.786693865380883,-0.7485865493323988,-0.7912932409849923,0.6822480359640228,-0.6559720938147328,0.5124159689856133,-0.10203021428297214,0.5927840024568737,0.7690966818011378,0.8342465440771392,-0.1803344421972078,-0.8189263815106476,0.3568153762781282,0.5869977958226255,-0.7421147888372107,-0.8108816436450287,-0.6387075759642378,0.5213644705172855,-0.7725377769419702,-0.8292697196182762,-0.9063228188411765,0.554168128047474,-0.8401589306038721,0.7869866564801417,-0.6575016137662035,-0.711379130551549,0.8105666719710432,0.7716596657441561,0.47346815199317704,0.6668070616417563,0.7324840864116795,0.7761066721116144,0.6700137867594673,0.6950712967604743,-0.7309744820828541,-0.6435487327594944,-0.5800317930949097,0.6950110136162914,-0.6771496095851018,-0.6954515270386376,0.7248372396815702,0.7705728065130747,0.7665932105740612,0.6430310145705074,0.5631310941225092,0.7819652889060591,0.7375377366545679,-0.6344509387442342,0.8380265552155806,0.8324511427923272,0.7745699392290916,0.7515980101740518,-0.7656973431851853,1.0,-0.7683792030730758,-0.820748915791469,0.8211751906323068,-0.689120900106691,0.7418016031908562,0.844810904281501,-0.28630872318559,0.8265230516313357,0.721076496163738,-0.7774062819019082,0.21038346357361282,0.5882241028683456,0.49005225592273954,0.8542017018081158,0.7189991925882427,0.8516062350805953,0.7232137072192444,-0.7654565076713334,0.7479298004000232,0.77682036648256,0.7424752331325941,-0.6876332859250349,-0.7390904606383334,-0.5161736183176877,-0.016829685227977335,-0.12300583434072691,-0.5884087899850802,-0.7314049750084411,-0.7501087977624146,-0.7790812370714031,0.7871071068357653,0.8121247219858965,-0.5254698095965092,-0.8213945139802786,-0.7798223506755511,0.8161889365160923,-0.7181717395409936,-0.7482097361070474,0.7506316382909587,0.5577716958126705,0.4398629471090967,0.9527989368157642,0.7515294319478617,0.6265474281378872,-0.8009141312213133,0.6417635656141523,0.8231231221227081,0.8023549477925448,0.9242209288116063,-0.83732629481358,0.5512924491299686,-0.668326143088657
SG8-39,-0.5889512426623764,0.8923908617571887,0.9307170577373514,-0.7584867452606296,-0.32483250354146137,-0.7927214835111784,0.8618601418447407,0.5666811757603899,0.5983486813704086,0.6035114656340897,-0.7999661427137327,-0.803862383371844,0.7824602439848689,-0.7782145708865432,-0.8358794228351263,0.24416497762849887,-0.6497069419360474,-0.8067156703916636,-0.6301794381724374,-0.8304433484457324,0.6444904649577926,-0.8497063469753109,-0.7184645288048441,0.5552622578989729,-0.8706757417806772,-0.7924791022644279,-0.7791292945332978,-0.6715406182087874,0.9138583001980386,0.8772120490477225,-0.8887259123557278,0.9517303222386496,-0.7570111029902251,-0.3749275674330341,0.9922704432470414,0.9771110730226555,0.9800184333523352,-0.7845354855198572,0.666387793587756,-0.6650306280191367,-0.2480048397567204,-0.620934530998718,-0.7855373062890911,-0.8486264871443068,0.09536463829793065,0.8716860989300191,-0.7062480614064951,-0.5521651027786137,0.9885065188778148,0.7996619816966759,0.5825454524587117,-0.7232006616372906,0.8307431117385814,0.956402730788475,0.9002804311961285,-0.6964502088274861,0.9503496758028651,-0.5525722874624548,0.6320101801987882,0.5876842107559768,-0.8064919955961597,-0.6628301044100217,-0.32066724936859947,-0.7744113256291376,-0.7857812038552756,-0.7169859893216645,-0.2977966769848957,-0.8086988957837582,0.8156907191669776,0.4944422501899114,0.6942747394499301,-0.5488401199125384,0.7519950605998293,0.5845432157510857,-0.7703352636183178,-0.7467346217442952,-0.6648189608261831,-0.609217914145005,-0.7408266731596983,-0.7165213054247479,-0.7809379516093284,0.7821426903119013,-0.6296383590453775,-0.843785304183991,-0.7644081655276188,-0.47406560312282003,0.9957225348061032,-0.768379203073076,1.0,0.871261303222359,-0.5978283047706869,0.716628030449322,-0.8448556091447519,-0.8519316408043832,-0.013492241728584457,-0.848461312139066,-0.7364526486234635,0.8185553700800603,-0.5350150787395381,-0.7751698944349299,-0.02614472186316552,-0.8268182785598394,-0.7712956868078145,-0.8340787424563271,-0.3297681561128951,0.9312179055178654,-0.8043986038405101,-0.6790654614249426,-0.7721049936282096,0.6868602454487069,0.8063763432981386,0.6019203679104859,-0.23769064117248132,-0.07767666112646218,0.40191447748157355,0.7225806059010138,0.6696238251218035,0.8030858888387258,-0.8598291003360247,-0.7916769833905557,0.4183906685478347,0.8612950870873238,0.9919668628525807,-0.8737435597563931,0.6648889018280828,0.9607634727458673,-0.7764165624547631,-0.7904728073594289,-0.3271005091583858,-0.8109120782121612,-0.8227630876616562,-0.8431806199784244,0.8958523553263206,-0.6224688736524354,-0.5547490708888472,-0.8091461771869203,-0.7372604512480123,0.7570031811493028,-0.815833149093798,0.595810575120282
SHZL01,-0.6745097253684389,0.9639310080707205,0.7879682634095764,-0.6127911791267081,-0.38338875604781486,-0.8662163655124794,0.7908920412268792,0.7250974880285301,0.7554172262304815,0.7589564344703819,-0.8609787753760879,-0.8056093092218233,0.9763595949227714,-0.7835519012301605,-0.8250161354179527,0.27332388219941833,-0.6623424295916146,-0.8325566849515297,-0.6351203541292216,-0.834874138920827,0.6514983724633414,-0.9376901544053013,-0.7320660043526458,0.6726869560300314,-0.932492670489597,-0.8465804834687991,-0.904591304619341,-0.7366859728583458,0.8127398867514484,0.9867204965469076,-0.8891562519518144,0.9494336354452781,-0.8429431052602945,-0.42450969952389933,0.9064213969733453,0.8191908213108341,0.9247105031254675,-0.6977487770570666,0.892638797488569,-0.7399630992384373,0.15453918629656702,-0.6214282038820804,-0.8654019465681386,-0.894594892459856,0.25565078575341127,0.682157835598208,-0.6026947035267116,-0.5551256771927664,0.8833497566250903,0.9691539820910787,0.5959277514002587,-0.7257163549351706,0.7101052849500523,0.9629961985076183,0.8760175748873414,-0.4333063395171949,0.7901848947749607,-0.6164058657725777,0.8740114169304711,0.7590714051577794,-0.8814566106906108,-0.5853699581012023,-0.26195917115968576,-0.6882572364946071,-0.747072210266071,-0.8030997696925647,-0.23420232743103891,-0.713979303801047,0.731310771934425,0.507176199711213,0.8915495453821262,-0.6263057323302372,0.9456456547839991,0.5321167004655595,-0.8516301209597527,-0.8340078105440802,-0.7190180266215627,-0.5946963692048955,-0.7369906541026373,-0.7515792306813647,-0.8406145597725532,0.8641581332044361,-0.626222722115995,-0.8743619760471618,-0.7591232093068525,-0.41396401250635356,0.8872832732000828,-0.8207489157914691,0.871261303222359,0.9999999999999999,-0.7036288505363169,0.6354193583401117,-0.9176122766760216,-0.9338306625905199,-0.011630075393121352,-0.9229711382439539,-0.8183810108286349,0.9919546190361441,-0.571725097119257,-0.6922400234217231,-0.13623411237060234,-0.9050189088869582,-0.8281338613055288,-0.917012938582036,-0.4280766743381807,0.7768703894174448,-0.8736100084177327,-0.6787786639941393,-0.8043207128701895,0.6763132973569936,0.805970013241766,0.6036756919950974,-0.27101338400539127,-0.1133951868634123,0.43376618298568137,0.7128183752469823,0.7318576704276016,0.9673103685900398,-0.8932046446760952,-0.9038965851370018,0.4553356036083374,0.9906405760394584,0.8339933538170685,-0.9481985393227232,0.6161194401875981,0.9371414378735993,-0.8166011853769715,-0.8456855265537294,-0.33902653822241663,-0.8850564552988848,-0.8215420235954748,-0.8806825972136015,0.8011654225153938,-0.572966223537003,-0.6069993785995972,-0.8746739350167291,-0.82361943637561,0.7505493862638598,-0.8708846484170354,0.7126040823107505
SLDV01,0.20421608680932404,-0.569784932343227,-0.6482522856683938,0.578859473499671,0.49660877093604466,0.6121416676953665,-0.6518297694053531,-0.7354042452290876,-0.7666712329112587,-0.7594695901227687,0.5427766352900008,0.49735478719269527,-0.6592881955566411,0.5672317388120752,0.3190090106915625,-0.37909596867451406,0.9109808251477685,0.5817095513990213,0.9175469200756647,0.6574789107531307,-0.7153593351553204,0.7842523942181814,0.5612693168815327,-0.869256182627548,0.4687765655636915,0.8980348204208786,0.5877325472398295,0.427753619106217,-0.6734864872099722,-0.668491891328886,0.4725449642828011,-0.71721823867349,0.6841404361586568,-0.09790109057515511,-0.6194932186572641,-0.6115111108737192,-0.6098413312760258,0.538149805566696,-0.5241557411546535,0.43140882855631835,-0.12432838874964629,0.39178008961437827,0.7735183487498063,0.6965546956150906,-0.17057947930500475,-0.7054555108527332,0.10047692416363699,0.5249172957149927,-0.588501315296731,-0.7442168010697234,-0.6588288524229563,0.49960808580639227,-0.6284167353632959,-0.7010975148516461,-0.7763553602450344,0.45184923379451997,-0.6247746979683891,0.5972600625852464,-0.6314859831806763,-0.7180574706572399,0.742725424280575,0.7687712246816275,0.5079993542617574,0.47221103150969507,0.6686067888281363,0.8429846247901153,0.6100501219632046,0.6464315828201042,-0.6804441160605578,-0.6138336230211144,-0.43167011797862076,0.42209579877579917,-0.5640965858047301,-0.6707480791953968,0.5551728563529962,0.8327121754402262,0.4982065613368765,0.23309689995238853,0.48011674341489624,0.7442005082931369,0.688501373790225,-0.4444085653183631,0.8676850833754849,0.8135049714589353,0.7465600138584465,0.8742407054181882,-0.5912692701720792,0.8211751906323068,-0.5978283047706869,-0.7036288505363169,1.0,-0.5315895466901205,0.7038634802286496,0.6965228677505648,-0.33947138806213106,0.8283356958666869,0.6838323424915685,-0.6960874914233204,0.08640169212109804,0.5640759342482431,0.7367632820442805,0.749380825827709,0.6292319536143068,0.8065027930889583,0.6721530818601429,-0.6573501110359605,0.7317257472979528,0.8320274848731339,0.5496545098368452,-0.6969559471781992,-0.7495427125552333,-0.5319376089779139,-0.02445442298746384,-0.17266617033306075,-0.6219031813564558,-0.6517082746312173,-0.7305987200350158,-0.6983566018936559,0.7125358310346755,0.6053582883314538,-0.565142492425395,-0.7209241359530427,-0.6300922045998464,0.7938235327106838,-0.6332786879194489,-0.5893754946909995,0.7928547413012033,0.6209269536689918,0.40452170228819917,0.8495691730983236,0.7230872435897444,0.398639043187945,-0.7187526351632385,0.3156663863643455,0.9588488794803742,0.6977812087351867,0.8936085434582522,-0.7915170020811493,0.4574809933780703,-0.6485996541378423
SLND01,-0.31289016304571804,0.6307868445528741,0.8410928757393216,-0.9104638722177624,-0.7462156430666941,-0.8729414851278285,0.8927019932467637,0.8204334474783092,0.8268985720128921,0.8256751139528998,-0.8366517192778035,-0.7922954918627018,0.6213590579012799,-0.7613981610389987,-0.4356728877861128,0.8267546145905377,-0.5718786887896727,-0.8871925378981894,-0.5472222069262819,-0.9189248689080202,0.8774877755394507,-0.8039633837266843,-0.8422451062410826,0.4208900978399331,-0.6013888445638818,-0.8036603642087056,-0.7935548363065711,-0.3533894667578459,0.883678547833984,0.7084599272368582,-0.724117746366052,0.791491978914263,-0.8893495150219858,0.16521679313899973,0.7516511921933358,0.7769451080509757,0.749395340819862,-0.936559346716412,0.35881694136773523,-0.6837150848926393,-0.21294013441772167,-0.9325306057100414,-0.8323515662670262,-0.8894735857151257,0.6426912168457962,0.7660538974665372,-0.5484821187542201,-0.9306381211878336,0.6492293463311637,0.7286979264834632,0.9129907676214818,-0.7625031557348932,0.9631157295509597,0.7623649725544572,0.78611977834256,-0.557615205439416,0.8196928868845794,-0.6844638817423665,0.6263527670351584,0.8247974515459274,-0.8708809651730868,-0.7954370989783871,0.008818512676475461,-0.9137684670960641,-0.9450409872714164,-0.8082426084713576,-0.49255571257475855,-0.8915563809279959,0.9352322625278108,0.9310662373987691,0.31898346471505845,-0.7117557331889972,0.5699070061970712,0.9271540858777283,-0.8708494257436651,-0.799860786885345,-0.8356163403794495,-0.7876791753748527,-0.8084192423633682,-0.9300376124287063,-0.9009402260101953,0.26310043624466184,-0.7763141281843662,-0.8299677124230609,-0.9342501577165475,-0.5179549327142027,0.7145020462974947,-0.6891209001066909,0.7166280304493221,0.6354193583401115,-0.5315895466901205,1.0,-0.8177103107889839,-0.8137548920050235,0.6414118815348865,-0.6853673346942685,-0.8923738948130426,0.596085594323867,-0.3526010192113191,-0.8925608017697936,-0.2610726905115641,-0.8504312491346505,-0.9118602401718537,-0.8189288092025682,-0.4240868936970188,0.8539481532912521,-0.8491963111253741,-0.8455266079878387,-0.9036901846044173,0.919296835093715,0.8771409422494892,0.753577532433517,-0.10982161706238507,-0.19813021472730144,0.8499727389180775,0.9427281663451708,0.9051894968219437,0.7130452918613132,-0.844838636743223,-0.8022585920133476,0.846506492863235,0.7023062587627186,0.7549069022450345,-0.7252936348710679,0.9802890299194953,0.6127234475960193,-0.8317671622826452,-0.5875216893031766,-0.8316191701939339,-0.7622142820725968,-0.9017160701806308,-0.7642976469826875,0.8976524008126826,-0.8578208314471938,-0.49083892531495626,-0.8595802230171459,-0.718640101334348,0.8840258611756201,-0.7090061859589364,0.856687993496308
SLSQ01,0.44234769167827476,-0.9118923136712641,-0.8549380481663089,0.7630921123202197,0.5673201354903775,0.932950678758376,-0.880266584394838,-0.8879037465043683,-0.8952085066635507,-0.9061015744317745,0.9265356819403765,0.9266106778228376,-0.9270811417485624,0.9281530400153307,0.7280119514971332,-0.5658024036609396,0.6694918918396866,0.9496729363843763,0.6387842588683669,0.932621331190423,-0.7964772232481474,0.9694835534799087,0.7795770980753876,-0.6543267964180874,0.8572637156688436,0.9174295605604484,0.917780995097302,0.510311095009355,-0.9108821305729001,-0.9489418102148008,0.9136023507837295,-0.9551373045118993,0.9575086820037635,0.17126346836222903,-0.8931768481008895,-0.8537045991898059,-0.9091212459154381,0.8387718497872361,-0.7390903260894585,0.8496283769876958,-0.04303458163828633,0.7937025025096266,0.9763707558833498,0.9624045395883855,-0.501474326549066,-0.7339833345535436,0.618603198245679,0.7823099436536074,-0.8392299161701618,-0.9622737866634896,-0.8225701850196857,0.8950872911804331,-0.8384474733665019,-0.9482236286284907,-0.8826904258343286,0.4678532017213322,-0.8044659272437226,0.5967017927025363,-0.9004722663538612,-0.8927596110529392,0.9695461744272539,0.7151177481313866,0.058635968137052234,0.8182103299644555,0.90329470413951,0.9290202412413449,0.23848031570681605,0.8768053711790402,-0.9022768221898199,-0.7355403372370917,-0.7277807739222927,0.6221307989422938,-0.8940174516970363,-0.7423463952957741,0.9464772828256578,0.9428559492501927,0.7768663810571348,0.6472181423357782,0.9085566585672735,0.903206541413323,0.9704581855607289,-0.640247230854823,0.7271441009758066,0.9293122845497631,0.9149054975708311,0.44225964599526996,-0.8606177636453209,0.7418016031908561,-0.8448556091447518,-0.9176122766760216,0.7038634802286496,-0.8177103107889839,0.9999999999999998,0.9353317161975903,-0.2633322966706153,0.9314962640083171,0.9547938271481753,-0.9176928285007422,0.5557513508698471,0.8790350213886169,0.1911620894120197,0.9481382832192363,0.9616616980458835,0.9611788454074022,0.3717695819244975,-0.8713209401614593,0.990273561803722,0.8163709793425956,0.8791630157364326,-0.8514859055683163,-0.9378959991829322,-0.7562268627823178,0.2694335434104011,0.23675451433532166,-0.6502056492225934,-0.8893393088927329,-0.8886993170849132,-0.96183403589952,0.9827329992525649,0.8867393165207252,-0.7077757938990684,-0.953235788931629,-0.8378641610649401,0.9480199122891815,-0.8130116118245503,-0.8663444839208183,0.9511296455050038,0.8891534655356155,0.616907005391815,0.8628054907978174,0.9588929260543566,0.8986877815534748,-0.9091181667839651,0.6609023910144539,0.5926803494027598,0.9652523800225494,0.8413396823083129,-0.8703475273497665,0.9161726743724722,-0.8783826148126217
SLST01,0.6706241793062405,-0.8931570102819251,-0.8694348347681907,0.7464444018874588,0.640761810495271,0.9738402999147241,-0.8627768278124169,-0.8434821186362892,-0.8691374503801345,-0.8672125466742915,0.8732688220946302,0.799638828084151,-0.9033427409711927,0.7848234197756262,0.6948142028702554,-0.534656587452285,0.6856968715253962,0.8931353614702038,0.6985439324458658,0.9481850668623039,-0.7918760422615918,0.9711698407404519,0.9059569786305749,-0.6871934802863473,0.8605284072127586,0.9000631752058216,0.9556143967120415,0.6994096434921783,-0.9035529817209971,-0.9428193007956798,0.8648581804783035,-0.9572953712129744,0.9383572716442746,0.28259713208237913,-0.9043832135754943,-0.8586562658929954,-0.9108146010315137,0.8357381822128807,-0.7918371285827402,0.6888200773110296,-0.13504935137050963,0.8150692036380053,0.9042184430155545,0.9751853566534318,-0.4576308939272172,-0.7592254816337387,0.5480031046764368,0.7564996801190021,-0.8156386113357862,-0.9553000059635584,-0.7871414298133871,0.7312707715142723,-0.8699224690279728,-0.9519508817886256,-0.9244598645251326,0.5140262187792529,-0.8395924007332658,0.785195544347734,-0.8652600646572949,-0.8755203246943155,0.9586146914141793,0.74407989846868,0.2678191727681067,0.8257602893087121,0.8803337860931076,0.8675073650196832,0.41230064634668573,0.8621193903127818,-0.8669459134858022,-0.7182738797684263,-0.7137930062729295,0.815208168115829,-0.869524992700561,-0.7266174668515564,0.9112130084035247,0.8876185846044955,0.8968182040804897,0.7548870527763512,0.7810303189534673,0.8973295279617083,0.9330502939925551,-0.6750474600543627,0.7809692025376544,0.9461494192789114,0.8885931850025565,0.4999671777982194,-0.855622299831111,0.844810904281501,-0.8519316408043832,-0.9338306625905198,0.6965228677505648,-0.8137548920050235,0.9353317161975901,1.0,-0.2743994480707746,0.878232294443377,0.9333941942709606,-0.9113512567899568,0.43626135356517026,0.7630048224998082,0.27211593288158337,0.9832997621400433,0.9270457540861778,0.9645889176916667,0.44218724690493194,-0.8460838917475225,0.9255898128159916,0.8199300754997902,0.9070300086201343,-0.8284071121307671,-0.9126428519525347,-0.7819105265193347,0.07001437316113364,0.02289939105666841,-0.6329145797413538,-0.8635828921092478,-0.8762102701109801,-0.9558982324340498,0.9096359736644644,0.9738097252963533,-0.663629707439639,-0.9635551756540931,-0.8346521781034912,0.9368239764511709,-0.7989089208855911,-0.8437049876996197,0.8476184545150287,0.7442300543098753,0.5517602331825276,0.9430581210494225,0.8926774668363898,0.8722527416594609,-0.9021850489849156,0.782951274518604,0.6365939748755851,0.9209122204121315,0.8763600293012064,-0.8453632271909817,0.867129822468557,-0.8454742477350731
SMO-BIN1,0.20248091654426986,-0.09073491159311632,0.2762789178586026,-0.5409033907021623,-0.7974363797468357,-0.3917035035451807,0.39325114189738974,0.6074610760153771,0.5907032234252678,0.5772707196180115,-0.2734744141607345,-0.2010839366084362,0.021605762562077743,-0.23889555769299287,0.3735881505481665,0.9029204039127421,-0.30116535064350114,-0.3712743067247183,-0.3480237852367326,-0.444796146577101,0.6555031559660106,-0.28211631074329496,-0.4742416623009993,0.18444378952398044,0.12042613866077903,-0.41606979866003396,-0.2851426546372493,0.19050492720250362,0.3416148230218031,0.05826991916281047,-0.0005191514781216517,0.1431192210203158,-0.4662066873733977,0.7260312739566518,0.0389208208752427,0.11233065954209782,0.02940918452204996,-0.501815004243863,-0.22583036111011723,-0.1647362626589685,-0.04839398805054383,-0.6100931766963529,-0.3751665596405258,-0.3763776466090367,0.7118913507462996,0.3116750435760338,0.11443024005478343,-0.7416157394134475,-0.10789454503304363,0.19280986985993812,0.7377319624255978,-0.26033160397231625,0.5314154404564323,0.09213888585060127,0.2584495954637414,-0.2070203378188635,0.2167882632779597,-0.4645745242771362,0.17950438255691253,0.5774336699856283,-0.40228670489642526,-0.5882847140060372,0.08735794673305627,-0.4647909105163376,-0.5533024375284049,-0.46524416614567893,-0.6054000744163593,-0.4642744817864579,0.518340921283228,0.8365702609135206,-0.3600662989097602,-0.4653285324396913,-0.046601786919833806,0.7847420076104604,-0.36293354991950216,-0.40631574523006553,-0.481125499243407,-0.3887076021534695,-0.31539275741244827,-0.6203019422303615,-0.4531610841078318,-0.47661646216996095,-0.6282079279823463,-0.3688656906956932,-0.5823443208403629,-0.5033600097254292,-0.021584094465289114,-0.28630872318559,-0.013492241728584455,-0.01163007539312135,-0.3394713880621311,0.6414118815348865,-0.26333229667061536,-0.27439944807077454,1.0,-0.13411275683702165,-0.4931712527202402,-0.023671307946222374,0.2479413126078302,-0.43320339296034094,-0.6026988577689657,-0.37798514456267757,-0.45656703019718803,-0.3330405877929,-0.35326530955826435,0.28377190157697485,-0.3714220499986103,-0.6158734648214218,-0.43548626101566684,0.6232109600719455,0.4439587813913237,0.5007645774094532,0.2948495540987314,-0.019133820978508614,0.8518159505280428,0.6156919404629604,0.6336026508646722,0.16086472399151627,-0.2919263039488,-0.2870211053590721,0.8045399899620832,0.0936846062563458,0.07044566331650923,-0.15227967624797664,0.7174212817649812,-0.15571905456945795,-0.40178279328568206,0.036452929343204515,-0.8263890730450405,-0.3326750100954165,-0.4412752902611986,-0.07541100444788765,0.3935793244767209,-0.5347466636640643,-0.35082338441826116,-0.3725027108848318,-0.3900617976467586,0.5492667266560352,-0.04332153094082085,0.5919338937871987
SURF-3,0.43371534981718235,-0.9089052415217568,-0.8424211049351473,0.6415817559952809,0.4168120097765996,0.8268813729406057,-0.8401471495188073,-0.7837708467037711,-0.8061102348449795,-0.8189125552333381,0.81886812826216,0.8158800985543405,-0.9115580478403875,0.8045535377226458,0.7063537129740189,-0.3830528784007643,0.8256975356653404,0.8415602057271302,0.7592424166909174,0.8283674464929272,-0.7502834356547404,0.9548434565741809,0.6974526522328078,-0.7719468806824504,0.8241116187937073,0.9429161588696595,0.8038278312038042,0.6218800992084331,-0.8705447847971944,-0.916832926119077,0.8290761911318301,-0.9410003733661875,0.8663426198503429,0.21925418729469154,-0.8782020776642739,-0.8493360204236291,-0.8983342610832651,0.6818540205482837,-0.7968703016232209,0.7396748408640914,-0.08538260886673148,0.585991571646045,0.9441155077129822,0.8939428224603613,-0.2386120465938955,-0.7555326738904364,0.4802849905909447,0.6034949464334517,-0.8620717143599965,-0.9283917535157303,-0.6963031332869286,0.7634162680848319,-0.7455562038825951,-0.9323752744124173,-0.9014873432820792,0.4766255632742065,-0.8115650316511713,0.6074132110667622,-0.8751398483637485,-0.7872497739342155,0.9176226504910476,0.710308981907241,0.2688612545919242,0.6716052362233038,0.7916767832533979,0.924080219157537,0.27799686954961167,0.7824201824344357,-0.8211144921093337,-0.6163116408956995,-0.76332213001867,0.5045011278278665,-0.8823135202530099,-0.6341156463659671,0.8291140357196456,0.9394241185653923,0.6651033372042964,0.4777494593791178,0.7505290586016745,0.811410944914645,0.875323511610065,-0.7324216070965862,0.7430488907686899,0.9118100471309385,0.8290313443726001,0.5688496435691252,-0.8621750179410912,0.8265230516313357,-0.8484613121390658,-0.922971138243954,0.8283356958666869,-0.6853673346942684,0.9314962640083171,0.878232294443377,-0.13411275683702165,1.0,0.8465487040872792,-0.9246047969070041,0.4811537815425566,0.7414805925958868,0.32645687561100944,0.8957745496381984,0.8471779063284293,0.9489980044588588,0.5418638706675205,-0.861291945077696,0.9233353287721496,0.779252171206914,0.7159205661964242,-0.7480631832291257,-0.861757828720905,-0.5907111425657463,0.2889382889078097,0.07985378999906,-0.5106549756086958,-0.7776459044245885,-0.7829765399418621,-0.9103072149461146,0.9299849015172426,0.8099275254647013,-0.5456795002671313,-0.9400195428805375,-0.8445920983286186,0.9653799230903236,-0.7149375876374017,-0.8903894270836988,0.9271871851073752,0.8990538058388426,0.44842159793389863,0.9031541407809518,0.8622976088684627,0.7833951699326838,-0.8776878963178695,0.5057329105111952,0.7723223847902704,0.9086580841137397,0.9007837527701982,-0.8565835981421281,0.816391232092496,-0.7562975684879693
SW132,0.40496357020159296,-0.7941050157356822,-0.8329739750896732,0.797387395410858,0.7541103381218133,0.9647174582110247,-0.85491647872115,-0.9591426402573938,-0.9637871914501247,-0.968393341013876,0.8694917589096596,0.8484600532581638,-0.834146655909017,0.8544997056532477,0.5545162231375969,-0.7595461374883464,0.6641749274473876,0.9369801037540338,0.6538645692283911,0.9562075798549107,-0.8662832955753806,0.9461320510173654,0.8563756070640547,-0.6419704553847022,0.7357815318290047,0.9151710583264072,0.9116600090372733,0.44523408729415137,-0.8989213494547955,-0.8613427894341651,0.8203979647043298,-0.8894252244801574,0.985463052423994,0.03958811041130942,-0.8031969681999845,-0.7896220293750353,-0.8167307846321061,0.8782109444398902,-0.6324204272808047,0.7729776989502644,-0.11592441862883579,0.8874723012608304,0.9615237963000887,0.9687449119251446,-0.677948214285716,-0.7074897402695756,0.5150332567974052,0.8916853330663603,-0.6970175540982917,-0.9144934670848817,-0.9301063538320641,0.8245768843505639,-0.888378608413444,-0.8690451418923077,-0.8550397079609223,0.43086672653913954,-0.7521056040961676,0.6958874661862007,-0.8761498382732805,-0.9645852498362594,0.9812985198721035,0.7657380900284743,0.045472667047026925,0.8580315156929207,0.9386450621850236,0.9426466725795054,0.37861742568357715,0.9188229268575819,-0.9351443321463476,-0.8701395978059889,-0.5584082699130192,0.7421716365941838,-0.8029360700195787,-0.848760714206215,0.9393114679680628,0.9469736029201237,0.861335490202198,0.705598820902391,0.8674373792873674,0.9680657613498654,0.993864188369623,-0.4409320229511845,0.8028344712318901,0.9299408550418159,0.9571479699251338,0.4933491246342997,-0.7427724381541418,0.721076496163738,-0.7364526486234635,-0.8183810108286349,0.6838323424915685,-0.8923738948130427,0.9547938271481752,0.9333941942709605,-0.4931712527202402,0.8465487040872791,1.0,-0.8148346720738889,0.3901556066882913,0.8654706761193316,0.3344714856188651,0.9607806398675486,0.9867228569083251,0.9518808231394023,0.4198075028233689,-0.8329477727995954,0.9753221172263329,0.8800796204099189,0.9065726115526351,-0.9156758371911631,-0.9599521494470826,-0.8530451997470953,0.09643195643010986,0.1710394362712298,-0.7840678420862708,-0.9470765167315545,-0.9610889768810865,-0.9088715050620056,0.9331857952574383,0.9025460209671321,-0.847738793980228,-0.8838090843011481,-0.7406854977953673,0.8826530127021208,-0.9025314174710863,-0.7161016855019808,0.9293423000576313,0.7501920951380556,0.7608952623095467,0.8675088022405102,0.9521669450981809,0.8272384781325967,-0.9068600272125696,0.7677001161471919,0.6001571424518141,0.9409276640544407,0.8404217724140046,-0.8832362790232021,0.8500995473423912,-0.9548988992670531
SZUA-36,-0.6319288703850853,0.9591161210063069,0.7349887635940943,-0.552655584722914,-0.3714182599814536,-0.8475694330550625,0.7554368442239255,0.7402637356799646,0.7646293671520198,0.771428847132578,-0.8564347946919109,-0.8013011366076537,0.9919651390170389,-0.7876430283388585,-0.8094823642100611,0.2719680644582826,-0.6456348295324714,-0.8238611142523317,-0.6100116396081425,-0.8065608568754236,0.6270266927829503,-0.9280600490064153,-0.6927511879641032,0.6743298674443617,-0.920840117319705,-0.8323295020997061,-0.8913885644414128,-0.6986019758873678,0.7721817569245489,0.9803665284369842,-0.8751355881707955,0.9214553112521292,-0.8400077409446481,-0.41368151361523947,0.8616944553264542,0.7671859008497448,0.8877364482085477,-0.6503038084361011,0.9154223884215613,-0.752614341565527,0.21782862405143824,-0.5978513988856006,-0.868734014823216,-0.8729946523406803,0.2769367970890631,0.6136640856815284,-0.5677980015869669,-0.5404774204218907,0.839606063358026,0.9741632409754533,0.5848553755675059,-0.7355974431721426,0.6531338754848915,0.9344702672918717,0.8368263213801169,-0.36536331103480163,0.726187518670624,-0.5879934588998563,0.9139701484060367,0.7703986703817807,-0.8724891048478027,-0.5510902515382201,-0.20596383518772585,-0.6447808536003135,-0.7192038364672866,-0.8072537768171907,-0.1559490502924079,-0.6774601539609731,0.6994159873860849,0.48968424529348165,0.9107312661955124,-0.5846030185545965,0.9666425115615565,0.4955134853118896,-0.8488131375781273,-0.8402756775246025,-0.6910198815963675,-0.5506945159739844,-0.7333610152798522,-0.7335806446040878,-0.8339888764642972,0.8522827658747933,-0.59273662438555,-0.8544776808199831,-0.7365408783567166,-0.3622246624611488,0.8410118681345821,-0.7774062819019083,0.8185553700800603,0.9919546190361441,-0.6960874914233204,0.5960855943238671,-0.9176928285007422,-0.9113512567899569,-0.023671307946222374,-0.9246047969070041,-0.8148346720738889,1.0,-0.5871181623123368,-0.6673808100459779,-0.13355318184534556,-0.8861119306430206,-0.8221606109875891,-0.9053486780059459,-0.40215162237649354,0.7322336710647828,-0.8743067909784704,-0.6551344882398801,-0.7678031568821281,0.6516183714028603,0.7849919884705302,0.5738883641268852,-0.3048352740213947,-0.1324692064348701,0.41532520382797933,0.6917402265663553,0.719914901675076,0.9741180992365287,-0.883199800334882,-0.88205911350571,0.449290806841166,0.9864652416708333,0.7774080858911566,-0.9398406092359924,0.5848017866618282,0.9094071818096394,-0.8153491839095418,-0.8653127457247544,-0.33790814337514674,-0.855294777187363,-0.8004215326372406,-0.8678123336183416,0.7627392070290377,-0.523487053195439,-0.5897651809974276,-0.8718069180216305,-0.8095142157809544,0.7282515501975763,-0.8729859570008356,0.7198930596207604
SZUA-401,0.3258726126499431,-0.6793200455874822,-0.32845768753740423,0.19787292334387402,-0.13919921173769179,0.41720292248089874,-0.5208524335045287,-0.24328447082603616,-0.23849757689603918,-0.26630232987848507,0.6274014487272735,0.632936701054605,-0.5952586676971529,0.5333432502766245,0.8116665547942176,-0.021085792653415505,0.1447477337692657,0.48527592937472414,-0.0726463323624841,0.34636009022904213,-0.10256571215418162,0.47605695603417686,0.17528211896961857,-0.1341785910244964,0.6075842666411535,0.29029610642684395,0.46491554297687054,0.42089496608393917,-0.39264569659238713,-0.577437531339075,0.7666779452202309,-0.5168374756549098,0.38481011762489886,0.4165124010758583,-0.5384414929412952,-0.4482259039371362,-0.5578568592542695,0.2920982955565943,-0.5652649109331948,0.556252684750422,0.2759310470870324,0.30370952082897235,0.44994174504702034,0.438710162566419,-0.09193638609583223,-0.1441037625689093,0.4869639110243169,0.17879244188376253,-0.5999546932943746,-0.5110895919244035,-0.14395091845657265,0.5393305634037573,-0.3063478978797757,-0.53876720891754,-0.2551152495960394,0.05211263739812988,-0.3918056134352291,-0.005829542936339711,-0.47502345440906146,-0.24394887208916383,0.43659389338813415,0.06806682529021586,-0.15222585238788983,0.2655151586260535,0.34433301711937475,0.339021947512031,-0.40634138760299154,0.23241772824380005,-0.30252311829429746,-0.13099714465147744,-0.7249487838740745,0.09423987885091724,-0.6359892236657395,-0.09002594270027447,0.5029244300109402,0.3270131518714108,0.22425191628449384,0.3174436660233263,0.5422973900680115,0.25639272938004404,0.4273716369777623,-0.638871858928322,0.0008232505404323331,0.32435363871974643,0.29853120305775616,-0.2375081181779831,-0.5864732706280651,0.21038346357361282,-0.5350150787395381,-0.571725097119257,0.08640169212109804,-0.3526010192113191,0.555751350869847,0.4362613535651703,0.2479413126078302,0.48115378154255667,0.3901556066882913,-0.5871181623123367,1.0,0.43233640997455597,-0.4750543098938948,0.36909651217774225,0.4378074402589979,0.4360614440879474,-0.040813134714296144,-0.39818791928532105,0.49042297159305065,0.07809949251872247,0.4280476412390514,-0.4001211386231308,-0.3983953863205942,-0.23652974284877532,0.8430954353492851,0.5274422202495994,-0.02174641420018859,-0.3024335473312064,-0.20622244373394952,-0.5204294318436223,0.5116001676037979,0.4233556565689612,0.004324575091730709,-0.5513459444292652,-0.505656024874202,0.5603726072271079,-0.2793630268343024,-0.6486338281077583,0.40233278291035873,0.7542387624785203,-0.0012447763628769535,0.2585837880264988,0.43505237731087154,0.7277906582919388,-0.3668395162586386,0.20194849376097135,-0.05099506300688994,0.4657013700080729,0.18288677639713977,-0.35438626615733476,0.7458793706975904,-0.1989116957864775
Salegentibacter,0.177083766004411,-0.6896758215175812,-0.8282888219033077,0.9286903488294095,0.6160289460362962,0.8042952483885936,-0.846235373890493,-0.8088074782531266,-0.8056967913333035,-0.8096147377437574,0.8680805693398564,0.8919554459562887,-0.6894420040324449,0.9310744045826306,0.555346599132225,-0.6816823831792198,0.5388061330389218,0.9230425107291486,0.5305067581534725,0.8931156233903021,-0.8139738087125689,0.7919424292999634,0.6712491322682911,-0.38685459976454634,0.6786327052127918,0.798801664320522,0.7821754609186744,0.18481778144431685,-0.87225411900663,-0.7745187835241516,0.7890656149475448,-0.8205034588878829,0.8693172525679838,-0.1356345138268063,-0.7950913175937689,-0.7992659644935537,-0.7930371620918355,0.9432697918940334,-0.3520334816054306,0.8520721217867671,0.27578080794877324,0.8369591999221513,0.8620969078969822,0.8502291919798309,-0.5779737840171362,-0.7751783199026658,0.7303605916410755,0.8691754266770624,-0.7462534789965685,-0.7642456100132717,-0.8622094513906808,0.9140257936616781,-0.8835751026458484,-0.8091948636356276,-0.7812251223028244,0.5787879710863072,-0.7936436862034498,0.4494325395757291,-0.6397141692899806,-0.7970574000657933,0.8357102755942848,0.7011484966488577,-0.1312093211866485,0.9076297737045798,0.9296446048258531,0.8076300057294281,0.3143637295939283,0.8862030595662476,-0.9228273922749463,-0.8057612040826454,-0.4146710341085216,0.510391994544109,-0.6234352732589875,-0.8534938690623518,0.8709428497596254,0.8218438341027874,0.6518036693643147,0.605818792425258,0.9056476427853488,0.8769392855640817,0.897916889335789,-0.35627892039681375,0.6712746467354854,0.8274919221312759,0.9128262804783207,0.4705438837543732,-0.7769250417051901,0.5882241028683456,-0.77516989443493,-0.6922400234217231,0.5640759342482432,-0.8925608017697936,0.8790350213886169,0.763004822499808,-0.4332033929603409,0.7414805925958868,0.8654706761193316,-0.6673808100459779,0.432336409974556,1.0,0.11378047261137238,0.8153292973145619,0.9012719381413542,0.7970384904159685,0.2741306045365308,-0.861366732040623,0.8784244377134933,0.8204510023122735,0.8788605796126763,-0.8405717751883345,-0.8671768478627437,-0.719790833326752,0.23077118287838824,0.3711015117057519,-0.7785136582661375,-0.8940284525040092,-0.8743938666700266,-0.7580667590331909,0.9030620635483196,0.7308022072445328,-0.8114008030473532,-0.7331728547838162,-0.8010806416800449,0.7429534120288449,-0.864480712980245,-0.711248108390406,0.8998385262327243,0.7314513751516003,0.7667085274971418,0.6829498644337002,0.9515004592570228,0.7992391046465542,-0.872776940947529,0.6713371248398644,0.4386665119834059,0.8654283259149833,0.6678730252744374,-0.822888230768352,0.7546407896933762,-0.8430830806000388
Salinarimonas,-0.11532684719255104,0.032501010149384495,-0.2214625953062638,0.24963605980093392,0.5325283571177081,0.2293473312572975,-0.20005022468543798,-0.48050991879994565,-0.5045756740680323,-0.48478162773998007,0.013303129178303163,-0.05616394063512426,-0.10756053479123286,0.023268806782195377,-0.3177858699110883,-0.43172398504216813,0.6821082875319857,0.1085275798152779,0.7351459673559522,0.26547164059418804,-0.47660282603352255,0.3323364344427239,0.3340304271529147,-0.6780932151171088,-0.1441844451665885,0.5300297154233143,0.1293026772251733,0.09635150202669474,-0.24089903226347525,-0.099013524762041,-0.11636931174041823,-0.18805296245798603,0.30247268733885013,-0.4167980233014099,-0.05809893146274059,-0.12015472805635587,-0.03806027779798512,0.1759580258564456,-0.058927028877553696,-0.10849878900971285,-0.2894954676970186,0.1422593895446126,0.3422952293503291,0.2729020709033845,-0.18409585795335132,-0.33616208786272633,-0.4505448796886685,0.3366856241820979,0.03175248136176858,-0.25031893829784413,-0.4731370313052942,-0.010853849554436606,-0.31109223194078905,-0.14444435439410863,-0.35417412942114695,0.1624352309235932,-0.1606634358583323,0.5282141139617023,-0.2288919507854743,-0.4544524110857609,0.3457073692007901,0.5927249071663107,0.5010016792790942,0.11241016181007679,0.3051007636098857,0.4995277731775805,0.7398933686155883,0.3291153501920684,-0.3309752198326078,-0.5081696556837912,0.17018501053655133,0.28207853588528375,-0.019756793643754468,-0.5086900823329378,0.09946207771037444,0.46874214982760226,0.28499366809009596,-0.0036789031532698277,-0.009412013274566316,0.4573607578903068,0.29109793637897274,0.16441607664444838,0.7224808705855196,0.4169772773353794,0.41067584608946406,0.8206401580544012,0.00494992048026904,0.49005225592273954,-0.026144721863165517,-0.13623411237060234,0.7367632820442805,-0.2610726905115641,0.1911620894120197,0.27211593288158337,-0.6026988577689656,0.3264568756110095,0.3344714856188651,-0.13355318184534556,-0.4750543098938948,0.11378047261137238,1.0,0.34546208891484176,0.2294060545137344,0.38328740038831677,0.6357446660641626,-0.2081861951525514,0.28153225269543075,0.6069990224734773,0.14548053434071404,-0.4271624703472305,-0.3846817431201494,-0.307873117262668,-0.44383454342956474,-0.491576952983445,-0.5484071167526033,-0.33705439442934215,-0.4579395581521851,-0.19056246038542465,0.20361888484553609,0.201053897279533,-0.47591341662270653,-0.1924163020851034,-0.08601238058677768,0.2945159483249735,-0.4109344702021017,0.04984609747469337,0.3617757038648898,0.02879728410699422,0.35243387967571305,0.5035232187114534,0.27721827147024325,-0.17745920426335698,-0.31731642963515744,0.12361866847703938,0.8079087437823224,0.23843113724190368,0.57502541098447,-0.4445529313337575,-0.07774523785140583,-0.39270267587878893
Salinivirga,0.5833013940251458,-0.8593294591623994,-0.8918600585936571,0.8000132770402346,0.7095831098171459,0.9771283683556932,-0.8937457020061366,-0.8997648732985096,-0.9199190914806505,-0.9188336098587384,0.8806772031926223,0.8147290586338587,-0.8849206078356896,0.8182232351403781,0.6076421679160958,-0.6188697610895427,0.7229918789016154,0.9311338615241942,0.7427893703862107,0.9698906942070638,-0.8810670534615863,0.9780191493490039,0.9073335838944073,-0.6736273069327745,0.8323284014111947,0.94368059231352,0.9557968175551048,0.6164017732101447,-0.9285985231440809,-0.9231892951923101,0.8219807591871544,-0.9465126128099565,0.9741944097094495,0.1462173956792922,-0.8815592257874088,-0.8489378008658501,-0.8926377964389449,0.8690086558082908,-0.724671644743741,0.7334275417594942,-0.12096484685717108,0.8408927699115418,0.94204382741032,0.9873746539653692,-0.5147439433972234,-0.7993069899500411,0.5437599649185534,0.8195038459438315,-0.7895455343508745,-0.9513868249120797,-0.8616743104270731,0.7621783093945972,-0.8938414988744894,-0.9367122799539308,-0.9434717669560078,0.5478229423933001,-0.8489465398685999,0.7807021013513475,-0.8689116924709842,-0.9220342030970924,0.97682174664199,0.7874917060891842,0.23468838820120635,0.8663522729012885,0.9272664495371493,0.9190226815261212,0.46206170340455416,0.8913704642431078,-0.9153152338678168,-0.7957083213654083,-0.6506694851677218,0.8135614430225078,-0.8468784699309722,-0.8066035356711015,0.9338408279201469,0.9308492697249501,0.8881607196663087,0.724424009547552,0.8081888405122011,0.9457487501118929,0.9651921322280871,-0.5957313173880985,0.8355834573652834,0.9699928984767442,0.9413579650687215,0.574108094451806,-0.8331206287197961,0.8542017018081158,-0.8268182785598395,-0.9050189088869581,0.749380825827709,-0.8504312491346506,0.9481382832192363,0.9832997621400434,-0.37798514456267757,0.8957745496381982,0.9607806398675486,-0.8861119306430205,0.36909651217774225,0.8153292973145618,0.34546208891484176,0.9999999999999998,0.9583523897426446,0.9792303877434136,0.49011163246433354,-0.8716258637874787,0.9538406029279329,0.8801890412564407,0.9117387358547372,-0.8556586306446353,-0.9273231609374923,-0.802956167693519,0.04207064367421585,0.07087750034444287,-0.7150115249596234,-0.9237842526139898,-0.9336743744178012,-0.947534800393049,0.9342008097935496,0.9629012276265794,-0.7529413254793786,-0.9442100596329388,-0.8226495216345532,0.9248022260924235,-0.8572928772786219,-0.8088528836706307,0.9041791939643918,0.7351417468574382,0.6556294722644662,0.954005053092253,0.9306484415462586,0.8476294624090328,-0.9293147881864208,0.7987898543480357,0.6891176190993482,0.9549831290085636,0.9175986494692002,-0.9041285555949269,0.8239675499377654,-0.9011556220057166
Saprospiraceae,0.428855013217233,-0.8217549463998475,-0.8582147531875118,0.8284476479689671,0.7278463565166432,0.967181529832866,-0.8880188720654316,-0.9304833052398962,-0.9330150026463782,-0.9391426820384435,0.9213618121424001,0.8911650470439498,-0.8482510449166761,0.8907159585178954,0.5871141422348466,-0.7395920276813681,0.6169152604471791,0.9795677765996361,0.6075903347306889,0.9715630984125538,-0.8817846488926814,0.935589094032177,0.8584262799345438,-0.5473351343344951,0.793656585728752,0.8933225340368627,0.9317318485782043,0.4425465762798912,-0.9158974597586629,-0.8837993670279268,0.8430121949242558,-0.9010034924596577,0.9935063128302603,0.03655006824866903,-0.8309823075019062,-0.8113332068623857,-0.8504871021323553,0.90822292895897,-0.6254951563929401,0.8320813096066745,-0.05013579941025283,0.9139569047941085,0.9562823785939584,0.9733841768361009,-0.6592384385551866,-0.7309127972900905,0.6175802700231701,0.9007575992560352,-0.7361921387505755,-0.9129154235105905,-0.9159894984549433,0.8665565353246913,-0.8956863276947457,-0.8849446245394885,-0.8668119095171862,0.48257348183022014,-0.7956958789722692,0.6819406100208392,-0.8696371013318677,-0.9410665192128501,0.9705882992329437,0.744360023075299,-0.020104476626666916,0.9074661950385379,0.9536095224766096,0.9150500378112039,0.32676041670827777,0.9101689776963998,-0.9424302951474317,-0.8577008347864401,-0.5846675083954151,0.7378617583246024,-0.8191184365104847,-0.8412290957394145,0.9769436162966815,0.92710794122847,0.8620609261164284,0.7402639611223649,0.89789967001954,0.9572833296630335,0.994085403312273,-0.4739376270428013,0.7583635160204004,0.9229332057031455,0.9562069913465151,0.4434513803734858,-0.7834679824012717,0.7189991925882427,-0.7712956868078145,-0.8281338613055288,0.6292319536143068,-0.9118602401718539,0.9616616980458835,0.9270457540861778,-0.456567030197188,0.8471779063284293,0.9867228569083252,-0.8221606109875892,0.4378074402589979,0.9012719381413542,0.2294060545137344,0.9583523897426447,1.0,0.9363524952658574,0.3873472795025076,-0.8619417889394484,0.9725026798842692,0.8566346816214684,0.9252580958432477,-0.8819389921110893,-0.9294046346710305,-0.8032764080046655,0.1505019352323402,0.23794108448889195,-0.7667273719187384,-0.9582463557269252,-0.9520950719864393,-0.9129816059715056,0.9512361417760081,0.9138458996452231,-0.8334830139397832,-0.8859668280031783,-0.7735773529578226,0.8664730602453257,-0.9040540041942497,-0.7530092977571992,0.9302459006629886,0.7600355249675538,0.7797727977125632,0.8471821948710325,0.9569584051285095,0.8804511063456756,-0.9151157311947091,0.8044786242403692,0.5439969315322757,0.9669976706308041,0.8215717478541288,-0.8882026547141303,0.8581743184408713,-0.9504602604537434
Sediminispirochaetaceae,0.5151463600767866,-0.8831690237524106,-0.8794661664816371,0.744256724224609,0.6177098254256724,0.9439799733591072,-0.8906177746953311,-0.8886295531325907,-0.9106559495083698,-0.9157621870881383,0.8526311742130308,0.8222653220372069,-0.8979313820656458,0.8066782672128894,0.6528462235144886,-0.577480815317817,0.7989906324698989,0.8984819116064026,0.7583236636230759,0.9252537862261527,-0.8394673127979239,0.9976989652628324,0.8380411056219019,-0.7603758883508557,0.8056216410478134,0.9713597731477769,0.9040048736520526,0.6362216999714573,-0.9222346008483127,-0.9200470120566597,0.8489334881761498,-0.9568314346905356,0.9500757962702506,0.1767520014984125,-0.883920393193762,-0.8582216485534789,-0.8965016554672396,0.8044417962409522,-0.7588538278906463,0.7299890065471628,-0.11442803851828508,0.7569032333365739,0.9715318453646717,0.9755599584658453,-0.4536168461869942,-0.7752454830046858,0.47955172483554637,0.7548447568838054,-0.8144393458195663,-0.9571647692498134,-0.8294656580972756,0.7555341963257041,-0.8663176645854307,-0.9438458778490735,-0.9249253388586564,0.4793096607020771,-0.8316321439373991,0.7177196672991615,-0.8869239317935689,-0.899529805315685,0.9879919034641518,0.7724939832655288,0.2687131738943474,0.7843478935683024,0.8917745538110714,0.9602404210408044,0.42211994319258156,0.873877341819236,-0.9010218930860644,-0.7689213526282738,-0.690577100312506,0.7118232425824961,-0.8693306522864388,-0.7719713977675488,0.8978204665829955,0.9612596573496442,0.8172478753690686,0.6353857120436843,0.7965780063255775,0.9224247006241132,0.9593814904290934,-0.6304786617112292,0.830911294726092,0.9627629908906963,0.9222088832318448,0.5955261434827328,-0.8417805277008252,0.8516062350805953,-0.834078742456327,-0.917012938582036,0.8065027930889582,-0.8189288092025682,0.9611788454074022,0.9645889176916667,-0.3330405877929,0.9489980044588588,0.9518808231394023,-0.9053486780059459,0.4360614440879474,0.7970384904159685,0.38328740038831677,0.9792303877434136,0.9363524952658574,1.0,0.5525184137150234,-0.874481474584998,0.9696343982511687,0.8601984745996165,0.8559443974620277,-0.8769826022445834,-0.9482408742399834,-0.7821491211138765,0.15947935617258394,0.08912423358329429,-0.6670555279433249,-0.889626851500971,-0.8979777165467534,-0.9409592522509685,0.9464473704138285,0.9189027811808536,-0.6984331392323437,-0.9556814240691358,-0.8333976770752608,0.9714238367013309,-0.8431427502373814,-0.836433845970957,0.9370587691355944,0.8207617050376381,0.5876815995445109,0.9573526704048048,0.9296335987781288,0.8286800806063448,-0.9290956999267593,0.6934080882399758,0.7455918187136392,0.9417720340893901,0.9230332984769453,-0.9110380550818952,0.8529834998305349,-0.8616064874802445
Spiribacter,0.21592221514312018,-0.33609025158782124,-0.4247244704988193,0.36779562044729697,0.24770263371426535,0.4127009424711937,-0.41528630246408543,-0.43707209055744284,-0.49022525692880453,-0.48140621249441734,0.27548079616712134,0.26040700386843857,-0.39652577040017944,0.11434515595171432,0.11074149887744482,-0.34236244866994003,0.6829700190971286,0.33222991392459206,0.5291890382762866,0.383542956295802,-0.5561351933197726,0.5188248676933304,0.406177573692743,-0.5372967587865843,0.23228652559723736,0.6147651657072357,0.3470745510264615,0.48427328764497807,-0.40342366976011396,-0.3799812613137906,0.22626888960269118,-0.43240107821595025,0.4258214620164195,-0.0629276049590513,-0.33929679229356285,-0.3424742815460975,-0.37267030473366985,0.30790163652397373,-0.3221235922564331,0.2966714044862532,-0.2629934570857389,0.21733755150152145,0.513993578709476,0.4863855572288256,-0.1740715150931766,-0.43103057335156775,0.039513564884516676,0.28176182252729864,-0.3296453185086013,-0.4589237776960312,-0.39170850673361624,0.1097359156469321,-0.44478646108231606,-0.4149384062604652,-0.5141587928649805,0.04559260243928921,-0.4372297550692767,0.4613753728026292,-0.3983623709691184,-0.459266905439465,0.5171348234720515,0.38537614458690667,0.3456597219059359,0.2815870199478157,0.3465515715403098,0.5744502363903246,0.6717883551077916,0.34892918372675175,-0.39570113739264345,-0.5059295513300238,-0.27077153608281673,0.3546950078546891,-0.37087188601659066,-0.4852704394415757,0.35217526220028006,0.534945638106746,0.3573035511807113,0.23112267006978907,0.16404363814751927,0.472597372588753,0.4372870108616517,-0.25915318248670616,0.5657832500490784,0.46062654855631213,0.4411340803871043,0.6984888105422836,-0.31674113429691664,0.7232137072192444,-0.3297681561128951,-0.42807667433818075,0.6721530818601429,-0.4240868936970188,0.3717695819244975,0.442187246904932,-0.35326530955826435,0.5418638706675205,0.419807502823369,-0.40215162237649354,-0.04081313471429615,0.2741306045365308,0.6357446660641627,0.49011163246433354,0.3873472795025076,0.5525184137150234,1.0,-0.38183665963602126,0.41659559823296166,0.4752269340454733,0.3724248291176725,-0.4530261076320852,-0.42895146483834456,-0.24997177132431264,0.08884996232695976,0.005579580709722271,-0.4195144771231003,-0.3974576662192238,-0.4472238283776151,-0.36715408938891997,0.44676162744001674,0.4509349959864206,-0.34748934055567815,-0.4369620904550264,-0.350310876480713,0.4759847844980726,-0.511733184165618,-0.3415273218033587,0.5280969562598693,0.2800619097309171,0.3095359714209806,0.6561496882200204,0.41775776234597745,0.23466616101735846,-0.4292235394335954,0.2774850324310847,0.7203238716380779,0.41378119214132864,0.6042664806089805,-0.531848722264138,0.20077694725238254,-0.4046857876910799
Sunxiuqinia,-0.41730318133192507,0.8062958305961098,0.9852933920603345,-0.8534651607859537,-0.5378085932629229,-0.8378107844571555,0.937493637834141,0.707007773574403,0.7235990757973161,0.7320570622443802,-0.8123060405453888,-0.8203956645676286,0.7137025652295125,-0.8208043772921696,-0.6421408108089436,0.5052909531287381,-0.7265826989276429,-0.8789417447631707,-0.7195149725437433,-0.8999518516781291,0.8205114295232907,-0.873235317365448,-0.7962877041756036,0.5713651526323775,-0.7710728410408049,-0.876774242766146,-0.7719188412966654,-0.525890783478031,0.985791456997176,0.810185611046574,-0.8151075635508805,0.9281258753895805,-0.8521092079907701,-0.09876344031229718,0.9385141815487676,0.972920016287556,0.9288702874574802,-0.8607610414801691,0.5381194059192966,-0.6784530578342329,-0.27380696088461504,-0.7430522570365182,-0.8649007923194183,-0.8943523695352171,0.263811594665464,0.9324983868188457,-0.6115586085908412,-0.7371618741018753,0.8953178817041147,0.7761760802839076,0.7828391163069298,-0.779328419452358,0.9243590841189524,0.9095859751286854,0.9278364033866195,-0.7588931795896754,0.9633224331617457,-0.6400745963441784,0.6561532482254605,0.706850202537151,-0.8727324807607559,-0.8206657542312903,-0.25419896860836394,-0.8629931590025093,-0.9064732622619298,-0.833969594270179,-0.39239086402809054,-0.9170089124897637,0.9474830637452669,0.7106609821241394,0.5095212811243911,-0.5973797839550639,0.6818394158520417,0.775466722095834,-0.8243824155289233,-0.8471845245605634,-0.7400131705287116,-0.6322736690019716,-0.7974183663036637,-0.851797266069577,-0.8688950189448559,0.557767038982563,-0.7803388445955406,-0.9047794565907966,-0.894953654253639,-0.5873041736646817,0.9275007428768995,-0.7654565076713334,0.9312179055178654,0.7768703894174449,-0.6573501110359605,0.8539481532912522,-0.8713209401614593,-0.8460838917475226,0.28377190157697485,-0.861291945077696,-0.8329477727995954,0.7322336710647828,-0.39818791928532105,-0.8613667320406229,-0.20818619515255138,-0.8716258637874786,-0.8619417889394485,-0.874481474584998,-0.38183665963602126,1.0,-0.8755119758688468,-0.8267973051346392,-0.7864308010851356,0.8071335632315724,0.8819207439240805,0.6884275066561304,-0.1343657852111385,-0.06185190043342126,0.599959804532835,0.8754236287817901,0.810464876137978,0.7758108933858585,-0.8967727872132085,-0.7820939484091557,0.637026367359403,0.8096806979907397,0.9556256875031017,-0.8560786937918391,0.8400190698365487,0.8468371419209177,-0.8718655844498203,-0.7546580473537006,-0.5794552313177075,-0.8376431989571068,-0.8939520498693531,-0.788566923494836,0.9833005082205403,-0.7221402908797911,-0.6469850468081763,-0.8829627443176004,-0.8181801548719629,0.8901888792926698,-0.7654082857522824,0.7376403889600398
Synergistales,0.3914819285288982,-0.8664415410580626,-0.8605870822719698,0.7765999878605039,0.6289912323422346,0.939757778068022,-0.89158283654685,-0.9256178953086014,-0.9300701354674207,-0.9416112285186249,0.9003539011447991,0.9087955616886721,-0.8868743673074301,0.9077986657632074,0.6431900753998078,-0.6481733173303472,0.6977197029186772,0.945578067628527,0.6681199429440895,0.9381150881055758,-0.8467536850150111,0.9702060311075674,0.8030960556222914,-0.6786749168687917,0.7992152147263567,0.9422350718626809,0.9015596020457278,0.47778039775519143,-0.9210703790595187,-0.9057874854316103,0.8687778367304644,-0.9331116782637711,0.9718587962805287,0.08676074022263733,-0.8589206437154788,-0.8370973536915892,-0.8749169926934757,0.8420670332889737,-0.6917979871544928,0.8248655630080238,-0.056556302076296056,0.8141774340325855,0.990520176499975,0.9681862864624575,-0.5524950792728154,-0.7446004577028439,0.5470825762420337,0.8243786337429796,-0.7907332070494937,-0.9410369820783214,-0.8778528200162017,0.8778139934274466,-0.8606533770387838,-0.9179259466381903,-0.8813764482466372,0.46281110804322184,-0.7941673401580372,0.6215336890288569,-0.8928322960132256,-0.9235181576575598,0.984085798838993,0.7617732764582558,0.06780683412728564,0.8210659816802639,0.9238065511443365,0.9639614240754638,0.30046482248335143,0.9007761253727987,-0.9306174960946222,-0.8028900418477448,-0.6542389383579439,0.6439966831230957,-0.8561331167210263,-0.8009759959671139,0.9410895051315541,0.9638085261550075,0.7981642812345286,0.6500012245533071,0.9058000869223536,0.9381520365287339,0.9845992358067562,-0.5546269298815901,0.7847248403890716,0.9343130587943402,0.9447933657872253,0.49587762740760305,-0.819026473045489,0.7479298004000231,-0.8043986038405101,-0.8736100084177327,0.7317257472979528,-0.8491963111253741,0.990273561803722,0.9255898128159916,-0.3714220499986103,0.9233353287721496,0.9753221172263329,-0.8743067909784704,0.49042297159305065,0.8784244377134933,0.2815322526954308,0.9538406029279329,0.9725026798842692,0.9696343982511687,0.41659559823296166,-0.8755119758688467,1.0,0.8544766593739695,0.8706787060019276,-0.8912906405013319,-0.9574697152561071,-0.7939381296689284,0.21596162613931608,0.22071288426981178,-0.7080842581320096,-0.9273123642887054,-0.923057570931651,-0.9363082956070045,0.977709038603396,0.8732145908665019,-0.7684997688129713,-0.9240449363636611,-0.8091964620198216,0.9352191813239227,-0.8642548629619082,-0.8107316150979256,0.9680253028698067,0.8547579788819823,0.682471113423049,0.8755556174668642,0.9680152017014156,0.8546897079240333,-0.9248305780149761,0.6844618217913498,0.6363214679844411,0.9695240196903344,0.8694106029678077,-0.9080638419700459,0.8800343674495827,-0.9078497470157061
T1Sed10-7,0.22826023618566443,-0.5815282248358412,-0.8146335210682611,0.861507337034217,0.8276322152069032,0.8114582726012111,-0.805526733063317,-0.8964183646097481,-0.9088159211383101,-0.8979975855841267,0.7355368689532699,0.6608364032238083,-0.6503343739319741,0.7596006331856937,0.30951335519598505,-0.7262905372954411,0.7916568898526802,0.8125032357154113,0.8722491605903867,0.8989668515999855,-0.9045541553299787,0.8368352113147751,0.8095793425463665,-0.6958033872587598,0.5428392076374541,0.9222274910953804,0.7525007088613113,0.3023287737678991,-0.8538430951578363,-0.7219843292728634,0.586204471767279,-0.7961560763023576,0.881441363790834,-0.24475400468072264,-0.7169760296603743,-0.743968841213862,-0.6984757478733035,0.8586670069309618,-0.40721947973098677,0.5630442826681096,0.0335840647176625,0.7854086860347592,0.8558516563341573,0.8517181187506243,-0.5009270116675375,-0.8332753118688911,0.339126981823456,0.8822500966165616,-0.6100340897835783,-0.779342613536586,-0.9326726366254467,0.7160093800670431,-0.8849223549901495,-0.7654350261040721,-0.868054002037304,0.6528178838423506,-0.7648138506651927,0.7738341921280433,-0.6701994924827518,-0.8856278549342275,0.863587771859809,0.9342707558934251,0.25593247909979455,0.8168784736669347,0.9267006599690765,0.8891549280004527,0.6361576860892969,0.8978565711104944,-0.9194162554322738,-0.8813596125021096,-0.2892481196336067,0.660399825066396,-0.5467159506643078,-0.9234651091307299,0.7754259095417209,0.9033871912722787,0.7696009054594268,0.5599715604324228,0.7025334840106668,0.9558920504846783,0.8752011420637162,-0.2755517892694456,0.95123236056122,0.9313789658462452,0.955305629678702,0.7904694357411877,-0.6643634948778604,0.7768203664825601,-0.6790654614249427,-0.6787786639941392,0.8320274848731339,-0.8455266079878387,0.8163709793425956,0.8199300754997901,-0.6158734648214217,0.779252171206914,0.8800796204099189,-0.65513448823988,0.07809949251872247,0.8204510023122735,0.6069990224734773,0.8801890412564407,0.8566346816214684,0.8601984745996165,0.4752269340454732,-0.8267973051346393,0.8544766593739695,1.0,0.7966558892928574,-0.8732647182393439,-0.8967062905474555,-0.736774991101202,-0.15881859528368958,-0.12392153587664408,-0.8839701855362102,-0.90350937167442,-0.9528302324907365,-0.7612516928395957,0.824403769033287,0.757781945017877,-0.8745869925325214,-0.7382685266361633,-0.7222252467994392,0.7793986865366631,-0.8876886651403909,-0.5794273347540041,0.8721031657680394,0.5808839634738706,0.7662853690065166,0.8601784095348447,0.889525099391722,0.5765347493201451,-0.8945071336291038,0.6810594234277028,0.7936012730162548,0.8489076875828299,0.8871126907630194,-0.9003754446184633,0.5841386618204586,-0.8907919548080762
Tangfeifania,0.5299679915874227,-0.7540387109205328,-0.8072667956159876,0.8867332976431467,0.6891039197901967,0.9344845306065933,-0.8417520574005801,-0.8367691813251705,-0.8524141396877533,-0.8437940974310153,0.9025022379304573,0.8422823023212934,-0.7876183918446416,0.8203557759412857,0.5898741576822067,-0.6752356047580916,0.4850501672452537,0.9121906345792312,0.5130571519543123,0.9493847546717288,-0.8185359045125429,0.8561650945521924,0.8569194912569142,-0.44002816335606393,0.7695398343487803,0.7985176774028498,0.9381506305215643,0.46247104369419173,-0.848364598707847,-0.8567912570509671,0.809847780098501,-0.8581569255048597,0.910915619330447,0.060566590348554855,-0.8168677066142817,-0.766800171714501,-0.8199884687376342,0.9496293822627474,-0.5373534825081889,0.7776645104338866,0.029060014392621757,0.9222788042888094,0.8380684283407824,0.9293398102291583,-0.6497222214650821,-0.7287520006503646,0.689098362067449,0.8697091967806633,-0.7256961328288157,-0.8612009291537717,-0.834846334756823,0.7925684047563335,-0.9056637720800692,-0.8571716450223408,-0.8262054287633694,0.49072463675789135,-0.7989184423408006,0.6543729151816323,-0.7170614842994525,-0.8662306581937708,0.887905132549504,0.6837109173303318,0.0030195125528740385,0.9187340807852657,0.912313431142214,0.7781081074417129,0.45669070845287557,0.8509622459893985,-0.86732055733983,-0.810509879188775,-0.5452245294528696,0.7941124028631084,-0.7241976891357357,-0.8325548592361912,0.9263908730647248,0.7857779686549464,0.8599041171787173,0.8333077488393439,0.851856252366827,0.9035404380246908,0.9128520312224147,-0.4785119896082793,0.7069260677737684,0.8483932351649129,0.8994341749725566,0.4424860003403063,-0.7743644486278294,0.7424752331325941,-0.7721049936282096,-0.8043207128701896,0.549654509836845,-0.9036901846044173,0.8791630157364327,0.9070300086201343,-0.43548626101566684,0.7159205661964242,0.9065726115526352,-0.7678031568821282,0.4280476412390514,0.8788605796126762,0.14548053434071404,0.9117387358547373,0.9252580958432476,0.8559443974620277,0.37242482911767244,-0.7864308010851356,0.8706787060019275,0.7966558892928572,1.0,-0.8490300041589572,-0.8670039141204317,-0.7897248858593889,0.09601241887308475,0.2661023631714738,-0.779329769691143,-0.8944673270675908,-0.8994868545558309,-0.8578923925374224,0.8851349786713846,0.9153706811811154,-0.7824559126983569,-0.8359733778693632,-0.770209291346856,0.7847977760585927,-0.8600315294400663,-0.7301920135413599,0.8164424332669978,0.6253039555804837,0.7140008901097629,0.8102728295776541,0.9222166565940008,0.8698877446985369,-0.8421498991284823,0.841758010605052,0.4341915109715006,0.8813136310620102,0.7334571104252434,-0.8111056498429466,0.7896635457680525,-0.8677230394864822
Thiohalobacterales,-0.24075896055693166,0.6403678986911906,0.7811780888844787,-0.8148908998639033,-0.7131093359131232,-0.8504664361234379,0.8615124798771236,0.8760737427718589,0.8834688929214649,0.8847164940290828,-0.7714865362575195,-0.753578782703724,0.6548469691210441,-0.7515429530921329,-0.4627873114717673,0.7850650592386165,-0.7032007726999608,-0.8125718301608613,-0.6472287023286221,-0.867371789466151,0.8094394360656894,-0.8577141571229293,-0.7651023488586649,0.6520480384404187,-0.5308286037679909,-0.8717405830334941,-0.7605096018905653,-0.3704331370787535,0.8535858757707672,0.7114328979974534,-0.7427352787592201,0.8014925812786711,-0.8691258018952785,0.12426047193590216,0.7309149927037275,0.7498993320099384,0.7152434206681,-0.8402497714258982,0.43494472536303075,-0.6093041342399729,-0.14195484195313798,-0.8187578629579606,-0.8757354305702574,-0.8788820389755306,0.6093321062200225,0.7088437148337163,-0.34423868882670705,-0.8618980364167853,0.635210329915633,0.7749034567087351,0.905597097002899,-0.7281583239884193,0.9151482743017373,0.7709502332066789,0.7542409798071463,-0.45181210346639294,0.7351454351381902,-0.6256977124136435,0.6709279968331261,0.8577914110047861,-0.901481492873266,-0.8204516269560368,-0.14837028899199678,-0.7643008910370982,-0.912660379561115,-0.8929448242722764,-0.5008193451352723,-0.8768008406095414,0.9079661872382047,0.9039804044286597,0.3671757163846877,-0.637337894994645,0.5992372912398034,0.8997050273954901,-0.7973545878125222,-0.8603834474907711,-0.7595864371203227,-0.6352932785490836,-0.7839108330075036,-0.9328215625971935,-0.9053114616641307,0.29123229194364286,-0.8443322044793781,-0.8570749691589111,-0.9330771301897438,-0.6038805882559344,0.6851259413566921,-0.687633285925035,0.6868602454487068,0.6763132973569936,-0.6969559471781992,0.919296835093715,-0.8514859055683164,-0.828407112130767,0.6232109600719455,-0.7480631832291257,-0.915675837191163,0.6516183714028603,-0.4001211386231308,-0.8405717751883345,-0.42716247034723054,-0.8556586306446352,-0.8819389921110893,-0.8769826022445834,-0.45302610763208523,0.8071335632315724,-0.891290640501332,-0.873264718239344,-0.8490300041589572,1.0,0.9540671962993289,0.8443267174374939,-0.14617947400615863,-0.1402050700949994,0.8397174540994917,0.9058959168165444,0.8995679483283381,0.7487219664598784,-0.843554470597199,-0.7648570682851653,0.8134059127536305,0.7466121744219824,0.7288452782332407,-0.8240071541327477,0.9443141451520468,0.6104259240561797,-0.8663725892856395,-0.6900432944547333,-0.7150508254279235,-0.8000667152277235,-0.9177222513190242,-0.6953059590268653,0.8843282167433951,-0.6945109302267886,-0.6237787844619734,-0.8299877072985797,-0.769088313810327,0.900129298520757,-0.7499550721389125,0.8289735975801074
Thiohalomonadales,-0.3466050170480456,0.7791844860602728,0.8704761395049709,-0.8184390967393319,-0.6697945154547692,-0.9112132865002297,0.8629504413232231,0.8977205866775855,0.9101114658098599,0.9142868890069947,-0.8099406464004241,-0.8283786678421422,0.7796621257532784,-0.8375194420848746,-0.6023225014423865,0.6794771489135766,-0.7468210289959032,-0.8700178243201343,-0.7239988347356063,-0.9257776299277037,0.8123933029365826,-0.9391058152868883,-0.810243145144687,0.745183052998376,-0.6812941709445705,-0.934826827891857,-0.8321059593347964,-0.4592803279020917,0.9250653525672804,0.8329499210652037,-0.835807193958414,0.9133019743038873,-0.9220806607119467,-0.06494672074907694,0.851293009768877,0.8615793877674901,0.8413428454587416,-0.8642851636174369,0.5903735754378705,-0.6916769559400813,-0.02682363901720569,-0.8039769327592526,-0.9443785543181592,-0.9429751877355688,0.537619431562275,0.7827930559201137,-0.46150416520762144,-0.8289579429452816,0.7667051145469995,0.8738990885328592,0.8926230789641801,-0.8019124882405588,0.9193806831656508,0.8897766792587756,0.8690938844433677,-0.499151967824698,0.7995627214684683,-0.6493192673839601,0.7818612291364765,0.8898948139732913,-0.9613951056675234,-0.8231746997467773,-0.18514748252280608,-0.8060153350511312,-0.9242182577478759,-0.9418426502761157,-0.4435045532694663,-0.9498550274191211,0.9473093019074114,0.8285046749471678,0.5182667833235172,-0.6497119868921339,0.7326034905279417,0.8467626990618349,-0.8539313655556953,-0.9380652083841207,-0.7947140187018359,-0.6404869958760184,-0.8441859852367221,-0.9451872779549481,-0.9561968416010558,0.4638228209192144,-0.8475926840416539,-0.9332086474186616,-0.9490958750519942,-0.597394956515004,0.7991921983702217,-0.7390904606383334,0.8063763432981386,0.805970013241766,-0.7495427125552332,0.8771409422494894,-0.9378959991829322,-0.9126428519525348,0.4439587813913237,-0.861757828720905,-0.9599521494470827,0.7849919884705302,-0.3983953863205942,-0.8671768478627438,-0.3846817431201494,-0.9273231609374923,-0.9294046346710306,-0.9482408742399834,-0.4289514648383447,0.8819207439240805,-0.9574697152561071,-0.8967062905474555,-0.8670039141204317,0.9540671962993289,1.0,0.8630223125354929,-0.10726152947930566,-0.08690790770891563,0.7519141288737322,0.9086162844767876,0.9176774550745505,0.8599050195874822,-0.9248625558456802,-0.8321825991349083,0.7848021690860912,0.8637743984857635,0.8243067332906721,-0.914542512547405,0.8909582887767542,0.7552519258185935,-0.9282195918239338,-0.7858477885483596,-0.6570273016931168,-0.8746273361053105,-0.9597096194764613,-0.7697620033579881,0.942573254209977,-0.6798013674278899,-0.6737376845967216,-0.891404845430983,-0.8400756318946001,0.8876520321051189,-0.8422553441679769,0.8710016592738012
Thiohalophilus,-0.37976029240221165,0.5836181423100372,0.7278868069794352,-0.7124060222795002,-0.7320404519349942,-0.8320309405636209,0.7029412906504121,0.797607737186078,0.7995469619938701,0.7999760537071634,-0.5955665857086724,-0.6372269913485777,0.5642127794475127,-0.6617214506967154,-0.4073643008498799,0.7020777989028043,-0.5065527582351745,-0.7268835311576675,-0.5365794630582016,-0.7950316239857832,0.70976119806721,-0.7662243065790856,-0.7422111041940502,0.5358801882993346,-0.5207415672552722,-0.7375638503533639,-0.7602049408095145,-0.34645586221653946,0.7851274308536541,0.6181910904613191,-0.6699215877639179,0.7109288028872299,-0.7890249468337224,-0.08906475313179105,0.6673577123573253,0.6838080546513986,0.6516642694910536,-0.7765707477822575,0.4066015374156986,-0.5377620649714775,0.03881783657197719,-0.7673471152151682,-0.7511484772397827,-0.8033868318083445,0.6642613522437635,0.6234294199391652,-0.3741470734390808,-0.7606198083507172,0.5448983345156523,0.6825701198331485,0.825878173428776,-0.5821939740242065,0.8077388939654319,0.6957561741456973,0.6817644435655594,-0.38581292636793996,0.6089433422606965,-0.5064698523969864,0.6041866113072992,0.7916754411883746,-0.8037798069878376,-0.6314464307386991,-0.18128306478632633,-0.7357547186498091,-0.8076657118242805,-0.7640572668645378,-0.4504813028529802,-0.842563294879007,0.8181387990614193,0.747534186607783,0.3284727087994091,-0.7497939459855932,0.5688771064136793,0.764946055013842,-0.7068876872478628,-0.7287712308222517,-0.7277212780678437,-0.5886629126695627,-0.7214059853480471,-0.8181379450725903,-0.8263480448938997,0.24045605512542298,-0.7145806774523842,-0.7590932708554199,-0.814545362765954,-0.44934204597255484,0.5936367719032641,-0.5161736183176876,0.601920367910486,0.6036756919950974,-0.531937608977914,0.753577532433517,-0.7562268627823178,-0.7819105265193346,0.5007645774094532,-0.5907111425657463,-0.8530451997470953,0.573888364126885,-0.2365297428487753,-0.7197908333267519,-0.307873117262668,-0.802956167693519,-0.8032764080046655,-0.7821491211138765,-0.24997177132431264,0.6884275066561304,-0.7939381296689284,-0.7367749911012019,-0.7897248858593889,0.8443267174374939,0.8630223125354929,1.0,0.12029783834204091,-0.1700404260345558,0.6767364869907109,0.8245166562480469,0.8100320639442022,0.6891913861390546,-0.7117057549786585,-0.7469594988462122,0.7563067575914135,0.6737007518569461,0.6102576970746993,-0.703253978244948,0.7738793803023001,0.5239639022521443,-0.7170174516649007,-0.5160213500669434,-0.617412294528363,-0.7042311918407986,-0.8102059716716741,-0.6386711305398735,0.774518136147888,-0.7175395580391091,-0.4528648891842274,-0.6939678566694292,-0.6510989180329515,0.7134963951820708,-0.6999196516866122,0.7591552816469902
Thiohalorhabdus,-0.06190572217861385,-0.38695034667339234,-0.04040132334556415,-0.035521168327394034,-0.40909271143682807,0.056897356222226456,-0.23607447449975807,-0.0036789369688782084,0.001594276077969374,-0.029945946575263012,0.33707614207961095,0.39393010378971144,-0.32758938241400226,0.2649947989423562,0.5606196392549617,0.10663528654354865,0.07391994879915081,0.21329000575047552,-0.25796265326242435,0.008806005080417626,0.1017869398928581,0.18659721532136508,-0.21645308479827893,0.05169804454260714,0.2804980279559388,0.07179159051525755,0.09191863514197735,0.14638394098410684,-0.08991364700091016,-0.2761122296428255,0.46917433374662953,-0.20810606062780562,0.09451531904602212,0.21503643223804794,-0.21321988096834305,-0.15094053775787586,-0.25264757245607644,-0.002502119971004537,-0.27929119834814636,0.4351131643375569,0.28278002405691577,-0.035294773804632106,0.23655811728817205,0.1247928631059065,0.04749160030905858,0.11194010976653769,0.3182338826498163,-0.08461748145431379,-0.33665177590855266,-0.22387274877057994,0.09492215137720335,0.3104632219955236,-0.013627680906803245,-0.2253832943411101,0.038863035889934394,-0.228258605967474,-0.11420396038220927,-0.31035643076405717,-0.24296633203932455,0.012605232639517185,0.15869108074935614,-0.211193678986274,-0.3095322828439722,-0.031187029962946776,0.041251392527624844,0.14790726806720433,-0.5018783152313273,-0.06562976960090827,-0.031233831956764442,0.0415200866496281,-0.5003892941251756,-0.30934023609290834,-0.3790679268341949,0.10956232060964985,0.20986716115020837,0.1316727528534473,-0.17429016722104607,-0.0635850602213519,0.2566058877443036,-0.02122152041367709,0.15509674798749817,-0.39883296282820807,-0.24874719155630803,0.029213483843391876,0.023906518443555683,-0.2856637469991444,-0.2861632782180019,-0.016829685227977332,-0.23769064117248134,-0.27101338400539127,-0.02445442298746384,-0.10982161706238505,0.2694335434104011,0.07001437316113364,0.2948495540987314,0.28893828890780965,0.09643195643010986,-0.30483527402139465,0.8430954353492851,0.23077118287838824,-0.44383454342956474,0.04207064367421585,0.1505019352323402,0.15947935617258394,0.08884996232695976,-0.1343657852111385,0.2159616261393161,-0.15881859528368955,0.09601241887308473,-0.14617947400615863,-0.10726152947930566,0.12029783834204091,0.9999999999999999,0.6246126877015705,0.14295913283378525,-0.012923595146082847,0.06308064742285321,-0.19337459502225685,0.2655689748018305,0.07500365946209216,0.19030474820523985,-0.23982808790024368,-0.2220067780320193,0.27983374605679334,-0.06903488435407723,-0.381813066492646,0.24102405904026966,0.5932445579151516,-0.12607229972021064,-0.020652527685053552,0.17167670635572363,0.42123974072520615,-0.07625499004002816,-0.1637588615057536,-0.13765207396625204,0.18355263819800396,-0.07560417944238668,-0.11552916466836702,0.44243475312012454,0.040170473377245774
Thiohalospira,-0.10120403126519407,-0.21379268221688055,-0.05071495501958717,0.18362385095267814,-0.13316795040857324,0.15009571309936512,-0.18924306089397785,-0.14720745259361745,-0.11937231759784352,-0.14434776139242445,0.3032111512634516,0.46444635056965994,-0.19739706193324694,0.33707158262873677,0.24901929808695134,-0.20584324270944418,-0.25682164650254136,0.3083898871334478,-0.4339327148033693,0.10066731127586948,-0.12482478721450822,0.09860703908463203,-0.10998819438497957,0.3493539584932184,0.22624252854451302,0.02025191473283545,0.21434832536621318,-0.16869093375421004,-0.09558039704753808,-0.1573790704794041,0.3104255984025786,-0.08880054881633154,0.17247123581112786,-0.028273374952490483,-0.08958255091912656,-0.028579439062579398,-0.14527531088734705,0.20019916871788768,0.02346203548426206,0.6290653523136618,0.14043165448906242,0.19755691947657164,0.21845535345637465,0.15658847208831214,-0.42204015660128197,0.07384566498953468,0.5185539916251929,0.15487627546907157,-0.15583998281280687,-0.14446744490526364,-0.11586110957658137,0.36623026939288933,-0.07671338247051848,-0.1154720260550488,0.055407727688047165,-0.2633917490646024,-0.03829053390878484,-0.45010455549860307,-0.14874836096753122,-0.13631400071225672,0.14507585130172346,-0.283091707927764,-0.6292817230232745,0.20329645468656668,0.1369513058053456,0.12681258445382132,-0.3045451834379637,0.042954066954430485,-0.11822825366546566,-0.15193928908834334,-0.2528824887082118,-0.06701253436780527,-0.26277889732958676,-0.11933155152036155,0.308320131856224,0.06571244027612314,-0.07356931821756976,0.11719463322281684,0.44025458950465135,0.07959079711829344,0.21911729402096694,-0.0592801544276127,-0.23495074581845063,-0.050726512177448696,0.11326367645835814,-0.3095182027738826,-0.124418846988858,-0.12300583434072693,-0.07767666112646218,-0.1133951868634123,-0.17266617033306075,-0.19813021472730144,0.2367545143353217,0.02289939105666841,-0.019133820978508614,0.07985378999905998,0.17103943627122978,-0.1324692064348701,0.5274422202495994,0.37110151170575195,-0.491576952983445,0.07087750034444286,0.23794108448889195,0.0891242335832943,0.005579580709722271,-0.06185190043342125,0.22071288426981178,-0.12392153587664408,0.2661023631714738,-0.1402050700949994,-0.08690790770891563,-0.1700404260345558,0.6246126877015705,1.0,-0.08932811899061253,-0.19102126561372257,-0.09867486615704069,-0.13671917526005412,0.26934771634268323,0.09999265921435384,-0.1507501987543272,-0.10959681971161693,-0.06446353769462299,0.059683146474933294,-0.1691325969927744,-0.1810177860445727,0.2518633040021443,0.29195051431828395,0.24778307509535918,-0.09536994328707059,0.2624550512001625,0.3942538527580982,-0.035443424881805,0.08226782248141551,-0.3500853331081599,0.1946528623849999,-0.12148818253403465,-0.1028089635584803,0.2878190733143404,-0.147136360396104
UBA10428,-0.028646395507602403,0.3203822213794447,0.5837771389440148,-0.83591258669136,-0.8719006987731664,-0.6927681992868086,0.6730228397677855,0.8592746632699408,0.856091095440632,0.8395568130297154,-0.6593002504805999,-0.5706145483808753,0.4498213047582333,-0.6449904482251139,-0.05487588603054802,0.8949453564863519,-0.5275114975476228,-0.7140542261895525,-0.5974086192434397,-0.7808490216278466,0.8541693021747709,-0.6330736058679397,-0.6920504159282777,0.421922747822674,-0.3075394954919183,-0.729422986864937,-0.6453483352251211,-0.025143155874651876,0.6508524497588157,0.5112575407873421,-0.3994588775582666,0.5508762651021962,-0.7752692328590371,0.5298083843104164,0.4493819888211031,0.46731224474685734,0.43711974590797814,-0.8214547492422579,0.11775098027724933,-0.5283523311778637,-0.06969750031997551,-0.8242448565019731,-0.7033121244040689,-0.7067473447895231,0.7398772245924571,0.6140551073436261,-0.27200268670931416,-0.9346936400484092,0.32321301324268725,0.6010266040367458,0.9225647914953994,-0.6414197321140752,0.7928764999166122,0.5181293919894308,0.6205013286876411,-0.4431399954501267,0.5481362142471,-0.6266818945917879,0.49759663975612006,0.8434399865228579,-0.7148512580842561,-0.7917789563599841,0.04015096880349238,-0.7606108380819002,-0.8453818296036864,-0.7381735023014568,-0.6393706365720268,-0.7476516868375116,0.7924145362158698,0.9520296667980315,0.04469308765998473,-0.6110206658148666,0.3319031702339873,0.9550410649963539,-0.6992531286334283,-0.7221943336381731,-0.688473749343006,-0.5778103548524482,-0.6490536248849107,-0.8862144121065069,-0.7667150375430422,-0.0487020747909361,-0.8173032094403581,-0.7208112008175848,-0.8671200085180873,-0.6534219001476371,0.39419870399439416,-0.5884087899850801,0.4019144774815736,0.43376618298568137,-0.621903181356456,0.8499727389180776,-0.6502056492225934,-0.6329145797413538,0.8518159505280427,-0.5106549756086958,-0.7840678420862708,0.4153252038279794,-0.02174641420018859,-0.7785136582661376,-0.5484071167526032,-0.7150115249596234,-0.7667273719187385,-0.6670555279433248,-0.4195144771231003,0.599959804532835,-0.7080842581320095,-0.8839701855362102,-0.7793297696911431,0.8397174540994916,0.7519141288737322,0.6767364869907109,0.14295913283378522,-0.08932811899061255,1.0,0.8497705263339731,0.9024914458845694,0.5734034663846288,-0.674099736153655,-0.6203042654022625,0.9503630689827403,0.5093798301539045,0.4622912002557426,-0.530518170334931,0.8879736044881248,0.2925560567607169,-0.7342075427231982,-0.35553328355611447,-0.9031614811090247,-0.6441118557752227,-0.7928168543215431,-0.4550944936385813,0.697087308051858,-0.674395968850253,-0.5442333412981925,-0.7136275769258139,-0.6731749490762606,0.7910483349202083,-0.40932742099341446,0.8562661881296375
UBA11386,-0.34955259684853296,0.6962642567980039,0.8738388533179561,-0.8875103712851722,-0.8022380655467797,-0.9239082440813233,0.9186829723601047,0.9143328573904315,0.9129338189678029,0.9161006805155073,-0.8593900850761328,-0.8273014266027587,0.7126884767937688,-0.8426497963134633,-0.4138492744252632,0.8081769057327496,-0.6198524092665749,-0.9382044644219167,-0.6553199386810157,-0.9571672514243611,0.9545125410472961,-0.8763994934326543,-0.877647944713218,0.5158947840133321,-0.681320179477708,-0.8901058159468344,-0.871189893403021,-0.36274997444008866,0.9235648461055436,0.7701058827285787,-0.7186295459691602,0.8353850898812465,-0.9583063480824112,0.15325378878734577,0.7759049033127233,0.7866063270575353,0.7818090478501768,-0.9207528870462135,0.4618660028732641,-0.7390388070674958,-0.07122179575863423,-0.922578355956056,-0.9068859193246617,-0.9344258407071673,0.6471547550976265,0.8063294189442615,-0.5166242980497953,-0.9447957747846246,0.6694300401131225,0.8120062099578995,0.9646524468208387,-0.8129400599990589,0.9316747532669605,0.8108608836706201,0.8582026727749411,-0.5971111886341323,0.8162721729845391,-0.6963219265041418,0.7382978436571003,0.9114782671608487,-0.9245256632361631,-0.8416785922773007,-0.0519956840977247,-0.9187271855315461,-0.9807754327262997,-0.8981950308854799,-0.4723258792593047,-0.9197654183498762,0.969111062585118,0.9262913533928345,0.4015141030396156,-0.7594008936054288,0.6687423143815558,0.9351527863189418,-0.9196081084090162,-0.8828721147750902,-0.8604259424477296,-0.7408981091590041,-0.8676205039766552,-0.9763060745751556,-0.9520010116838792,0.32141374121324395,-0.8502319781116242,-0.8989821896795919,-0.9827436026698979,-0.5648166125087439,0.7323083805429753,-0.7314049750084411,0.7225806059010138,0.7128183752469823,-0.6517082746312173,0.9427281663451706,-0.889339308892733,-0.8635828921092479,0.6156919404629603,-0.7776459044245885,-0.9470765167315545,0.6917402265663551,-0.3024335473312064,-0.8940284525040091,-0.33705439442934215,-0.9237842526139898,-0.9582463557269251,-0.889626851500971,-0.3974576662192238,0.87542362878179,-0.9273123642887056,-0.9035093716744199,-0.8944673270675907,0.9058959168165444,0.9086162844767877,0.8245166562480468,-0.012923595146082845,-0.19102126561372257,0.849770526333973,1.0,0.9680592830059496,0.811975999927621,-0.9001534844386699,-0.8430594021907202,0.890777147257376,0.7817183306563564,0.7549316378612111,-0.7912405140387412,0.959583419020921,0.6509828813547941,-0.9005592285176349,-0.6384716023284394,-0.8511066892160541,-0.8324394068270086,-0.9449116679026094,-0.768819429844925,0.9291557233911535,-0.8473757679567125,-0.5948863624110619,-0.9377683450618343,-0.8445361349458533,0.9451752866734044,-0.7186448825987192,0.9254859462336096
UBA11574,-0.31304286093016565,0.6630829376895988,0.8119425923698146,-0.8717278727758239,-0.8508601721789573,-0.913763056406295,0.8374432262235192,0.9690486342007468,0.9727692166799798,0.967785528248212,-0.836985429170077,-0.7815792834674571,0.7422011004584587,-0.8299443225640153,-0.37292750490303267,0.8176059081748618,-0.662994723736874,-0.910604486966509,-0.721362313649089,-0.9554897209612293,0.9412074160697823,-0.8816418641928483,-0.864450492722964,0.6008087587134414,-0.6423718880600089,-0.9119701905038085,-0.871601079129606,-0.3213351602304974,0.8690214206555493,0.7882494042068465,-0.6766826202976177,0.8217160837295915,-0.9643541598648561,0.18139675023369675,0.729910761171185,0.7270094502818569,0.7345009247116295,-0.9111095813853421,0.4800629915733189,-0.7204456813880136,0.0692201975863059,-0.9028024699232057,-0.9137385415952644,-0.9247551657935443,0.6901035558125157,0.7630291528002952,-0.4657936719091197,-0.9528307796228499,0.6120811422343974,0.8513339998630781,0.9768937144527771,-0.8007088154183353,0.8983012177697571,0.7974841055981351,0.8570034653362424,-0.5289181541338136,0.7462088317637114,-0.7399009813340239,0.7787863276101358,0.9699580622103006,-0.9282118216080749,-0.8476527778587071,-0.05806577451133587,-0.8878544038752687,-0.9607167790280268,-0.9156272478417488,-0.5322321896935193,-0.9115042680143117,0.9395268428353987,0.932750583708244,0.39591635770560735,-0.7509527933226909,0.6684446971516323,0.937822430874958,-0.9023812961074644,-0.9193090190140603,-0.8541621516059157,-0.6945858014989107,-0.825386968891856,-0.9932533939931036,-0.9544905151358959,0.3035467255007225,-0.8805842053212342,-0.9207447673155861,-0.9817412193166445,-0.6260720872741056,0.6699519974656883,-0.7501087977624145,0.6696238251218035,0.7318576704276016,-0.7305987200350159,0.9051894968219437,-0.8886993170849132,-0.8762102701109801,0.633602650864672,-0.7829765399418621,-0.9610889768810865,0.7199149016750759,-0.2062224437339495,-0.8743938666700267,-0.4579395581521851,-0.9336743744178012,-0.9520950719864392,-0.8979777165467534,-0.44722382837761515,0.810464876137978,-0.923057570931651,-0.9528302324907365,-0.8994868545558309,0.8995679483283381,0.9176774550745503,0.8100320639442022,0.06308064742285321,-0.09867486615704069,0.9024914458845695,0.9680592830059496,1.0,0.8418956464514612,-0.8909728959515839,-0.8508778628509781,0.933351527551311,0.7988300377036324,0.6950498016546958,-0.7945489489270405,0.9303624178517239,0.6106352562520028,-0.9089016091644134,-0.6189898065901953,-0.8573414380463009,-0.855990782367843,-0.9413515812117703,-0.7159978918568796,0.8894766821247382,-0.7842362256747738,-0.6549685608441222,-0.9213834268890865,-0.8653087771125859,0.9078787140743636,-0.6920715061272537,0.9752076888680444
UBA11579,-0.595805356963084,0.9274435076954375,0.7803646292160344,-0.6616858424972345,-0.5488886537419696,-0.9266051264523799,0.8070067059425398,0.8543689036117187,0.8693951705238229,0.8737178591650382,-0.9088416326883803,-0.8474364331074465,0.9793533126392922,-0.8562873510541157,-0.7296554558302564,0.4543660494010061,-0.6296760059887686,-0.9007118665643851,-0.6384747520685524,-0.8997727843811881,0.7385611410477141,-0.957004380220308,-0.794742293133505,0.6638423674266295,-0.9034419739229926,-0.8759868009823487,-0.9535300527798216,-0.6140348755711851,0.8314215833792569,0.9801866306055838,-0.8716261026253376,0.9332954884766138,-0.9285224581367693,-0.28245574657308753,0.8606589053067444,0.7811171929359814,0.8827117537712783,-0.7639451875823249,0.8509564281514665,-0.7885656662267775,0.21262593226668514,-0.7467583309652147,-0.9187638100287198,-0.9350685166334791,0.4479950726778983,0.6612400310812276,-0.5797902521467554,-0.7040522894839606,0.8001318457924367,0.9933400370173202,0.7328041154600903,-0.8099244583326339,0.747546579754838,0.9373771600393936,0.8721508697278058,-0.4192596733200653,0.7476630105296461,-0.6643831730275414,0.9381666018497717,0.8798659813924031,-0.9321314513857091,-0.6532188153915618,-0.13175279979025034,-0.7579599420877133,-0.8281425689464141,-0.8651781032485569,-0.22914203924466786,-0.7806577005244285,0.7993982708432249,0.6372687212828549,0.8176348936037533,-0.6879856499584375,0.9421204619593735,0.6368715212782228,-0.9252401081060391,-0.8941124094781461,-0.8004305966379816,-0.6550330547269074,-0.8196743400855069,-0.8462317993100564,-0.9160693535722552,0.7326259998870608,-0.6854869308817442,-0.9092328872351966,-0.8414303306037102,-0.3966751221170602,0.8228930130109785,-0.7790812370714031,0.8030858888387259,0.9673103685900398,-0.698356601893656,0.7130452918613132,-0.96183403589952,-0.9558982324340498,0.16086472399151627,-0.9103072149461146,-0.9088715050620056,0.9741180992365287,-0.5204294318436223,-0.7580667590331908,-0.19056246038542465,-0.9475348003930489,-0.9129816059715057,-0.9409592522509685,-0.36715408938891997,0.7758108933858584,-0.9363082956070043,-0.7612516928395958,-0.8578923925374223,0.7487219664598784,0.8599050195874824,0.6891913861390546,-0.19337459502225685,-0.13671917526005412,0.5734034663846288,0.8119759999276212,0.8418956464514612,0.9999999999999999,-0.927051035673129,-0.9297890859315608,0.6217906857842812,0.9858354427682161,0.773830001241164,-0.9355440995867716,0.7038638741890891,0.8597202377064428,-0.8672457110733508,-0.8289851712505852,-0.5169847101437092,-0.8813802552897843,-0.8784708743574106,-0.8862229958370391,0.8267411958806133,-0.6491418814137273,-0.5875833876115871,-0.9359365824114919,-0.850664284909981,0.8001579468517641,-0.8833634561301262,0.844766196921852
UBA12077,0.4069016591440097,-0.8883646227988635,-0.8841879479634434,0.817627622929194,0.5341188215281992,0.9170089466900643,-0.8938512700628699,-0.8682411150864408,-0.8790574415475845,-0.8894342079434865,0.9256852191092909,0.9524587427976424,-0.8981126892376071,0.9232001451979416,0.6925950839169414,-0.5739098388064358,0.6618493283987311,0.9489989719144122,0.6334574358169496,0.9366949471788649,-0.8392492368847279,0.9509501901065759,0.7862559001568541,-0.6311339905170897,0.8437926895935377,0.9264906841889654,0.894900218420613,0.4899840589365554,-0.9235673246265598,-0.9296685769206057,0.8817904873137069,-0.9520811749928898,0.9457158736527841,0.10834328542427998,-0.8974216899386288,-0.86701126627202,-0.9158558965372269,0.8628932528746469,-0.6789514102695904,0.8779329372233358,-0.0026081272855626295,0.792611245807149,0.9750141503397298,0.9618640835721513,-0.48151753362328537,-0.7917830565000145,0.6545166074353779,0.7908441612153914,-0.8562886586025217,-0.9356060103019439,-0.8263337287644806,0.9080726538060517,-0.8631650978505653,-0.9433029813685733,-0.9072153618870216,0.49337158476818116,-0.8459613676605995,0.5813173353496722,-0.8523859987521764,-0.8743533177670422,0.9608465325384719,0.7368053102601356,0.028021326630560957,0.8419604184739387,0.904746321799034,0.9271310570454824,0.3094304118848969,0.8900106332422213,-0.9183394574374061,-0.7609613612573937,-0.6868121635234371,0.5953302608601749,-0.8530042606742541,-0.7840058651726662,0.9469635241069212,0.9338889530619057,0.7735315305696744,0.68026011377243,0.9252911262298087,0.9078965677341253,0.9585605293414206,-0.6193131996473175,0.7463772248567226,0.9098523547268078,0.9226624009727799,0.49883984680058063,-0.871626938323787,0.7871071068357653,-0.8598291003360247,-0.8932046446760951,0.7125358310346757,-0.8448386367432231,0.9827329992525649,0.9096359736644645,-0.2919263039487999,0.9299849015172426,0.9331857952574383,-0.883199800334882,0.5116001676037979,0.9030620635483196,0.20361888484553609,0.9342008097935496,0.9512361417760081,0.9464473704138286,0.44676162744001674,-0.8967727872132086,0.9777090386033961,0.8244037690332869,0.8851349786713846,-0.843554470597199,-0.9248625558456802,-0.7117057549786585,0.2655689748018305,0.26934771634268323,-0.674099736153655,-0.9001534844386698,-0.8909728959515839,-0.927051035673129,1.0,0.8586118114567919,-0.7235706212767509,-0.924991165044273,-0.8623433995545337,0.9195359038447022,-0.8406108251414302,-0.8701076420157151,0.9684161907095242,0.8577720665477031,0.6546001988035719,0.8693275227257311,0.9712648213972058,0.8774912566973869,-0.9211529035633453,0.6666468367581224,0.6111763696310288,0.970599833956373,0.8542955931226689,-0.890432099859124,0.863270418973294,-0.874463662904299
UBA12170,0.7296483526581276,-0.8627338080546,-0.8201741468598958,0.723485529470833,0.6636337405368021,0.965481063216931,-0.835153372744514,-0.8124038026768513,-0.8382231681148508,-0.8330903207670236,0.8701503582569956,0.7549302446146247,-0.8843928024182488,0.7305742980650944,0.6502765096648034,-0.549332545687708,0.6049977448009791,0.8963383724454899,0.609935545919876,0.9248526250733264,-0.7894995917818282,0.9263295866661407,0.8965506393002893,-0.5423834569779861,0.8659768155208749,0.8329360326264049,0.9729155076341605,0.7002089158312961,-0.8516757955914865,-0.919124454607778,0.8244441654439938,-0.9023707190519766,0.9250480391575968,0.2767937670069527,-0.8492429096138703,-0.7870552488470832,-0.8685106801937912,0.8271010330023698,-0.7653871895647529,0.7008223223106702,-0.17242343570211413,0.8352252815455088,0.8527489237735746,0.9485487793616794,-0.5146388708610425,-0.6920536701481114,0.5978341701674024,0.7502085591937901,-0.75318657676607,-0.9284319896191217,-0.7567538859756051,0.6711229016748845,-0.832956755372569,-0.9037952544967922,-0.8759750384694879,0.46971787998074893,-0.8025939013950344,0.7857303205560078,-0.8510682533589884,-0.8582877186047253,0.9172620865236447,0.6463041520081857,0.2061607316770805,0.8440632986119979,0.8519214504919337,0.8013969869647336,0.3945199228923331,0.7897735003236895,-0.8139898347646137,-0.7075322956917123,-0.7079866360089508,0.8741254687844288,-0.8663663359701187,-0.6961347102295526,0.9182846412931102,0.8254942022404443,0.8935117345127215,0.770522743745483,0.7291258018373337,0.8603126966981925,0.9063746642353177,-0.6455976644354094,0.7013972086033515,0.9002752461861292,0.8465576938654202,0.4234001643373668,-0.8021899597822253,0.8121247219858964,-0.7916769833905557,-0.9038965851370018,0.6053582883314538,-0.8022585920133477,0.8867393165207252,0.9738097252963533,-0.28702110535907216,0.8099275254647011,0.902546020967132,-0.88205911350571,0.42335565656896124,0.7308022072445328,0.201053897279533,0.9629012276265793,0.913845899645223,0.9189027811808536,0.4509349959864206,-0.7820939484091556,0.8732145908665019,0.757781945017877,0.9153706811811156,-0.7648570682851653,-0.8321825991349083,-0.7469594988462122,0.07500365946209216,0.09999265921435384,-0.6203042654022624,-0.8430594021907202,-0.8508778628509782,-0.9297890859315608,0.858611811456792,1.0,-0.6518455412238245,-0.9293324009246643,-0.7645881620094634,0.8668869163287665,-0.7765323689559942,-0.7927039797471749,0.7897840156200775,0.6645421125092318,0.5733924207017682,0.9015262357124817,0.8410488738921541,0.8908772045537077,-0.8392904688059237,0.8395868531075695,0.5463088990596522,0.8936120952220741,0.8171448312270003,-0.800396442255876,0.8291443484187131,-0.8343891467042855
UBA12270,-0.04817541778975222,0.3865326017237512,0.6370275231357683,-0.8252010557674591,-0.8955751848600004,-0.7562119438340072,0.6570251474668548,0.9094075638193875,0.8965705643936221,0.8892420822743788,-0.6645769828756556,-0.6450708851820753,0.49515831309804365,-0.7130601035233606,-0.0908840935893002,0.932268576570894,-0.4786639236669993,-0.7787476438265184,-0.5641002429788312,-0.8216750253153037,0.8805395880192906,-0.6689145563933143,-0.7308270716964819,0.41300909853482626,-0.38022561123878845,-0.7438520243323336,-0.6909318997437705,-0.0035238183345486602,0.702384434966524,0.5421601951262172,-0.4507897412099756,0.5860389243013568,-0.8359082241378389,0.42886739247657624,0.48295901957669035,0.51357786831768,0.4864045155535123,-0.8433479469093829,0.17594909346489254,-0.6273319638836661,0.06034770270713153,-0.8684763335333865,-0.7619370397241753,-0.7527597748085325,0.8258887378864314,0.6124969770226166,-0.3623449286449679,-0.9628869480956804,0.3451895376554932,0.6327675210133584,0.9679396593846014,-0.7106239601641402,0.7908524190270718,0.5515306988018615,0.6559126387873142,-0.4047414657958589,0.5386349674369919,-0.596409036821794,0.5950515435781907,0.8958180302311418,-0.7644645225463494,-0.7515805790284292,0.15035944514565955,-0.815763896361751,-0.8611962855372511,-0.7829639100455592,-0.5301062238747912,-0.8258857319314142,0.8435731976806724,0.9479979401563949,0.0903644127378359,-0.6399317769843597,0.4175703909917584,0.9383759384661554,-0.7635853229694607,-0.7768096374369089,-0.7322893306974776,-0.6035588235440544,-0.7365684081833389,-0.9058099745671909,-0.8290656883877352,-0.040071202348367786,-0.7824777329938628,-0.7386004133738968,-0.8842067493869885,-0.5532444887710116,0.4107034661904973,-0.5254698095965092,0.41839066854783463,0.45533560360833736,-0.5651424924253949,0.8465064928632349,-0.7077757938990684,-0.663629707439639,0.8045399899620833,-0.5456795002671312,-0.8477387939802279,0.44929080684116607,0.004324575091730709,-0.8114008030473532,-0.47591341662270653,-0.7529413254793786,-0.8334830139397832,-0.6984331392323436,-0.34748934055567815,0.6370263673594031,-0.7684997688129714,-0.8745869925325214,-0.7824559126983569,0.8134059127536305,0.7848021690860914,0.7563067575914135,0.19030474820523982,-0.1507501987543272,0.9503630689827401,0.890777147257376,0.9333515275513111,0.6217906857842811,-0.7235706212767509,-0.6518455412238245,1.0,0.5456503067633353,0.4614275460651328,-0.5439239536920002,0.8813513137315663,0.32545402736749074,-0.7826270688293362,-0.3919487356781668,-0.9596683072203419,-0.6417194109373204,-0.8214798956340418,-0.5101892375559092,0.7288795806645324,-0.7113353336054188,-0.4909234435137902,-0.7568491012343757,-0.6774848142315567,0.7667068669268355,-0.48444873860460685,0.9312958575493562
UBA12294,-0.640856760265437,0.9606723287623985,0.8177615279368357,-0.648785591545532,-0.4732206246527221,-0.9150551302001437,0.8257964919056897,0.7988317424209719,0.8237458650355728,0.8290597088958447,-0.882369442114222,-0.8330540396421616,0.9777977529000964,-0.8140065720968784,-0.7901060923929594,0.3846622052927485,-0.6891960111266191,-0.8743408768532879,-0.6620511959867725,-0.8809592500048511,0.7119215574795631,-0.971764314447787,-0.7848353459051315,0.7030804238094673,-0.9162892895174996,-0.8883786076975734,-0.9292420169807585,-0.7091536190972261,0.8540457190316765,0.9866261685407436,-0.8999416917076798,0.9637813155811931,-0.8994797151511397,-0.36666695442636305,0.907048048940383,0.8349819829230435,0.9260905606582318,-0.7401496339595453,0.881534845851384,-0.7563521492051553,0.17100638542092464,-0.6912518041519949,-0.9144837923495774,-0.9370774512366222,0.3482607153656167,0.6973099481115678,-0.5764407498154662,-0.6371904887413317,0.863018557234885,0.9873656858933013,0.6833332575013791,-0.7617395022337218,0.7611734129938088,0.9686571535964509,0.8951272449555424,-0.4349054517127923,0.7974956188645608,-0.6620343699770345,0.9142242799592508,0.8270686003142513,-0.9329730428599455,-0.6449709589847397,-0.23224836550623754,-0.7310008546848022,-0.8039567889545175,-0.8627809557868362,-0.2574355348297644,-0.7765796246280516,0.7935313942915257,0.5963757286554572,0.852697371339779,-0.670291959630112,0.9511153812009768,0.6053385929433133,-0.8932587912517539,-0.8881147111912411,-0.7774917193120756,-0.6339393039510203,-0.7811868227057406,-0.818251249775242,-0.8981568039250394,0.801499324083561,-0.6851406187935742,-0.9124311011230669,-0.8199226744884086,-0.43419617117345005,0.8767915707681684,-0.8213945139802787,0.8612950870873238,0.9906405760394584,-0.7209241359530428,0.7023062587627187,-0.953235788931629,-0.9635551756540931,0.09368460625634581,-0.9400195428805374,-0.8838090843011482,0.9864652416708333,-0.5513459444292652,-0.7331728547838162,-0.1924163020851034,-0.9442100596329389,-0.8859668280031782,-0.9556814240691358,-0.4369620904550264,0.8096806979907396,-0.924044936363661,-0.7382685266361634,-0.8359733778693632,0.7466121744219825,0.8637743984857634,0.6737007518569461,-0.23982808790024368,-0.10959681971161694,0.5093798301539045,0.7817183306563563,0.7988300377036324,0.9858354427682161,-0.9249911650442729,-0.9293324009246643,0.5456503067633353,1.0,0.8312333618070986,-0.9682292334302228,0.6921742768508334,0.9142243064141266,-0.8626122478190461,-0.8552894775873365,-0.43253064098964467,-0.9105570546078614,-0.8656459410731757,-0.8907831945086409,0.8472633547136031,-0.6281948951913798,-0.6310666680614121,-0.9158712849224471,-0.8579990845422455,0.8017920168102712,-0.8971699022262666,0.7846099977795202
UBA4486,-0.520877125993825,0.8512040601198793,0.9457636278124177,-0.7990868659885438,-0.36002185140216664,-0.7814655518813247,0.8920970123400104,0.5823587688687789,0.6118262083437778,0.6165951061069364,-0.7963280523202234,-0.8002656753973125,0.7409857849716919,-0.7826679214377538,-0.7802452514246598,0.2955881748196962,-0.6819638765354358,-0.8067362824803928,-0.6648659008105887,-0.8375444096108002,0.6843474907443922,-0.8430954495853561,-0.722708364794656,0.5654457749375763,-0.8223235654190058,-0.8134503227739495,-0.7543892622382905,-0.6260667780135619,0.931023932518469,0.8448779862111352,-0.8592110932869824,0.9407041956094099,-0.7596617757729042,-0.27259698895240786,0.9802506360653435,0.9807410752699777,0.9618436545495704,-0.8041817255558518,0.6010975779115135,-0.6458189288807016,-0.3195103172972111,-0.634938428267073,-0.791957595461666,-0.8465367336440216,0.10122001690205855,0.9091034089813409,-0.6654313347225873,-0.5907320970143339,0.973832746998073,0.7747861480514914,0.6240879243755084,-0.7314743454170367,0.8635925854265244,0.9392201096896537,0.9036896412700409,-0.7420854367625037,0.9685965927955299,-0.5621889441882574,0.5955288629788624,0.5938693476732665,-0.8081538256635008,-0.7246165777628294,-0.33412585172566406,-0.7857201406264812,-0.8166783603076617,-0.7375833122892552,-0.35280463356129227,-0.8302955334747132,0.8475787379255122,0.5486582976445231,0.6226752938260882,-0.5357079540852445,0.6989363492106233,0.6447876481203675,-0.7612363035291972,-0.7575546083447626,-0.6628053770776215,-0.6041709810887429,-0.7469854239422835,-0.7455813387975194,-0.7852337029444729,0.7184036516671148,-0.6830230830827344,-0.8527074524717219,-0.797426037548006,-0.539452126679312,0.9864362193559103,-0.7798223506755511,0.9919668628525806,0.8339933538170686,-0.6300922045998464,0.7549069022450345,-0.8378641610649401,-0.8346521781034913,0.07044566331650923,-0.8445920983286185,-0.7406854977953673,0.7774080858911566,-0.505656024874202,-0.801080641680045,-0.08601238058677768,-0.8226495216345532,-0.7735773529578226,-0.8333976770752608,-0.3503108764807131,0.9556256875031018,-0.8091964620198216,-0.7222252467994392,-0.7702092913468559,0.7288452782332406,0.8243067332906721,0.6102576970746992,-0.2220067780320193,-0.06446353769462299,0.46229120025574255,0.7549316378612111,0.6950498016546958,0.773830001241164,-0.8623433995545337,-0.7645881620094634,0.4614275460651328,0.8312333618070986,1.0,-0.8653256126046206,0.714213552228153,0.9307752150014407,-0.7948618493802706,-0.7777146222419009,-0.375475229575898,-0.8136659225021998,-0.8418484262352335,-0.808969082921765,0.9211426583827419,-0.6301718093157207,-0.594486513506826,-0.8156498924540325,-0.7565847751341898,0.8023576171413344,-0.7810055284687376,0.6049550981140389
UBA4802,0.5264381892646294,-0.9269956127221028,-0.8426447077810599,0.653516063282253,0.4630151232831831,0.8782084695012911,-0.8623187805903998,-0.7947409459274457,-0.8193912550723071,-0.8282633274678013,0.8345137263941966,0.8080513859255779,-0.9169625837556555,0.7970062324186132,0.7713746160660087,-0.4082867955312519,0.8031163874476237,0.8387356766111815,0.7353281851735408,0.8559682505853634,-0.7098083931923344,0.9792263331934379,0.7449253858337991,-0.7926507105869912,0.8291761112847976,0.9291243381923512,0.8521072424177498,0.6875441552270318,-0.8848087307853719,-0.9353367767857177,0.8958181567044576,-0.964297515836497,0.8764989084782745,0.30147191523297356,-0.9098617358492103,-0.8717672120794564,-0.9149816098065628,0.7178520543591319,-0.8258826414222152,0.6873581590017871,-0.049871163772750915,0.6432773380136728,0.931952548678651,0.9232353404439995,-0.2902617083173098,-0.7352508930020559,0.4641681540660105,0.6277308652856551,-0.8727252831303752,-0.948361577993453,-0.7077329695497008,0.7414035375301888,-0.7953618531056397,-0.9581113597014157,-0.8865817970313608,0.4700296375828554,-0.8167626425205352,0.6412470019910155,-0.8666349920086491,-0.8018041451315562,0.9403770494216189,0.7180029197795719,0.32967234589138544,0.6843930651147266,0.8193904669841305,0.9097878714275631,0.2981987263690463,0.8060046427236861,-0.8298481943294254,-0.6301245135366608,-0.7794240654621517,0.5958511451153834,-0.8901581733026444,-0.644262842120485,0.8351039167999996,0.9180383878543269,0.7245759288288304,0.5497604549081494,0.7594475897563283,0.8320209094923845,0.8960950332403596,-0.7480374816675198,0.7522615047813481,0.929378871101533,0.8443687986449906,0.5318069832187124,-0.8846518627342657,0.8161889365160923,-0.8737435597563931,-0.9481985393227232,0.7938235327106838,-0.7252936348710679,0.9480199122891815,0.9368239764511709,-0.15227967624797664,0.9653799230903236,0.8826530127021208,-0.9398406092359923,0.560372607227108,0.7429534120288449,0.29451594832497346,0.9248022260924235,0.8664730602453257,0.9714238367013309,0.4759847844980725,-0.8560786937918391,0.9352191813239227,0.779398686536663,0.7847977760585926,-0.8240071541327477,-0.914542512547405,-0.703253978244948,0.27983374605679334,0.0596831464749333,-0.530518170334931,-0.7912405140387412,-0.7945489489270405,-0.9355440995867718,0.9195359038447023,0.8668869163287665,-0.5439239536920003,-0.9682292334302228,-0.8653256126046206,1.0,-0.7382782361491173,-0.8995199381122351,0.8924177730999501,0.9000878190615834,0.4134775682204906,0.9161647724977617,0.8804956346782602,0.831450400658523,-0.8923239063287511,0.5703204697752716,0.7227058650143766,0.8954990755233362,0.8749591663433276,-0.8535934765156195,0.8904375196147333,-0.7491731491414068
UBA5335,-0.2468995027610737,0.5953658404429287,0.827003566967851,-0.8842599355094101,-0.7802112960496294,-0.8593309223407584,0.8914482380820864,0.8666575650597729,0.8720619152585979,0.8721427177367733,-0.7921845287036693,-0.7559306879371811,0.6070817690899705,-0.7346632699005603,-0.3454223472206955,0.8639525857974603,-0.6538366558767592,-0.8637104681738719,-0.6247506490490549,-0.899626966138585,0.922412905292837,-0.8196306345297455,-0.8295069637898203,0.5050212774634076,-0.5415512585705584,-0.8562166174845772,-0.7678559253279347,-0.3334649128515024,0.8764111014499223,0.6756456856876477,-0.6623727603957119,0.7705431823988361,-0.8951903290060104,0.24676483395698504,0.7067141192491331,0.741511332523286,0.7067788104965208,-0.8933661246733923,0.34783074935917563,-0.6534488351721717,-0.15249012128987335,-0.8913460687175467,-0.8602588167284774,-0.8845581283960314,0.6494208518799485,0.7675981686947977,-0.4265529910432435,-0.930494772564592,0.6011079375399451,0.7284160845641459,0.948561348391426,-0.728037800607617,0.9459429508962656,0.7355306681903208,0.7885295661764137,-0.5312295804251417,0.7883035909345422,-0.6918307491399304,0.642689663133362,0.8596425411106287,-0.8855885330133363,-0.8375314638407207,-0.05639082784797714,-0.8660109982383637,-0.9430448297169103,-0.8685223724656504,-0.5573698810581303,-0.8858990736065784,0.9407031981887932,0.9709926534011992,0.28163406652342265,-0.6997135770600224,0.5556772002290816,0.9619095318004808,-0.8441364919811173,-0.8423785457378676,-0.81444947631974,-0.7159599078229945,-0.7813398681745111,-0.9535309965655684,-0.9057695408454359,0.21078143070265823,-0.8494682727440361,-0.8440133249332433,-0.9536823527066416,-0.6160227032585767,0.6649618202444206,-0.7181717395409936,0.6648889018280827,0.6161194401875981,-0.6332786879194489,0.9802890299194953,-0.8130116118245504,-0.798908920885591,0.7174212817649811,-0.7149375876374017,-0.9025314174710863,0.5848017866618284,-0.2793630268343024,-0.8644807129802449,-0.41093447020210166,-0.8572928772786219,-0.9040540041942497,-0.8431427502373814,-0.5117331841656181,0.8400190698365486,-0.8642548629619083,-0.887688665140391,-0.8600315294400663,0.9443141451520469,0.8909582887767541,0.7738793803023001,-0.06903488435407723,-0.1691325969927744,0.8879736044881248,0.959583419020921,0.9303624178517238,0.703863874189089,-0.8406108251414302,-0.7765323689559942,0.8813513137315663,0.6921742768508334,0.714213552228153,-0.7382782361491171,1.0,0.5659181082252139,-0.8647793873982343,-0.5822118910985913,-0.8548966449681857,-0.7955149464656615,-0.9040465191456819,-0.6925355821179443,0.8987970875784924,-0.8152436583151388,-0.6015645254491865,-0.8626561830649012,-0.7820694673026714,0.9292853815001761,-0.6575578567884047,0.8735745021855802
UBA5704,-0.6217626819579188,0.9649068859324608,0.8449357440341694,-0.6275891623988602,-0.19835140745637647,-0.7772033611986472,0.8049761018060937,0.5593560843144257,0.589500129248156,0.6012816116613725,-0.8184300490964639,-0.8348311949985535,0.8833699956465294,-0.7812187097088816,-0.9112185692182891,0.1444323872207832,-0.6058008674580501,-0.7937550783315203,-0.5474822770600921,-0.7741087523311082,0.5712636870163528,-0.8623640467408472,-0.6432130006769526,0.5667702834088422,-0.9341620369000468,-0.7705338083865684,-0.7967389698613758,-0.7164752484630392,0.8398505830015957,0.9286731414729478,-0.9208150968422198,0.9447113050091908,-0.7437985846309041,-0.48866849363885173,0.9631333136105122,0.9072023280212869,0.9728914591534572,-0.6807101015784532,0.801547792103141,-0.7376958370612371,-0.09017869835506384,-0.5405874720793585,-0.8004024270315763,-0.831548122255222,0.07852724311504085,0.7475689425997706,-0.7112652441624383,-0.45564794192964214,0.9843964385699101,0.8567201972113314,0.49316936277322493,-0.7340842154687045,0.7099021036834106,0.9596360571178156,0.8538347032469753,-0.5275755096025315,0.8641759928846597,-0.46857542244097883,0.7321629545149643,0.5860273562441379,-0.8022245140741285,-0.5347704733842277,-0.24337437912407642,-0.6778198417604328,-0.7003542902985297,-0.7156573383942212,-0.14143483798200118,-0.7095973983589509,0.72391450634496,0.39830807368514504,0.85860819505267,-0.47980214984630454,0.8706448123747393,0.46123417356727725,-0.7835450575168094,-0.7454780009864608,-0.6091032499136284,-0.5556356166697639,-0.7442852040865896,-0.6510576691689299,-0.7636103472424328,0.8969317139315927,-0.524384807539674,-0.7983860877939386,-0.691531728781847,-0.35320828637114005,0.9720451455921236,-0.7482097361070473,0.9607634727458673,0.9371414378735993,-0.5893754946909994,0.6127234475960193,-0.8663444839208184,-0.8437049876996197,-0.15571905456945795,-0.8903894270836987,-0.7161016855019808,0.9094071818096395,-0.6486338281077583,-0.711248108390406,0.04984609747469336,-0.8088528836706307,-0.753009297757199,-0.8364338459709572,-0.3415273218033587,0.8468371419209177,-0.8107316150979255,-0.5794273347540041,-0.7301920135413598,0.6104259240561796,0.7552519258185935,0.5239639022521444,-0.381813066492646,-0.18101778604457266,0.2925560567607169,0.6509828813547941,0.6106352562520028,0.8597202377064428,-0.870107642015715,-0.7927039797471749,0.32545402736749074,0.9142243064141267,0.9307752150014407,-0.899519938112235,0.5659181082252139,1.0,-0.7754358405500982,-0.868807767439422,-0.2381116339712449,-0.7908104785294141,-0.7858000757114543,-0.8810947757524014,0.8137412832266698,-0.5169187203357102,-0.5141696192033955,-0.8132769570028375,-0.7207368595739505,0.7012476829990617,-0.862244857904582,0.5716322863046289
UBA6264,0.23813865601394751,-0.7975370141593062,-0.8485461257820687,0.8044055469319343,0.5854798391101209,0.8597519397191283,-0.8601349767063422,-0.9040593665555037,-0.9116748917615217,-0.9223290871770129,0.8476368677413378,0.8853379222290995,-0.8293367975274366,0.887268018552035,0.5669358120774209,-0.6465921636950059,0.7563632012318393,0.9138425295523737,0.702837429428347,0.8936317891234937,-0.8680038471058052,0.9285169030343422,0.7158573648213763,-0.6721185215680633,0.7206117985734639,0.9551373761616547,0.8142106227101131,0.3764680655039724,-0.896694638160699,-0.8526341405238187,0.7950397224352199,-0.8946103611635107,0.9309423208556851,-0.038517631360239536,-0.8152619671909612,-0.8118445819976722,-0.8337236561779522,0.826297591591449,-0.5831701485250632,0.8422250150449468,-0.01262602487439348,0.7396108997427218,0.9862382030937906,0.9211597527714754,-0.5130582725824677,-0.7718373564415372,0.5415988092802076,0.800186073358099,-0.7710235375935217,-0.8914135391086052,-0.8718885283931735,0.8660071230868243,-0.8420566620497586,-0.8761907086806133,-0.8707847469275175,0.45851071237434415,-0.7851276633854297,0.5529320628517143,-0.8312578667796164,-0.8923600647150116,0.9473830150454271,0.7561020403774488,0.04581061153385619,0.7964582863587908,0.8981946906413124,0.9724422431275436,0.3646632616732233,0.88424499129813,-0.9239760994044386,-0.8138637942633473,-0.5735279488086897,0.525578102304594,-0.7829867095625361,-0.8277876990621734,0.8885044062401085,0.9718673680277427,0.6922878760972067,0.5382322027742028,0.8678755237097956,0.9198603608588437,0.9528321171014761,-0.48761569397021853,0.7928844407131452,0.9097244023955081,0.934538829685194,0.6020736306334801,-0.7843703884922083,0.7506316382909587,-0.7764165624547632,-0.8166011853769714,0.7928547413012031,-0.8317671622826452,0.9511296455050039,0.8476184545150287,-0.4017827932856821,0.9271871851073753,0.9293423000576313,-0.8153491839095418,0.40233278291035873,0.8998385262327242,0.3617757038648897,0.904179193964392,0.9302459006629885,0.9370587691355944,0.5280969562598694,-0.8718655844498203,0.9680253028698066,0.8721031657680393,0.816442433266998,-0.8663725892856395,-0.9282195918239338,-0.7170174516649007,0.24102405904026966,0.2518633040021443,-0.7342075427231981,-0.9005592285176349,-0.9089016091644135,-0.8672457110733508,0.9684161907095243,0.7897840156200775,-0.7826270688293362,-0.8626122478190461,-0.7948618493802707,0.8924177730999501,-0.8647793873982343,-0.7754358405500982,1.0,0.8397595499150639,0.706197515845385,0.8521745424338525,0.9623250281755306,0.7725672867933572,-0.9078353371342682,0.5904146043040334,0.7009435722243256,0.936438909727486,0.8619959281559209,-0.9059173727997227,0.789274487860948,-0.890367261029068
UBA6794,0.2805600036433386,-0.8889373247615392,-0.6906653874801456,0.5101185641619269,0.20915633486946497,0.6966151880425323,-0.7488727501267629,-0.6576464131117697,-0.6629074200087688,-0.6873639878480232,0.7958080283635073,0.8379804936348184,-0.8590050682937346,0.8298624801466921,0.8394359207802774,-0.27363317117989794,0.6520376201781094,0.7710249618406217,0.5018228380817935,0.6873292366384305,-0.5112617750447683,0.8407325960506512,0.4605950762980385,-0.6198505333791158,0.7725425424921544,0.7688838524133432,0.6886293380326451,0.4743784753022637,-0.7497147574236334,-0.853388884684028,0.9045486329460638,-0.850281667229866,0.7426120601741335,0.29579771697871954,-0.8100230346187606,-0.7682928305478823,-0.8267648670985197,0.5768577995830544,-0.743156824963441,0.7639152443792316,0.08454378425626194,0.48662035477636306,0.8555949317056145,0.7652403189570666,-0.21203088523989377,-0.5490027815732391,0.5288193709671714,0.4831351039043619,-0.8339543453487865,-0.8379363378645335,-0.5504825235419609,0.8050048636968804,-0.611267536540949,-0.8500473462535459,-0.6893563155909773,0.31981410596556364,-0.6665024687065442,0.3203730409087895,-0.8045153644255826,-0.6426995897125325,0.8026052145872868,0.5024174282394994,0.0583379994141666,0.5404775314740077,0.6808885671147911,0.7988606436774169,-0.06530136503614144,0.6580568696583304,-0.699612623100408,-0.4594916567103438,-0.7965180290881608,0.26121062984061216,-0.8532382509633999,-0.45800646502760367,0.7484825948684146,0.8152771280998954,0.4600979939277041,0.3419888660240647,0.7650396891691774,0.6543615390999026,0.7855926477695964,-0.7254413655432299,0.4851552389313805,0.7611541056969507,0.6921265348715212,0.27783010965124205,-0.8166677576915798,0.5577716958126705,-0.790472807359429,-0.8456855265537295,0.6209269536689918,-0.5875216893031766,0.8891534655356154,0.7442300543098753,0.03645292934320452,0.8990538058388426,0.7501920951380556,-0.8653127457247544,0.7542387624785203,0.7314513751516003,0.028797284106994222,0.7351417468574382,0.7600355249675538,0.8207617050376381,0.2800619097309171,-0.7546580473537005,0.8547579788819823,0.5808839634738707,0.6253039555804837,-0.6900432944547334,-0.7858477885483596,-0.5160213500669435,0.5932445579151516,0.291950514318284,-0.35553328355611447,-0.6384716023284394,-0.6189898065901954,-0.8289851712505851,0.8577720665477031,0.6645421125092318,-0.39194873567816674,-0.8552894775873364,-0.7777146222419008,0.9000878190615834,-0.5822118910985913,-0.868807767439422,0.8397595499150637,1.0,0.3040819433879092,0.6718772895555339,0.7893495704630635,0.8108143542533379,-0.7502801410904486,0.32120963496566707,0.5016206515574265,0.7963726313673379,0.6522375903896643,-0.7022945374119909,0.8983016109597178,-0.6110295027164914
UBA6960,-0.008283445905869435,-0.3093113591144688,-0.5719315013419466,0.7771489527600622,0.8398045338235877,0.6825736121268121,-0.6251573643194097,-0.8207995567451675,-0.7989555971376415,-0.7965491915949363,0.6457047020213413,0.6209039387788786,-0.4061455045488519,0.6534747139450584,0.0014693614441115624,-0.9422658923867885,0.34132187222000454,0.7524291862898889,0.408348308709028,0.7514587650018042,-0.8602005752113911,0.5600181581219936,0.6776403677326407,-0.21463487998668496,0.33462066177006566,0.6304658747579914,0.6191461145022715,-0.07276402020017493,-0.6310377067267234,-0.4468154105826823,0.3678518270066356,-0.4808892179702247,0.7750869686671203,-0.5178582055231459,-0.38756253266208684,-0.42418850639282557,-0.406994347619792,0.7902213620445743,-0.07644831998978156,0.6313662488085574,-0.005933063376691136,0.8610846644061878,0.6797602226419521,0.6740671906746579,-0.8280797332490557,-0.5362851112405818,0.3858657648129194,0.9402920480127824,-0.25825197738001543,-0.5243848522595567,-0.911329175817126,0.6816372434947735,-0.7229506584727446,-0.4440192904030535,-0.5616091127878348,0.36723364950940796,-0.4906578223496279,0.537340275866489,-0.5239759119451932,-0.8102202470256373,0.6752091081759747,0.6654224874999655,-0.3114104604106651,0.7979367322065366,0.8003228234874528,0.6848140866127306,0.4314398460035895,0.7305368020148976,-0.7780398618097525,-0.9259096093503216,-0.016554292700388735,0.5830580935590656,-0.34571742115897053,-0.8912904292830081,0.7419926064409355,0.6749318108472105,0.6893216643231238,0.6190457169060617,0.7014835824555337,0.8279052210782889,0.7535563052722706,0.13101999247834423,0.6661159026157166,0.6227579782358592,0.8087783163831828,0.42413837740257504,-0.33048072455163463,0.4398629471090966,-0.3271005091583858,-0.33902653822241663,0.4045217022881992,-0.8316191701939339,0.6169070053918149,0.5517602331825276,-0.8263890730450404,0.4484215979338987,0.7608952623095467,-0.33790814337514674,-0.0012447763628769535,0.7667085274971418,0.3524338796757131,0.6556294722644663,0.7797727977125632,0.5876815995445109,0.30953597142098055,-0.5794552313177075,0.682471113423049,0.7662853690065167,0.7140008901097629,-0.7150508254279236,-0.6570273016931168,-0.617412294528363,-0.12607229972021064,0.24778307509535918,-0.9031614811090247,-0.851106689216054,-0.8573414380463009,-0.5169847101437092,0.6546001988035719,0.5733924207017681,-0.959668307220342,-0.43253064098964467,-0.375475229575898,0.4134775682204906,-0.8548966449681856,-0.23811163397124488,0.7061975158453851,0.3040819433879092,1.0,0.5247650295903118,0.7338557712235979,0.48242110595666376,-0.6500210905361866,0.7245132921756298,0.35367535645457604,0.7145289655049216,0.5763790576331006,-0.7160295173708264,0.3971906240756533,-0.8746528159810021
UBA7960,0.6018902215416467,-0.810954288058474,-0.8691645809066226,0.7266171965420704,0.6133550592725205,0.8982097485973582,-0.8446047139737886,-0.8139991000704643,-0.8514462359247483,-0.8461991429811543,0.7660637956791821,0.6977348719217538,-0.8340378749798971,0.6729044782875364,0.5490380582235432,-0.4987899978136053,0.8236208128111328,0.8057565879546795,0.8354907464133843,0.8891081526776946,-0.844164744754121,0.9499416685425551,0.8788114438025302,-0.7902697390424578,0.759055301773368,0.9547744153102955,0.8621718283951426,0.7198464327867196,-0.8806978769660023,-0.8681847659685771,0.7219341861070759,-0.9173202507409585,0.8822319957203874,0.1694626377803009,-0.8515335448833896,-0.8270565904540834,-0.8572150763403751,0.7583579730243063,-0.7336608281581618,0.5904942320493827,-0.1661851971720025,0.6934085326091796,0.8865568094470696,0.9310659895314223,-0.33219090078207253,-0.8242961922345302,0.3895273316522404,0.6902867456705074,-0.7772567020924684,-0.9034824148080879,-0.7668534048424709,0.6151610810251471,-0.8447324040868738,-0.9049214621584194,-0.9531979526075604,0.5401974753080001,-0.8485664443408217,0.8174243036559555,-0.7975714802490099,-0.8395396400816628,0.9269056607665966,0.8091911717507742,0.43965683426953706,0.744549012894692,0.8320909458015386,0.8950723367819818,0.6004367288198937,0.8236795497330804,-0.8422364220781252,-0.7262207770340956,-0.626986009048058,0.7672283745504999,-0.7844061964204075,-0.7542326017537754,0.8160693672447716,0.8967714961943227,0.837637886064789,0.6506696245651349,0.6660229469193196,0.882577715357401,0.8718870464307624,-0.629903996242676,0.8851487228665206,0.9376435764329885,0.8726853857287034,0.7174878202390731,-0.807792853488375,0.9527989368157642,-0.810912078212161,-0.8850564552988848,0.8495691730983236,-0.7622142820725967,0.8628054907978174,0.9430581210494225,-0.3326750100954165,0.9031541407809517,0.8675088022405102,-0.8552947771873629,0.2585837880264988,0.6829498644337002,0.5035232187114533,0.954005053092253,0.8471821948710325,0.9573526704048048,0.6561496882200204,-0.8376431989571069,0.8755556174668642,0.8601784095348447,0.810272829577654,-0.8000667152277235,-0.8746273361053105,-0.7042311918407985,-0.020652527685053552,-0.09536994328707059,-0.6441118557752228,-0.8324394068270085,-0.855990782367843,-0.8813802552897841,0.8693275227257311,0.9015262357124816,-0.6417194109373203,-0.9105570546078615,-0.8136659225021998,0.9161647724977618,-0.7955149464656616,-0.7908104785294141,0.8521745424338524,0.6718772895555339,0.5247650295903118,1.0,0.8494694625425503,0.7189789446585668,-0.8928432549201607,0.7033695069944463,0.835053544843209,0.8809597088289383,0.9646167542459024,-0.8866934473360006,0.7076809668228777,-0.7960122097167283
UBA8670,0.3290202358668667,-0.7933680651973886,-0.8811106671944721,0.8976081075746466,0.6533844399099831,0.9122445388240471,-0.9010478482795061,-0.9042347528259986,-0.9115963698518249,-0.9154979433622182,0.8953016718388702,0.9116792612103494,-0.8112747211025816,0.9211131888998662,0.5989278634734064,-0.6832602426723854,0.6659526556864035,0.9415730160303091,0.661395204390927,0.9535728443804119,-0.8748913312887556,0.9236291885934153,0.7929735802867885,-0.6091475894546237,0.7483762639604429,0.9254460460778089,0.879477560010028,0.38517455746344786,-0.9300585997492365,-0.867820729611079,0.8370468249997547,-0.9149759078663076,0.9465615170259711,-0.02393355969034975,-0.8608672306453362,-0.8485163638519988,-0.862275124042462,0.9265152338220001,-0.5430187479734649,0.8303555868647596,0.08829327795895857,0.8461153223886726,0.955520818950511,0.9516312963055619,-0.5728376058906053,-0.8164537668165129,0.6163867930824523,0.8714814459731964,-0.7968655301553338,-0.8894987681943133,-0.9034611850896822,0.8919046779645622,-0.9210422376266431,-0.9017726922574186,-0.8834785557926889,0.5431312685341344,-0.8348927298908161,0.5840052162282089,-0.7727689146036477,-0.8995851585136007,0.9496857985990277,0.7906655798721698,0.04641967001240539,0.8831238788026788,0.9579231488941327,0.9264723162869464,0.4191318827165212,0.9319444405926887,-0.9584399951188161,-0.8452091844003153,-0.5437893480829461,0.6346846865606557,-0.7495355187418189,-0.881763157916498,0.921041730901893,0.9230073351139515,0.7741783122477922,0.673399108262537,0.9215078183939567,0.9536354089692093,0.96823191556337,-0.47793645928727435,0.8067573642649682,0.9199523446738392,0.9701278739583787,0.5740140873513113,-0.8265264681570597,0.7515294319478617,-0.8227630876616562,-0.8215420235954749,0.7230872435897444,-0.9017160701806308,0.9588929260543566,0.8926774668363898,-0.44127529026119855,0.8622976088684627,0.9521669450981809,-0.8004215326372405,0.43505237731087154,0.9515004592570228,0.27721827147024325,0.9306484415462585,0.9569584051285095,0.9296335987781287,0.4177577623459775,-0.8939520498693531,0.9680152017014156,0.8895250993917219,0.9222166565940006,-0.9177222513190242,-0.9597096194764612,-0.8102059716716741,0.17167670635572363,0.26245505120016255,-0.792816854321543,-0.9449116679026093,-0.9413515812117703,-0.8784708743574106,0.9712648213972058,0.841048873892154,-0.8214798956340418,-0.8656459410731757,-0.8418484262352335,0.8804956346782603,-0.9040465191456819,-0.7858000757114543,0.9623250281755305,0.7893495704630635,0.733855771223598,0.8494694625425503,1.0,0.8277895015891145,-0.9355343140663239,0.7086548471831551,0.6111644474890375,0.9422471721634117,0.8337647791931001,-0.9126832478134653,0.8187491939126709,-0.9003157108612408
VadinHA17,0.6250880099388073,-0.9280220914150649,-0.786436576428953,0.6807584334946803,0.410344764266646,0.8834539944859212,-0.836254666582074,-0.682572029607961,-0.6924911907215042,-0.7041843056136579,0.9303411976934857,0.8944154850320737,-0.8842854465965745,0.8344935759111166,0.8414543345877812,-0.42480674190878775,0.42636236170492053,0.913851884763808,0.35446364883738907,0.8496124376335793,-0.6420369295179698,0.8541357136680428,0.721549981624579,-0.3482951798157267,0.9300318003969277,0.7070731895640026,0.90931040131673,0.6001541868123662,-0.8245974146266736,-0.9190713983591425,0.9524001254639507,-0.888268093543595,0.8518837857506021,0.3653256338820575,-0.8797814391951234,-0.8087616569415064,-0.9068373259881789,0.7922786008894038,-0.7370506387542953,0.846159345773983,0.055308115572010194,0.7808587260102577,0.8206022216289723,0.8833688062029282,-0.4435503792651506,-0.6104721613270305,0.7967117777848497,0.6597918755172782,-0.8447691156326564,-0.8719379924948285,-0.6326698770465845,0.8055445690763081,-0.7605739066110809,-0.8999327721103478,-0.7642416065101754,0.4151342611194783,-0.7872928222862089,0.5041987338276975,-0.803475081383363,-0.7163597091117454,0.8462235394079075,0.47574014039403806,-0.05430096556876393,0.8108570139891975,0.7936579812216493,0.710757693845412,0.05254996886953203,0.7255485927713521,-0.765015621502848,-0.5713356506228917,-0.8010160427573378,0.6419801183682127,-0.8939269428859936,-0.5616990796215315,0.9227358393284568,0.7359375579699907,0.735967216507861,0.7249788526148876,0.8401132052047019,0.7362339124927371,0.8594449230676889,-0.7222281885706635,0.460302414812578,0.7818781250994857,0.7565319974659656,0.14887569737283626,-0.8701322825114471,0.6265474281378871,-0.8431806199784244,-0.8806825972136015,0.3986390431879451,-0.7642976469826875,0.8986877815534747,0.8722527416594609,-0.07541100444788763,0.7833951699326837,0.8272384781325967,-0.8678123336183415,0.7277906582919389,0.7992391046465542,-0.17745920426335698,0.8476294624090328,0.8804511063456756,0.8286800806063448,0.23466616101735846,-0.7885669234948361,0.8546897079240333,0.5765347493201451,0.8698877446985369,-0.6953059590268653,-0.769762003357988,-0.6386711305398735,0.42123974072520615,0.3942538527580982,-0.4550944936385813,-0.768819429844925,-0.7159978918568796,-0.8862229958370391,0.8774912566973869,0.8908772045537077,-0.5101892375559092,-0.8907831945086409,-0.808969082921765,0.8314504006585232,-0.6925355821179443,-0.8810947757524015,0.7725672867933572,0.8108143542533378,0.48242110595666376,0.7189789446585668,0.8277895015891145,1.0,-0.7911479896386229,0.7249350814357394,0.2895913955418325,0.8691864646513017,0.6298823405741145,-0.7148241020488622,0.9350245344222212,-0.719244386824379
WC007,-0.42780257276561984,0.8028029143842274,0.9746339515007374,-0.869672851732847,-0.6473362533676782,-0.8993017741488799,0.9464197106774306,0.8079578125285297,0.8240557122066684,0.8290694298352909,-0.8326914050939748,-0.821637763135172,0.7488590668754319,-0.8298587327554251,-0.6018146407609146,0.608321540096903,-0.7633287634195458,-0.9031182357849077,-0.7652922600845399,-0.9451310071208131,0.8710836884701031,-0.9227845015043366,-0.8569579991287611,0.647040488294091,-0.7534102865986736,-0.9291865603380789,-0.8270526893552727,-0.5307599148248429,0.9935716544748731,0.8327521909501637,-0.815931603790561,0.9405132456553407,-0.9123804541363327,-0.058966510295657665,0.9206573239599551,0.9483005375144492,0.9111799900533273,-0.8907702399486707,0.5676955141948863,-0.6776907813425634,-0.17274890297272769,-0.8057421582274713,-0.9127151781567223,-0.942524180341115,0.3825100604915219,0.9139228669614035,-0.5466750541904335,-0.8115747173905632,0.8499950643660308,0.8312537153898786,0.8629734475283691,-0.7857569587425333,0.9572809310332511,0.9179304317423163,0.9430970419107999,-0.7086762391324413,0.9364251827328776,-0.7124364113995221,0.7209168808684412,0.807729425993638,-0.9318484694114274,-0.8698142728946746,-0.26450067207587585,-0.8794850959923025,-0.9500209035789938,-0.8980145465213683,-0.46287323475678077,-0.9530356417906357,0.9786200647872146,0.7977206593923142,0.504434060325916,-0.6800871050046636,0.709047996547733,0.843579585376423,-0.8630748869140807,-0.904164865139641,-0.8122022861600212,-0.6733411776850081,-0.8172119346981779,-0.9250834740767578,-0.9263700174434023,0.5178057114249623,-0.8558201442116318,-0.9508996392574562,-0.951076484972856,-0.6322305903911887,0.891541856668734,-0.8009141312213133,0.8958523553263205,0.8011654225153938,-0.7187526351632386,0.8976524008126826,-0.9091181667839651,-0.9021850489849155,0.39357932447672084,-0.8776878963178696,-0.9068600272125695,0.7627392070290379,-0.3668395162586386,-0.872776940947529,-0.31731642963515744,-0.9293147881864209,-0.9151157311947091,-0.9290956999267591,-0.42922353943359537,0.9833005082205404,-0.9248305780149763,-0.8945071336291037,-0.8421498991284823,0.8843282167433952,0.942573254209977,0.774518136147888,-0.07625499004002814,-0.035443424881805,0.697087308051858,0.9291557233911535,0.8894766821247381,0.8267411958806132,-0.9211529035633453,-0.8392904688059237,0.7288795806645325,0.8472633547136031,0.9211426583827419,-0.892323906328751,0.8987970875784925,0.81374128322667,-0.9078353371342683,-0.7502801410904486,-0.6500210905361867,-0.8928432549201607,-0.935534314066324,-0.7911479896386229,0.9999999999999998,-0.7657216537320185,-0.6972707609481289,-0.9179591877153755,-0.8727591372286437,0.9323097993129843,-0.7879273214364351,0.8206962133724106
WN38,0.62141815436151,-0.5740153115118913,-0.771787695137471,0.7724722060396106,0.7733140339141281,0.8570758916937876,-0.7877712621316488,-0.6714134422708097,-0.6805602459361756,-0.6723745899938842,0.7305254191679894,0.6137136983982098,-0.5431721435065131,0.5778917666473399,0.33646648070982965,-0.699446322860699,0.35021831785225566,0.7969061376170656,0.4314347448256347,0.8514226554032772,-0.8063435931261594,0.6884501660901183,0.9193460769255294,-0.22256936078592143,0.6427638180760386,0.6277916699393573,0.8205587650686639,0.4892388636701204,-0.7842731256550272,-0.6286003175284257,0.5893317940827625,-0.681933800527499,0.7999239797371884,0.013561569886020058,-0.6737474085926948,-0.6733951501123576,-0.6792896608627074,0.8412664062886688,-0.39249739102187153,0.5220326547509883,0.050384156123139845,0.91971774922207,0.6384613093835596,0.8061865455742678,-0.5882597299219664,-0.6829390146161273,0.5368061162175254,0.8235431298305468,-0.5356692568745577,-0.6288376050908379,-0.7717803138972122,0.5444695882093087,-0.845548931356814,-0.6673992996161934,-0.7318452746863018,0.5829620038839869,-0.7553962114315943,0.7692411627170201,-0.5511066004768421,-0.7128626456881096,0.7383239817226046,0.6573781633321485,0.08549143635947981,0.8930416381352737,0.8253809977658003,0.5987506572296883,0.47384469324502293,0.754480040125825,-0.7869415585380107,-0.769492710138293,-0.30853696189116103,0.9251886895234825,-0.5344874058721771,-0.7624833735400474,0.8066154188262719,0.5986144759056082,0.9127264376691752,0.8828185015125062,0.6498870724076017,0.7943819361866797,0.7641318814953407,-0.2760854795070434,0.6531216552951243,0.7199503441517896,0.7837488694986723,0.34254601102511906,-0.6264199735718424,0.6417635656141522,-0.6224688736524354,-0.572966223537003,0.3156663863643455,-0.8578208314471938,0.6609023910144539,0.782951274518604,-0.5347466636640643,0.5057329105111952,0.7677001161471918,-0.523487053195439,0.20194849376097135,0.6713371248398645,0.12361866847703937,0.7987898543480357,0.8044786242403691,0.6934080882399758,0.2774850324310847,-0.7221402908797911,0.6844618217913498,0.6810594234277029,0.841758010605052,-0.6945109302267884,-0.6798013674278899,-0.7175395580391092,-0.1637588615057536,0.08226782248141551,-0.674395968850253,-0.8473757679567125,-0.7842362256747738,-0.6491418814137273,0.6666468367581225,0.8395868531075694,-0.7113353336054188,-0.6281948951913798,-0.6301718093157207,0.5703204697752717,-0.8152436583151388,-0.5169187203357102,0.5904146043040333,0.3212096349656671,0.7245132921756298,0.7033695069944464,0.7086548471831551,0.7249350814357395,-0.7657216537320185,1.0,0.327400311078381,0.7534254091810461,0.6424969319338362,-0.7341654547414028,0.5832649528592249,-0.7462160591606771
Wenzhouxiangella,0.22515137953665357,-0.4905526920214548,-0.6476973444935131,0.5075276989539439,0.4832697597019382,0.5490489599413149,-0.6134816518656316,-0.634234990465374,-0.6716247687960785,-0.6641851057370579,0.4243201961962756,0.36410920580012146,-0.5430989162348215,0.41522209217349615,0.21627093698627634,-0.34220482960125725,0.9397288051824741,0.4890303201348537,0.9483656836512054,0.5917007049268231,-0.6921891307466677,0.7182651648973488,0.5745714726664944,-0.8606623007985378,0.3860103708471218,0.8506477916589963,0.4852654676082531,0.4866002544216474,-0.6482601316643968,-0.5614453094031949,0.36217571357223516,-0.6538238642409371,0.6080969452266834,-0.09408765721561965,-0.5696601648416472,-0.597551054400774,-0.5579640138692007,0.4539216414264466,-0.47781106010307284,0.2690672530233022,-0.12358447794813558,0.3249782294748943,0.6884231063799312,0.6323066110315178,-0.05148883563994816,-0.7132296206590919,-0.020983578581343018,0.4532078759273614,-0.5288224816139464,-0.6349891989062055,-0.6014107999868019,0.35055303789713,-0.6002796656740516,-0.6268743359842339,-0.7585237148904468,0.49398812002779663,-0.6247254968168665,0.6736463242473274,-0.5480496498899596,-0.6215856694569579,0.6767667857622257,0.7844844964709928,0.6305123199172296,0.4155083228785217,0.6000939074722109,0.779476187559573,0.666545416771937,0.6062484531106775,-0.6380605030293395,-0.573511073975536,-0.32532147405867684,0.43008912369640395,-0.46668604372203826,-0.6225628021605405,0.4581002823128488,0.7702630787105583,0.4968316303413627,0.2097400870310053,0.3385210950888388,0.6816425957305596,0.6026359636398873,-0.38394867294578416,0.8750667351718849,0.7666439007086334,0.6800015317130592,0.906943591904329,-0.5402276549599867,0.8231231221227082,-0.5547490708888472,-0.6069993785995972,0.9588488794803741,-0.49083892531495626,0.5926803494027598,0.6365939748755851,-0.3508233844182611,0.7723223847902704,0.6001571424518141,-0.5897651809974276,-0.05099506300688995,0.4386665119834059,0.8079087437823224,0.6891176190993482,0.5439969315322757,0.7455918187136392,0.720323871638078,-0.6469850468081761,0.636321467984441,0.7936012730162548,0.4341915109715006,-0.6237787844619734,-0.6737376845967216,-0.4528648891842274,-0.13765207396625204,-0.3500853331081599,-0.5442333412981925,-0.5948863624110619,-0.6549685608441221,-0.5875833876115871,0.611176369631029,0.5463088990596522,-0.49092344351379014,-0.6310666680614121,-0.594486513506826,0.7227058650143766,-0.6015645254491865,-0.5141696192033955,0.7009435722243256,0.5016206515574264,0.353675356454576,0.8350535448432092,0.6111644474890376,0.2895913955418325,-0.697270760948129,0.3274003110783809,1.0,0.6206255274537393,0.8809073619098088,-0.7563013173214481,0.3475412146603024,-0.5635434641792842
Woeseiaceae,0.4587079812851395,-0.8631799405868144,-0.8703440482262804,0.7986335111682129,0.6399178048799113,0.9388626474176378,-0.9210941939350852,-0.8943499023291288,-0.8994464439422118,-0.9078779866667732,0.9504425239106451,0.9065340183762172,-0.8923213752278559,0.9028789180211968,0.6049796945231404,-0.6245718959624125,0.6500300419969979,0.9695497375642461,0.6593127821658507,0.9554880128145689,-0.891309611193164,0.946289604437963,0.8504863851570649,-0.5898780844238536,0.848276133892254,0.9194864065577543,0.9277268493063622,0.5047789018371933,-0.9167061746281354,-0.9173592681506858,0.8256462678590937,-0.9237768092840669,0.9758315536844846,0.03552480103181945,-0.858743324652566,-0.8240661227377251,-0.8809298452659289,0.8572107559048819,-0.6895890746589073,0.8303532502883019,-0.03219881344975033,0.8476367526637606,0.9579056388638661,0.9639938805919076,-0.5079451507947528,-0.7789799108999971,0.5932405574615488,0.8413601871382879,-0.791220777208759,-0.9334759080697015,-0.8603963962585806,0.8818958908681024,-0.8566153023081946,-0.911601447436559,-0.9078983395070932,0.5506400399658473,-0.8395732458148385,0.6929772726364742,-0.877135035062424,-0.9042839685546746,0.9573369455025257,0.7846734493903693,0.04958409540317741,0.865341460801222,0.9323340803849474,0.9175951918998612,0.312708252472375,0.8634597437646884,-0.9168933321702327,-0.7997752551168635,-0.656834526689064,0.6883932539346836,-0.8475692293117955,-0.8025586068133114,0.9730072873541152,0.9264584372229999,0.8433882146309655,0.7235075654046356,0.8936944295268318,0.9322172071906102,0.9592694719870938,-0.5777443801639165,0.7808740243307578,0.9273002288133951,0.9400450156445315,0.48672139688288485,-0.8309185152864209,0.8023549477925449,-0.8091461771869204,-0.8746739350167291,0.6977812087351868,-0.8595802230171459,0.9652523800225493,0.9209122204121315,-0.3725027108848318,0.9086580841137397,0.9409276640544407,-0.8718069180216304,0.4657013700080729,0.8654283259149833,0.2384311372419037,0.9549831290085637,0.9669976706308041,0.9417720340893903,0.41378119214132864,-0.8829627443176002,0.9695240196903345,0.8489076875828299,0.8813136310620102,-0.8299877072985797,-0.8914048454309829,-0.6939678566694292,0.18355263819800396,0.1946528623849999,-0.7136275769258139,-0.9377683450618344,-0.9213834268890865,-0.9359365824114919,0.970599833956373,0.8936120952220741,-0.7568491012343757,-0.915871284922447,-0.8156498924540325,0.8954990755233362,-0.8626561830649012,-0.8132769570028375,0.936438909727486,0.7963726313673378,0.7145289655049216,0.880959708828938,0.9422471721634116,0.8691864646513017,-0.9179591877153755,0.7534254091810462,0.6206255274537394,1.0,0.8917773724684221,-0.9275419823600429,0.8210170905602409,-0.9055982740545403
XN24,0.4725185242075763,-0.7461424472280784,-0.8327439712546856,0.7001820244134639,0.6348288478822829,0.8436760174221402,-0.8325484310285594,-0.8367250086869774,-0.861127739966263,-0.859876783086602,0.745857281970235,0.683548569808716,-0.7947792935182834,0.6983465202441019,0.42489174622798764,-0.5127858535629093,0.8204007086137162,0.7882012759533252,0.8758626214349956,0.8587398483781449,-0.8806830445738637,0.9126064617648502,0.8412428208361951,-0.799262585243778,0.7034927761678629,0.961172692291926,0.812270690517652,0.597954418559594,-0.8523707011153091,-0.8131474862708249,0.6254081070824291,-0.8614807967773878,0.8702201101053451,0.01198240682719163,-0.7812254148623037,-0.7659901695246703,-0.7882304476335993,0.7104878167817785,-0.6759081462159544,0.5761149635125611,-0.16371847881780813,0.6599656418536676,0.8817113133924004,0.8848912423709159,-0.3105489571697036,-0.8241370367024468,0.2956251887369925,0.7055482560446831,-0.7094187955804757,-0.8653355095180871,-0.7922978503305012,0.6466790811289406,-0.7887915561683082,-0.8431605438485287,-0.9316017725383257,0.5786548199716604,-0.8009095924837186,0.7897655898371886,-0.7851904832232417,-0.8445161171797724,0.8932436599126695,0.8665331685815694,0.4089024001853023,0.7049518184510332,0.8288570122172073,0.9108855335914983,0.5716208624451733,0.7992164610344188,-0.8364025265921083,-0.7374286319837429,-0.5540250653799066,0.694152127328514,-0.730914789207197,-0.7710811171838606,0.7919103307169151,0.903826788248763,0.7960640685631268,0.5811183162902144,0.6753062154580948,0.8828843408179927,0.8439166198630617,-0.5466520634772519,0.9234625748434384,0.9189932677977013,0.8778194752684697,0.7514148474089243,-0.7428565730181472,0.9242209288116063,-0.7372604512480123,-0.82361943637561,0.8936085434582524,-0.718640101334348,0.8413396823083128,0.8763600293012064,-0.3900617976467586,0.9007837527701982,0.8404217724140046,-0.8095142157809543,0.1828867763971398,0.6678730252744374,0.57502541098447,0.9175986494692002,0.8215717478541288,0.9230332984769453,0.6042664806089805,-0.818180154871963,0.8694106029678077,0.8871126907630195,0.7334571104252434,-0.7690883138103269,-0.8400756318946,-0.6510989180329515,-0.07560417944238668,-0.12148818253403466,-0.6731749490762607,-0.8445361349458533,-0.8653087771125859,-0.850664284909981,0.8542955931226689,0.8171448312270003,-0.6774848142315567,-0.8579990845422455,-0.7565847751341898,0.8749591663433277,-0.7820694673026714,-0.7207368595739505,0.8619959281559209,0.6522375903896643,0.5763790576331006,0.9646167542459023,0.8337647791931002,0.6298823405741145,-0.8727591372286437,0.6424969319338362,0.8809073619098088,0.8917773724684221,1.0,-0.9167936948020855,0.6170511983603256,-0.8055468397452533
Xanthomonadales,-0.3425945861927957,0.7174876247288173,0.8698080909422905,-0.8240809288100989,-0.6830960251099867,-0.8584267617196636,0.9572748320474734,0.8552093044358632,0.8650812080405313,0.8693641048255499,-0.8364669282758017,-0.7779048270015072,0.7281414311795019,-0.7835386847075698,-0.43653823715083573,0.6778764588527725,-0.7691507829582633,-0.8742129300112409,-0.7600187527845409,-0.8963176621761072,0.9305016213491571,-0.8964189477658501,-0.819071200098589,0.6350215970971761,-0.666353783478399,-0.9389792949206232,-0.8101159721762509,-0.4737301656256082,0.9120201434833966,0.7755059484200846,-0.6972105117111468,0.8522038728088592,-0.9044216985657809,0.15648391523282415,0.7921156563622703,0.7985979383659714,0.7931534012108074,-0.8213490291329175,0.5193006779709716,-0.6593903876704802,-0.13699686050943513,-0.7841235416535869,-0.9055303283407892,-0.9055260038154211,0.43590257890403955,0.840730141314519,-0.387368641762636,-0.8323389904124502,0.7217075811403333,0.8173353171021422,0.8841963279239599,-0.746640647112892,0.8961611827056147,0.8276339221703042,0.8755922556078349,-0.6332907672890344,0.8560149565050862,-0.7080798888972482,0.7165123768615997,0.8441653280729905,-0.9092808537770127,-0.8874237828105247,-0.24703553147543858,-0.804671256716046,-0.9358836015307266,-0.920495579581923,-0.5165627550194377,-0.8441346702909452,0.9249911009198573,0.8695949707989035,0.45822601109814953,-0.6683518298524412,0.6706836550331516,0.8905822608471503,-0.8506719095257051,-0.891149071873581,-0.7827211312044339,-0.6339262806997324,-0.781149784058021,-0.9367689342079386,-0.8984418150065083,0.42283549929682934,-0.9009300853848409,-0.9096473416577588,-0.9537516157197763,-0.6917595421619073,0.7725210199590348,-0.8373262948135799,0.7570031811493028,0.7505493862638597,-0.7915170020811493,0.8840258611756201,-0.8703475273497665,-0.8453632271909817,0.549266726656035,-0.8565835981421281,-0.883236279023202,0.7282515501975763,-0.35438626615733476,-0.822888230768352,-0.4445529313337575,-0.9041285555949269,-0.8882026547141303,-0.9110380550818951,-0.531848722264138,0.8901888792926698,-0.9080638419700461,-0.9003754446184633,-0.8111056498429466,0.9001292985207571,0.8876520321051189,0.7134963951820706,-0.115529164668367,-0.10280896355848029,0.7910483349202082,0.9451752866734046,0.9078787140743637,0.8001579468517641,-0.890432099859124,-0.8003964422558761,0.7667068669268355,0.8017920168102712,0.8023576171413345,-0.8535934765156193,0.9292853815001763,0.7012476829990617,-0.9059173727997227,-0.702294537411991,-0.7160295173708265,-0.8866934473360006,-0.9126832478134652,-0.7148241020488622,0.9323097993129843,-0.7341654547414028,-0.7563013173214482,-0.9275419823600428,-0.9167936948020855,0.9999999999999999,-0.6757271191137012,0.825919481446886
YR4-1,0.5167675789326153,-0.9253795548928833,-0.7450100289547359,0.5812813502081943,0.37661142155779476,0.8555905844606981,-0.7691604172842417,-0.7087210301862079,-0.7160593089288838,-0.7336682502227541,0.8462885273676775,0.8619939474520227,-0.8768135649250666,0.8189596214250685,0.8814924740282343,-0.41358417400028447,0.5164347112533364,0.8425220522565574,0.4061385778362353,0.801113673067788,-0.5426622845367819,0.8765319593698748,0.6565908959767662,-0.5346019988031773,0.8449714937459752,0.7313456048056519,0.8332573951902486,0.578730000669413,-0.8052460930478027,-0.89339502072688,0.9840773517142947,-0.8888215379079517,0.8261216561757508,0.4397428774754936,-0.860020405954099,-0.8116422441799062,-0.8759455115572456,0.7092729109753458,-0.7849254175901637,0.7664733971532698,-0.009455897777354443,0.6978188965722392,0.8487529742915157,0.8618656479348791,-0.42668045811522476,-0.5392920574759973,0.6397895487890813,0.6065421244627197,-0.8210786928229794,-0.8739721598019768,-0.627839767809376,0.7908844057914495,-0.72381586642637,-0.8897284450127988,-0.7200336392070537,0.30456011885022966,-0.6995244610168652,0.4613357273677345,-0.8444873576323254,-0.7235413656210001,0.866528446479461,0.48780445431048663,0.00542647058634252,0.6907040294708917,0.7505273205778421,0.7659930042910895,-0.013307866218329065,0.7536695522165054,-0.7558316641552835,-0.5391716008891041,-0.7982995622454615,0.5380314976502487,-0.8970713918033788,-0.5121016580737442,0.8496623963400682,0.7902312016859859,0.6810228669342671,0.6061809917518884,0.8181883523678001,0.7238925573157323,0.8629490792045629,-0.7040886694657983,0.4777401692217416,0.7892941265473327,0.7368381103583724,0.14976341624977949,-0.8332774768668734,0.5512924491299686,-0.8158331490937981,-0.8708846484170354,0.4574809933780703,-0.7090061859589365,0.9161726743724722,0.8671298224685569,-0.04332153094082085,0.8163912320924959,0.8500995473423911,-0.8729859570008356,0.7458793706975904,0.7546407896933763,-0.07774523785140582,0.8239675499377654,0.8581743184408713,0.852983499830535,0.20077694725238254,-0.7654082857522824,0.8800343674495827,0.5841386618204585,0.7896635457680526,-0.7499550721389125,-0.8422553441679769,-0.6999196516866122,0.4424347531201246,0.2878190733143404,-0.40932742099341446,-0.7186448825987192,-0.6920715061272537,-0.8833634561301262,0.863270418973294,0.8291443484187132,-0.4844487386046068,-0.8971699022262667,-0.7810055284687376,0.8904375196147334,-0.6575578567884046,-0.862244857904582,0.789274487860948,0.8983016109597179,0.39719062407565325,0.7076809668228777,0.8187491939126709,0.9350245344222212,-0.7879273214364351,0.583264952859225,0.34754121466030247,0.8210170905602409,0.6170511983603256,-0.6757271191137012,1.0,-0.7030201209159871
Yeosuana,-0.28431221840341875,0.6585437242058231,0.7408411360641298,-0.7977298942142614,-0.8272237029448486,-0.9002285041102057,0.75107053868378,0.9745344830088772,0.9717316755707779,0.970373375424328,-0.826733661569594,-0.7883955507344707,0.7615475148625674,-0.8265610983844244,-0.36440919013344125,0.8233045314682403,-0.5771876928591332,-0.906202607746134,-0.6286976116889723,-0.9247734578813293,0.8957120117112685,-0.8503070791183259,-0.827544502758019,0.5495340876719232,-0.6445010729326167,-0.8589510976659913,-0.8616193191273376,-0.26447181590428087,0.805289755462415,0.7813150308431095,-0.6637678199215249,0.7786828681512251,-0.9601606938684383,0.14717936172227114,0.6686054648300681,0.6560007949741566,0.6905272822266058,-0.8670264732093873,0.5064356220119962,-0.7691150457392063,0.20800590752684323,-0.8966550688688656,-0.9041850718825748,-0.8977778857179933,0.7603952660153396,0.6531247494221815,-0.49382683707727476,-0.9366087937705632,0.547249687840883,0.8498032287488971,0.9507211111872487,-0.8175400310549148,0.819613510735096,0.7549134502885242,0.8020374873676367,-0.39865173776702023,0.6510855645882616,-0.6986662547515518,0.8364175181917949,0.9817171105885732,-0.9092749491690125,-0.7513456685658008,0.09750677946986727,-0.8601369445740156,-0.9049640713855213,-0.8902417645328804,-0.40994861495530144,-0.8733483024309892,0.8888363610890329,0.897230596056084,0.4226421208672924,-0.7120932071905629,0.7028410268473755,0.8707035955070344,-0.9144097233205024,-0.9094076765417027,-0.8389320568817322,-0.683862412033536,-0.82794227005252,-0.9548531852344044,-0.9450483073436248,0.28331992614557694,-0.7853097461162609,-0.8703025085149123,-0.9303062300213182,-0.49654326640296914,0.5991389988773497,-0.668326143088657,0.595810575120282,0.7126040823107503,-0.6485996541378423,0.856687993496308,-0.8783826148126217,-0.8454742477350732,0.5919338937871987,-0.7562975684879693,-0.9548988992670532,0.7198930596207604,-0.19891169578647752,-0.8430830806000388,-0.39270267587878893,-0.9011556220057166,-0.9504602604537433,-0.8616064874802445,-0.40468578769107993,0.7376403889600399,-0.9078497470157061,-0.890791954808076,-0.8677230394864822,0.8289735975801074,0.8710016592738012,0.7591552816469902,0.04017047337724578,-0.14713636039610398,0.8562661881296376,0.9254859462336096,0.9752076888680445,0.844766196921852,-0.874463662904299,-0.8343891467042855,0.9312958575493561,0.7846099977795202,0.6049550981140388,-0.7491731491414069,0.8735745021855803,0.5716322863046289,-0.890367261029068,-0.6110295027164914,-0.8746528159810022,-0.7960122097167283,-0.9003157108612407,-0.719244386824379,0.8206962133724107,-0.7462160591606771,-0.5635434641792842,-0.9055982740545402,-0.8055468397452532,0.8259194814468859,-0.703020120915987,0.9999999999999999
