,4572-130,70-9,ATBO01,Acidaminobacteraceae,Albimonas,Alkalispirochaeta,Alphaproteobacteria,BM002,BM003,BM004,BM103,BM507,BM509,BM714,Balneolaceae,Balneolales,Bipolaricaulia,Chromatocurvus,Crateriforma,Cryomorpha,DDH964,DSBN01,DT-110,DT-91,Desulfobacter,Desulfohalobiaceae,Desulfomicrobiaceae,Desulfotignum,Desulfurivibrionaceae,Flavobacteriaceae,Fodinibius,GCA-001735895,GCA-2722315,GCA-2748055,GWC2-71-9,Gallionellaceae,Geothermobacteraceae,Gracilimonas,Gramella,Guyparkeria,HIMB11,HLUCCA08,Halanaerobiales,Halanaerobium,Halioglobus,Halofilum,Halomonas,IMCC34051,J153,JAACFB01,JAAXQD01,JAAYHV01,JAAYYF01,JABDJL01,JABDQB01,JABSQH01,KS3-K002,Krumholzibacteria,Lutibacter,M0040,MWEM01,Maliponia,Maribacter,Marinobacter,Marivita,Mcinerneyibacterium,Microbacteriaceae,Muricauda,NaphS2,Nevskiales,Nitriliruptorales,Opitutales,Ornithinicoccus_A,PWMO01,PWYM01,Paceibacterales,Phaeodactylibacter,Psychroflexus,RZYO01,Rhodobacteraceae,Rhodohalobacter,Rhodothermales,Roseicyclus,Roseimaritima,Roseovarius,S36-B12,SAR324,SCGC-AAA027-K21,SG8-39,SHZL01,SLDV01,SLND01,SLSQ01,SLST01,SMO-BIN1,SURF-3,SW132,SZUA-36,SZUA-401,Salegentibacter,Salinarimonas,Salinivirga,Saprospiraceae,Sediminispirochaetaceae,Spiribacter,Sunxiuqinia,Synergistales,T1Sed10-7,Tangfeifania,Thiohalobacterales,Thiohalomonadales,Thiohalophilus,Thiohalorhabdus,Thiohalospira,UBA10428,UBA11386,UBA11574,UBA11579,UBA12077,UBA12170,UBA12270,UBA12294,UBA4486,UBA4802,UBA5335,UBA5704,UBA6264,UBA6794,UBA6960,UBA7960,UBA8670,VadinHA17,WC007,WN38,Wenzhouxiangella,Woeseiaceae,XN24,Xanthomonadales,YR4-1,Yeosuana
4572-130,0.9999999999999999,-0.23485746205068878,0.05694858293483065,-0.014631783166989301,0.5841564922583069,0.8620559533460818,-0.011188655597200621,0.19397008458859516,0.2137625530705895,0.26673187831195566,0.48771230068427235,-0.12794900761812908,-0.08490850043818583,-0.42676908488358745,0.02608348782860013,-0.5350109382325182,-0.762249726076076,0.4666569121756902,-0.6896291597116815,0.5626694889712573,-0.026018833331382274,-0.2707270411525939,0.7695172697386834,0.6773560057902529,0.7728481387514027,-0.9341654016526487,0.8739251243586441,0.6338297937307871,0.08552516878707371,-0.25655858849915214,0.11993937206713069,0.2646938835735932,0.6572520065018252,0.4768900290879349,0.03791384508584987,0.17275623600861106,-0.04453677131353121,0.29814897546611174,-0.25128765723737234,-0.08539219612004026,-0.23215420785767693,0.879225871129937,-0.6754349507513225,0.5486280571585366,-0.6593583814134631,0.2547050910177556,0.3608649254823991,0.5718173159128527,0.3718210265284954,-0.035698336758505096,0.07989329535376406,-0.48864123148002964,-0.12828505228741408,0.17440505526833996,0.14203660208086136,-0.060193342368036244,0.0010219565248887196,0.47782854717588025,-0.08521522739443971,-0.21708396685747414,-0.045358526807913094,-0.319889641372338,-0.3553067522584217,0.4852919911185599,0.07312319517628808,-0.7590322175468662,-0.05521944664802936,-0.12383338610448683,0.20053181110452448,-0.10191675908328005,-0.18306172590522723,0.9762123246672604,-0.23835355473721945,0.1515890939466523,0.8561342766717969,-0.7807979086976725,0.8256219123973307,0.7742673229559976,-0.016960737449400774,-0.031218562495790803,0.09701614879327915,-0.1034821166898672,-0.5280350322447098,-0.33665257838979945,-0.2753035661338491,-0.746233282862303,0.14728427532791186,-0.06583510043674809,0.16642452054015236,-0.07636502968011587,-0.9322452615675564,-0.2865091565481604,-0.43665528742028353,0.7595220796087649,-0.19898513063980924,-0.84441151607835,0.261349040158458,0.04169675111609928,0.06259573483889033,-0.3282586366819434,-0.8019513366895609,0.8475607054876976,0.6377315171770199,-0.37957661873381054,-0.28448067685149303,0.2586563377041159,-0.4498263733648141,-0.5540115201055389,0.6218331836124502,0.2114982304059472,0.3751755866026699,-0.22936933030216236,-0.3523549859517137,0.062015945971336174,0.08696014737746606,-0.2345411409618865,-0.1574567401115555,-0.2620636598287104,-0.5754938379558149,0.9118855825848572,-0.12484873309185104,-0.13459907156933076,0.2666738158229358,-0.5555282127281377,-0.04246706587606569,0.43838416395221086,-0.8736280215730602,-0.7434163415837315,0.39328348125601914,-0.14965666991366836,-0.4399692328048109,0.7842660400456187,0.22934997734607013,0.8430390073944033,-0.8689856665027421,0.06320926061950775,-0.48138719921691253,0.3129400702661262,0.18325971206301903,-0.3418561116136543
70-9,-0.23485746205068883,1.0,-0.14324665179102278,0.626320337404294,0.1710858848865645,-0.5835595186046781,-0.11358393825132458,0.4865048780016033,0.4306532745982717,0.5776774511910946,0.36336227826732254,-0.24046452133221238,0.35664787055943975,0.2812712959122708,-0.4055911753510794,0.5271568309354194,0.16899633873368258,-0.04858517301321688,0.564598872010573,0.31207138591024147,-0.30529514817094794,-0.7624414373881323,-0.023063022741056816,0.12645991267281534,-0.16634989889309193,0.09447595749492864,-0.21181663093431635,-0.4671087639823356,-0.020559604826104996,-0.10212939756849043,-0.5434917839160767,-0.03486706238436768,-0.609068414593112,-0.7349219876959571,-0.1869642955897477,-0.11561885231260444,-0.00960379811912414,0.4729058298945412,0.6349455837698105,-0.19817336975466437,0.47364341014565603,-0.0013156382215786307,-0.5184858541341006,-0.5297120187538834,0.6177323381210001,-0.5770352815731248,0.23822790530381363,0.39749752207860467,-0.2838381803005773,0.2947957910027145,-0.005284401769898181,0.31259515358954715,-0.24223300838783773,-0.10209326635881458,-0.5243278734080075,0.6478159425966907,-0.443954535379009,0.26264711219659526,0.6422472572515716,0.47758901853646446,-0.8143929523650613,0.5441038604262732,0.3466837551807973,0.34222096513283745,0.3838798105749827,-0.41152324174762595,0.6934252871518363,0.025549323086122896,-0.11325121320625599,-0.07397790682403078,0.6087114793486473,-0.18235282679128414,0.7878665210960831,-0.5227453125658792,-0.31675252967702877,-0.22149905991385194,-0.1477287664357273,-0.033011332212473744,-0.2114057859295257,0.35742714581070445,-0.7883807372607663,0.18006000211160172,0.5443772363700818,0.37349458325030216,0.4034666339166894,0.7171067243276573,-0.3183385907574761,0.5653912457387301,-0.35403712043307867,0.1819067561619907,0.38045942408877853,-0.12852219956748068,-0.5884199181488587,-0.3404816897536801,-0.17174534238270062,-0.1206412047053622,-0.8488707787914048,0.31912198343046283,-0.44976404677836546,0.4352181272867476,0.28796308899445133,-0.40181986884170967,-0.694839791039889,-0.6743459770195182,0.0012054342125528725,-0.22425259615906282,-0.6639509696863064,0.7561663196310829,0.17064440234625375,0.14989824303009847,0.24103228768524046,0.5180263094934117,-0.31606138920263255,-0.3804716669270515,-0.8166647184640864,0.03256100333495478,-0.7103777912112899,0.3295669076123998,-0.06219835728449409,-0.2615618204252743,-0.4093982750561838,0.5567772257011622,-0.40769605693249905,-0.37905538796891186,-0.04386252948736221,-0.09230396025532446,-0.06454084420552304,-0.3361458103230924,0.21721211909128024,0.18622345100357718,0.1681024941069947,-0.4600742430193836,-0.14252745598072913,-0.04503174262831458,0.3570245473528738,0.011653206489593409,0.274344185830692,-0.1941764044198781,-0.7398001135573842,0.17390910589781358
ATBO01,0.05694858293483065,-0.14324665179102278,1.0,-0.6978626854005123,-0.13025413666919894,-0.1270664159422547,0.6083937033236745,-0.7841464397591024,-0.853503977848559,-0.7377841919413607,0.21299471538252746,-0.28083465615204783,-0.943440015193935,-0.17203257348314027,-0.0064204402340452445,0.37949051082197055,-0.1458052832870293,-0.5061732459683697,-0.22862394711669534,-0.6335069930940446,0.5710460206034352,0.12635767180871288,-0.3722446739269855,-0.24605434431119202,-0.0049292073735880265,-0.2250213676490225,0.2879282968686149,0.008612253239752113,0.9691099333671404,-0.8276582150256404,-0.15186087036706197,0.7569429895859108,-0.03967092672195653,0.11612067728006358,0.8899321168106427,0.9324021979740875,0.9466199034982847,-0.6405912277704082,-0.7061557161435683,0.0891487427001586,-0.6513344330026011,-0.32031894396973665,0.0024483093371382453,-0.46134510405114976,-0.3819705078503128,0.8666246650482737,-0.4206040988732135,-0.5217747321000855,0.8382696967063392,-0.9699274948817398,0.8756196823087595,-0.14903332125179025,0.8133388863919913,0.6904710222904131,0.7915709488266794,-0.6790744562997785,0.8884768115593865,-0.05123321207936193,-0.666625522859634,-0.8602857263693985,-0.09615248892672006,-0.47635142200422326,-0.38168463735959973,-0.6928313711276128,-0.7179208879115416,-0.0026877931602619976,-0.44787322565585064,-0.8131542451458965,0.9625445589203222,0.5073135114102839,-0.84196027884248,-0.10231743605131918,-0.6347881709496856,0.7190558023988639,0.04077273625939354,0.04287419162647336,-0.1495618178365441,-0.20348083531937308,-0.28105613854531036,-0.7144070054306945,-0.28665705636932703,-0.9529734381837455,-0.4787811862402195,-0.3523858550938808,-0.7757059369932989,-0.3720420188390111,0.8927299514901647,-0.09480659636034668,0.8788645052833691,-0.9338271598623323,0.20442954753047243,0.6661489416412305,0.15086745280954536,0.086657275816585,0.35494254516256285,0.032971023997919735,0.004252334041768178,-0.9541448142015796,0.27498038357454624,-0.6436814803554917,0.205422393260243,-0.1888025029372283,-0.3393097617123392,0.018170089103105486,0.05173429638892947,0.9524671225476005,-0.0490171302235234,-0.40270316666778655,-0.07786074094719148,0.24608902866609692,0.34786653041036125,0.28116114514318735,0.2691197976304711,0.06817841191456618,0.06684908243725984,0.7450663836557098,0.43143019106195674,-0.8652793430535209,-0.3225161582824462,0.16717406730543963,0.5427054051382881,-0.8488456046724712,0.8624501402848269,0.15596549700043247,0.6661910473464184,0.7005520844122771,-0.2061780351211426,0.17595445509715776,-0.5303243966406845,-0.22379343066683294,-0.4687513886419797,-0.06295965040713657,0.9193449320695182,-0.44765564320294654,-0.07630888250003083,-0.14100416552113676,-0.061676867932821684,0.42415630993265707,0.09602289758761484,-0.32978505348227016
Acidaminobacteraceae,-0.014631783166989301,0.626320337404294,-0.6978626854005123,0.9999999999999999,0.11065884941772362,-0.07309889812880493,-0.4573660131324307,0.8321420666101994,0.8029927978122837,0.8524339726485105,0.1742894598785296,0.25131144284813467,0.8077531200316204,0.29789561201119164,0.01906180065208062,-0.059379942537427614,-0.050865295219897105,0.3655937310263865,0.14561150953949983,0.6870347818690304,-0.47122890260898337,-0.5723247886267948,0.21474533640876678,0.42331804227457126,-0.0017221448972499697,-0.0010599502095427662,-0.05511702592346222,-0.24835854062284374,-0.6042083448607626,0.33172324747382875,0.02205222393880158,-0.5536680110946931,-0.417284753505898,-0.3573890304191071,-0.7739507837752342,-0.6489723310139452,-0.7111182777227587,0.923638285570868,0.9525810900915419,0.05815675627942104,0.741195803910649,0.36540040843923455,-0.40280176514630694,0.19006102935984867,0.2846835037000327,-0.8547854265937056,0.6909012223292172,0.637639230013397,-0.8077578496488664,0.737593607756645,-0.49041490580054514,0.25554826464502234,-0.7978759275199399,-0.6938150467536022,-0.6747031919954546,0.6873038131845248,-0.8360605073193785,-0.04680042017481208,0.967073648456919,0.8063627747059817,-0.3965864655944954,0.3753419208214551,0.2704201138558846,0.7781830199458525,0.7151665827117977,-0.40182161934801125,0.8624482202675917,0.5477147705785772,-0.6468120130131864,-0.4396241094340303,0.8071956397495994,0.11098494226637212,0.8551460275916297,-0.8909309175042311,-0.0781601647638233,-0.433986147143838,0.013848953174432412,0.2639345131266074,0.25293669192624674,0.6502712353095567,-0.14980427543347863,0.6236091105161672,0.39801286892019777,0.21111092061543496,0.7204877379245492,0.5658512690666768,-0.836243226301486,0.3596536026587185,-0.8492541673547068,0.5481920928948316,-0.07698210344171286,-0.6315359007825716,-0.3854208172796283,-0.10922483019388347,-0.3479503683883353,-0.3722436533426671,-0.3976451719249566,0.8001925722292336,-0.2557628176467639,0.8714007225142921,-0.27171418581384554,-0.0037556728353073114,-0.07531006149369984,-0.44368699235979614,-0.008547634877275825,-0.6381350829157576,-0.38849684318623207,0.4885423268401061,0.555694159198658,-0.21186738320542886,-0.16074060797739034,-0.14307114235777074,-0.2635186726837275,0.0697894328189363,-0.6617652748576993,-0.4891900151356998,-0.7161027403014202,0.7286656683044961,0.25703007892100527,-0.07530289768867376,-0.7127732617974407,0.8100199452569615,-0.8290470624721192,-0.3974472406232633,-0.515760928285953,-0.6722925282472799,0.025557524683917515,-0.3975590174262065,0.44111430880107755,0.09013618800465173,0.6485018363418001,0.0804484170774456,-0.5778891536611103,0.3697479197687181,-0.05699064580649392,-0.12564818556261384,-0.15213852168579375,-0.2697133962140109,-0.3520858745263238,0.40528913678757145
Albimonas,0.5841564922583069,0.1710858848865645,-0.13025413666919894,0.11065884941772362,0.9999999999999999,0.342571730731944,-0.11486907308946519,0.25320288715582506,0.34396793554502136,0.42114340308630993,0.303611528432572,-0.6560989986918302,0.21149020213905198,-0.0032576208614189463,-0.10336830876181957,-0.12458312156683407,-0.2205658018145274,0.5289151133775358,0.11623381579354058,0.581784701722571,-0.017813928899300013,-0.365036623315755,0.4839837903787294,0.5181341656247119,0.5173282852456844,-0.6299701305285323,0.4764224912289689,0.12850436416140806,-0.14452940219430724,-0.14817383825739644,-0.04455737375819677,0.08493515697381436,0.5315701275187015,0.11736652506303095,-0.16077617733838262,-0.1012705444711841,-0.07500689278784149,0.3669084881690744,0.01584754722906467,-0.5075782030366539,0.152122762209943,0.6221040730303304,-0.7278982560330987,-0.022641384476176373,-0.05471011332379989,-0.0640708772182492,0.2196296340083676,0.6569841080758594,0.17964764529965882,0.1821394663826128,-0.3068762545100831,-0.3263403452627762,-0.16910702286723595,0.035635803910582624,-0.11176785136674723,0.51989266080501,-0.1655708679312099,0.6235115994677816,0.0808658554439765,0.07931787564495121,-0.4287715778391035,0.12302731401157073,0.3496859201919365,0.5532143536223557,0.4923067880543603,-0.6776745797598467,-0.14472860827954956,0.055142712311897185,-0.09632020160506521,0.14120930869196863,0.2715165234320438,0.6851272462549034,0.13696925403698668,0.10481985161161683,0.2717651647553226,-0.43085185372837276,0.43955974435789436,0.2083701751877244,-0.35823102800310996,0.1736828455630179,-0.03750646346231497,0.3030921608671208,-0.10652764126001595,0.5141438793006894,0.14212565307536731,-0.32090259372374147,-0.10295707128410676,-0.3249327599330001,-0.0889223211787756,0.13938823942840423,-0.5155166892413744,-0.1333023259197474,-0.40093936503185107,0.5057677217996988,-0.05599395877795613,-0.5823134749220445,0.06620726550478585,0.16098004944256533,-0.2097808960248086,-0.05438688113956012,-0.43010471850902854,0.7282144069896576,0.38776306126743537,-0.43942096368126204,-0.6334831037003175,-0.08854976936900716,-0.4748609555515278,0.18194781173881475,0.22520755171052925,0.2318188581552011,0.25791032764763205,-0.15618440302427244,-0.5717081988521834,-0.4342738714869829,-0.06121329462449682,-0.24730881120068587,-0.5753485163156068,-0.1376373543141355,-0.8588232247455878,0.5957938901263818,-0.2544724812012201,0.10285213400696097,-0.020766542499844512,-0.3694598575351598,0.07573984627557993,0.43415010391056236,-0.7381095568068438,-0.5037805935141887,0.20673554718774714,-0.36896816596473486,-0.4114010969673396,0.35424787172967337,-0.10960774284438277,0.6137544866373752,-0.3981301587529489,-0.012627231585921354,-0.2773606063310287,0.1551445869559671,0.023971356991782145,-0.22339734597542035
Alkalispirochaeta,0.8620559533460816,-0.5835595186046781,-0.12706641594225473,-0.07309889812880493,0.342571730731944,1.0,-0.0773160628599684,0.11567836122263835,0.16232528956607903,0.12042223304713258,0.1711738032205056,0.18451684107412156,0.021824103145845864,-0.3588656429886053,0.33737302939373537,-0.7282095439291195,-0.6936761285102344,0.3746094698097377,-0.7775211650793892,0.5035259968643465,0.09337303494103505,0.10616829296710796,0.7296939459522329,0.4350447834222235,0.6044746203106743,-0.7341092318276445,0.702768962602626,0.6909766472060224,-0.1624855289959182,0.015509939572698608,0.48167397938170503,-0.06284997235413195,0.6705926344138043,0.7294678615104195,-0.17725745245728025,-0.08416299648418007,-0.29609402875591234,0.23291898873165254,-0.29447073270418095,-0.04225715839183524,-0.20575181653524882,0.7994367802892455,-0.3158270014236805,0.8302916301792165,-0.7223274083324315,0.23351544602863467,0.26362405080610474,0.42876335780440855,0.14719879750713616,0.06301956423488264,-0.14283360924083224,-0.37283795613276327,-0.25398737244009084,-0.0986487190773812,0.17067634611875562,-0.19739712404554213,-0.013249054293669831,0.22528338176523477,-0.12410443103484334,-0.1717266283033182,0.39318637398660267,-0.32525394175611205,-0.3497286480425068,0.36743633810227233,0.06265622354731394,-0.4264488845208949,-0.19113630673102472,0.17700911509789533,-0.04637595709994307,-0.16987133794456966,-0.19454782536321616,0.8438335727160843,-0.31966584484873906,0.13060129936210974,0.7457154099715635,-0.5664960140697547,0.7899862087095396,0.7503174676554482,0.27241820029053976,0.06967149281409198,0.49215042130511616,0.024798316799532812,-0.49000866157028566,-0.39504247267145004,-0.18063513837330147,-0.8147998636725342,-0.01018605090754729,-0.27927730623690267,0.008213293965401424,0.049604671162281865,-0.95700182081806,-0.36729056757078454,-0.03901393700236196,0.8049813561208056,-0.14861293710451243,-0.6722742400877222,0.6337779163534797,0.13102294230138886,0.24353314839348214,-0.25125365018510093,-0.827389477736196,0.8316283450851274,0.848042019882125,0.00015491186101063655,-0.2911313083277172,0.07570166291321301,-0.001821475912533431,-0.6587325531658418,0.5232115921967339,-0.07853066609859904,-0.04028921599650644,-0.5582399687996894,-0.21196416479838326,0.18338111607120167,0.35956878833202094,-0.35049729708800614,0.07628017633043953,-0.15601944200442308,-0.2661663193528256,0.7453169569438955,-0.06349676139413597,-0.18253225275796506,0.12053654207787481,-0.24428687267864632,-0.18739930529619778,0.1247434752738913,-0.6254764528658707,-0.4510693272734174,0.23882540275732145,-0.16054125014280643,-0.1911126522204317,0.8280028697232733,0.0027203363541583583,0.7593636816937555,-0.8700082640041673,-0.006532770264337426,-0.543323971467893,0.26614668873899755,0.5293601452882751,-0.21225751136632898
Alphaproteobacteria,-0.01118865559720062,-0.1135839382513246,0.6083937033236744,-0.4573660131324307,-0.1148690730894652,-0.0773160628599684,1.0,-0.6021910778786527,-0.7064118396018755,-0.5912851946629782,-0.42384041579806975,-0.1779151677324949,-0.7002083746999676,-0.034172692401337516,0.08814374333102701,0.5102885009858792,-0.190901106068636,-0.49513772871774997,-0.07617620593000242,-0.3175876450517323,0.5823894038792635,-0.07311296255078241,-0.23586745875672754,-0.3185137890917481,0.08731292585143045,-0.21138063266067547,0.09674503157275481,-0.2607356658124296,0.6892480990668806,-0.7469266956564817,-0.15141526318799645,0.3357073042536816,-0.06998621451709945,0.45920809564180987,0.5215801673787426,0.5154977067306925,0.5100362687704546,-0.3423324724525696,-0.5248422909425348,0.23144560630084723,-0.8199270499093094,-0.3154445933396732,0.032345361586330126,-0.3503563733054139,-0.37069490362328406,0.5587557308986575,0.020862173162417345,-0.5157538795098285,0.5387748417103096,-0.7120146639137777,0.6663075693690624,0.050504571417216405,0.6588430975456385,0.2671860082993315,0.24411217386251863,-0.5780303685339903,0.760052908935537,-0.08480590715381431,-0.5882195067657189,-0.7696670981039768,-0.0860881475551183,-0.4963783459076097,-0.5751945389814099,-0.36410642306747926,-0.7872442508463863,-0.05487487933871205,-0.30230957271655856,-0.19280370629988852,0.6289356510898816,0.8082087240886044,-0.5221009058428842,-0.15906065580054304,-0.4798684954341583,0.7374784910479228,-0.10063222207501549,0.23865722095782976,-0.09908275954868168,-0.18616124138334192,-0.15591326435036096,-0.7531244579351875,-0.12436066185995348,-0.6599600061532785,-0.5281150350770613,-0.22469258149505156,-0.8090725997146999,-0.2992888304405596,0.6957428869926693,-0.29400656957410065,0.5467998291727022,-0.6927731753310112,0.06343402432645283,0.7302317629442852,0.12104592844819861,0.10804973150652664,0.8684091683152724,0.010657119768730584,0.10781240642350597,-0.6933512794319014,-0.388608012212372,-0.4188924263291774,0.1631186417545205,-0.1741164922372011,-0.23877831998911966,-0.15487322214836938,-0.025723143278771152,0.6891092951537721,-0.12306373201012084,-0.21789854017531488,-0.12350534607753608,0.5431591780091377,0.17629141108810573,0.14435500437385582,-0.2633176672683977,-0.14957401739815324,0.3818547384607924,0.8601944116157749,0.23271743607734838,-0.6745414199386274,-0.13873218831884632,0.05269314576693598,-0.04278702633625766,-0.6383061989461329,0.647105542299575,-0.10336326366069377,0.8584135485949153,0.3653809894516965,-0.07827056777492492,-0.029397662806728654,-0.366244267697382,-0.24894468365330943,-0.3753867027571482,-0.2559384412184072,0.6969617752699191,-0.4548424620105558,-0.11675174162474061,-0.48697512452196756,-0.2207447903713244,0.8958110736663437,0.08508613819683825,-0.8034996099211099
BM002,0.19397008458859516,0.4865048780016033,-0.7841464397591024,0.8321420666101993,0.253202887155825,0.11567836122263833,-0.6021910778786528,0.9999999999999999,0.9639495624601749,0.9698576826944402,0.2446396357767491,0.026958884733147316,0.8523462947137602,-0.1655675175780086,-0.10514974465878257,-0.4115826346472677,0.050689558728415796,0.4780163173939391,0.12446077070908668,0.7425943070339375,-0.6033507808679954,-0.440490101582711,0.5111545781258275,0.4922668997558498,0.04488559161693877,-0.050571242425218765,-0.08575262080953919,0.2072393006213244,-0.6839890795172763,0.5022979827096544,-0.029378775680873985,-0.5169047535896327,-0.0891111777367091,-0.30351539089646407,-0.7224270161687573,-0.6831034431831837,-0.7428777809851417,0.7985522803366658,0.7569463626638254,-0.18244328521047573,0.6767806372574093,0.5325009762136756,-0.41583814429124827,0.39910816101220864,0.3290188895533707,-0.7892278218293355,0.5311227342189893,0.7180982590577799,-0.6542687274987911,0.844405782126965,-0.5189393835900779,-0.13737216062821334,-0.8669899883241796,-0.5014463707206682,-0.7241351299961876,0.6801561694798407,-0.943805524840361,0.38111304015878256,0.7956655188454037,0.8675969264491009,-0.18958475983382,0.44533347431896964,0.3342812217789713,0.8106324214329282,0.6968639727741509,-0.40412607880688584,0.7964779815623446,0.48582474512012,-0.6696878175182778,-0.7074057426155871,0.8220684648336554,0.312421430350699,0.7588278653016591,-0.8223688987970351,0.12713189864558153,-0.39324784286363246,0.31718692589005054,0.4420730822027158,-0.05111509210342856,0.7256393439534264,-0.07593439567748866,0.7142136543708428,0.4119600739470476,0.2634521287120957,0.6559336501015535,0.4361312725344364,-0.7788654172777558,0.5144415342982434,-0.7804429616481987,0.7467492104629275,-0.2753010261535287,-0.8487671494983997,-0.6440140885599707,0.05419514153125721,-0.6226699384565323,-0.3228792926404805,-0.32447500068364066,0.9094336994309895,-0.25599104282122004,0.5655099104249487,-0.21703160520102724,0.21660633033795898,0.15569711307016687,-0.32212914897653333,0.1639377845055526,-0.7306042576974046,-0.49277081386582117,0.4017047664062744,0.42355230580037156,-0.1822973311201675,-0.026388625792805962,0.061462150566039854,-0.21766459271276442,-0.1323553295387706,-0.5092470993404216,-0.5818402831972893,-0.5275123587148889,0.8487833052439784,0.04620293426149355,0.14359113131374393,-0.4606459518424948,0.8565055456208124,-0.7723847634807339,-0.4161728453984398,-0.7451173771630274,-0.46211628250114,-0.12221971507561662,-0.5084838301165107,0.6419557217724602,0.46436038285553094,0.26921870250180485,0.1927025052343652,-0.6809765349706153,0.6288604651554186,-0.014778707100902842,0.0821109687958822,-0.04517456460613293,-0.387320408320138,-0.3264779636202825,0.3475938042715678
BM003,0.2137625530705895,0.43065327459827174,-0.8535039778485591,0.8029927978122837,0.34396793554502136,0.16232528956607903,-0.7064118396018755,0.963949562460175,1.0,0.9681310687235315,0.27021379965030196,0.07035610681835397,0.9056340440621454,-0.01940192484040911,-0.1854958223191745,-0.40492116777596643,-0.0044232056543457455,0.5878524655555551,0.1509554972125114,0.7879469544763444,-0.6797782382898504,-0.4338561389725908,0.5688383687960566,0.5213552066494553,0.14804987931764083,-0.05326569869964591,-0.039057010190278234,0.16307269562168442,-0.7834702594818037,0.6227530040073135,-0.052720012916226834,-0.5033801066510535,0.03329427572490609,-0.3271376680369081,-0.7574911143495126,-0.7261584152810021,-0.7724518213482493,0.7727548962047099,0.7476103545890891,-0.2216124080318007,0.7237318559667127,0.5770031424071532,-0.4159192657919039,0.39940071099624835,0.37333777353233133,-0.8415234875482065,0.47798316338210406,0.7956047095322557,-0.6612366076030672,0.9266435386957842,-0.6810396436297946,-0.034154930608388284,-0.8515563114674302,-0.47604463768319194,-0.7528577393128789,0.7922015495696842,-0.9696835503158284,0.36671968097194557,0.7903309406375661,0.8895038909690507,-0.20791259334005766,0.531694812422303,0.3957902231954742,0.8371367761860395,0.8071707473940583,-0.38240290190328785,0.6617654685158367,0.5279168096957263,-0.7563436812918737,-0.6670431119788026,0.857363428755597,0.3600117219991746,0.7551137165011745,-0.8191164000561836,0.1789980806357765,-0.4123278399714066,0.3589708816200916,0.4443731649304718,0.06822909508155241,0.7824380409725255,-0.054373135611480126,0.8211906795817501,0.47816317717723955,0.3039117891886476,0.7507043559669205,0.3701125028850329,-0.8222690176049181,0.409467178567507,-0.788175751410217,0.8512082137321121,-0.3146279475336212,-0.811938054313163,-0.5668719803037341,0.032052402268659456,-0.6342799912746369,-0.3221550887974666,-0.2912778873541986,0.955226341435329,-0.24538733201685634,0.5549335442651827,-0.290775118076953,0.2867753787100155,0.22946192402051319,-0.33479171932476315,-0.018052368422631547,-0.8060559466857734,-0.38259262184305765,0.4120483486038881,0.34425750925635384,-0.16510358385659632,-0.0252355043363554,-0.025780992359895907,-0.3052956807830635,-0.14179030901627546,-0.4286774993952466,-0.7513128206211132,-0.611747024385097,0.825797686573941,0.03428494455479397,0.10129147131712629,-0.5006609504520655,0.904873370963551,-0.7928489190131209,-0.4164478230561786,-0.7354349324131945,-0.4345421539369034,-0.1460956046952028,-0.5001935849781027,0.6934367171859231,0.3417024550352095,0.2751076332792786,0.191904468723106,-0.7596959735613735,0.6863426093856909,-0.03782433486767144,0.24906184576371584,0.05631888852086894,-0.4887991179193341,-0.3298375031859627,0.36850327016612733
BM004,0.26673187831195566,0.5776774511910946,-0.7377841919413608,0.8524339726485105,0.42114340308631,0.12042223304713258,-0.5912851946629782,0.9698576826944402,0.9681310687235315,1.0,0.35550788535209665,-0.048194196562100396,0.8396819547350161,-0.03197176802802183,-0.17139134170671885,-0.30234196637926336,-0.050531382845239316,0.5325169996563712,0.15946865574622487,0.8256953103800856,-0.5915645349024744,-0.5770361151414736,0.5540679178507869,0.5661252215359349,0.16114512632279218,-0.17281127589059647,0.03852661863219845,0.1150523956874587,-0.6437388439153983,0.4156218087782575,-0.09829403953113434,-0.43367151984425445,-0.05826754596172683,-0.34402948441688175,-0.7031035549092175,-0.6305734720653532,-0.6769619031439996,0.8493546558815195,0.7662559086120723,-0.24685589591049567,0.6992389253615193,0.6125983159803182,-0.5826410362231466,0.2955639172997765,0.33495594943203166,-0.797308799995196,0.5526529484979206,0.8380460293445499,-0.594011868133507,0.8253884033025166,-0.5424560095269856,-0.06418511187759737,-0.8244065244903982,-0.4567570913980183,-0.7189076284870429,0.792927053416911,-0.9187032682827027,0.4296375935006003,0.8260403093009806,0.8337142451450972,-0.36913803830856495,0.4923361647122665,0.3764504966947266,0.8718079531067304,0.7809215595980009,-0.5494012378803773,0.7505572544626391,0.4510751645079477,-0.6323359922382855,-0.59144788045158,0.8447323849028453,0.3990097608641437,0.799726136733135,-0.7950561204728327,0.15905634802202634,-0.510782910426807,0.3582122674097799,0.4592684117199475,-0.03375769357118316,0.7331433045118244,-0.184816677392358,0.7087747289917748,0.41965168648444867,0.3236593915086786,0.6810584617956325,0.38835466653968104,-0.7622680442851364,0.4472905038270414,-0.7532556554855787,0.7101434425736433,-0.3107745187680752,-0.7768216910257998,-0.6771545450619836,0.09301613426874664,-0.5806724143064337,-0.44662190467328083,-0.3811011842110688,0.8785023476078938,-0.29573146123261174,0.5655882716023561,-0.29637618920046643,0.27855270154771505,0.12561289238875434,-0.48250385919327476,-0.03614635317554083,-0.6849133740863103,-0.5703396951630327,0.4574838434294058,0.4699026862618916,-0.10569601537232928,0.04991428487228059,0.037843528986079074,-0.3631645017353126,-0.19636319872887933,-0.5704348788214876,-0.6099839062231396,-0.7018963450926515,0.7415367141748032,-0.0880568104826059,0.1867466429103257,-0.5449900641316234,0.8522102862223494,-0.7430036500765212,-0.5029037918208702,-0.6377620884593574,-0.35570124387600777,-0.26594767444932677,-0.5981227998923021,0.6449350895972795,0.29953928250907935,0.23448136701809252,0.1944697299552591,-0.6352730863512669,0.6782922477285803,-0.0900147426150303,0.11536575401948648,-0.04537721605138747,-0.3588261012218404,-0.38213872516401076,0.30686773258094713
BM103,0.4877123006842723,0.36336227826732254,0.21299471538252746,0.17428945987852962,0.30361152843257205,0.1711738032205056,-0.4238404157980698,0.2446396357767491,0.27021379965030196,0.35550788535209665,1.0,-0.10100087241110935,-0.015083688874279966,-0.1465604185471631,-0.3136245580948106,-0.13192974467912283,-0.3907717867536933,0.21008488717912965,-0.2723828112653634,0.2676982788809246,-0.25904192571884554,-0.42475479618836803,0.377140339017195,0.4893054636515499,0.2960798013700511,-0.45951052296216105,0.5333535185579792,0.32198316179453934,0.21126012257093468,-0.17569389264784901,-0.24148592228900825,0.4372708276108641,0.03485644215893291,-0.4168426024784462,0.17576920436616664,0.3351825708325402,0.26445344955386507,0.19469412052059537,0.08200722315218685,-0.20975059217918315,0.26521500455727537,0.5153982114351854,-0.6518155454160672,0.012578367438090496,-0.04152800252595194,0.014660245620437636,-0.01793141633987764,0.5580570281336257,0.2384583234027726,-0.006185080194320023,0.17360048949487586,-0.14109638650559939,-0.10871618744619507,0.35952763441490243,0.17620680972086483,0.23353131216858034,-0.18015809471036115,0.37789178317220934,0.28241392973017887,0.09255363535933797,-0.4350306233317727,0.1806300458694814,0.06354214259632812,0.19831662464853442,0.30103770021687026,-0.5803411967863707,0.2625099794204716,-0.49581780235356215,0.2702595991153221,-0.38320183745859504,-0.013772820152860736,0.4851003759810334,0.1970426288595393,-0.2843844127587137,0.48165986827134927,-0.7582873812287505,0.4040335352249724,0.5044548935692394,-0.05126430285253111,0.26100991152230807,-0.5258438056368188,-0.18079504053801995,0.09722563792843465,-0.2158075890437099,0.12312511613611543,-0.09269758728560622,0.026733957853398254,0.4957094431276219,0.13576938612407258,-0.0695773274483289,-0.22795842887711518,-0.31053756560430207,-0.5125068489217876,0.19037783563734717,-0.6503693988858474,-0.5242574001933212,-0.413547141413722,0.050162343964622186,0.3274453047144066,-0.11730802869346217,-0.30038624272786135,0.19586257485705108,-0.10757167596795456,-0.46001460185990495,-0.09789507580250009,0.1952496130610222,-0.490973207518944,-0.09205514207943899,0.49564563037800874,-0.0543888020752579,0.4553656078379267,0.24406109314631005,0.03426435458343843,0.057562894066795954,-0.6330546654465884,-0.2903857193105456,-0.31872093505255666,-0.0808344581767528,-0.358216984367976,0.3884958208928077,0.13125222958513305,0.11456091766106459,0.06036519681390938,-0.34099968343732673,-0.24469538728365753,0.3904017330080208,-0.5956404929743364,-0.4621486743827282,0.2763200712426165,0.07303620067103068,-0.15403916724547756,0.32633401428313347,0.19421896519854642,0.47407378286416296,-0.28408143627578103,0.42124628301382555,0.08311488693777686,-0.3658799136728043,-0.3247230668123246,0.30772057426770205
BM507,-0.12794900761812908,-0.24046452133221236,-0.28083465615204783,0.25131144284813467,-0.6560989986918302,0.18451684107412156,-0.1779151677324949,0.02695888473314732,0.07035610681835397,-0.048194196562100396,-0.10100087241110935,0.9999999999999998,0.16652379489578908,0.3196452879714248,0.12756140089010004,-0.11469904944628843,-0.3571570509121122,-0.04984231801856377,-0.4299833770835217,0.04933532579596282,-0.22583639944063685,0.0788898759743596,0.04444888490542889,-0.07605483959110428,0.018273574328442593,0.20463681699946337,-0.004027410202122273,-0.09039870554903075,-0.2791672443616875,0.39470936761913133,0.20500908154883238,-0.27925521567514466,-0.23842051398974407,0.06723759345018143,-0.28039657293604736,-0.22298556641847045,-0.3732224730986216,0.12379089310291785,0.23426982290778972,0.5304604491771143,0.07355770437775178,-0.006074874229654989,0.3473426932567701,0.45201423475065244,-0.15888438415956987,-0.26146896673337056,0.18149263170413052,-0.04956924675001655,-0.4380105771206064,0.23434334039180793,-0.1811196910881419,0.5571322444916189,-0.19809466696136854,-0.33526860534773906,-0.14075347609252656,-0.1595549393606404,-0.16593714279807695,-0.6385962885321148,0.2699556730701202,0.13323695048384446,0.3248626082498049,-0.01777317098595309,-0.4119894223226727,0.004368572210318818,-0.02618068789267303,0.26886225084056,0.19846569934414873,0.33359976946349873,-0.2814973430305664,-0.21006256414482255,-0.0029102704415790662,-0.15218403460597835,0.061312289451175575,-0.3833349026436839,0.16010355235925514,-0.12503670428332203,0.01394213424171584,0.2952758203008972,0.9068458866826521,0.16404151728194785,0.17173781746034458,0.07341942310218322,0.10372103579732796,-0.6318969664565363,0.17712462637829643,0.026559302848623366,-0.28206310257374684,0.13757608361376655,-0.244371240678869,0.2067721388247185,-0.05029692809857938,-0.14549860370905535,0.3729249619181274,-0.20927289453725992,-0.059082163281750415,0.026579167229174826,0.0885094964340682,0.2576069697747892,0.17416305065669202,0.30283914462345307,-0.264637011678046,-0.2514035417840334,0.046267221115807264,0.11147463545295452,0.10349162755655472,-0.18410309139870756,0.46878031653380353,-0.29705125423926554,0.1914413385970833,-0.24866515901400857,-0.31230441957600974,-0.34818539180252334,0.11129210968301419,0.5696716027477694,0.07691009331301092,-0.35833766057305255,0.092628484029879,0.23577798623591859,0.8544310531540986,-0.36121766156790924,-0.2559944902376371,0.195138971714296,-0.25829404598778616,0.0003419963646942011,-0.23492489422595486,-0.6075598363360313,0.3744253521983743,0.07196557309456404,0.16924805583542743,0.009519583921215264,0.6453030074852583,0.046719603875351595,-0.17046826492805836,-0.033835911029312375,-0.15873365700333755,0.20192709620032367,0.09698502203207084,-0.20505459675904528,0.03496051492345863,0.24233285143792277
BM509,-0.08490850043818583,0.3566478705594398,-0.943440015193935,0.8077531200316204,0.21149020213905198,0.021824103145845864,-0.7002083746999677,0.8523462947137601,0.9056340440621455,0.8396819547350161,-0.015083688874279966,0.16652379489578908,1.0,0.21994238055301515,0.05834183266348545,-0.3099532916016122,0.211120356200654,0.4208619404468684,0.33361269852740977,0.6820630830945088,-0.4952033185419924,-0.20628708708735316,0.34243946266361447,0.22780249289661444,-0.12719890034065254,0.2049950777737678,-0.2980627549366224,-0.042042153705756945,-0.9314095025454602,0.7391220551800068,0.17270433881767078,-0.7770237294764704,-0.13928349066517481,-0.27240014876375734,-0.9296352200621143,-0.927551964873833,-0.8886773416698066,0.7389600687857458,0.8077320427233313,-0.27208887395688863,0.8424877181911982,0.3608819952360481,-0.1620885907765699,0.3465432092301993,0.4935727990445755,-0.9118055829713004,0.361977888708929,0.6478247211938544,-0.8779805658092997,0.9626838896357555,-0.8572029651990826,0.17142055594860953,-0.9051656853663484,-0.7332891703040052,-0.7424692936302039,0.8058782552726494,-0.9537772094012172,0.1348126124159129,0.8275442913059228,0.9553257656990163,-0.04989699101415411,0.6275968787491082,0.581683429720794,0.6965596655059908,0.8642710813364015,-0.10899873516413668,0.5737819538893241,0.7583194735835582,-0.9445615726934447,-0.5772273088912586,0.9353617816802297,0.0862355416831944,0.8181185577477786,-0.8392330056330666,-0.16339406886180452,-0.1441125870890505,0.1224830761063442,0.20198465983846534,0.19934436122271187,0.8686277154602918,0.13404718916833158,0.9269449183266013,0.6200416531234688,0.48250117088585004,0.9062542599079221,0.4980594449904703,-0.9714622166286715,0.1844213551558,-0.9526507937919269,0.8819099137564311,-0.113223975789783,-0.7551193880749726,-0.21354836194958549,-0.043519388468683785,-0.48454872960628687,-0.1127956299020986,-0.1161181739352273,0.9664203928268738,-0.16702302334107486,0.7316401008572788,-0.15002637014194123,0.12787755706517126,0.18451484441118854,-0.09220786213668955,-0.11213571713587892,-0.9545089502666971,-0.066080762239451,0.5754568152765278,0.19435647228318226,-0.39509134499538306,-0.3946956858688403,-0.23604440296043916,-0.2266319741289974,-0.16924660044964904,-0.3527529553340198,-0.7237204175301553,-0.5611932869960359,0.8772879451177459,0.2196694585905118,-0.17068216048207144,-0.49158784950986506,0.8714899514920835,-0.9590774188853558,-0.09518593795322094,-0.7299803200333136,-0.688221546626807,0.11201847628639566,-0.1624447996536593,0.41296792843763397,0.22195016732722694,0.536632137652982,0.041260696067532354,-0.9393397573300821,0.43696308620809576,0.1205721700637937,0.07747775018351528,0.03597580984073789,-0.5127504087319261,-0.12790559955412487,0.5153589893141638
BM714,-0.42676908488358745,0.2812712959122708,-0.17203257348314024,0.2978956120111917,-0.0032576208614189463,-0.35886564298860535,-0.034172692401337516,-0.16556751757800858,-0.01940192484040911,-0.03197176802802183,-0.1465604185471631,0.3196452879714248,0.21994238055301515,1.0,-0.056058531722243315,0.6178797457289108,-0.05454419016392159,-0.0018742598262264023,0.36320050869545384,0.07600084294057358,-0.029073126968017192,-0.24736837104252296,-0.3094086278064825,-0.15240783134220828,-0.016131102105701865,0.23339481426471295,-0.10791622069161394,-0.8453535539300958,-0.21832009067427718,0.11640445065178465,-0.074890665386899,-0.1828060542259702,-0.35477503613040073,-0.2668644700748897,-0.2777627098204857,-0.2154892799657214,-0.11563860295085823,0.19100486514747284,0.3995230541807951,0.11868753641873278,0.3142569385483872,-0.22603067319347014,0.023867531945864093,-0.4064156074319399,0.3039155777774293,-0.40587018899337135,0.09406179337647265,0.0840497859150785,-0.38039772929317034,0.1800532735002695,-0.40248450639438266,0.8512501678049024,0.024613978167248567,-0.32141460788899257,-0.2227535057106851,0.4299216336532369,-0.05832889680810991,-0.5244855372527506,0.35242540132300476,0.1469747593358874,-0.4056846542640387,0.31044047984750806,0.2144765851118014,0.05728343611576734,0.34609953388996206,0.09020943742380394,-0.05304158474069404,0.3280536650476889,-0.3050606469240423,0.4341069463535819,0.29375408035848827,-0.3376632182632385,0.3518473837075403,-0.20497576913064514,-0.3899635149003957,0.04320083528756016,-0.399128920137053,-0.32869442210657746,0.5793100725012681,0.15638247883001075,-0.16472974426730988,0.252275069584205,0.35258622159613806,0.2285701438222139,0.4335390034955842,0.28703361505043734,-0.31166116821945783,-0.33610183873340566,-0.28286336411982826,0.10453360892678151,0.3473407790411162,0.33248952384764996,0.43457417467811266,-0.38618222347737025,0.3598025514922445,0.057449167861476864,-0.17223696556109686,0.09168620059521754,-0.16330684617947758,0.5108199894861577,-0.026453971767124308,-0.3098003926163822,-0.32303526806909794,-0.24019237278497774,-0.5906889966099231,-0.21951311803975518,0.3064812102102834,0.43130885179688366,-0.10091462481566317,-0.00539701300785225,-0.2519349163861566,-0.3293010449915329,-0.33746768275346783,0.03855210326207461,-0.13175018412019354,-0.20245000741031116,-0.551814141763282,-0.03635477191517441,0.31008346590710606,-0.5701854579044159,-0.5129071890502827,0.21653789441718757,-0.30464593766812575,0.04196402220517679,0.2898426093633789,-0.3402362017026801,0.256812180542349,0.1938278180089649,-0.15441974777099401,-0.6332106332946308,0.5781577461941833,-0.3863619030097931,-0.1979730950349678,-0.3188108861988228,0.1191111281126555,0.035514056832421315,0.19307742608120196,-0.10750068024255778,-0.17269067642598843,0.15439548875729106
Balneolaceae,0.026083487828600132,-0.4055911753510794,-0.0064204402340452445,0.01906180065208062,-0.10336830876181959,0.33737302939373537,0.08814374333102701,-0.10514974465878257,-0.1854958223191745,-0.17139134170671885,-0.3136245580948106,0.12756140089010004,0.05834183266348546,-0.05605853172224332,1.0,-0.3569736738361116,0.05429125004157761,-0.30154793960949494,-0.26597203356459986,0.03789311655342035,0.7102442807200968,0.5440237766825058,-0.10908763901600055,-0.29759422737367375,-0.37567583783845,-0.08850804877539795,-0.008951410398541674,0.20032266138631463,-0.1305564417832065,-0.12283053020632768,0.9492791636887289,-0.5661106443091869,-0.15729374140411168,0.6340298239535236,-0.36879521475304655,-0.29501335482122026,-0.28389631294743745,0.17956175237896993,-0.0710683041927037,-0.16048061741118802,0.10885877188080026,0.10249867818890261,0.1727597213409691,0.4318520488719472,-0.4086491210235353,0.22024526454508603,0.0024513399961886774,-0.08075381445718964,-0.2685722349787478,-0.14488691747054283,-0.08441896750991204,-0.13136029641877997,-0.33959844346558565,-0.62783483560607,0.3954517234857624,-0.32508828246737526,0.11225970726719377,-0.2628338332694523,0.04486211612017675,-0.051658772925052374,0.5719484735914198,-0.22109100208087715,0.1325644678363265,-0.10714870040317988,0.0336078548161822,0.11458813849324795,-0.05064770597849655,0.3739370494848513,-0.151542403568567,-0.058337874968863966,-0.10499115283004182,0.016365610055256437,-0.07887468053145887,0.03186446605962972,-0.28904213359591213,0.05733297377801,-0.027616414629257836,0.02350219265318078,0.14880072044545445,0.15416995067922218,0.6668349344567244,-0.06642641975835287,-0.21640532306014584,0.05703258730537594,0.038880695546316235,-0.21550354135265487,-0.21555123868244414,-0.4775042305681985,-0.28248007140108883,-0.2492938352476129,-0.18737561591092353,-0.2648631346068241,0.5535999152048335,0.568058250231268,0.11743263635021828,-0.1664743338960949,0.7576475196089067,-0.05922232742480526,0.523878100973122,0.22317956197937766,-0.20586361264231948,0.18784984736351812,0.34794260676265415,0.5259952634508781,-0.10861780220107281,-0.004849676596884032,0.3804332654862313,-0.15423615020568288,0.3616317139828823,-0.7016103812308921,-0.8025304436937777,-0.70950657828743,0.2969124175067768,0.12150879471157766,0.0734532121943795,0.1566724680031614,0.2930494620648584,-0.05033575660849144,0.057190498329607695,0.17210417578564371,0.16798201619727682,-0.39178998995406333,-0.1916874409049622,0.5649792021936503,-0.17026478051642557,-0.40384609033112173,0.003859321653031839,0.39105165331927816,-0.6462772124228724,-0.21684065073841974,0.4070436999243801,0.40604922717916264,-0.1406220214697758,-0.05723299108716111,-0.3199274830038477,-0.7581703695061962,-0.7500609584143558,0.2994591744652171,0.8767994463033453,0.25853411353032113
Balneolales,-0.5350109382325182,0.5271568309354194,0.3794905108219706,-0.059379942537427614,-0.12458312156683408,-0.7282095439291195,0.5102885009858792,-0.41158263464726763,-0.40492116777596643,-0.30234196637926336,-0.13192974467912283,-0.11469904944628843,-0.30995329160161217,0.6178797457289107,-0.35697367383611167,1.0,0.12227402881012968,-0.43309525589637915,0.5409956369409206,-0.31268996857693077,0.15175992096637295,-0.39973153104540077,-0.5063365355156473,-0.37156858082324,-0.1609225127573826,0.25926063396662197,-0.2502836367238059,-0.8533279130008703,0.4376849428049514,-0.4100564275434649,-0.5631385069840904,0.29335547913729837,-0.5265938331663417,-0.40590017584500787,0.33529225200536905,0.33500354999948506,0.4923442637570375,-0.20789090630263607,0.04139073630182588,0.10346036283096913,-0.17676471592308682,-0.5722207947751023,-0.01417011695446817,-0.8871589341773547,0.3841948498530855,-0.026450827881592764,-0.12245423074421675,-0.30479390241388055,0.1562598498395302,-0.32972029287205734,0.302876713855472,0.6360091543247703,0.536619165789642,0.21697111045540451,-0.09375727185386216,0.09959778086140017,0.3593928752826383,-0.22417009088809764,-0.05527275083588096,-0.25665202045282914,-0.6287492382774247,0.1646482873959857,-0.024564285836622318,-0.31540535592956626,-0.250408889205876,0.060054671855930525,-0.04729006806310881,-0.17592742900022845,0.3134120663303342,0.7018544410625073,-0.019430876593842215,-0.5709390406473557,0.13976437347203474,0.2077069020364927,-0.49741044195641443,0.2727384054137439,-0.5032222913088483,-0.5072224829280567,0.004900402105114929,-0.32070441880271344,-0.6452727609563442,-0.30067469392411084,0.21225134154845776,0.16100341392200185,-0.14049851441512792,0.38129801101271277,0.2921495029054158,-0.009784362696399023,0.23605334054654403,-0.3402735164450705,0.6556912548973778,0.7338621795857825,0.09103202843691757,-0.5277181256798418,0.5951743610762299,0.27151493556718187,-0.5378267482932307,-0.39497367650138143,-0.4536369878295477,0.03872037032948506,0.48762012452300163,-0.6569518392414503,-0.8144469297012902,-0.4042144581791172,-0.20559062226114333,0.2867733404817648,-0.10293668018277508,0.4615472497230235,-0.3424541524770827,0.43678365738419284,0.19620268409530245,0.3827895123338357,-0.2954806619275249,-0.26039113557527654,-0.17662750334517524,0.5057629283222621,-0.3059825309222796,-0.3510995383245853,0.08279251633810414,-0.5681518601734797,-0.22820033760351785,-0.0937257947833193,0.19704507175454494,-0.06378035115775267,0.711660949913344,0.15378525242637434,0.21782233743800758,0.13223425273777326,-0.2730151882798549,-0.3010995777395529,0.03216301998488586,-0.7747094749851599,0.3498618526825517,-0.6808234736640315,0.42311246957948134,-0.057918995483688715,0.38664804812806003,0.2210593130216612,-0.49404299526826173,-0.27005065273874534
Bipolaricaulia,-0.7622497260760759,0.16899633873368258,-0.1458052832870293,-0.0508652952198971,-0.2205658018145274,-0.6936761285102344,-0.190901106068636,0.0506895587284158,-0.0044232056543457455,-0.05053138284523931,-0.3907717867536933,-0.3571570509121122,0.211120356200654,-0.05454419016392159,0.05429125004157761,0.12227402881012968,0.9999999999999999,-0.2641713545645486,0.749317482637563,-0.45329270465045185,0.03013449945841629,0.43253348837803457,-0.5756637640602623,-0.5098056508085669,-0.802605345523033,0.8043364704164762,-0.8688308134536186,-0.18620484525170525,-0.19862293046538962,0.3153173107875312,0.015106341958120786,-0.31538724575397686,-0.34504270608693843,-0.3990434568627667,-0.09026140615726348,-0.2760246615032467,-0.029023533453979164,-0.2622675225936938,0.1641885425580707,-0.2844978033980171,0.3454776019996,-0.6542825947909291,0.5418024816296325,-0.38681264678668437,0.6715761369969644,-0.17572273875342942,-0.4343649842744878,-0.4097223135337461,-0.2808683787329859,0.13305088631859766,-0.16146890329508531,-0.10159524269318984,-0.073039834646049,-0.12879513822962424,-0.08791423167864973,0.1461257509396627,-0.15744947317502545,-0.00825526979166591,0.017015062704141597,0.3585166399165974,0.18404577155214225,0.33584267813770063,0.6594641614613722,-0.34667829471050193,0.09164104903697406,0.6460904043447697,0.03557239560462965,0.06251513955254263,-0.2612548449669007,-0.19185420084626967,0.2708604855815612,-0.7016661403184056,0.21556647414802632,-0.1168332695008227,-0.7803973368543253,0.7830503378280398,-0.6330956659064493,-0.7250808953462969,-0.5055884935186775,0.16370391844199225,0.09399686863149834,0.26386171012159515,0.4732132161162498,0.6543205239827363,0.3157614596158674,0.6608655326484504,-0.1961620262372169,0.07386272928267199,-0.2107422729842679,0.20073567443632268,0.7248186002340683,-0.03640114462084666,0.1691738696935649,-0.4624779962091675,-0.11013805076135962,0.783248894441382,-0.10672823824515494,0.07274495152429954,0.0438525398239684,0.18726757062618388,0.8072078671800201,-0.47628920035971634,-0.3316140483844984,0.5457052471458359,0.3969993470996934,-0.37946084781339307,0.2504528504999999,0.5802312682243663,-0.6138766319988449,-0.3299200285382802,-0.33538672716617596,0.29884585537171243,0.47259200515949606,-0.2871289457259595,-0.08885744875326954,0.17314208659916025,0.25988042975830566,0.4027202011378994,0.13078541194408114,-0.5272355688994919,0.39192389459299193,0.14982126308655758,-0.29994936360460583,0.6261354213752668,-0.24442301084245455,-0.24510415617635795,0.6448363963797206,0.684366702871311,-0.34357514920115356,0.39028419615491394,0.11020906297965154,-0.5147072029472216,-0.38312883341985343,-0.5359009496917424,0.8636980336409948,-0.1237058851045237,0.31548656979416706,-0.3881646950631036,-0.011508742627414073,0.407267669075327
Chromatocurvus,0.4666569121756902,-0.04858517301321689,-0.5061732459683697,0.3655937310263865,0.5289151133775358,0.37460946980973764,-0.49513772871774997,0.4780163173939391,0.5878524655555551,0.5325169996563712,0.21008488717912965,-0.04984231801856377,0.4208619404468684,-0.001874259826226402,-0.30154793960949494,-0.43309525589637915,-0.2641713545645486,1.0,-0.2028029361698154,0.47103911262639286,-0.67099163627891,-0.2848608279373689,0.34454566862951075,0.8747734485227242,0.6758873277270334,-0.33076503008698266,0.4474743769347454,0.13445028022469507,-0.4735125705169809,0.3603221574957737,-0.08471943885721807,0.04518833145978283,0.6111314106043573,-0.051673231489530395,-0.2927463571913886,-0.25495825772926667,-0.4398601397461389,0.45389178886293413,0.37910609978170745,0.23298895486128324,0.28202473672563433,0.5064673272671663,-0.3068858584687144,0.3266737298816475,-0.16072604318924058,-0.34165434641476655,0.5893621274518939,0.5016771679896305,-0.18038489709121683,0.5191607652476855,-0.4951742620659996,-0.3167949134669002,-0.3250642290716172,-0.06091789265755116,-0.29959555958169654,0.4455469865609705,-0.47774864889316043,0.07815060096788883,0.27746397316928967,0.3524736574991553,-0.2132166287087696,-0.15197081101522963,0.03937599120811522,0.7432187082994146,0.5408592123231545,-0.3601543569712564,0.0863472671057042,0.09260258347325574,-0.3702322015523254,-0.2690941018991074,0.27937403819146245,0.6120844776897132,0.06574943548080756,-0.28876469461129267,0.5677157340908584,-0.43510733143965896,0.19848470457026118,0.19347395769667766,0.024326298583818632,0.12663801306112937,0.2435514857842754,0.5856487185429253,-0.20926556468119745,0.09083653246295188,0.3179749316717445,-0.14939304847288604,-0.34580799237558124,-0.09977924701064109,-0.24480050139591578,0.4753107793684887,-0.5110405190754973,-0.3420720120223202,-0.3536099418975407,0.0163806160546735,-0.3104336945507453,-0.3811044201658225,-0.03740033696387277,0.48043734704182994,-0.1448867977156991,0.29258461083780624,-0.6298367903080185,0.6778030994668646,0.6059717040030648,-0.2508976278784913,-0.1353886769526643,-0.3574161087577143,-0.22394570520773704,-0.1466283912202579,0.25194592769248786,0.22843676787797818,0.3658688049935067,-0.2612260961591239,-0.2281996750443684,0.33429404640215016,0.0387020108372913,-0.7105447075910479,-0.4062921444162389,0.3235330712072158,-0.23624656641580644,0.45684833337040104,-0.4411710738435947,0.492827378727497,-0.20511156471740116,-0.537578493680634,-0.3098656191893282,-0.027911331043530347,-0.21273793828526152,-0.48265237112153925,0.7185057755649313,-0.21402347375716635,-0.017612413383445897,0.5472593885842016,-0.28645332634359555,0.7095567625935945,-0.3751860122850611,0.3143053074546986,-0.1447264849973365,-0.2314535757052019,-0.17745832578298137,0.009932825151727203
Crateriforma,-0.6896291597116815,0.5645988720105731,-0.22862394711669534,0.14561150953949983,0.1162338157935406,-0.7775211650793892,-0.07617620593000242,0.12446077070908668,0.15095549721251142,0.1594686557462249,-0.27238281126536334,-0.4299833770835217,0.33361269852740977,0.3632005086954539,-0.2659720335645999,0.5409956369409205,0.7493174826375629,-0.2028029361698154,0.9999999999999998,-0.1002343340915339,-0.07882484750632401,-0.10221105710181641,-0.3469112745113449,-0.42099666977493777,-0.5278622909510019,0.6115330629443959,-0.7446555230022109,-0.5548199798366974,-0.22668626632158534,0.22954115647724457,-0.3512186482482874,-0.25585602648868383,-0.39219930528068714,-0.5640158573012927,-0.18004721352806746,-0.3200944621702046,-0.018631700738078,-0.041977432967313384,0.3153912560367664,-0.4394157660882368,0.3848673043203002,-0.48395495185542836,0.12106636541972411,-0.6683793175539146,0.8920782899845793,-0.44975677946102954,-0.2912426976381507,-0.058255473880233354,-0.28100980267879244,0.28116949674476666,-0.3068001420885919,0.30811298681775945,-0.03644263073729349,-0.1141396286030734,-0.442805267940517,0.5705126118176077,-0.24314017381993258,0.17962952981037714,0.20111849173763757,0.40676025320673515,-0.3424493753093303,0.6560558617602078,0.703493781859821,-0.08692307219286827,0.2869823406289459,0.28105861782631,0.0847147650272073,0.2193935341148558,-0.32998419851638017,0.1420981198668845,0.5593026385822161,-0.599617230790157,0.5200226857835971,-0.1551159947873945,-0.7719183174743979,0.5681734836938404,-0.4623181607112685,-0.6071538208931263,-0.36428347036203107,0.27521090606076365,-0.33450534234276175,0.3889197656551796,0.6917581454448042,0.8221059026609344,0.43684004633749063,0.7118885025372059,-0.2640619497404558,0.05672508377334354,-0.29847588135368947,0.3248269601303644,0.6841353129635542,0.147256407742566,-0.03726044519079073,-0.49311033843409285,0.09635962611565355,0.5438962296674372,-0.41611218025467894,0.18667857667269294,-0.40653117699224456,0.24947332669190614,0.7241788145286234,-0.4894669657152059,-0.5488811659989069,-0.026968229702265825,-0.08509536568692908,-0.44196364539260546,-0.02481722533343162,0.9118443303525602,-0.5957555179684116,0.0195029049721861,-0.14520661089542233,0.38930400768518264,-0.15299760781979538,-0.638801833658925,-0.2162224447410616,0.10237054526743754,-0.31920263152769607,0.30279986867670666,-0.023287070559404113,-0.628031348138483,-0.06000302560741308,0.36674644418149277,-0.375873232345528,0.2484697685451724,0.04896543182387134,-0.11629230345040054,0.3737204550639575,0.3283039668104979,-0.16133549369968228,0.14444809544624046,0.055791487644177816,-0.775581588517055,-0.4105450707442308,-0.44344092665603235,0.8098232268427706,0.0205654708816746,0.5061571377085803,-0.2793731246517524,-0.3674818454805815,0.16115877059859568
Cryomorpha,0.5626694889712572,0.31207138591024147,-0.6335069930940445,0.6870347818690304,0.581784701722571,0.5035259968643464,-0.31758764505173237,0.7425943070339375,0.7879469544763444,0.8256953103800856,0.2676982788809246,0.04933532579596282,0.6820630830945089,0.07600084294057359,0.03789311655342034,-0.31268996857693077,-0.4532927046504518,0.47103911262639286,-0.10023433409153389,1.0,-0.28574656248400254,-0.5669690344082765,0.7974014561737457,0.5307796351870776,0.43409668047251543,-0.5318604997203841,0.3536952721013127,0.16302766686011005,-0.5669566920351833,0.22718892382824674,0.09980829066926822,-0.4367742142650722,0.15533989089507808,0.11267852634179217,-0.7047501987451229,-0.5815184046234362,-0.6645048332653376,0.8533605836956765,0.48869281109004065,-0.2977581875191719,0.4223748214107872,0.85399682969208,-0.724483620457907,0.46991113887060193,-0.007052956932408845,-0.592164623274364,0.5898863942676469,0.9283954412618393,-0.4258879875441491,0.666044120936409,-0.5401910048264635,0.04871891149833257,-0.7227205374668112,-0.5006090179292643,-0.596524292785194,0.6453233196427909,-0.669469883568785,0.4366959923816882,0.6362945189267414,0.5248418769179715,-0.27688277892164914,0.35706978918458027,0.14614311733932522,0.8863510814517588,0.6634723490370618,-0.7309982819627583,0.47038789062012354,0.5971900024972954,-0.5459674944434861,-0.2705412735075845,0.669680652501499,0.6581415151506897,0.5947888773504311,-0.5087997235117164,0.34118235157877175,-0.670379402438012,0.6652918770642093,0.6987125398434153,0.22070342622714773,0.6268552944395652,-0.04088000141668642,0.5690292707878374,0.18253352886897575,0.1678922934000453,0.4662125554242474,-0.06525572856721923,-0.6211206444519567,0.08679722684380617,-0.6440040700525286,0.5483041791442854,-0.6621114336793751,-0.619554950189547,-0.4865409311903286,0.47997437806555493,-0.2750797942524398,-0.7410066585396492,-0.03024814931585982,0.7282075408757979,-0.3123069961331286,0.37720301927271244,-0.6170513102258708,0.5376283493714152,0.365121212359076,-0.5687885698261738,-0.44303787129897054,-0.49531928276373166,-0.4733130564406238,0.2243455401881549,0.6057400761926743,-0.022403902807488038,-0.05168915714564883,-0.28940048032735655,-0.6772080267473233,-0.26194418873001235,-0.2803361277438879,-0.5546971722552396,-0.7346836665058774,0.3927968713033588,-0.21280934143137503,0.3785767288258018,-0.667338196019666,0.5733023909002068,-0.5599276466230446,-0.5635817501536826,-0.36189952872474807,-0.23046458367022604,-0.5731856998995714,-0.7309857865667863,0.5241180067549547,-0.03299496552493382,0.14457230802832108,0.3665068377532358,-0.49479212892421426,0.8015358039535085,-0.5015785030871812,-0.010504846887606,-0.2865636324482591,0.017167449294473985,-0.08470790052526193,-0.0015843790816202565
DDH964,-0.026018833331382274,-0.30529514817094794,0.5710460206034352,-0.47122890260898337,-0.017813928899300013,0.09337303494103504,0.5823894038792635,-0.6033507808679953,-0.6797782382898504,-0.5915645349024744,-0.2590419257188455,-0.22583639944063683,-0.49520331854199245,-0.029073126968017192,0.7102442807200969,0.15175992096637295,0.030134499458416293,-0.67099163627891,-0.07882484750632401,-0.28574656248400254,1.0,0.4325817858093564,-0.24720683381386543,-0.5698245390466218,-0.3372581329413466,-0.1700734076375444,0.028997111787025562,0.024872659895745317,0.46054950684675283,-0.6068730556441344,0.5383230853783774,-0.051168258471125286,-0.15440837668020674,0.5803009906414585,0.21854252293494003,0.25627707762780455,0.37431684939602056,-0.29371246134620826,-0.5524265354351473,-0.3055604349594341,-0.3617500472254497,-0.15772356170239316,0.08365848315767471,-0.1101182295093452,-0.3542331284547534,0.6351186117903874,-0.3704319392420352,-0.34530186315090505,0.3307480412903664,-0.6704186955971647,0.38227004724938257,-0.04670629115653721,0.2892159899368273,-0.07360783479130865,0.6315789361779496,-0.5233759909951885,0.659794906898871,-0.060121100543308714,-0.43212230670096957,-0.5774094116411924,0.29766783784749345,-0.24757098547661777,-0.006593454231333744,-0.5289242968865102,-0.40589842225873773,0.07867369714180569,-0.4182678570778401,-0.05444536745898573,0.40834857296697524,0.4778760848837644,-0.46054865892275915,-0.12685969523976284,-0.35705180605152376,0.579975700747449,-0.36701708630172014,0.21630972913641963,-0.05798426547597933,-0.1660046392840265,-0.11779808794721691,-0.2713442042296,0.23533872903674252,-0.5652273101717661,-0.2995670724901377,0.05661964703710259,-0.43171608888128943,-0.3651457275620717,0.3882652210232731,-0.5295045270649847,0.28871097828083514,-0.69290755715,0.03756471329997962,0.3372799921655172,0.5218419384555373,0.5165882375693176,0.49399023635509465,-0.0429925458253527,0.5762125066057309,-0.6243354384809442,0.3369866757956046,-0.30145882838162447,0.11648812221750772,-0.024507651313962098,-0.03608651273395841,0.3272717906978461,-0.26475322228334874,0.5090654640054898,0.24547219808657958,-0.12948818666396988,0.03605434012551662,-0.2767333624384,-0.45936476304484386,-0.3049991446365468,0.12374811580061246,-0.22517086397180544,0.19161283800886497,0.6691880756823297,0.36216045366866184,-0.6253044198728198,-0.2550640806296154,0.10762371443188348,0.38783175768415484,-0.8100176438514693,0.3568072318478107,0.5481167370781431,0.4428090012546639,0.19257405415643486,-0.17502449249920335,0.40815263556336345,-0.8934847087933782,-0.3316045910894008,-0.09212533708106285,0.02877473946110891,0.37552964193762867,-0.39748683467580825,-0.1730169691712249,-0.6853986229249456,-0.49317019767309483,0.595090341686651,0.7011619538604187,-0.16807590184188323
DSBN01,-0.2707270411525939,-0.7624414373881323,0.12635767180871288,-0.5723247886267948,-0.365036623315755,0.10616829296710796,-0.07311296255078242,-0.44049010158271096,-0.43385613897259084,-0.5770361151414736,-0.4247547961883681,0.0788898759743596,-0.20628708708735316,-0.24736837104252296,0.5440237766825058,-0.39973153104540077,0.43253348837803457,-0.2848608279373689,-0.10221105710181641,-0.5669690344082765,0.43258178580935647,1.0,-0.3435327170868892,-0.5309195525815343,-0.47645619790547705,0.398412612792907,-0.32728489108818737,0.3416371039312453,-0.052877318161517965,0.2294357601149533,0.6284601847644847,-0.20572284543435113,0.17459165383532163,0.3918277639697698,0.0920192003778008,-0.040745304586869695,0.038276691920922166,-0.5715102785440708,-0.4729941606973568,-0.09555628852655673,-0.11913103189328293,-0.36916229286869917,0.7638041461645027,0.26088364902233213,-0.15200561070163252,0.4492124675144289,-0.5923799047164491,-0.5671367969459051,0.05401487625062709,-0.24677867564428826,-0.04803429652269241,-0.2613045435667977,0.11482458367867147,-0.04371815752649302,0.549923267095738,-0.5272683640870591,0.31987475819246025,-0.275661426308566,-0.48624542424601397,-0.20587919995511647,0.879929169313124,-0.20272820175118847,0.15407799179546158,-0.6183929709754216,-0.2538224337121748,0.7550367377285986,-0.5521851158864223,-0.010609025124023373,-0.019547449639405336,-0.12446275120702895,-0.4102474269184631,-0.29702280073783466,-0.5098376910477836,0.3250368637767127,-0.2568357381231917,0.5933778699923857,-0.234015300074377,-0.3412381756904393,-0.027574663947301552,-0.1031825144749918,0.7191663839669707,-0.10565730376360025,-0.11389308537384343,0.010873209812870387,-0.11264562486482788,-0.22890842696961883,0.13258725569640656,-0.41210816477452467,0.1638461339661593,-0.13190285511706254,0.14146635603992838,0.021787818496696525,0.7200727681250698,0.10822965534451001,-0.012192413489997214,0.5310799697822022,0.7245560108622032,-0.279017405154203,0.6441258625877463,-0.2542712731341077,0.23829632552345337,-0.009317603141699094,0.33362284269762477,0.9797671076994028,0.19962659309856273,0.017914198104274248,0.8018187193836366,-0.31589838651523483,-0.4079297706167538,-0.5532789598999638,-0.5623393074813638,-0.33807910168708355,0.6814395724987089,0.17469953835850188,0.5193279828603313,0.09326399713343862,0.8145641449371316,-0.09101604649708747,0.17767281073007452,-0.12042543378543846,0.7165467348928383,-0.4844160160297461,0.1382428320467891,0.8606680413293838,-0.17649736792680598,-0.10888521272242589,0.40626833957788233,0.8020275695062623,-0.571845224128945,0.06779846138910646,0.03859509301878982,0.12295600331630697,-0.09246673643544898,-0.32817893241310575,0.17870246192953643,-0.13147546188401868,-0.09444243862581043,-0.12729145226238167,0.7499628777733349,0.27485449015793395
DT-110,0.7695172697386834,-0.023063022741056816,-0.3722446739269855,0.21474533640876678,0.4839837903787294,0.729693945952233,-0.23586745875672757,0.5111545781258275,0.5688383687960566,0.554067917850787,0.37714033901719507,0.04444888490542889,0.34243946266361447,-0.30940862780648243,-0.10908763901600053,-0.5063365355156473,-0.5756637640602622,0.3445456686295108,-0.34691127451134496,0.7974014561737458,-0.2472068338138654,-0.34353271708688926,1.0,0.4280566546289421,0.5434268382535644,-0.6198064172234768,0.4598296085856712,0.5839917846341535,-0.32137598467203216,0.20088498244029684,0.004690647221427778,-0.1277066251005488,0.4685722616161776,0.26569466743370884,-0.32590657555377717,-0.2687616668655923,-0.37821403306774604,0.4155184652622309,-0.019801429245639362,-0.3624844492801343,0.03829397186231696,0.8845570869130849,-0.6091466162430663,0.6143409432026722,-0.1630360754625616,-0.2173097818587322,0.2351182594721001,0.768513622132242,0.006106694487953465,0.4261320807752159,-0.2852894581164971,-0.16318614738261672,-0.43532496921830327,-0.05593717940488119,-0.36170204570345266,0.30199795497207677,-0.4003975010839155,0.6618477151776544,0.1872216966927621,0.20390717340239478,0.005789314674303892,0.257293603035886,-0.10773031461381989,0.5841664837622569,0.3033206054251701,-0.6229019473324514,0.15988214485986166,0.3048966645711936,-0.24244708612800042,-0.31313320854564836,0.29681688219547764,0.7778390543094055,0.19651209565725772,-0.1796832893766276,0.6499435020634903,-0.6263514113633675,0.9670462276828764,0.9008839044150132,0.14364103865555136,0.4306786634842087,-0.0469234381049887,0.2750663914189056,0.045484748047039066,-0.1459704748673267,0.09905549834427017,-0.420867484509862,-0.22277161523771064,0.18965864703776417,-0.22068665479017294,0.43738650034482046,-0.8126540575923612,-0.5210619227850879,-0.5176018823300604,0.616574908571915,-0.3674553314730924,-0.6456510170389604,0.10264235187076005,0.4847918467333725,-0.17234546694641975,-0.19873994394644293,-0.562801084114326,0.6103885171934074,0.48548388816483357,-0.4139684702128827,-0.3108537289602085,-0.23004032866601865,-0.3863575521628712,-0.14846694769463187,0.41278069819129287,0.09315552573615964,0.15022946854196273,-0.07973069721316815,-0.5597169289348393,-0.3070667280103531,0.02970961645603629,-0.46960446743849504,-0.3335563216910322,0.15116476234442525,-0.2966167512935598,0.5198382349254932,-0.2616334336033977,0.2930384186317218,-0.1642280942084448,-0.5179356068700609,-0.3145158597948386,0.15021724836887565,-0.715117184821518,-0.7447376948338721,0.5640940708108522,0.2085940078135104,-0.2920949634172832,0.42127237040225807,-0.25339977652483536,0.8575573592193724,-0.5476968379831354,0.29878639262327855,-0.08962377458361231,0.0180019245038537,-0.007256683438673165,-0.19105416477654294
DT-91,0.6773560057902528,0.12645991267281537,-0.24605434431119202,0.4233180422745713,0.5181341656247119,0.4350447834222236,-0.31851378909174805,0.4922668997558498,0.5213552066494553,0.5661252215359349,0.4893054636515499,-0.07605483959110428,0.22780249289661444,-0.15240783134220828,-0.29759422737367375,-0.37156858082324,-0.5098056508085669,0.8747734485227242,-0.4209966697749378,0.5307796351870776,-0.5698245390466217,-0.5309195525815343,0.42805665462894205,1.0,0.7653772093845759,-0.6104489126277187,0.6935917363248428,0.21846759283483785,-0.1582884076508307,-0.0031915178406822,-0.1650292109431862,0.2483241389514181,0.4662718191810946,-0.049033102601981716,-0.12271216303536317,0.01017639170543133,-0.24290896936010453,0.5532841512636473,0.3431584106849993,0.29409940222984754,0.15618391542841123,0.6522633963105001,-0.596527241447837,0.3054453634966677,-0.35894758885039024,-0.19395657344120104,0.7200876766101252,0.5779606541280847,-0.0022992574923370044,0.29823084592656685,-0.13427704108768812,-0.3907949646371473,-0.27029723584252,0.05498136221272332,-0.17702770641188423,0.3017004591774447,-0.3695643710904168,0.1705781897287235,0.31651120034041275,0.19600245909701253,-0.40248615158133044,-0.2921586497097388,-0.1909556369531339,0.7698935923002048,0.3882235507445711,-0.6766710021328606,0.295177988842079,-0.12917602452490143,-0.06055705424552812,-0.2609503096164726,0.13625019782169331,0.7591327631798499,0.0656002409261654,-0.27641539286105465,0.7258741978803985,-0.7384766822547513,0.3348299979272229,0.4215882386213525,-0.03678183662186414,0.021460489795521873,-0.011949627546187197,0.2640416273751505,-0.3738660073290672,-0.15271480276504124,0.10123703023825299,-0.2148873399817641,-0.17243307593626736,0.12375626259503711,-0.10141684017678299,0.19237325061810182,-0.605263331780776,-0.35015276365869774,-0.5917458754073066,0.16616340169952273,-0.3316494277541597,-0.6659791203041576,-0.1987968721308604,0.33121414881129513,-0.13078165843218606,0.21302941380272264,-0.7270760678140251,0.6612540737112688,0.45382925413619984,-0.5136494415257536,-0.04718937242069009,-0.05280421867817194,-0.5568946679515016,-0.27174314459894666,0.5832090773501073,0.3149473758640713,0.5625132247761594,-0.11459726148860443,-0.24781728423478097,0.37874871871430105,-0.2151460155764633,-0.49590786219893646,-0.4508614180128246,0.1604810001295013,-0.34515354379713087,0.6709434581908023,-0.4527344843365092,0.3659517142864257,-0.043937298064279075,-0.7529282928010748,-0.21263409751795406,0.12590176414349988,-0.46777157244129053,-0.7376304795331953,0.7223544866825601,-0.17123741233058914,-0.09939528263950759,0.6532657113206791,0.024147083559680007,0.7734499956854128,-0.5749005013471362,0.18687287446236753,-0.3067982639496084,-0.034538695494554954,-0.2793781259207466,-0.08618637836664907
Desulfobacter,0.7728481387514027,-0.1663498988930919,-0.0049292073735880265,-0.0017221448972499697,0.5173282852456844,0.6044746203106743,0.08731292585143045,0.04488559161693877,0.14804987931764083,0.16114512632279218,0.2960798013700511,0.018273574328442593,-0.12719890034065254,-0.016131102105701862,-0.37567583783845,-0.1609225127573826,-0.802605345523033,0.6758873277270335,-0.5278622909510019,0.4340966804725154,-0.3372581329413466,-0.47645619790547705,0.5434268382535644,0.7653772093845759,1.0,-0.7528470387718982,0.8337482244022117,0.15314290397880928,0.0701793965752069,-0.1618853382467893,-0.26328028378394824,0.4538174133129684,0.6964576989404185,0.2734273898869244,0.1444191320980137,0.24165026559802946,0.0017993895091209437,0.21037384596916317,-0.12450068895424385,0.30561603033585205,-0.3374158878471426,0.6054342355055803,-0.5263947815600204,0.2480909869368499,-0.5342887901109711,0.09743738026251943,0.5156930063256007,0.4098001926142163,0.3551554566065798,0.019737533273558518,-0.00894416893332431,-0.15652384928143417,0.14976899817259004,0.30525010139597886,-0.07225414233196464,0.060911097438866246,0.05964096987303361,0.16381625265162875,-0.1260364489836308,-0.2691276099581946,-0.3188068697022557,-0.3820688978963702,-0.5154709783474624,0.5197868301556721,0.02594508882260689,-0.6222423529238419,-0.176732723152914,-0.13818035954920557,0.16843470610730943,0.22356941053268545,-0.16967656515220736,0.7828881663300076,-0.2881307030233351,0.2026961453533736,0.8530371212986063,-0.6349331904605419,0.530981403339349,0.48473518763458134,0.1806834700541546,-0.2816667607615275,-0.029605667888866524,0.00849132110867872,-0.5344363698618938,-0.36092367261359426,-0.273790160020508,-0.6229273706585031,0.20925641728467514,-0.17307421791238192,0.2555809357072623,0.006659184710640962,-0.7265503795971407,0.103417169462031,-0.3581928121920813,0.28072281909859415,0.10604644807658234,-0.6455332397428113,0.010289134473809358,0.008865373491107118,-0.2888243556500495,-0.21368712813772903,-0.7660659904214426,0.680881526657281,0.4955504734478807,-0.5655977851978103,-0.3676807723443173,0.23260398999181053,-0.35340862168958376,-0.4927667968545068,0.3403652278725827,0.6262548602543844,0.625785596333602,-0.16696107321907033,-0.5580220906091399,0.23002466666267826,0.26030403979989175,-0.3117285045734245,-0.3393922543672701,-0.2982262669281261,-0.37477201410180033,0.6204606464742202,-0.45121601504013376,0.02666276534148641,0.3428756063391586,-0.7785265420117229,0.2611020918122743,0.4156100765127832,-0.5973890290023919,-0.7518647023406172,0.6151280300989099,-0.4066066603065335,-0.3744181722054948,0.5064123600462159,0.2893368747693232,0.6508766822256482,-0.7211266201332391,0.3034399436341595,-0.18239883929370942,0.296932584912224,-0.17046504506687507,-0.5506874452588203
Desulfohalobiaceae,-0.9341654016526487,0.09447595749492864,-0.2250213676490225,-0.0010599502095427662,-0.6299701305285322,-0.7341092318276444,-0.2113806326606755,-0.050571242425218765,-0.053265698699645904,-0.17281127589059644,-0.45951052296216105,0.20463681699946337,0.2049950777737678,0.23339481426471295,-0.08850804877539795,0.25926063396662197,0.8043364704164762,-0.3307650300869827,0.6115330629443959,-0.5318604997203841,-0.1700734076375444,0.3984126127929071,-0.6198064172234768,-0.6104489126277187,-0.7528470387718982,0.9999999999999999,-0.9176306518691161,-0.38571931541652726,-0.2602692566079855,0.5205011026108507,-0.09483046456326477,-0.3206192127465015,-0.49027149625686756,-0.4852411617657522,-0.1019306040836651,-0.2830154515913112,-0.0961143945461666,-0.33362062528138414,0.24244714847886523,0.06970548952278702,0.28851772311114215,-0.7959144204584411,0.7790060562823421,-0.3216799177402893,0.6880586363030886,-0.3163234525037504,-0.4120060190762571,-0.5272213892882388,-0.42597859666278093,0.20920421967860298,-0.2057013531710232,0.34773222822546884,0.005315480094694412,-0.14919533699167506,-0.20988055964329547,0.0710467636586703,-0.1607481716814368,-0.39027308975712083,0.07883943735344401,0.3514927382454202,0.24662962027719362,0.36908194030268393,0.3720985653209764,-0.43962142473855154,-0.016205222717175758,0.8577586267829884,0.06257475016651853,0.15757053585654376,-0.3349133353820173,-0.16493686798498647,0.22696948916277662,-0.8982839918179821,0.212954833408243,-0.24804791091038783,-0.7086756483454406,0.7955479654667039,-0.6957599442229232,-0.6550644450048644,0.019808467817124715,0.14648188622341574,0.027090191020212682,0.24948801604308293,0.5845609650845519,0.2790352413479778,0.3518792785801718,0.7176857011597731,-0.23260527800475583,0.18249298244289067,-0.21808771626283854,0.29816144167628345,0.8280314305738617,0.0834856049287685,0.3743629466124422,-0.759583206712194,-0.041709443947583795,0.9173159438089177,-0.20543273952195656,0.12772100589414961,0.01322992035896956,0.2687979014381894,0.7761308744858526,-0.7530926595982406,-0.45813085267196535,0.5220963981784666,0.4308677332169023,-0.42023796059904206,0.5230014060619164,0.45778956134419885,-0.6817098861045612,-0.28708000317812127,-0.36902344880744664,0.2549904408959021,0.46052783475170433,-0.011054890576197797,0.004871947996397956,0.022886354340684707,0.2842075167958935,0.4505787696471064,0.645182848561106,-0.8723360593975846,0.22996079541723868,0.2610282148009838,-0.3388824421537541,0.571129412364634,-0.21486861254763054,-0.48160972267397395,0.9183022847489873,0.7326756061760663,-0.20856425189790948,0.3725839205778449,0.39242250732795525,-0.6837131265056459,-0.39004833197388666,-0.6799911698207032,0.896292109328908,0.14274177037113764,0.5845431569217692,-0.5196790954533251,-0.16770531480310905,0.43928812815057683
Desulfomicrobiaceae,0.8739251243586441,-0.21181663093431635,0.2879282968686149,-0.055117025923462216,0.4764224912289689,0.7027689626026259,0.09674503157275481,-0.0857526208095392,-0.039057010190278234,0.03852661863219845,0.5333535185579792,-0.004027410202122273,-0.2980627549366224,-0.10791622069161393,-0.008951410398541674,-0.2502836367238059,-0.8688308134536186,0.4474743769347454,-0.7446555230022108,0.3536952721013127,0.028997111787025562,-0.32728489108818737,0.45982960858567123,0.6935917363248428,0.8337482244022117,-0.9176306518691161,0.9999999999999998,0.31202644929142026,0.29699288678472957,-0.4510201729751004,0.05995260932271915,0.4821000687855991,0.5301820031294876,0.38157522088042456,0.22147369352628019,0.41499889612258684,0.17433761995850625,0.21633993957807313,-0.2340404875419714,0.19103205473274087,-0.28858822755060476,0.6859866720422988,-0.6233558963484453,0.30516366185693355,-0.7641527069610975,0.36684768806131857,0.39722130980505327,0.4071212957142635,0.4481998648732717,-0.2616933788557855,0.21687435789362372,-0.2685506495551308,0.12092831228219889,0.2627337641365779,0.34591868796889813,-0.15509178552180297,0.22717687203604373,0.11245090291705306,-0.11290661816829836,-0.41105323043275366,-0.2299160466441478,-0.5001617335620722,-0.476135086756077,0.34717039017134754,-0.007732284454154585,-0.7149847416274743,-0.15729494224317228,-0.3214497520563608,0.39291216357366243,0.14721988242676554,-0.38744502476974757,0.8448599588489826,-0.35199137448861206,0.22842837951398978,0.8118514563401683,-0.8144568005501354,0.5387569367992922,0.5635431400819899,0.16209948494981474,-0.2578664679655516,0.012164247459683317,-0.2972696245126267,-0.654149521300991,-0.46590481920962123,-0.3457738467266147,-0.7427887704185882,0.2871051477937828,-0.20049767064760404,0.3362090839629751,-0.34435387692340996,-0.7516308641051183,0.013622239213935445,-0.22396281439046173,0.5595225468040433,-0.004098266152119504,-0.8339436945469696,0.17459225943567258,-0.20834998149176479,0.15110041852188283,-0.23727580919785277,-0.8463533226978673,0.7035747786039076,0.46778163927901967,-0.4445440553042434,-0.38259705692681917,0.48820108624282704,-0.3395844577508294,-0.6312179977489686,0.6453336590909028,0.2859410944370096,0.4509118416158068,-0.31958875355326666,-0.28175057109329976,0.337228642253219,0.02830104969555857,-0.15069444703784027,-0.20490222302778124,-0.4973092735525412,-0.483941801918734,0.7972273972961408,-0.18670343915366344,-0.2821849382089389,0.4238461153386479,-0.5472000419359462,0.21760186236902443,0.46121520223985735,-0.7672030103659315,-0.6257146681620889,0.25330136264945674,-0.49750227522233326,-0.2771543862629541,0.7382175754256767,0.47693178632589067,0.6154294032903709,-0.9052592131196677,0.043473049985045274,-0.48932530173661853,0.35726917197110203,0.12149842198569584,-0.32657516431808986
Desulfotignum,0.6338297937307871,-0.46710876398233553,0.008612253239752113,-0.24835854062284374,0.1285043641614081,0.6909766472060224,-0.2607356658124296,0.2072393006213244,0.16307269562168442,0.11505239568745869,0.3219831617945393,-0.09039870554903075,-0.042042153705756945,-0.8453535539300957,0.20032266138631466,-0.8533279130008703,-0.18620484525170522,0.13445028022469507,-0.5548199798366974,0.16302766686011005,0.024872659895745317,0.3416371039312453,0.5839917846341535,0.21846759283483788,0.15314290397880925,-0.3857193154165273,0.31202644929142026,0.9999999999999998,-0.028834166986926008,0.10157401366729389,0.3342631816693347,0.03579588005050579,0.522988598183319,0.38678358019317716,0.052302511617357536,0.04046985649480193,-0.07552736622354521,-0.07826146540833072,-0.39874263634482693,-0.27749960853644706,-0.1253522410259565,0.5405813390921989,-0.1117524837509644,0.7044550378416812,-0.39430741834328775,0.33113262492418494,-0.15843469199887936,0.21172406433429206,0.26416088346349065,-0.0009178361463802758,0.09063370832519803,-0.7185158299639269,-0.23177521475022697,0.17663368594497336,0.27266053947518815,-0.2982440801643984,-0.07119242920123062,0.5134741954566255,-0.22976649816083766,-0.0479991603936924,0.5508810811751457,-0.1531840483204,-0.11212901177640276,0.04760058683769634,-0.0665917683393257,-0.15616430247942134,-0.06695209235737187,-0.15130627697026475,0.09348360258081424,-0.5714495364350307,-0.2281918289707819,0.5805007321219897,-0.3011242880176706,0.07657891976179045,0.567429903665331,-0.28519101684898673,0.6734132022532443,0.6045807065863394,-0.2267205689096399,0.13806505971396826,0.3293056310890493,-0.09137969527115702,-0.250905368333458,-0.288477967367931,-0.20045018268519266,-0.5159619506883987,0.10333897078978718,0.1857116472692116,0.136185316154658,0.06755774738596274,-0.6169487077792649,-0.5364376343878049,-0.25679247811067685,0.6273821525357697,-0.5579337811055015,-0.2706217886562083,0.41586243907489623,0.08186334283092428,0.4338193273877125,-0.47632247711998094,-0.29588508837395544,0.5506607442257115,0.5950350394917716,0.2889377171288264,0.2502293472961317,0.06593246208621907,-0.08532029954091531,-0.533961576014845,0.2561230071861477,-0.25650006035698825,0.043605710947500494,-0.026767330277363662,0.2711424943789848,0.015511276949170281,0.16595665551102537,-0.182565636821754,0.4462582089033843,0.042756506995272045,-0.2944862676949916,0.64358281666858,0.4973242397024181,-0.1741613648139367,0.1522714739368046,0.03327552972531406,-0.4853259155725746,0.26116259289656235,-0.4429700058551798,-0.21505165879553845,0.1713031241316098,0.46081609837217946,-0.4234288848045911,0.6326684867546506,-0.009647788525382037,0.5891956938330382,-0.38125463472953175,0.14250767098758466,-0.23929767891183334,-0.08053896833151405,0.3976481776983797,0.056131103746372514
Desulfurivibrionaceae,0.08552516878707371,-0.020559604826104996,0.9691099333671404,-0.6042083448607627,-0.14452940219430724,-0.16248552899591823,0.6892480990668804,-0.6839890795172763,-0.7834702594818037,-0.6437388439153983,0.21126012257093468,-0.27916724436168755,-0.9314095025454603,-0.21832009067427718,-0.1305564417832065,0.43768494280495146,-0.19862293046538965,-0.47351257051698087,-0.22668626632158537,-0.5669566920351833,0.46054950684675283,-0.05287731816151796,-0.32137598467203216,-0.1582884076508307,0.0701793965752069,-0.2602692566079855,0.29699288678472957,-0.02883416698692601,0.9999999999999998,-0.8690975249194028,-0.3071423325872809,0.795876587102871,-0.07851699126333056,0.06903480360569322,0.9019752383288503,0.9480723016745286,0.9278201089995552,-0.5600831839990386,-0.6312252966401412,0.1861954885387514,-0.7076209761721092,-0.3020615420787809,-0.07740930960102223,-0.4854220711155297,-0.369313317674487,0.7927642734311716,-0.2706182414906621,-0.4959313697909881,0.8345905166580323,-0.9336188357589859,0.9479765467607544,-0.14933210626405682,0.8125798364212027,0.7136251227227002,0.646154684431363,-0.6543864364264644,0.8373677195428761,-0.0037080050848335745,-0.6184158047351055,-0.8380786554888924,-0.21424382320522695,-0.5007949780865006,-0.4997792970885307,-0.5868436099914065,-0.7699218952083494,-0.10327218994141087,-0.3031981992064703,-0.8100629981358235,0.9865628902614624,0.5179266103006972,-0.7874051826673472,-0.084725438642384,-0.5777322716184848,0.6783903319870624,0.09916494270822418,-0.006357104489957606,-0.12043692343572447,-0.14538611400553364,-0.317549087118,-0.7628412504805215,-0.4072756031762492,-0.9548991335747389,-0.5029539263823477,-0.40842637288462086,-0.8305052542159195,-0.305198271672595,0.9064869733098171,0.04107762290011504,0.8684947701052904,-0.9072373058106444,0.18856482062388263,0.6693890020213623,-0.028181491463543006,0.025128783911802306,0.39058065714143886,-0.010246276418864112,-0.14852755445057028,-0.9043500871394253,0.08133831179670926,-0.6209938743823963,0.2098786974208771,-0.226008380124029,-0.40811481737768535,-0.14408740693914157,0.1475312868660867,0.9603988648927528,-0.2254593507760918,-0.3806697269437152,-0.03294160223824372,0.4104694369190848,0.48805033818879107,0.4149135882370149,0.16324675328414698,0.05566255955133516,0.021824993693300643,0.7921826455574824,0.35687332855695303,-0.809228927021242,-0.29883342097039434,0.18322126313655485,0.40584612110330653,-0.751961859837122,0.8645885291220144,-0.03932344979215112,0.7023074347146037,0.6996805816499362,-0.2172687702668326,0.01043915579617378,-0.37585284064782226,-0.1361131839361909,-0.5109238162194566,-0.11428090424354014,0.9622258959200428,-0.4149326119462398,-0.07316210509654816,-0.1410117146178722,-0.036537501775397364,0.49868872297886907,-0.075797680942649,-0.45340453873977543
Flavobacteriaceae,-0.2565585884991522,-0.10212939756849043,-0.8276582150256404,0.33172324747382875,-0.14817383825739644,0.01550993957269861,-0.7469266956564818,0.5022979827096544,0.6227530040073135,0.41562180877825755,-0.17569389264784901,0.3947093676191314,0.7391220551800068,0.11640445065178463,-0.1228305302063277,-0.4100564275434649,0.31531731078753117,0.3603221574957736,0.22954115647724457,0.2271889238282467,-0.6068730556441344,0.2294357601149533,0.20088498244029684,-0.0031915178406822,-0.1618853382467893,0.5205011026108508,-0.45102017297510044,0.10157401366729389,-0.8690975249194028,1.0,0.09819516371303537,-0.5687050127833484,0.1050653621689231,-0.25354557172461933,-0.6138168966134459,-0.7390729686238677,-0.704907727030846,0.16791146287753017,0.4359162066934996,-0.08208858744841314,0.5665586328237052,0.04276075874524228,0.3734906581413506,0.4025090460497095,0.4874177668754553,-0.6678687669819128,-0.044924625276251726,0.22537188476982847,-0.6649336167936434,0.8285476788177483,-0.8062182824442313,0.17618809455202125,-0.5616223315318907,-0.38489455583451593,-0.5479048883341768,0.4765521924734604,-0.7119331287679578,-0.05632112437872047,0.390352693499,0.7337955111144113,0.3550679659499172,0.5205534607155151,0.39869667710843554,0.2629890540702718,0.5414087681790114,0.4202327994029508,0.15278168725731534,0.5551378355178741,-0.83743262655738,-0.5955806189675629,0.5831337960673194,-0.12754717318444186,0.38607216685367035,-0.588825295935957,-0.05774949229857614,0.21205274856082246,0.0314018752678865,0.04821493800485856,0.32474134090617257,0.6328344302475194,0.31071280013875185,0.8109450075341035,0.5880927430459614,0.21395777462752105,0.7121471067781121,0.33947161739234716,-0.6926291104548348,0.15170903629100002,-0.6068567005889046,0.903552416384019,0.025430211779859352,-0.5274525473733878,0.08993836453972984,-0.30110184838605775,-0.49712193274266836,0.3512959707312627,0.035387537044704556,0.7624925451196295,0.018958132998537495,0.3668801871691539,0.041511136756390406,-0.009963253804731646,0.27033575855045244,0.322891573772035,0.0954153757331749,-0.8724514754296099,0.4139582754879682,0.25499761499863677,-0.2843924490252707,-0.35598296425643233,-0.34447418396331303,-0.1471558422448258,0.0822717038922729,0.033769448192775865,0.10411835060758998,-0.776827799183183,-0.0625596160036143,0.7774614402751198,0.48619355303787787,-0.3917390658457368,-0.10955104077370445,0.6945012990639097,-0.6776408749823731,0.16222144767141936,-0.712523559637297,-0.5775760818315744,0.43861377547833486,0.17296610231985501,0.41542756426329397,0.36153988594016556,0.3840088771039705,-0.07347503631369465,-0.856282373464582,0.22644722991749072,0.32834933162612284,0.493311173995206,0.4212973481448252,-0.7348008768720692,-0.06253161996599216,0.4991712220383132
Fodinibius,0.11993937206713068,-0.5434917839160766,-0.15186087036706197,0.02205222393880158,-0.04455737375819677,0.4816739793817051,-0.15141526318799645,-0.02937877568087399,-0.05272001291622683,-0.09829403953113436,-0.24148592228900825,0.20500908154883238,0.17270433881767078,-0.074890665386899,0.9492791636887289,-0.5631385069840904,0.015106341958120785,-0.08471943885721807,-0.3512186482482874,0.09980829066926822,0.5383230853783774,0.6284601847644847,0.004690647221427779,-0.1650292109431862,-0.26328028378394824,-0.09483046456326477,0.05995260932271915,0.3342631816693347,-0.3071423325872809,0.09819516371303538,1.0,-0.58327190073424,0.04348820861735409,0.6264067170604174,-0.44491574991088795,-0.3839163358907158,-0.4037639749042601,0.18632695291181006,-0.05171887092882688,-0.15938072764024763,0.20758546109529832,0.21981324393945137,0.21022841021713642,0.5998289450180597,-0.42372611637579405,0.16077991968755045,-0.009993481548887727,0.021338791929292673,-0.3187356747806101,0.009829199557603188,-0.2739968493278595,-0.19054186047598498,-0.43154649432868875,-0.6195038536489265,0.3816454186966852,-0.24825311389205482,-0.011109574482332692,-0.2582404498695794,0.06772645623425647,0.05003210422796172,0.6747200137850112,-0.19211361500764523,0.18495418642986092,-0.023157211146334646,0.180047771900234,0.15462781890522823,-0.12245198982475675,0.4002173911287412,-0.28783392490839377,-0.21883343468550426,-0.07235442008952328,0.14476102000407692,-0.10863032328194572,-0.04755649709821883,-0.13150744046155727,-0.004218572095591078,0.06308043458518901,0.10066022209123651,0.23589891422684126,0.25798293858640664,0.7998299214441194,0.09652272545217738,-0.1934673988397301,0.03740374015548286,0.16420061698989993,-0.2991194615697683,-0.31649694905451164,-0.5044079096122072,-0.32994800583881567,-0.07062561937970174,-0.31240669270873556,-0.3957772756401814,0.5744175293759957,0.5791754627261121,-0.06371543057574497,-0.17750310738150757,0.8378365696480661,0.07457244897882534,0.6349744860148517,0.2265157161764857,-0.34258562550953986,0.3483617248790012,0.5542855186756378,0.6092167334885158,-0.14480609725207583,-0.14025793606862064,0.49118656218308737,-0.2462038058798521,0.34618345857043803,-0.7684166728706693,-0.7969842398456153,-0.81451914943117,0.34191941563536066,0.2246564770072095,0.15084190041705406,-0.11617446431518051,0.30254939880914217,0.046887183640425184,0.06911321156533419,0.2295229719623597,0.19562160980989932,-0.290730838421562,-0.25451047532813614,0.5660379301303863,-0.34564722725316466,-0.42541672554850457,-0.00534288615624059,0.38149753386801144,-0.5001053713746711,-0.2169722274020276,0.4188555335691289,0.5550320656722196,-0.27929899239066114,0.11981438173657312,-0.3804258608250465,-0.5544390384773472,-0.6965603863056635,0.10303928047756299,0.9168578092766175,0.37057802391631345
GCA-001735895,0.26469388357359314,-0.03486706238436768,0.7569429895859108,-0.5536680110946931,0.08493515697381436,-0.06284997235413195,0.33570730425368167,-0.5169047535896326,-0.5033801066510534,-0.43367151984425445,0.4372708276108641,-0.2792552156751446,-0.7770237294764704,-0.1828060542259702,-0.5661106443091869,0.29335547913729837,-0.3153872457539769,0.045188331459782835,-0.25585602648868383,-0.4367742142650722,-0.05116825847112529,-0.20572284543435113,-0.1277066251005488,0.2483241389514181,0.4538174133129684,-0.32061921274650146,0.482100068785599,0.035795880050505796,0.795876587102871,-0.5687050127833485,-0.58327190073424,0.9999999999999998,0.3040962187902981,-0.1558805450725776,0.9092749248186135,0.9316845261594493,0.8463130427298959,-0.53316776712876,-0.5273721297854493,0.27920405252703656,-0.5927036984275866,-0.12465667319794957,-0.17190237194853458,-0.43124101033179457,-0.29229730624409656,0.6171163285478103,-0.17666376259360722,-0.2703605301957129,0.8615986097198421,-0.6584896127961681,0.691592877540139,-0.21883119056017672,0.7980386976460082,0.9306172129551122,0.4763292430707554,-0.37819706928245234,0.6153191953133527,0.09035452468974803,-0.5701335439001002,-0.6779238574277481,-0.36940557213874825,-0.4408876763709447,-0.46915810851056017,-0.33225579002409666,-0.5211374359958634,-0.18246332366253637,-0.3784053972954453,-0.9105255470839846,0.8490687210209399,0.3667139897919435,-0.6847170151318277,0.16390329404386322,-0.5845443666968518,0.5602238005384212,0.45495069176251735,-0.17790477858165013,-0.0010237642093530786,-0.0663031413885881,-0.2779843751853767,-0.7053311761228751,-0.4487613951321588,-0.6697994420965816,-0.466404133395747,-0.40895245227531185,-0.660891892438324,-0.3657314793627784,0.8275241312351416,0.10697122912881148,0.8884873522836051,-0.5860197987828343,0.031375537045629315,0.5956550530113458,-0.235108605085,-0.14230328508763715,0.1362657541362498,-0.05325794495340755,-0.3170600680396096,-0.6913234180945195,0.0036100579711890604,-0.6364607354390789,0.0060494582151873815,0.01867726363192942,-0.19999447312946944,-0.29200645546750303,0.07444852239562602,0.7828987991424748,-0.2769576642303521,-0.44806976566467854,-0.12030527069440036,0.6277814159755736,0.835869866627811,0.47092600673736545,0.056722314116012196,0.18513770718415484,0.08298876324723675,0.3373976615454204,0.1721880556730345,-0.6758691787482243,-0.38662567605022896,0.2815964718393156,0.29204637773369413,-0.45422123082048377,0.8478794598486509,-0.32137524532747147,0.5611986232899429,0.8338903850535393,-0.28700349031874584,-0.21059621126923916,0.09398545523952859,-0.16699009022080205,-0.6417944157980107,0.012738335433815251,0.8375185404036454,-0.09203888281857592,-0.11517930103995772,0.36459385566790226,0.22248373892472698,0.17198820133717185,-0.34794822355974386,-0.4301408441298957
GCA-2722315,0.6572520065018254,-0.6090684145931121,-0.03967092672195653,-0.41728475350589805,0.5315701275187015,0.6705926344138045,-0.06998621451709945,-0.08911117773670911,0.03329427572490609,-0.058267545961726834,0.03485644215893291,-0.23842051398974407,-0.13928349066517484,-0.35477503613040073,-0.15729374140411165,-0.5265938331663417,-0.34504270608693843,0.6111314106043573,-0.3921993052806872,0.15533989089507808,-0.15440837668020674,0.17459165383532163,0.4685722616161776,0.46627181918109456,0.6964576989404185,-0.4902714962568675,0.5301820031294876,0.522988598183319,-0.07851699126333056,0.1050653621689231,0.0434882086173541,0.304096218790298,1.0,0.46700729029322136,0.17236643782618746,0.11676720297852905,-0.01150506014003778,-0.18007216911906984,-0.4658667156009231,-0.028112532280901336,-0.3524951603840502,0.4446841562715333,-0.11124835191304681,0.3943473930838322,-0.44978337569296345,0.32678096815724883,0.036320115241395515,0.16047858888443348,0.4407143855377604,0.001057434426174571,-0.16640472217717156,-0.5383978820692503,0.15764429662757581,0.36050335511531567,0.1550231897828726,-0.09798066453375662,0.13715102236470444,0.3287763238969106,-0.4861787560815128,-0.27779526898162943,0.2337974740690382,-0.3490897598159255,-0.192945427125308,0.20861206458955792,-0.018225590832270315,-0.1718474722743607,-0.5801958231705091,-0.12827361608226162,0.060185606021394854,0.05141176013717394,-0.2806747771590489,0.6823278095689485,-0.5587935302337045,0.43917737414507835,0.6864969291726901,-0.1715301397820017,0.49880816539052536,0.25230541281627145,-0.13300458092240872,-0.24263336887214731,0.4235970250852903,0.11965842950710498,-0.49767587738870944,-0.08186763089004188,-0.2758766592083404,-0.7481721603338812,0.25801424098189546,-0.40849776197238596,0.3269109415395863,0.11318495762303914,-0.6830582841410773,0.014594850955630408,-0.09285819917953107,0.40678587301576385,-0.03086127656240506,-0.247830006943213,0.45302541040610916,-0.05330364596309812,0.013574143125861483,-0.49168392004302264,-0.5089210172499706,0.8148691401322825,0.7993059524095638,0.0731918307875407,-0.24812789531101195,0.09157300680718501,0.03934632430638573,-0.5442983707412937,-0.08355681147584557,0.3293715684186696,0.3480913246567778,-0.2317871042178603,-0.1995119185905788,0.062369998893421284,0.638771179326208,-0.320473781675872,0.14608023609819776,-0.24909383237681063,-0.5058754113902645,0.6306524902896592,0.09290810502757244,-0.17321473578525354,0.3880983216549151,-0.23879654588211946,0.04605646992594983,0.49454265131436825,-0.4362823656990849,-0.2966800319033816,0.35698208789867886,-0.19841127413688125,-0.6012445914277303,0.5556449978596995,0.07657793232601671,0.5804940057647455,-0.4827254252040131,0.32493479018270083,-0.13783484848778746,0.12276566408017829,0.2634430432242538,-0.40921788853644825
GCA-2748055,0.4768900290879349,-0.7349219876959571,0.11612067728006356,-0.3573890304191071,0.11736652506303097,0.7294678615104195,0.45920809564180987,-0.30351539089646407,-0.32713766803690814,-0.3440294844168817,-0.4168426024784462,0.06723759345018143,-0.27240014876375734,-0.2668644700748897,0.6340298239535236,-0.40590017584500787,-0.39904345686276677,-0.05167323148953039,-0.5640158573012928,0.11267852634179218,0.5803009906414585,0.3918277639697698,0.26569466743370884,-0.04903310260198171,0.27342738988692444,-0.4852411617657522,0.38157522088042456,0.38678358019317716,0.06903480360569322,-0.25354557172461933,0.6264067170604174,-0.15588054507257762,0.4670072902932214,1.0,-0.02777183037195778,-0.005505730903206683,-0.12151537584480974,-0.04955253365630719,-0.5227976087872894,0.039553989769785275,-0.5269326018968125,0.30376791342364196,0.05891357970705609,0.5528522670085947,-0.7593262318303671,0.4986354610896143,0.12737219259173962,-0.11138036227396034,0.22802953729546607,-0.30232223371437106,0.07757970697678222,-0.29555210234533796,0.058735526349911214,-0.18520704235919164,0.3376948763669586,-0.5401319477691522,0.41034467952756587,-0.034177901508391964,-0.45788535402407954,-0.4958570150659532,0.5649352602464427,-0.5507534312701092,-0.4138562247226823,-0.01741848662716231,-0.3448368983415998,-0.08182721131262807,-0.43545960051936045,0.24621660602200987,0.11487197466566401,0.29521902280701984,-0.41258831426079456,0.4082667324845094,-0.5570262636321646,0.5310683685741421,0.27499056907730685,-0.03304471853430585,0.3862907806086561,0.2742840948900389,0.13837975178878323,-0.3025973003002985,0.6765459984950046,-0.21137903313436932,-0.6586302155460779,-0.25468410067260433,-0.4837482809023373,-0.7702464022692249,0.23832436099884427,-0.6386841872394382,0.1562504705028155,-0.2965769077146408,-0.6351752784488072,0.06652927969013746,0.3544282502819898,0.723339496599423,0.4396788890061766,-0.3270989526226495,0.8650124954842402,-0.25221661372474624,0.12234311076525865,-0.3060595255645757,-0.47605578220700506,0.5543525982678601,0.6755886242343018,0.28148060382662293,-0.23300251251976292,0.28156930785524165,0.24337970407700157,-0.5917232520491212,0.2166528678394391,-0.03033391071196265,-0.3031328243620164,-0.6104848897280113,-0.13783095640210244,0.08083564314297341,0.6580851310334087,0.2069368668889127,0.3681500734840042,-0.4024141413199403,-0.17998341686525365,0.5049484440211719,0.027489778663681314,-0.5667743033711764,0.3148851771811996,0.0969891501354059,0.2307995380871709,0.06937265733129575,-0.30490646550277606,-0.03735305510420859,-0.262606242165011,-0.30956499967288237,-0.18352978842513662,0.522792052159576,0.18815403274052475,0.20357309479674907,-0.6518068737384074,-0.4915417069471896,-0.6853014658585381,0.6981448147842316,0.7859780238252098,-0.4731313773151229
GWC2-71-9,0.03791384508584987,-0.1869642955897477,0.8899321168106428,-0.7739507837752342,-0.16077617733838262,-0.17725745245728025,0.5215801673787426,-0.7224270161687573,-0.7574911143495126,-0.7031035549092174,0.17576920436616664,-0.28039657293604736,-0.9296352200621144,-0.2777627098204856,-0.36879521475304655,0.33529225200536905,-0.09026140615726348,-0.2927463571913886,-0.1800472135280675,-0.7047501987451229,0.21854252293494006,0.0920192003778008,-0.32590657555377717,-0.12271216303536316,0.1444191320980137,-0.1019306040836651,0.22147369352628019,0.05230251161735754,0.9019752383288503,-0.6138168966134459,-0.44491574991088795,0.9092749248186135,0.1723664378261875,-0.027771830371957785,1.0,0.9606009070407071,0.9421842297233255,-0.781042860475718,-0.7231280959032498,0.2325810577835814,-0.7396741678193417,-0.39587042636218456,0.12427007652280032,-0.4734374691050512,-0.2679893914025969,0.7924747373895399,-0.4200514085004964,-0.5893475909452072,0.9042757474270384,-0.8426311779787746,0.8281597835173804,-0.22502659139395975,0.9169802414955728,0.9142171482561938,0.617132493620936,-0.6342735488746025,0.8123324323197814,0.011845503866241527,-0.776852259995795,-0.8140991900901925,-0.10226876627073327,-0.47953361269013495,-0.47167481880215356,-0.654837973928374,-0.7736126593169945,0.11218393614101714,-0.49998094739769855,-0.8971774727511863,0.9279944810440299,0.43869530605565377,-0.8294476889043203,-0.11000751879981059,-0.7219993063050664,0.7336390441494647,0.20524759907666584,0.15136093397313555,-0.145611804993436,-0.24342050177706437,-0.35077396096715424,-0.8101342040994796,-0.32892497447775443,-0.8284280691619045,-0.461320668499923,-0.4002827131293213,-0.8085339536423198,-0.33609246201122933,0.9563626972649999,0.04145896918146421,0.9753431695791848,-0.7273089509006697,0.222462996595752,0.7124951962375559,-0.006704170336495189,-0.15679022523752187,0.28398254515181415,0.21956233665813188,-0.15129222402448333,-0.8723426049129994,0.08720071117237486,-0.7600528783693674,0.28079319842848527,-0.18759600790647732,-0.2924812774651706,0.004829524753880748,0.2252777485685259,0.8623763053336436,-0.06387288429082967,-0.454622270990591,-0.3249482063266461,0.5013914494280328,0.6181719254820663,0.5041868524124743,0.25032134271764406,0.10925134126735624,0.23758282387180094,0.6100308887822284,0.48835550505330483,-0.7441468957345432,-0.26575449222408204,0.11606578189592393,0.5344222504435058,-0.6765439123079079,0.9309169841159933,-0.005471702924252834,0.6292114814838583,0.7883831655632347,-0.08076538302655138,0.09624445472741645,-0.2066364912111939,-0.047325964115048004,-0.6516757736029567,-0.15182646685278814,0.8848924717334578,-0.3912228432644614,0.07259840885437567,0.1910434671072086,0.22977313397239818,0.26958453772625846,-0.15120027757161014,-0.44449354119560824
Gallionellaceae,0.17275623600861106,-0.11561885231260442,0.9324021979740876,-0.6489723310139452,-0.1012705444711841,-0.08416299648418006,0.5154977067306925,-0.6831034431831837,-0.7261584152810021,-0.6305734720653533,0.3351825708325402,-0.22298556641847045,-0.927551964873833,-0.21548927996572137,-0.2950133548212202,0.335003549999485,-0.2760246615032467,-0.25495825772926667,-0.32009446217020454,-0.5815184046234362,0.25627707762780455,-0.0407453045868697,-0.2687616668655923,0.010176391705431331,0.2416502655980295,-0.2830154515913112,0.41499889612258684,0.04046985649480193,0.9480723016745285,-0.7390729686238676,-0.3839163358907158,0.9316845261594493,0.11676720297852905,-0.005505730903206683,0.9606009070407071,1.0,0.936334344455101,-0.6175273983502481,-0.6454161462059422,0.27276822709311,-0.6875576225381634,-0.24345702838097638,-0.05922551001295921,-0.4283407797422129,-0.3998045783918226,0.7911695644110812,-0.27929438763260134,-0.450509089395164,0.8873152135929159,-0.8713250688727096,0.8688228462843527,-0.19217630682259956,0.8510884292919192,0.8512748906686961,0.6716314945421041,-0.6160139721349431,0.7986874297063139,-0.02772809086904999,-0.6507027590154231,-0.8249184444164901,-0.21438670101336266,-0.5333888429349313,-0.5275443445459773,-0.5465126134142698,-0.7029431142018581,-0.08439476059250461,-0.39743470808980347,-0.9168556519895144,0.9741963234650236,0.4359586197204782,-0.837821206406588,0.023892238857508193,-0.665273048799696,0.6587023115993845,0.29484154022971776,-0.08403316895655037,-0.08109046062230611,-0.11214053817758542,-0.25465585908617877,-0.7770330666096279,-0.3792894335597929,-0.8887925161046433,-0.5331006155096887,-0.48892400369086575,-0.7918550721248873,-0.39032982865287225,0.9195010608753472,0.04901715833970308,0.941385101643203,-0.8175036796573315,0.11618828252940426,0.6558627868132304,-0.045999881137454963,-0.04663526687060235,0.25762107855956007,-0.0109198218703426,-0.17013010116159955,-0.8704603420001817,0.1532094472059448,-0.6692936046336083,0.09639535720718814,-0.11476395070284072,-0.28602785634697375,-0.13739874714621245,0.13470345110593993,0.9376488024280935,-0.16789985569093993,-0.5063540906238706,-0.07232523392045878,0.4643566331497753,0.6324793334742947,0.4013350181951394,0.20500529512183463,0.20282565456164678,0.08333822234632332,0.5824982336693948,0.3601816347418134,-0.7993502981433863,-0.30595747951799934,0.235509278221591,0.43258996832952124,-0.6900558221516494,0.9137954046257156,-0.10893716791791684,0.6347617710058895,0.7743750155114255,-0.2284681474187854,-0.03037317685661183,-0.20537869124396085,-0.1726497206123518,-0.5581476424444133,-0.0094398425497509,0.9548088980757683,-0.29099119351360436,-0.12004221526670664,0.11279966947664238,0.07289603549549395,0.3278726471327301,-0.14055027154908756,-0.40753178944844604
Geothermobacteraceae,-0.04453677131353121,-0.00960379811912414,0.9466199034982847,-0.7111182777227587,-0.0750068927878415,-0.29609402875591234,0.5100362687704547,-0.7428777809851417,-0.7724518213482493,-0.6769619031439996,0.26445344955386507,-0.3732224730986216,-0.8886773416698067,-0.11563860295085823,-0.2838963129474375,0.4923442637570375,-0.029023533453979164,-0.43986013974613886,-0.018631700738078,-0.6645048332653376,0.37431684939602056,0.038276691920922166,-0.37821403306774604,-0.2429089693601045,0.001799389509120944,-0.09611439454616659,0.17433761995850625,-0.07552736622354521,0.9278201089995554,-0.704907727030846,-0.4037639749042601,0.846313042729896,-0.01150506014003778,-0.12151537584480974,0.9421842297233256,0.9363343444551009,1.0,-0.7203052656837706,-0.6647734686296843,0.02332464111924073,-0.5925873511249921,-0.4029513519476887,0.006415466020186718,-0.6317820259859218,-0.13777276705806685,0.7510125217088888,-0.5194038250365073,-0.49902139609598056,0.8606070655567345,-0.8683948305430444,0.801940241126089,-0.08978504328154045,0.8751117683905724,0.8355590470405173,0.6515807569473733,-0.5041155273584196,0.8094525957607506,0.05321633848868685,-0.6622120709062908,-0.7689072642953413,-0.2351762497373065,-0.2975995792782172,-0.26579027136212513,-0.6962708358230033,-0.6500715610055732,0.047766727148431255,-0.4688510229052067,-0.8708099933822933,0.920335790822746,0.5005821516553962,-0.73457529708328,-0.18092126507832376,-0.5538008719267363,0.6850066806273931,0.009859923294210319,0.12460539304621208,-0.19152932098464548,-0.29492517504524896,-0.3635935627633364,-0.6745964188530786,-0.457457219541566,-0.8474733728724494,-0.2984599916493,-0.22884883470428982,-0.6867493648889936,-0.23833246096516522,0.888993856256324,0.011464003403948916,0.9009667277797185,-0.7874863347670708,0.33775199920301413,0.723026929357417,0.04132250121769659,-0.11116205463633722,0.28789872896322194,0.1759537673492486,-0.20062895537116304,-0.8949531000825252,0.14491620447440962,-0.6829320281852456,0.3571001280532329,-0.27650393149967606,-0.4589667971786092,-0.058283278314920126,0.048489902154594866,0.8557340487982781,-0.09046878596511587,-0.24314969639424658,-0.2846950927390208,0.3731435295081785,0.49661523747146225,0.48629473545113544,0.20728672423390115,-0.056263462590820185,0.04355058840475294,0.6646150835755302,0.3398214554076691,-0.7956943076652853,-0.34707016573192717,0.03366116507389097,0.5443251275055303,-0.6975735301782356,0.8423118654215624,0.10311938998891403,0.6670362727460569,0.7881419319363738,-0.15104657816823974,0.16515683876170173,-0.39965829822381166,-0.14203888952218058,-0.5666181809122685,-0.25213632225688043,0.8518114056273084,-0.47475110081605093,0.12806820096797303,0.0982892082220906,0.22064209538587862,0.247059691144613,-0.13454704873918066,-0.32203441355619
Gracilimonas,0.2981489754661117,0.4729058298945412,-0.6405912277704081,0.9236382855708681,0.3669084881690744,0.23291898873165254,-0.3423324724525696,0.7985522803366659,0.7727548962047099,0.8493546558815195,0.19469412052059537,0.12379089310291785,0.7389600687857458,0.19100486514747284,0.17956175237896996,-0.20789090630263607,-0.2622675225936938,0.45389178886293413,-0.041977432967313384,0.8533605836956765,-0.29371246134620826,-0.5715102785440708,0.4155184652622309,0.5532841512636472,0.21037384596916317,-0.33362062528138414,0.2163399395780731,-0.07826146540833072,-0.5600831839990386,0.1679114628775302,0.18632695291181006,-0.53316776712876,-0.18007216911906984,-0.04955253365630719,-0.7810428604757181,-0.6175273983502481,-0.7203052656837707,1.0,0.7925680879984075,-0.037779404476998395,0.6107674600925066,0.6244856085002779,-0.5983288782553554,0.3476800274513497,0.013855733439387669,-0.6902471416629324,0.7842164200878677,0.7705580709803702,-0.6638934742434105,0.6492504693531156,-0.47546913134771585,0.07809706019415331,-0.808966678550027,-0.707760084268274,-0.5603967255007998,0.6202761522945858,-0.7350892631989523,0.09699665104856815,0.8585638931969157,0.6532255169349774,-0.3555235663149757,0.22040116423848222,0.19609060433372225,0.8932365658278857,0.7076412246907288,-0.6289623418070966,0.7315068846357643,0.5752108376329218,-0.5761892757981276,-0.3372915923721977,0.7128226471197825,0.4161966125416085,0.7176116866174631,-0.715813155360286,0.1014952258840334,-0.6041080311446987,0.25135005984434655,0.4348629896779072,0.20732121409127882,0.5901790422769826,-0.004445738950247771,0.5698862189809236,0.15682130241697154,0.20203836391315771,0.5812838089786474,0.25091392898297116,-0.7587300147796866,0.14388269631260975,-0.7907642942039863,0.44207053429562354,-0.39513834447094337,-0.6516020629476721,-0.40764265310792364,0.2423095028656634,-0.26079752418580426,-0.6491138997642553,-0.156727153381092,0.7335330498838113,-0.23426552633453734,0.7503281879146472,-0.5303900012908432,0.32358092715392883,0.18726943995744066,-0.49589500567785477,-0.2045865959499289,-0.5193854783667133,-0.4716677170720934,0.32381010733858756,0.7305465330866625,-0.17013139986833573,-0.15485699885613388,-0.33434453869949543,-0.41495151873121805,0.017468477705717435,-0.5360805494374388,-0.4634010931279886,-0.7386939255445758,0.5487459343617103,-0.009639345060991284,0.24764402670424804,-0.7434162531807237,0.6417243533890559,-0.7105116226942705,-0.47877818305615155,-0.4287903371941997,-0.5202486853981496,-0.27794450163405476,-0.557867421896045,0.409660916178512,-0.07702518902445861,0.49019444848954774,0.34451955377589627,-0.492162791442463,0.5849314183401254,-0.3745588999195774,-0.27455065731814193,-0.4361165547763655,-0.021520432989948227,-0.13062391032534584,0.22369442251228644
Gramella,-0.25128765723737234,0.6349455837698104,-0.7061557161435683,0.952581090091542,0.01584754722906467,-0.2944707327041809,-0.5248422909425348,0.7569463626638254,0.747610354589089,0.7662559086120723,0.08200722315218685,0.23426982290778972,0.8077320427233312,0.39952305418079515,-0.0710683041927037,0.04139073630182588,0.1641885425580707,0.3791060997817075,0.3153912560367664,0.4886928110900407,-0.5524265354351473,-0.4729941606973568,-0.019801429245639362,0.3431584106849993,-0.12450068895424383,0.24244714847886525,-0.23404048754197143,-0.398742636344827,-0.6312252966401412,0.4359162066934996,-0.05171887092882688,-0.5273721297854493,-0.4658667156009231,-0.5227976087872894,-0.7231280959032498,-0.6454161462059422,-0.6647734686296843,0.7925680879984074,1.0,0.12684588924100085,0.8035551321141126,0.12483326623856678,-0.20176255562294557,0.025801749757845854,0.4413717216968412,-0.8903078054462747,0.5905268973710356,0.4717333993512179,-0.8508196131142681,0.74755804125045,-0.5390090975693682,0.30588358658044895,-0.7111152095750204,-0.6480710868566164,-0.6678954838301471,0.7168541770548231,-0.8268392295642433,-0.18529405433019813,0.937838176760361,0.8507596635308926,-0.39968370621570193,0.4015713619946352,0.3805710623103345,0.6597870071319308,0.7239538689888598,-0.17819330538904485,0.7947457439060487,0.48908762764523644,-0.6833512124806299,-0.42380360612712903,0.8100966768005006,-0.10198176872675074,0.8404695629895622,-0.8986468527786178,-0.2326044045498469,-0.22628155082447393,-0.24180932227002583,-0.000964133669173873,0.21183360165110166,0.6032417694480121,-0.13674085348699824,0.683204187388859,0.48318534562604243,0.31597402724029533,0.7943567238493804,0.7244274946164386,-0.8411927524677673,0.3361453830347458,-0.8290755580889818,0.5832794058003725,0.1585470699310808,-0.5286315604756674,-0.2754432874857611,-0.3609525966587653,-0.33572199453031987,-0.12333845827793075,-0.4700334208862692,0.7682252130126707,-0.23963945671716252,0.9316064767591424,-0.0941640415976107,-0.15220731225412182,-0.17300820182169718,-0.3157069313367886,0.07040772080060623,-0.6993776150363861,-0.24821748626554332,0.5809660971555299,0.339001101856131,-0.21910030620374907,-0.1651451594417845,-0.08378908276305583,-0.12478152487272087,0.12872526451080316,-0.6388001697237092,-0.5002858800594481,-0.658667270853163,0.7832110322474338,0.3504084328574986,-0.26793523646768436,-0.6445552036506071,0.8504237167819712,-0.8448079850348627,-0.2676535550587686,-0.509839375973374,-0.7175847909850783,0.26438069453080015,-0.1916627256965817,0.39773162557643565,0.08161000280484618,0.7078557277695036,-0.06932889624559664,-0.6214884903684967,0.18571510750954406,0.17143950815989,-0.04821919391723487,0.006857025709269222,-0.42036303545125875,-0.42289912041950345,0.5040361689302967
Guyparkeria,-0.08539219612004026,-0.19817336975466437,0.0891487427001586,0.05815675627942104,-0.5075782030366538,-0.04225715839183524,0.23144560630084726,-0.18244328521047576,-0.22161240803180074,-0.24685589591049567,-0.20975059217918318,0.5304604491771143,-0.27208887395688863,0.1186875364187328,-0.160480617411188,0.10346036283096911,-0.2844978033980171,0.23298895486128327,-0.4394157660882368,-0.2977581875191719,-0.3055604349594341,-0.09555628852655673,-0.36248444928013424,0.29409940222984754,0.30561603033585205,0.06970548952278702,0.19103205473274087,-0.27749960853644706,0.1861954885387514,-0.08208858744841314,-0.15938072764024763,0.27920405252703656,-0.028112532280901333,0.03955398976978527,0.2325810577835814,0.27276822709311,0.02332464111924073,-0.037779404476998395,0.12684588924100085,1.0,-0.3300182807981595,-0.28127085080792247,0.32413640273548866,0.04926191036270385,-0.41829427420427284,0.07876342159511764,0.496344176531097,-0.42395832731807487,-0.013461169616100029,-0.17113179822131458,0.2823043423011691,0.10564833253130744,0.28730452867528217,0.08236185075211691,0.04514879083426363,-0.4077901870574215,0.19146698596140224,-0.7217717978783907,-0.07679033789495343,-0.24022152948895503,-0.014163776269950733,-0.6641816320746344,-0.7073390019722885,0.015341489207348374,-0.385560321714571,0.16187048661107548,0.09351245561806926,-0.1889225661452104,0.20074241100279497,0.14699907444810578,-0.3619984731791251,-0.12443860662659599,-0.3490627479766152,0.01706662332299266,0.28061693823573414,-0.021601005828909815,-0.3784269119354426,-0.14214981102641994,0.359901484251423,-0.5612075217816077,0.11937546430019326,-0.19733145128232812,-0.50276618663302,-0.6246010263187681,-0.3105166705458835,-0.011798367035123127,0.1985835607306336,0.029519754638693396,0.21302892561417897,-0.2133483325356834,0.05419109642986128,0.2951141310155693,0.12129119392624706,-0.4562302947912515,0.2951558392904804,0.07423605724774626,-0.12734191925347188,-0.17111321646254832,-0.11998673596140691,0.19189679554945477,-0.21828298269699212,-0.15227189517638987,0.009293881618396093,-0.03878394105659251,0.41015927700394733,0.2608229390326753,0.10882236685253341,-0.4933293632650512,0.10585612066281187,0.3554907019329548,0.29833655451060753,-0.07354145934287323,0.18205698434666026,0.8265951528990035,0.1875651047027561,0.05439469497617156,0.18820213162317379,-0.040256459762688504,0.5132345315176842,-0.06137996715151544,-0.302044357370843,-0.021232503588580337,0.24656728295696623,-0.31992294431836393,0.2160240356049319,-0.22042870113230706,0.42202964522973135,-0.053337783335329875,0.27913877936453246,-0.18177429038679543,0.25825441555125006,0.10638604141101914,0.36886914625386985,-0.18118805397433238,-0.15446855307679816,0.0007632051356838468,-0.08024564098190706,0.17836337700460522,-0.21240897961625013,-0.21810578646951492
HIMB11,-0.23215420785767693,0.47364341014565603,-0.6513344330026011,0.741195803910649,0.152122762209943,-0.20575181653524882,-0.8199270499093094,0.6767806372574093,0.7237318559667127,0.6992389253615192,0.26521500455727537,0.07355770437775178,0.8424877181911982,0.3142569385483872,0.10885877188080026,-0.1767647159230868,0.3454776019995999,0.2820247367256343,0.3848673043203002,0.4223748214107872,-0.3617500472254497,-0.11913103189328292,0.03829397186231696,0.15618391542841126,-0.3374158878471426,0.28851772311114215,-0.28858822755060476,-0.1253522410259565,-0.7076209761721092,0.5665586328237052,0.20758546109529832,-0.5927036984275866,-0.3524951603840502,-0.5269326018968125,-0.7396741678193416,-0.6875576225381634,-0.592587351124992,0.6107674600925066,0.8035551321141126,-0.3300182807981595,1.0,0.19762968171446793,-0.15532153607164356,0.09266624789399121,0.548111537789797,-0.7557542154734058,0.13343230448967017,0.5545954608789038,-0.7845840046847269,0.7344271129873957,-0.6910278672164774,0.1809058268981119,-0.7897620259668198,-0.603001998638685,-0.3963742100565754,0.7621469569740537,-0.8223989805298744,0.007409240028341171,0.8579013483052984,0.8982953508158369,-0.1636772875232836,0.6386142847864592,0.7721229223367421,0.4466886672089506,0.906648579924996,-0.044545675798214765,0.5470611570775832,0.42412789526460887,-0.732961698061185,-0.6168752632098092,0.7801744059195485,-0.062100135876398975,0.814891975297103,-0.8641889750300753,-0.3232039204836799,-0.17301220821671145,-0.13420454200895962,-0.0011080345494900053,0.1156482762416049,0.8596776038286209,-0.006093845708268159,0.7105034695527123,0.6805860069869913,0.5212086242640207,0.9616140374518144,0.6111838433917632,-0.8849006913974189,0.22981479994702858,-0.8139281331326668,0.6175788947557509,0.16148594661588647,-0.687090606817151,-0.090545974903573,-0.1425446607931248,-0.632680624544118,-0.050863635811553135,-0.22738120235957845,0.7381594716432747,0.1990220859641404,0.760772272027451,-0.018326863219760892,-0.0417195567882566,-0.055034525673726374,-0.002662528667884133,-0.09699880839353948,-0.769114282132351,-0.013267205035875093,0.6224461061106255,0.23051615996397934,-0.6163192075436154,-0.4026919967809584,-0.18816882703541563,0.10474562007528189,-0.05063098772687709,-0.6550785148181468,-0.637339111759457,-0.5126752517936156,0.7329503374598347,0.15433119535758003,-0.23490443874185418,-0.21195434924484885,0.7080436750356877,-0.8836431476834562,0.1462193230907359,-0.7286698024655308,-0.5905823325071572,0.14568007623621843,0.08321545165323516,0.1258846425377448,0.11334362206640203,0.6367451506160117,0.02731399276990049,-0.7779016845982182,0.2348515727206859,0.23514444544790514,0.0701153398824699,0.0583763209740065,-0.7075187047981356,-0.11967313001097919,0.8360022309845753
HLUCCA08,0.8792258711299369,-0.0013156382215786307,-0.3203189439697366,0.36540040843923455,0.6221040730303303,0.7994367802892456,-0.3154445933396732,0.5325009762136756,0.5770031424071532,0.6125983159803181,0.5153982114351854,-0.006074874229654989,0.3608819952360481,-0.22603067319347014,0.10249867818890261,-0.5722207947751023,-0.6542825947909291,0.5064673272671663,-0.48395495185542836,0.85399682969208,-0.15772356170239316,-0.3691622928686991,0.8845570869130849,0.6522633963105001,0.6054342355055802,-0.7959144204584412,0.6859866720422988,0.5405813390921989,-0.3020615420787809,0.04276075874524228,0.21981324393945134,-0.12465667319794956,0.4446841562715333,0.30376791342364196,-0.3958704263621846,-0.24345702838097633,-0.4029513519476887,0.6244856085002779,0.12483326623856676,-0.28127085080792247,0.1976296817144679,0.9999999999999998,-0.7553873677452179,0.6369864212377511,-0.368056630927576,-0.17136667903858296,0.43610071386040394,0.8670153598633782,-0.05569756776196882,0.36558292576210116,-0.2904366944867046,-0.2711580197491962,-0.5377468694103129,-0.19547938868749776,-0.16742966752162738,0.3198929349628808,-0.4071325334123803,0.5074566361747247,0.33915078083779693,0.2166735782206038,-0.09508009048516888,0.06850469345276568,-0.03859007632363163,0.7177178645338843,0.47383360275330305,-0.7897538516797867,0.22597405662826853,0.23690499922635508,-0.21558179101486052,-0.3336860164345508,0.2580994431246236,0.9232528861939662,0.20889459238162317,-0.259850492028205,0.6721347365869708,-0.841229253391767,0.8537043978523,0.858931812595642,0.1431239595838446,0.4282224701116712,0.07313804207426879,0.26100614504676467,-0.13814141422528173,-0.10844978503053385,0.1784935810246215,-0.4624400273546175,-0.3103956789062723,0.03912752053206728,-0.2875269288184039,0.27733652471335773,-0.8911968284429814,-0.6036253857926883,-0.4626649535602046,0.7333358180371465,-0.4074209237214195,-0.8812330956513681,0.17966306708196844,0.4496179617456259,0.03849174105301441,0.026600336463236684,-0.8027837910324088,0.7838608887855028,0.590266078867427,-0.4321234041721583,-0.39769516010172723,-0.15820370359575422,-0.44031790377348246,-0.21085661502517103,0.7174985750913315,-0.05495714492577975,0.1038131633248707,-0.3348082295578652,-0.45016077184750625,-0.07310260356090521,-0.16304457885605872,-0.5164384706380571,-0.44287143860422173,0.100761368523028,-0.424538826466704,0.7263476026668592,-0.3232839079298944,0.2312633341799919,-0.20506002714999977,-0.5147883843249974,-0.34893047306910346,0.09347464513914357,-0.8131881539259825,-0.7488310737501216,0.4602152298272359,-0.06758358522095707,-0.11415513404466536,0.7092955718163455,-0.19576007911322513,0.9459922783638656,-0.7673682876003446,0.0739066900960396,-0.4270060571217603,0.05849287183484462,0.13173276452618027,-0.033154079425820125
Halanaerobiales,-0.6754349507513225,-0.5184858541341006,0.0024483093371382453,-0.402801765146307,-0.7278982560330985,-0.3158270014236805,0.032345361586330126,-0.41583814429124827,-0.4159192657919039,-0.5826410362231464,-0.6518155454160671,0.34734269325677003,-0.1620885907765699,0.023867531945864093,0.1727597213409691,-0.014170116954468171,0.5418024816296324,-0.3068858584687144,0.1210663654197241,-0.724483620457907,0.08365848315767471,0.7638041461645029,-0.6091466162430664,-0.5965272414478371,-0.5263947815600203,0.7790060562823421,-0.6233558963484455,-0.1117524837509644,-0.07740930960102221,0.3734906581413506,0.2102284102171364,-0.17190237194853458,-0.1112483519130468,0.05891357970705608,0.12427007652280032,-0.05922551001295922,0.0064154660201867185,-0.5983288782553554,-0.20176255562294554,0.3241364027354886,-0.15532153607164353,-0.7553873677452179,1.0,-0.00949740491215217,0.12427821135011811,0.15770860001141043,-0.4278267193472866,-0.8009874172403191,-0.13290910085190974,-0.1226628646520818,-0.02258993324134605,0.11283233924473468,0.2525730230295766,-0.026545501405033353,0.18975010296168854,-0.4525254314924838,0.23946922522665606,-0.5865032690941164,-0.37224052051531786,-0.09946066669529399,0.6665435420333244,-0.15386365578927783,-0.034420228896506,-0.6281046278332898,-0.3841737658130525,0.9748963903047556,-0.3443465375504173,0.04432547360005559,-0.09449439007625378,-0.004949400602183293,-0.2792888242791478,-0.7017790836387795,-0.3694638048005283,0.16968300607070486,-0.4100776537703573,0.820011574744729,-0.5815530691414429,-0.5811219269156489,0.14236698049644733,-0.24137227976350414,0.4682688850106318,-0.024938921652030197,0.0513340860490622,-0.08984853147761572,-0.07433034652420488,0.17527031342630783,0.09923061863010993,-0.1777274097639195,0.11507871675768747,0.007084566950772575,0.5155566354331282,0.25354960950622346,0.6799952676174748,-0.487224196893769,0.1827456030769782,0.8546836116553735,0.30257052435095805,-0.19575974960344575,0.24329346710150976,-0.04129360469770827,0.4982780792398619,-0.4640204672342413,-0.03765180874662228,0.8189166622080276,0.4449132109691977,-0.09154556294424762,0.8099823379680077,-0.13658449310475318,-0.65173115803411,-0.25050549557441726,-0.39942158410665773,-0.06226502126955585,0.6067983615718822,0.30882798882132756,0.5026017362318664,0.13541979956391095,0.718738173447677,0.1065659924196018,0.6279303810212807,-0.5814202116215372,0.41688631552756356,-0.1944271788755745,0.05720550170734505,0.6689356460302827,-0.04203519583923182,-0.34154592969008496,0.8604900188942909,0.8182714582990707,-0.33763877103097584,0.17277478615052327,0.23449737583058636,-0.32190880598103033,-0.10105526786835207,-0.6413498035013753,0.526477013400221,0.02856790113509059,0.2802379715168835,-0.203211980751184,0.2743272881742188,0.17870275977581995
Halanaerobium,0.5486280571585366,-0.5297120187538833,-0.46134510405114976,0.19006102935984867,-0.022641384476176377,0.8302916301792165,-0.3503563733054139,0.39910816101220864,0.3994007109962484,0.2955639172997765,0.012578367438090494,0.45201423475065244,0.3465432092301994,-0.40641560743193983,0.4318520488719473,-0.8871589341773547,-0.38681264678668437,0.3266737298816475,-0.6683793175539146,0.4699111388706019,-0.1101182295093452,0.26088364902233213,0.6143409432026722,0.3054453634966677,0.24809098693684986,-0.32167991774028926,0.30516366185693355,0.7044550378416812,-0.48542207111552965,0.40250904604970955,0.5998289450180597,-0.4312410103317945,0.39434739308383226,0.5528522670085947,-0.4734374691050512,-0.4283407797422129,-0.6317820259859219,0.3476800274513496,0.025801749757845854,0.049261910362703845,0.09266624789399122,0.636986421237751,-0.00949740491215217,0.9999999999999999,-0.47989421843203284,-0.08467778062659216,0.29278608572537224,0.3537716939397858,-0.290108706517834,0.3770202582497093,-0.33261682013065014,-0.3104226073364266,-0.5799499483265816,-0.40368333735491563,-0.056932060273045704,-0.12970757685813727,-0.35700012790214813,0.05254933561838779,0.1558415770886935,0.22131431902207044,0.6264191860642028,-0.15611929552395143,-0.21280105229191432,0.3912626486485154,0.1880624410210679,-0.12285464050289378,0.13533900096558352,0.42055745118948945,-0.38871122190432966,-0.5632366843974543,0.06433402827041743,0.5585102049618552,-0.06597775481443335,-0.26418998614687306,0.5306571598628232,-0.3696011555102741,0.6040919523427529,0.6887290732283302,0.3681164979563252,0.3424043952065632,0.6197400762500767,0.28377288274113294,-0.20802275747183113,-0.37255879772225026,0.12079984292893135,-0.426023270369259,-0.36197305102873795,-0.017984838770870933,-0.3439039089784407,0.35664812237076526,-0.7481642513129658,-0.6836289389781146,0.0066103558890095605,0.5591024851535994,-0.3942798833380339,-0.39722869151223283,0.5691548562183016,0.46218044891342563,0.3071160547147316,0.06256884886659213,-0.6312090789133711,0.5745728846947042,0.7798297044840483,0.2521741558065263,0.07702668827905135,-0.2963691549757569,0.1581616181189989,-0.5030200287078914,0.47564602285385255,-0.3868423185885555,-0.3143216145965174,-0.5317798355212513,0.06485032460410103,0.3082883814183474,0.2325636241564707,-0.5081235759932448,0.19273663236364819,0.33006915797573716,0.16790712244862685,0.453847432037503,-0.054903118952415876,0.12885356966131764,-0.2683806394511071,-0.06496476288401015,-0.6025009504588923,-0.3469970196601066,-0.21012528917537007,-0.2475859606517213,0.309124410335174,0.20082334385642334,0.1664967135117815,0.7184604237696082,-0.35427315738614895,0.6658245867204756,-0.5796480361950695,-0.007414233021711481,-0.43127404595181384,-0.046687723334504036,0.49211256723440083,0.14106474232533
Halioglobus,-0.659358381413463,0.6177323381210001,-0.3819705078503128,0.28468350370003276,-0.05471011332379989,-0.7223274083324316,-0.3706949036232841,0.3290188895533708,0.37333777353233133,0.3349559494320317,-0.04152800252595195,-0.15888438415956985,0.4935727990445755,0.30391557777742934,-0.40864912102353534,0.3841948498530855,0.6715761369969644,-0.16072604318924058,0.8920782899845794,-0.007052956932408845,-0.3542331284547534,-0.15200561070163252,-0.1630360754625616,-0.35894758885039024,-0.5342887901109711,0.6880586363030886,-0.7641527069610975,-0.3943074183432877,-0.369313317674487,0.4874177668754553,-0.4237261163757941,-0.2922973062440965,-0.44978337569296345,-0.7593262318303668,-0.2679893914025969,-0.39980457839182265,-0.13777276705806685,0.013855733439387667,0.4413717216968412,-0.41829427420427284,0.548111537789797,-0.368056630927576,0.1242782113501181,-0.47989421843203284,0.9999999999999999,-0.6324617033925477,-0.3268598815119604,0.09153240200358455,-0.41503807400694825,0.49378023452010117,-0.38966887267657385,0.39681192402687687,-0.21045133070683097,-0.10303869594017215,-0.5696863786529918,0.655112156459283,-0.48363180713149684,0.2072427382162334,0.3873033249844168,0.6172387191556753,-0.2840045447617968,0.8481194916939648,0.6785488431807404,-0.031019774191423835,0.3966629035779874,0.29990664083736934,0.2821430271823401,0.23221001151560353,-0.4512951316529771,-0.19619709123098084,0.6679723834113048,-0.5708857915072018,0.671596632628305,-0.4428396860127411,-0.6127897719015029,0.416699325572306,-0.30547646859149896,-0.3557737401405474,-0.1700116662428921,0.5141852372412764,-0.4476433544555703,0.4772671439578184,0.909172163468213,0.6217449592817215,0.6087010851738816,0.805554103946962,-0.41764201710066495,0.3923743298236989,-0.40516257992257926,0.5527971482184751,0.653180261583104,-0.10177059506027686,-0.15589845825065857,-0.5792349511052539,-0.25001919187961,0.5426386583083915,-0.5673706534690993,0.4155311248185227,-0.302548381450945,0.2808619557362997,0.6924988298573839,-0.5708587907050233,-0.5787068441771325,-0.0533555337496145,0.05294763138847688,-0.5982572160971122,-0.014614190118777707,0.8765541969274455,-0.5229056258347837,-0.10432911834648526,-0.1182580925689135,0.4908532008449993,-0.06527852785366259,-0.5438689394800422,-0.363168735693179,-0.16391028381365816,-0.3263836502297803,0.5302207675567628,0.2019114450078147,-0.7122134325859703,-0.03160643755310802,0.5973316714139363,-0.5343968319346072,0.1838477635773285,-0.25208256874329715,-0.23518337348098964,0.40551319314647355,0.24010971946685264,0.07137837952828541,0.4078738258910974,0.167252107166783,-0.7585722491501896,-0.5550804702389355,-0.2974588232894365,0.844013178883684,0.3320979978950898,0.724386920132541,-0.6026398384748922,-0.5245302075386905,0.38744755079633636
Halofilum,0.2547050910177556,-0.5770352815731248,0.8666246650482737,-0.8547854265937057,-0.0640708772182492,0.2335154460286347,0.5587557308986575,-0.7892278218293355,-0.8415234875482064,-0.797308799995196,0.014660245620437636,-0.26146896673337056,-0.9118055829713004,-0.40587018899337135,0.220245264545086,-0.026450827881592764,-0.1757227387534294,-0.34165434641476655,-0.4497567794610295,-0.592164623274364,0.6351186117903874,0.4492124675144289,-0.2173097818587322,-0.193956573441201,0.09743738026251944,-0.3163234525037503,0.36684768806131857,0.3311326249241849,0.7927642734311715,-0.6678687669819127,0.16077991968755045,0.6171163285478103,0.3267809681572488,0.4986354610896144,0.79247473738954,0.7911695644110812,0.7510125217088888,-0.6902471416629324,-0.8903078054462749,0.07876342159511764,-0.7557542154734058,-0.17136667903858294,0.15770860001141043,-0.08467778062659216,-0.6324617033925477,1.0,-0.4131580432596476,-0.5500425953596866,0.8487138530461122,-0.9177449371001446,0.7239935014999146,-0.4288479481002819,0.720736393300781,0.6035813052006723,0.8836126681955221,-0.8400149138267513,0.9015934660877484,-0.02244660396562501,-0.8553138006591893,-0.9086530291438497,0.30494090249283967,-0.6675556546966558,-0.432903147917388,-0.6488522570303655,-0.7411744134102316,0.09852979563796638,-0.6655935887684564,-0.6716974907836495,0.8401001095620839,0.4105904709085483,-0.9426576456900979,0.1045208571655182,-0.8845493783395114,0.8557390547645456,0.21286718199673213,0.10834443468580794,0.02296199491313315,-0.10986632582060057,-0.27905707472702995,-0.7382226177747336,0.17057468153512112,-0.8370207751621979,-0.699318461746766,-0.3851655803129718,-0.8462073228169136,-0.6766791153239641,0.8749398161814806,-0.3466525410759536,0.8656358995038653,-0.8403685585216217,-0.1013758854976105,0.527680318115031,0.2915930168109571,0.3455525738360636,0.3375883651046538,0.01272752491956743,0.43758729614167685,-0.902521502289662,0.407296996639434,-0.7591767925652584,0.006285550324105124,0.1511961752167589,0.1284545718920436,0.3183188482576191,0.05876247160527496,0.8751815903924032,0.1585270367730179,-0.6757527165186393,-0.09475064688481007,0.14177600442858168,0.19736487128733707,0.0030157915162097146,0.34135908284177285,0.15508319622622435,0.4309523878485821,0.6180754325212859,0.6787680457353376,-0.8416579619285567,-0.3769253053210583,0.39779528300929046,0.6501223269048044,-0.9571800494042716,0.895663227957146,0.2688646572301568,0.5284434716130189,0.6715549474679849,-0.2392267141531602,0.22787785377295944,-0.5128171354212725,-0.22260138389092435,-0.5616754392183698,0.2450400007051384,0.8041615825605316,-0.246573257224677,-0.2738824483926867,-0.19496913688206075,-0.2748686230265821,0.4968131526988757,0.464499331052281,-0.3951343390132187
Halomonas,0.3608649254823991,0.23822790530381363,-0.4206040988732135,0.6909012223292174,0.2196296340083676,0.26362405080610474,0.020862173162417345,0.5311227342189893,0.477983163382104,0.5526529484979206,-0.01793141633987764,0.18149263170413052,0.361977888708929,0.09406179337647265,0.0024513399961886774,-0.12245423074421674,-0.43436498427448783,0.5893621274518939,-0.2912426976381507,0.5898863942676468,-0.3704319392420352,-0.5923799047164491,0.23511825947210008,0.7200876766101251,0.5156930063256008,-0.4120060190762571,0.3972213098050532,-0.15843469199887936,-0.27061824149066205,-0.04492462527625172,-0.009993481548887727,-0.17666376259360722,0.03632011524139552,0.12737219259173962,-0.4200514085004963,-0.27929438763260134,-0.5194038250365073,0.7842164200878677,0.5905268973710357,0.496344176531097,0.13343230448967014,0.43610071386040394,-0.42782671934728655,0.2927860857253723,-0.3268598815119604,-0.41315804325964767,0.9999999999999999,0.40922245752663705,-0.3767053083567341,0.3624121211445729,-0.16111719758343446,-0.053112615236545965,-0.40582254492150116,-0.42871084701393364,-0.4467312377366929,0.24983645071928548,-0.40137313249284223,-0.149174589361905,0.5046333429923732,0.26995031190860225,-0.3579784003546594,-0.3152171880614842,-0.3143248426407472,0.8200648512068752,0.2755188189230668,-0.565981836699992,0.5540199944045419,0.3274019834686215,-0.26190757598002534,-0.04864760094497311,0.3271410186548966,0.4274239046328611,0.27159556230361315,-0.38030937800394504,0.34580061810839896,-0.5180309547445587,0.10240132440643651,0.2957959564773913,0.18421723686123326,0.01497367152676277,0.07943664977091619,0.32416562782517544,-0.33379408784581305,-0.12759156663259336,0.125683289643702,0.046134026468842605,-0.3694278151133057,0.033119032334749235,-0.4162545556942197,0.18497734143319092,-0.44114277876519736,-0.2805954927134929,-0.39945824882203734,0.06948140906486014,0.08921417562801602,-0.5829476795909747,-0.15263881865241263,0.42881350770751125,-0.43317565445048895,0.5756724197416189,-0.6141501047617324,0.35972177287195883,0.27124080215363294,-0.524079423106489,0.012483482426168407,-0.18195607278560713,-0.48351781007739697,-0.06555930082324526,0.6396525364529237,0.28128694570599005,0.19693803904767057,-0.2698978995433566,-0.40286222101777613,0.35999850907362846,-0.19364687120386942,-0.24267141134664102,-0.5164467394433359,0.30953733836037883,0.04487669402031514,0.36540093434225396,-0.8242706783145344,0.43433982018155937,-0.29100227789531063,-0.7172617883710072,-0.07839088885056715,-0.35506585073468927,-0.15468629602383907,-0.6412613781018779,0.5553335357928594,-0.20811538570389837,0.2935741330119992,0.4003886127724196,-0.09104249369829273,0.47337518620306634,-0.49358291947791944,-0.2916967280405042,-0.4964250920052856,0.3000457478922274,-0.21940316059849085,-0.20842968748811866
IMCC34051,0.5718173159128527,0.39749752207860467,-0.5217747321000855,0.637639230013397,0.6569841080758594,0.4287633578044086,-0.5157538795098285,0.71809825905778,0.7956047095322557,0.8380460293445499,0.5580570281336257,-0.04956924675001656,0.6478247211938544,0.0840497859150785,-0.08075381445718963,-0.30479390241388055,-0.4097223135337461,0.5016771679896305,-0.05825547388023336,0.9283954412618394,-0.34530186315090505,-0.5671367969459051,0.768513622132242,0.5779606541280846,0.40980019261421635,-0.5272213892882388,0.4071212957142635,0.21172406433429203,-0.49593136979098806,0.22537188476982847,0.021338791929292673,-0.27036053019571293,0.1604785888844335,-0.11138036227396034,-0.5893475909452072,-0.45050908939516393,-0.49902139609598056,0.7705580709803702,0.4717333993512179,-0.4239583273180749,0.5545954608789039,0.8670153598633782,-0.8009874172403191,0.3537716939397858,0.09153240200358453,-0.5500425953596866,0.4092224575266371,0.9999999999999998,-0.3282973548591031,0.6287543694921839,-0.5200982275263096,0.01507186744938622,-0.6807306470001491,-0.3256933267589892,-0.4575609863734281,0.7299166786550754,-0.6782654186826097,0.5136363654456932,0.659309291404152,0.552432066838252,-0.38078039977070605,0.46843384698096363,0.30766854506380487,0.8055473862774307,0.7750171709669336,-0.7511733090062928,0.43037238539858486,0.3706416291104152,-0.4593328460159366,-0.37772299782234564,0.6348957830981989,0.6804170895128052,0.6205670071472054,-0.5555404046397635,0.3683187188481616,-0.7592519412819184,0.6499905639593869,0.6764994258058606,0.14587211345431636,0.7025377471947839,-0.18569261486162542,0.5221026881915453,0.29164451173331063,0.21149285572371582,0.5543436700862562,-0.03627406677003265,-0.5881119830491754,0.18454812362923784,-0.5522751016929902,0.5187142488655437,-0.5774617388268696,-0.6448728114425285,-0.5307167026046558,0.4354719563659568,-0.4983342996273708,-0.7353700865751617,-0.151989874186536,0.677061208667823,-0.11542350523044055,0.31528356013821573,-0.573894973402477,0.524010660719023,0.27859994209003774,-0.5773567307491786,-0.4796911653549114,-0.45049130689381284,-0.49452211061576545,0.26009818603310525,0.5910013986249696,-0.105095818441255,0.05006171747415762,-0.1897115454681744,-0.5450328018160835,-0.2624945475292421,-0.45686089937141966,-0.6448098955983741,-0.7654411686411859,0.3470311629971622,-0.3317395078881475,0.38927687172785813,-0.48424313730988217,0.568927802176038,-0.523907148583751,-0.49959798368572467,-0.4353821089678887,-0.07606070619037042,-0.6504400144719257,-0.6854331294524364,0.4996876501165811,-0.03259697083923322,0.09354698849610299,0.38063842384783425,-0.4590538535391589,0.8233563550045445,-0.43694479720583496,0.18220112033728547,-0.15243894944220326,-0.22010635590339886,-0.16349275013563205,0.19657148897195947
J153,0.3718210265284954,-0.2838381803005773,0.8382696967063393,-0.8077578496488665,0.17964764529965882,0.14719879750713616,0.5387748417103096,-0.6542687274987911,-0.6612366076030672,-0.594011868133507,0.23845832340277262,-0.4380105771206064,-0.8779805658092997,-0.38039772929317034,-0.2685722349787478,0.1562598498395302,-0.2808683787329859,-0.18038489709121683,-0.28100980267879244,-0.4258879875441491,0.33074804129036645,0.0540148762506271,0.006106694487953464,-0.002299257492337004,0.3551554566065798,-0.42597859666278093,0.44819986487327174,0.2641608834634906,0.8345905166580322,-0.6649336167936434,-0.3187356747806101,0.8615986097198421,0.4407143855377604,0.22802953729546607,0.9042757474270383,0.887315213592916,0.8606070655567347,-0.6638934742434105,-0.8508196131142682,-0.01346116961610003,-0.784584004684727,-0.05569756776196882,-0.13290910085190974,-0.29010870651783394,-0.41503807400694825,0.8487138530461124,-0.3767053083567341,-0.3282973548591031,0.9999999999999998,-0.7992736546478374,0.7217405016611592,-0.3710203043353327,0.8165430017984,0.8803047342878151,0.6141307476019044,-0.5593635116432559,0.7965132832732911,0.295291399089001,-0.8244199459768939,-0.856653097911813,-0.07754348923955226,-0.4594265066398038,-0.4374236278331136,-0.4759354600770399,-0.6695970507271138,-0.14747497132810555,-0.6109579007658636,-0.7837754911397989,0.8891516494993145,0.4754315187978233,-0.7895005551988747,0.2327956663760582,-0.7484837242006643,0.8406842518864415,0.3852878715701095,-0.03530975612263848,0.20172708102420284,0.00238898695592347,-0.39955747628735955,-0.7225381024160127,-0.23182521992214916,-0.7647297024811723,-0.556510084230151,-0.3187455893041509,-0.8390485278984375,-0.6218682773913508,0.9432408112484151,-0.12584673874076424,0.9487674258296636,-0.6841852811807322,-0.12869508462114304,0.6064132439807705,-0.09791285486721225,0.22351595249286715,0.28190081229950814,-0.0653244821839403,0.05908221651716254,-0.8153025120016062,0.061151513033551534,-0.8914701104030643,0.039572258951242494,0.1661144503834856,-0.01937867406414349,-0.08910636645431197,-0.04324070654463689,0.8547229398202435,-0.17342410796323623,-0.514405200173563,-0.18880350557935008,0.5238878011888026,0.6063468158779544,0.3498051253941207,0.005982934655720693,-0.08869337573813205,0.34267956933795835,0.532176277956772,0.37985094217149046,-0.8418717090417333,-0.5666437011108141,0.4132842846671175,0.4856344997164186,-0.7344648046515748,0.9528911176940865,-0.10339374559103816,0.6349443439664224,0.9435470097694203,-0.4411557136979235,-0.1148147861651223,-0.16886569729130882,-0.1413977354448756,-0.8422439584595653,0.06859502247485638,0.8395138202530709,-0.09081560837366909,-0.2045432834937014,0.14324736988932957,0.041100213417397974,0.42576647599587636,0.027710726889930513,-0.5929967677071288
JAACFB01,-0.035698336758505096,0.2947957910027145,-0.9699274948817398,0.737593607756645,0.1821394663826128,0.06301956423488264,-0.7120146639137775,0.844405782126965,0.9266435386957842,0.8253884033025166,-0.006185080194320023,0.23434334039180793,0.9626838896357556,0.18005327350026948,-0.14488691747054283,-0.3297202928720573,0.13305088631859768,0.5191607652476855,0.28116949674476666,0.666044120936409,-0.6704186955971648,-0.2467786756442883,0.4261320807752159,0.2982308459265669,0.019737533273558518,0.20920421967860295,-0.2616933788557855,-0.0009178361463802758,-0.9336188357589857,0.8285476788177482,0.009829199557603188,-0.6584896127961681,0.001057434426174571,-0.3023222337143711,-0.8426311779787746,-0.8713250688727096,-0.8683948305430443,0.6492504693531156,0.74755804125045,-0.17113179822131458,0.7344271129873957,0.36558292576210116,-0.1226628646520818,0.3770202582497093,0.4937802345201011,-0.9177449371001447,0.3624121211445729,0.6287543694921838,-0.7992736546478374,0.9999999999999999,-0.8561065525227128,0.17741359164347062,-0.8151611474293176,-0.5832730769924608,-0.817153558962929,0.7909159854449007,-0.9518063353420583,0.15943709205368373,0.7393253616091273,0.9193513742662314,-0.046767029306625976,0.6074833652971443,0.44933732710049923,0.7077875367575851,0.7938546868001047,-0.08092918750257029,0.514245542260831,0.7070211901025136,-0.9247984191781632,-0.5789073978529863,0.8929586502219944,0.12726807924303818,0.7324413101251475,-0.7992985030401201,-0.0025951462349811183,-0.14341310550831077,0.19682551100912568,0.25903214549773945,0.24482459878276266,0.7953727688469865,0.09309222135146282,0.9430560157994726,0.5986577255389465,0.3641681951571133,0.8401888971931096,0.4383325941230656,-0.8954360168443452,0.2508883442175041,-0.8573784313434137,0.9653970849896012,-0.16236190058208264,-0.7009257807498881,-0.2835034695647251,-0.13421456807073143,-0.4974404275987025,-0.06559984013732467,-0.1789900107508154,0.9826702088781076,-0.2639206123040301,0.6174085384004612,-0.16993878838477164,0.14578918058878107,0.22556466321981744,-0.13869664310800248,-0.06648302381254437,-0.9515195292192634,-0.06220560287399431,0.4784246416825421,0.09358049124766277,-0.22777026781798018,-0.23015670827908383,-0.13964787858367708,-0.28323006048180294,-0.12854273588581808,-0.22614388764793225,-0.8024288152639252,-0.5308431823410508,0.8799019977307492,0.26614337237300933,-0.17928969829054447,-0.5135650547869958,0.9269110772486445,-0.8744133618647345,-0.2212598183255136,-0.7083019365140175,-0.6107011265353461,0.1270248943167486,-0.2513400684241403,0.601996462003947,0.28504134633316214,0.42401725134984836,0.015194621454233472,-0.9095594224585484,0.49307666450426046,0.12657579936433513,0.2919444840386419,0.1950302728936333,-0.5591920593927427,-0.25248782344481263,0.4058729649176069
JAAXQD01,0.07989329535376406,-0.005284401769898182,0.8756196823087595,-0.49041490580054514,-0.3068762545100831,-0.14283360924083224,0.6663075693690623,-0.5189393835900779,-0.6810396436297947,-0.5424560095269856,0.17360048949487583,-0.18111969108814194,-0.8572029651990826,-0.4024845063943827,-0.08441896750991205,0.302876713855472,-0.16146890329508531,-0.4951742620659996,-0.3068001420885919,-0.5401910048264635,0.3822700472493825,-0.04803429652269241,-0.2852894581164971,-0.13427704108768812,-0.008944168933324313,-0.20570135317102323,0.21687435789362372,0.09063370832519803,0.9479765467607543,-0.8062182824442312,-0.2739968493278595,0.691592877540139,-0.16640472217717156,0.07757970697678222,0.8281597835173804,0.8688228462843528,0.8019402411260889,-0.4754691313477159,-0.5390090975693681,0.2823043423011691,-0.6910278672164772,-0.29043669448670467,-0.02258993324134605,-0.3326168201306501,-0.3896688726765738,0.7239935014999146,-0.16111719758343446,-0.5200982275263097,0.7217405016611593,-0.856106552522713,1.0,-0.24294324305105647,0.6764746433591102,0.6229984763356409,0.5556526755881097,-0.7253213823202642,0.7172025598922712,-0.00519547013627204,-0.5338076078365691,-0.7337045942291222,-0.10801141622514726,-0.5431800570599117,-0.5890121357081696,-0.527543695430126,-0.8206046920469146,-0.08293261582684523,-0.08813816092560112,-0.7532666838447059,0.9356969028357077,0.3252873167295422,-0.7385455928243915,-0.10676066427869135,-0.5227779104830608,0.5451244656029545,0.12551112042751458,-0.007311487686600584,-0.09821715752484574,-0.051427505939173175,-0.33864552176160756,-0.7214320225567855,-0.37007861153172206,-0.9356738713426688,-0.5106258049229119,-0.5156628499735648,-0.8363085817573856,-0.20844822077108946,0.8324558430901388,0.234579656792224,0.7715791249746788,-0.8415212592487405,0.16779357105706216,0.4978918944810745,-0.1380026881828655,0.00954919363802834,0.2885222940542344,0.007103497162020711,-0.18277964523877277,-0.7882031149817859,0.06108789547432021,-0.5539536825312263,0.23494406720692404,-0.27830013022184025,-0.40077741562670216,-0.10055036764833361,0.4081023949785504,0.8950122181230674,-0.2952511071441429,-0.4227239055467903,0.05754043072666104,0.3554097098438113,0.4631773779280707,0.4844227674437122,0.2641193897100526,0.13219500426209774,-0.032697580509495054,0.8064465587119715,0.45204153710126643,-0.6240240715090896,-0.15494042197274593,0.1986934849852816,0.39749272842606553,-0.658120472079236,0.7748463380131667,-0.0811886199438036,0.5355857461321577,0.5506928905002887,-0.12987676635446382,-0.03855865434826082,-0.27724544330327844,0.1007984617367794,-0.44856808762280526,-0.07582851218081037,0.9106901344636669,-0.3777086467759584,-0.049598408715506186,-0.2031595633651969,-0.08264262003869388,0.48816972863802655,-0.10293791290369371,-0.4144445873630334
JAAYHV01,-0.4886412314800297,0.3125951535895471,-0.14903332125179025,0.25554826464502234,-0.3263403452627762,-0.37283795613276327,0.050504571417216405,-0.13737216062821334,-0.034154930608388284,-0.06418511187759736,-0.14109638650559939,0.5571322444916189,0.17142055594860953,0.8512501678049024,-0.13136029641877997,0.6360091543247703,-0.10159524269318986,-0.3167949134669002,0.30811298681775945,0.04871891149833257,-0.04670629115653721,-0.2613045435667978,-0.16318614738261672,-0.3907949646371473,-0.15652384928143417,0.34773222822546884,-0.2685506495551308,-0.7185158299639268,-0.1493321062640568,0.17618809455202128,-0.19054186047598498,-0.21883119056017672,-0.5383978820692503,-0.29555210234533796,-0.22502659139395975,-0.19217630682259954,-0.08978504328154045,0.07809706019415331,0.30588358658044895,0.10564833253130744,0.1809058268981119,-0.2711580197491962,0.11283233924473468,-0.3104226073364266,0.3968119240268768,-0.4288479481002819,-0.05311261523654597,0.01507186744938622,-0.3710203043353327,0.1774135916434706,-0.24294324305105644,0.9999999999999998,0.034201163950076725,-0.25901489676642714,-0.33988553522530857,0.28866821806019766,-0.06476003159626133,-0.4417744632787305,0.3248432025907797,0.1341643644762828,-0.2678587705001065,0.4634597574338948,0.018853781989259497,-0.09851446366565367,0.11912795570584603,0.178859546758255,0.0889240684861446,0.3663714001182335,-0.252606401374567,0.32024992266451807,0.27998503319150236,-0.4753411602725754,0.40142695335527556,-0.255444982888793,-0.3710945344989489,0.08981191624384523,-0.22580228778985034,-0.10269471228933788,0.703589845745153,0.218691362327908,-0.3526621461265542,0.10697097691810675,0.5234669099685663,-0.03572953005030365,0.326399246660925,0.35058747249268396,-0.24534651415714515,-0.00032540272990516325,-0.24940693631092534,0.1519579415279375,0.40038212667788275,0.2875035387201958,0.3554124059108495,-0.4249202466449156,0.29703346679399817,0.1662397055960073,-0.2816173492124619,0.1231503435282166,-0.22840331883143739,0.34074971684780947,0.15494901870428013,-0.5778917056929883,-0.5166436430676792,-0.25386466722788403,-0.38301253314474304,-0.1994023912706507,0.3026317357815837,0.4006664551723335,-0.153870867020224,-0.008541621392888703,-0.27230548265487287,-0.08179364341028968,-0.3328144940745016,-0.07084428207370352,-0.1321046277696366,-0.09918958614083764,-0.3970115922535355,0.029638259377330733,0.5750515424648313,-0.7485938569635915,-0.42691221748258906,0.24072972337063328,-0.29791570944681034,0.03212101186260569,0.23055048010701717,-0.3881986146596174,0.31830016130898003,0.15090879845463948,-0.09871365423137565,-0.26185170818015246,0.547998074936384,-0.5924240599878986,-0.17568292906682093,-0.40086371288649403,0.2358944184354045,0.16714240219577292,0.422299395621568,-0.13217668761223256,-0.286687017244716,0.11143928020899332
JAAYYF01,-0.1282850522874141,-0.24223300838783773,0.8133388863919914,-0.7978759275199399,-0.16910702286723595,-0.25398737244009084,0.6588430975456386,-0.8669899883241797,-0.8515563114674302,-0.8244065244903983,-0.10871618744619507,-0.19809466696136854,-0.9051656853663484,0.02461397816724857,-0.33959844346558565,0.536619165789642,-0.07303983464604899,-0.32506422907161725,-0.03644263073729349,-0.7227205374668112,0.2892159899368273,0.11482458367867145,-0.4353249692183033,-0.27029723584252,0.14976899817259004,0.005315480094694411,0.12092831228219889,-0.23177521475022697,0.8125798364212027,-0.5616223315318907,-0.4315464943286887,0.7980386976460082,0.15764429662757581,0.058735526349911214,0.9169802414955728,0.8510884292919192,0.8751117683905723,-0.808966678550027,-0.7111152095750203,0.28730452867528217,-0.7897620259668197,-0.5377468694103129,0.25257302302957657,-0.5799499483265816,-0.21045133070683097,0.720736393300781,-0.40582254492150116,-0.6807306470001491,0.8165430017984001,-0.8151611474293177,0.6764746433591102,0.034201163950076725,0.9999999999999998,0.7932035148970906,0.5184191267631849,-0.5808070865739315,0.8868582340777226,-0.1680541335312948,-0.8186905001736641,-0.8592526425580492,-0.11196184258953751,-0.44938033761299095,-0.46426878130225496,-0.682791053603938,-0.7789094956437838,0.2400935662020444,-0.6583653649811297,-0.6926324322047747,0.8082943408233718,0.7140284889218169,-0.7782199635797251,-0.2563838237505422,-0.7278660988723791,0.8258637911261557,0.042358154022555834,0.3297061287298721,-0.2770138818538547,-0.41720957899966,-0.17919579894988033,-0.8664162228586594,-0.24714258744846598,-0.730972770028183,-0.42630890592603726,-0.29491175948219556,-0.7740646805593077,-0.3273659513421108,0.9202480588062113,-0.22247827939637002,0.9198343030796474,-0.6893591212168707,0.3051957919114369,0.9257478438819575,0.22812685130439406,-0.2546051471539803,0.5848221546835405,0.32701614597634665,-0.06201396469065525,-0.8901103851551625,-0.07468350672925046,-0.6750066684965579,0.3070339338899555,-0.2557551890167164,-0.3069679418763036,0.017430404152376025,0.014582105289984345,0.7899300309540143,0.13200432494339165,-0.3519536693194309,-0.4963304750999096,0.5825335280950519,0.4811777221137058,0.3479287234394686,0.07048676462005547,0.059181815085774456,0.43236697285686604,0.6260966157546519,0.40599410433260247,-0.8041904179820606,-0.15823263276306834,-0.087819907299573,0.3547343086990875,-0.6836787632062965,0.8961301278036712,0.04984298242626087,0.8298230455746219,0.6819700166418734,0.06051685986601085,0.2134851631185312,-0.2960283234929588,-0.27673468296264814,-0.5426514750808259,-0.3231205393989724,0.8155280778666161,-0.5529402975395437,0.12205305185732691,0.13338853081619712,0.26935964202351165,0.3810537533125646,-0.1061713495505842,-0.56645354920486
JABDJL01,0.17440505526834,-0.10209326635881458,0.6904710222904132,-0.6938150467536023,0.03563580391058263,-0.09864871907738118,0.2671860082993315,-0.5014463707206682,-0.4760446376831919,-0.45675709139801834,0.35952763441490243,-0.33526860534773906,-0.7332891703040053,-0.3214146078889925,-0.6278348356060699,0.21697111045540451,-0.12879513822962427,-0.06091789265755117,-0.1141396286030734,-0.5006090179292643,-0.07360783479130867,-0.043718157526493016,-0.05593717940488119,0.054981362212723324,0.30525010139597886,-0.14919533699167503,0.2627337641365779,0.17663368594497336,0.7136251227227001,-0.38489455583451593,-0.6195038536489265,0.9306172129551123,0.36050335511531567,-0.18520704235919166,0.9142171482561939,0.851274890668696,0.8355590470405172,-0.707760084268274,-0.6480710868566163,0.08236185075211691,-0.603001998638685,-0.19547938868749776,-0.026545501405033357,-0.40368333735491563,-0.10303869594017215,0.6035813052006723,-0.42871084701393364,-0.32569332675898927,0.8803047342878151,-0.5832730769924608,0.6229984763356409,-0.2590148967664272,0.7932035148970906,1.0,0.4077828235165747,-0.3666812250849824,0.5738583900842367,0.26482328996125565,-0.6796861954665169,-0.617970808961602,-0.19428255929759844,-0.2537889796695322,-0.3519808308446545,-0.46133454259904993,-0.5565603923977797,-0.0007707875230533114,-0.4647587076146861,-0.8633209622901276,0.7719583102451258,0.2650479615139319,-0.63267059161223,0.06602247554922636,-0.5865158006981903,0.5961558923934528,0.38247407373058623,0.02596600352035492,0.07312743753871069,-0.07581806746172381,-0.3749511889676538,-0.6096640116616086,-0.4345517629885037,-0.6000557851698913,-0.2848657422188595,-0.31822408864344176,-0.6356288065690192,-0.32882133009930714,0.8322254734966503,0.18354230184462325,0.8935782373989148,-0.4308777902410143,0.09575111018187443,0.5485127152322493,-0.23595298703473688,-0.16414246925568465,0.04059970656504175,0.16166216269260433,-0.2816955410886534,-0.6361826379648297,-0.004890095429075397,-0.8020285088373664,0.21648978055994816,-0.04875118408800032,-0.2028674570034495,-0.13156708724762767,0.14971099510425673,0.6614879217420765,-0.17698712312107137,-0.3715779658184231,-0.3689978271114519,0.5763859675570826,0.7731744593808468,0.61465185425405,0.1011061959561458,-0.02224114683023728,0.2051669095513655,0.32116782689483653,0.3176849919788974,-0.5859389045999607,-0.36476143251480897,0.1668553857109419,0.48030086953485973,-0.42291086718725657,0.8214954547941504,-0.17335877553805182,0.45658267641682504,0.8709943942880343,-0.2146744729647106,-0.09983725575289096,0.09105228753429952,0.07880852916816787,-0.7767322878584993,-0.13291906899669564,0.7014106225292623,-0.12821175304932417,0.08901258942543018,0.5133467110288573,0.4369345140599025,0.03789082474324272,-0.33244781088298286,-0.40570717695128106
JABDQB01,0.14203660208086136,-0.5243278734080075,0.7915709488266796,-0.6747031919954547,-0.11176785136674723,0.1706763461187556,0.24411217386251863,-0.7241351299961876,-0.7528577393128789,-0.718907628487043,0.17620680972086483,-0.14075347609252653,-0.7424692936302039,-0.22275350571068508,0.3954517234857624,-0.09375727185386215,-0.08791423167864974,-0.29959555958169654,-0.44280526794051706,-0.5965242927851941,0.6315789361779496,0.549923267095738,-0.3617020457034526,-0.17702770641188423,-0.07225414233196464,-0.20988055964329547,0.34591868796889813,0.27266053947518815,0.646154684431363,-0.5479048883341769,0.3816454186966852,0.4763292430707554,0.1550231897828726,0.3376948763669586,0.617132493620936,0.6716314945421041,0.6515807569473733,-0.5603967255007998,-0.6678954838301471,0.045148790834263625,-0.3963742100565754,-0.16742966752162738,0.1897501029616885,-0.0569320602730457,-0.5696863786529917,0.8836126681955222,-0.4467312377366928,-0.4575609863734281,0.6141307476019044,-0.8171535589629288,0.5556526755881097,-0.33988553522530857,0.518419126763185,0.4077828235165747,0.9999999999999999,-0.7149717506647798,0.7490875360098328,-0.22288965910518957,-0.59452447186384,-0.7031247222847238,0.31929824315059274,-0.563267057039073,-0.18103347976899717,-0.643354540605164,-0.4581934758633089,0.16575095409756796,-0.567711817116913,-0.6503721417753174,0.6890827916854125,0.20635264926095298,-0.8494147269700003,0.04189797427218526,-0.716694091310855,0.5890594464468314,0.08501630840844987,0.021035535211471296,-0.14075768584444495,-0.17886310488340457,-0.13582129507705948,-0.5002946426216107,0.24809804625118187,-0.7301585678408753,-0.546571865995889,-0.30852166679072607,-0.5349675743796396,-0.5313791018027092,0.6263829227071681,-0.3593868903902735,0.6721577011030629,-0.8020722646427708,0.009064086092668004,0.3429915375419525,0.46506780746270593,0.30145557912281346,0.10601454650782396,-0.002936672252711869,0.45711040319395246,-0.7976226181983558,0.7426054336749478,-0.4795605298692173,-0.05135748382925908,0.10967390257960122,0.10912431331889087,0.44816973249328185,0.006301704223394405,0.7396787322961279,0.31577107652219155,-0.5898140405699013,0.04852284687777212,-0.22626467459421837,-0.024478217477718903,-0.20261951849922644,0.5791755962362628,0.3386623734003945,0.17150858580774764,0.4130099529883509,0.6092720963534474,-0.7134542191259932,-0.27331040520065736,0.3130432704427948,0.7073134763611314,-0.8767128871048124,0.6644246700311539,0.47883658514637156,0.2925847201129471,0.4555048001968337,-0.14525714983230498,0.42182988812216066,-0.6487183877735595,-0.33203118475205157,-0.2205349558061314,0.3523812355815096,0.6417797600484703,-0.259295944554873,-0.2555412835173464,-0.21232283641241811,-0.3389787266933726,0.21284474950152255,0.5636437379862234,0.0379940831109082
JABSQH01,-0.060193342368036244,0.6478159425966908,-0.6790744562997786,0.6873038131845248,0.5198926608050098,-0.19739712404554213,-0.5780303685339903,0.6801561694798407,0.7922015495696842,0.792927053416911,0.23353131216858036,-0.15955493936064039,0.8058782552726494,0.4299216336532369,-0.32508828246737526,0.09959778086140017,0.1461257509396627,0.44554698656097047,0.5705126118176076,0.6453233196427909,-0.5233759909951884,-0.5272683640870591,0.30199795497207677,0.30170045917744476,0.060911097438866246,0.07104676365867028,-0.15509178552180297,-0.2982440801643984,-0.6543864364264645,0.4765521924734604,-0.24825311389205482,-0.37819706928245234,-0.09798066453375662,-0.5401319477691522,-0.6342735488746024,-0.6160139721349431,-0.5041155273584196,0.6202761522945858,0.7168541770548231,-0.4077901870574215,0.7621469569740537,0.3198929349628808,-0.4525254314924838,-0.12970757685813727,0.655112156459283,-0.8400149138267513,0.24983645071928548,0.7299166786550754,-0.5593635116432559,0.7909159854449006,-0.7253213823202642,0.28866821806019766,-0.5808070865739315,-0.3666812250849824,-0.7149717506647798,1.0,-0.7787205864826219,0.3234271147785421,0.729418593506714,0.7841587518087075,-0.5393756265030776,0.7435488455588295,0.6604065610564378,0.6541468669548749,0.8743339488475838,-0.3268278031252411,0.41485729906055036,0.45839870082511086,-0.6821025034190034,-0.247860095000554,0.8954222743195059,0.11555565237853059,0.8301696054067109,-0.6489961062427627,-0.15734956004981676,-0.2322085283115022,0.0921219732228118,0.07168543891185332,0.023237008173386708,0.7206175668857377,-0.2995457297396124,0.7881936072125203,0.672675221240034,0.6436840818416176,0.8228807006980093,0.49492148137471165,-0.7272282045479375,0.16984194498760374,-0.6860613244358429,0.725543032105436,0.019870221132584725,-0.4123926530892689,-0.38652012471109476,-0.1587722268664531,-0.35579867746334554,-0.1729914893547768,-0.43875722737078,0.7435589235395934,-0.3606511349832862,0.5578137419157629,-0.05852931274965773,0.08650381237480079,-0.08940560688661994,-0.45925850795188633,-0.3969316389696766,-0.7379418986406541,-0.30938771908209023,0.7570139003608091,0.059554745604067406,-0.04354759707292727,-0.019467888965523143,0.028977658770930833,-0.48713052670606655,-0.4055453621413802,-0.4756311556633446,-0.6127339633588618,-0.8498755782982904,0.5738436682279312,-0.12054700988864309,-0.17842985638549427,-0.5346157523342219,0.81809818371387,-0.724222116855721,-0.28798146628833504,-0.3664940672940904,-0.2632571631563984,-0.11621773081622788,-0.30684129899950463,0.42548067054948785,-0.0039002256612783582,0.25522714747123254,-0.17749586739703838,-0.6942537634453992,0.370075851112498,0.19267945233841946,0.27045590620650306,0.26750368735521385,-0.47989316587950065,-0.44944957988277906,0.33030997250301936
KS3-K002,0.0010219565248887196,-0.44395453537900903,0.8884768115593865,-0.8360605073193786,-0.1655708679312099,-0.013249054293669833,0.7600529089355369,-0.943805524840361,-0.9696835503158285,-0.9187032682827027,-0.18015809471036118,-0.16593714279807695,-0.9537772094012172,-0.05832889680810992,0.11225970726719375,0.35939287528263836,-0.15744947317502542,-0.4777486488931604,-0.2431401738199326,-0.6694698835687851,0.659794906898871,0.31987475819246025,-0.4003975010839155,-0.3695643710904168,0.05964096987303361,-0.16074817168143682,0.22717687203604373,-0.07119242920123062,0.8373677195428761,-0.7119331287679578,-0.011109574482332692,0.6153191953133527,0.13715102236470444,0.4103446795275659,0.8123324323197814,0.7986874297063139,0.8094525957607507,-0.7350892631989522,-0.8268392295642433,0.19146698596140224,-0.8223989805298744,-0.4071325334123803,0.2394692252266561,-0.3570001279021482,-0.4836318071314969,0.9015934660877484,-0.40137313249284223,-0.6782654186826096,0.7965132832732911,-0.9518063353420582,0.7172025598922712,-0.06476003159626133,0.8868582340777227,0.5738583900842367,0.7490875360098328,-0.7787205864826218,0.9999999999999998,-0.21610745203662785,-0.8502027323797707,-0.969587957452901,0.1283140383897694,-0.5924109637070346,-0.48002413030309904,-0.7281791698248979,-0.8166154147112611,0.19333845699764754,-0.7061705476992017,-0.577803807578891,0.8317985878447482,0.721043596536554,-0.8936970733661053,-0.1510620120504915,-0.8165635158027847,0.90716968247001,0.004765372359113473,0.2661970118505101,-0.18149029509250703,-0.3084404917644196,-0.12249937104240102,-0.8375670627143805,0.017157582518160797,-0.8496457611126647,-0.5962621468470694,-0.3388426683358554,-0.8479581125854323,-0.5319414710503215,0.903820427935732,-0.4342428143760464,0.8677838861929988,-0.8739288058003438,0.12834824959090416,0.8221554456298534,0.4286004279128983,0.10502436177128656,0.6500326045505394,0.15150683878973778,0.2996389449111997,-0.9749532238372819,0.16687578762450123,-0.6681430365333308,0.14919517684449596,-0.10705720844988004,-0.1243278061826014,0.19153778349361922,-0.07301507331724594,0.8851018498276537,0.2365877065378042,-0.4973789648697548,-0.2658906076575051,0.3127951595423817,0.1790714056281965,0.03771018014520938,0.15509917835591927,0.09154738494833578,0.47417702381550303,0.7379899442086745,0.5399799252752023,-0.9209412675991704,-0.21286682517844566,0.09120934934546934,0.44499763538791176,-0.9334759989784566,0.8959059324146987,0.24455810998754784,0.80487570157863,0.5990145810211979,-0.06472806393350847,0.30280462028793825,-0.583007533601981,-0.3903489880831582,-0.4462818160587749,-0.08049824430733195,0.8425126789097163,-0.5188358561205346,-0.12363527418991811,-0.2128831077761522,-0.11550967902459253,0.5960684446104284,0.30739595195584113,-0.5270724358872788
Krumholzibacteria,0.47782854717588025,0.26264711219659526,-0.05123321207936193,-0.04680042017481208,0.6235115994677816,0.22528338176523474,-0.08480590715381431,0.38111304015878256,0.36671968097194557,0.42963759350060027,0.3778917831722094,-0.6385962885321148,0.1348126124159129,-0.5244855372527506,-0.2628338332694523,-0.22417009088809767,-0.00825526979166591,0.07815060096788883,0.17962952981037714,0.4366959923816882,-0.06012110054330871,-0.275661426308566,0.6618477151776544,0.1705781897287235,0.16381625265162875,-0.39027308975712083,0.11245090291705308,0.5134741954566255,-0.003708005084833575,-0.056321124378720465,-0.25824044986957934,0.09035452468974803,0.3287763238969106,-0.034177901508391964,0.011845503866241528,-0.02772809086904999,0.05321633848868685,0.09699665104856814,-0.18529405433019813,-0.7217717978783906,0.0074092400283411715,0.5074566361747248,-0.5865032690941164,0.05254933561838778,0.2072427382162334,-0.02244660396562501,-0.149174589361905,0.5136363654456932,0.295291399089001,0.15943709205368373,-0.005195470136272041,-0.4417744632787305,-0.1680541335312948,0.26482328996125565,-0.22288965910518957,0.323427114778542,-0.21610745203662787,1.0,-0.041347499061977204,0.12577127967461563,-0.18713199503644684,0.38374508440186983,0.2642286112512972,0.2649801943944778,0.16710510455739577,-0.5049548028160967,0.07290226894827306,-0.05532568472571427,0.036513911445926264,-0.19869029330937812,0.2617406282645131,0.47437731703067537,0.1935209148934525,0.0647277339065197,0.23789002609829532,-0.24157656493252572,0.6636851134653152,0.4341956252002082,-0.5812923559343587,0.28031357259907497,-0.32052449308620984,0.10002002368468202,0.17831498474891247,0.32426590834132496,-0.026684397840933488,-0.14194850133106812,0.04751401935313616,0.28860116115746665,0.01770330031836888,0.2244867099964955,-0.3599207118149452,-0.3061388111269064,-0.6912150195103911,0.4588278309170242,-0.34040932694678927,-0.2954087342004859,-0.14206175050793818,0.18993222973725202,-0.24528405883713922,-0.4233338436788219,0.03820296101525746,0.3690330773549385,0.10077071034456879,-0.32936661498628367,-0.12388002348843528,-0.07755378237774467,-0.6052486344573936,0.2170626817680366,0.030032548672520032,0.1825557384179443,0.3133299664476849,0.4292913802978897,-0.37866395320923046,-0.740201773074765,-0.12616377274470186,-0.022233642490685625,-0.2145198240439901,0.04133642739839818,-0.6840922411262021,0.4360640087715277,0.1360507100016495,0.13242323663367722,0.02065460646848564,-0.28129646663796876,-0.1481290136629913,0.5158982355517971,-0.6608392167050506,-0.5026578571098126,0.2701656983259583,0.4176889503870299,-0.6771379458296132,0.054664815626470624,-0.10037234566625197,0.5100097647701175,-0.04231634648742653,0.18635913984086852,0.1000131021633974,0.007345724077450822,-0.15615751214663387,-0.21066689195137098
Lutibacter,-0.0852152273944397,0.6422472572515715,-0.666625522859634,0.9670736484569191,0.0808658554439765,-0.12410443103484334,-0.5882195067657188,0.7956655188454038,0.7903309406375661,0.8260403093009805,0.28241392973017887,0.2699556730701202,0.8275442913059227,0.35242540132300476,0.04486211612017675,-0.05527275083588096,0.0170150627041416,0.27746397316928967,0.2011184917376376,0.6362945189267414,-0.43212230670096957,-0.48624542424601397,0.1872216966927621,0.3165112003404128,-0.1260364489836308,0.07883943735344401,-0.11290661816829838,-0.22976649816083766,-0.6184158047351054,0.390352693499,0.06772645623425645,-0.5701335439001002,-0.4861787560815128,-0.45788535402407954,-0.7768522599957951,-0.6507027590154231,-0.6622120709062908,0.8585638931969158,0.937838176760361,-0.07679033789495343,0.8579013483052984,0.33915078083779693,-0.3722405205153178,0.15584157708869348,0.3873033249844168,-0.8553138006591894,0.5046333429923733,0.6593092914041521,-0.824419945976894,0.7393253616091272,-0.5338076078365692,0.3248432025907797,-0.8186905001736641,-0.679686195466517,-0.59452447186384,0.729418593506714,-0.8502027323797707,-0.04134749906197721,1.0,0.8520108421736248,-0.36337844356511667,0.5207371733147199,0.4155083366514305,0.6666113971474619,0.7916972074220887,-0.32728426055956616,0.8254600650727305,0.5107730914865617,-0.6639686268406859,-0.5159656301285119,0.8170230134724771,0.045470145492684605,0.9083071723281316,-0.9442555782724321,-0.15556414407632624,-0.4216080317845776,-0.0008622355626178428,0.24865196808899154,0.290678291364493,0.7736291955597305,-0.1902463155008985,0.6149025897943774,0.5499540105295438,0.2528135132540741,0.8266208887275948,0.6072370710565821,-0.8740948997783524,0.3898877643358655,-0.8587222787176827,0.5595962391442242,0.013038144003384183,-0.6696618534546511,-0.3001514102775959,-0.1188099124256138,-0.4727417949864831,-0.31383501418191745,-0.3988335206140135,0.7944318494335884,-0.08643445379240944,0.8576824950646563,-0.19950300158279116,-0.07693663966665919,-0.14455110755055306,-0.363971014672384,-0.06100265166101067,-0.6680779296599646,-0.2871839470471026,0.5508430538593369,0.5147971290523063,-0.3766478076405312,-0.25272917263226224,-0.1437444341395197,-0.16186291840912514,0.02966522070676171,-0.7480681058662745,-0.5459868479581352,-0.6984192441185294,0.727238982686016,0.27484118626750614,-0.16574714496755108,-0.5729475697267903,0.7956908478332444,-0.8765603283350646,-0.2403366731575719,-0.5950951641505094,-0.6706420363004243,0.03726345371171391,-0.2718738080461713,0.33388238563020506,0.10731640618795707,0.7035320230160572,0.03770845008636981,-0.6324531467554336,0.3224096491139832,0.021981098357695232,-0.039454610881735304,-0.05723305971608835,-0.4368687273836956,-0.3165097060577785,0.5892695960986214
M0040,-0.21708396685747414,0.4775890185364645,-0.8602857263693986,0.8063627747059817,0.07931787564495121,-0.1717266283033182,-0.7696670981039768,0.867596926449101,0.8895038909690507,0.8337142451450972,0.09255363535933797,0.13323695048384446,0.9553257656990163,0.14697475933588744,-0.051658772925052374,-0.25665202045282914,0.3585166399165974,0.35247365749915527,0.40676025320673515,0.5248418769179716,-0.5774094116411923,-0.20587919995511647,0.20390717340239475,0.19600245909701253,-0.2691276099581946,0.3514927382454202,-0.41105323043275366,-0.0479991603936924,-0.8380786554888923,0.7337955111144113,0.05003210422796171,-0.6779238574277481,-0.27779526898162943,-0.4958570150659532,-0.8140991900901924,-0.8249184444164901,-0.7689072642953412,0.6532255169349774,0.8507596635308925,-0.24022152948895506,0.8982953508158369,0.21667357822060376,-0.09946066669529399,0.2213143190220704,0.6172387191556753,-0.9086530291438497,0.2699503119086022,0.5524320668382519,-0.8566530979118131,0.9193513742662315,-0.7337045942291222,0.1341643644762828,-0.8592526425580492,-0.6179708089616021,-0.7031247222847238,0.7841587518087075,-0.9695879574529009,0.1257712796746156,0.8520108421736248,1.0,-0.10055236840408109,0.6624638025659894,0.6252162244769265,0.586196965175802,0.8230284189283462,-0.02460006516088055,0.6756606027881065,0.5810792875205547,-0.8574555470372139,-0.6946070586612946,0.9111737715917171,-0.05630179155272255,0.8540907640013626,-0.9122949177724816,-0.2308713354465011,-0.08856509260631253,-0.014318782192511401,0.10726793392449958,0.08373985461882058,0.8563508492601268,-0.006840109861527725,0.8520785690049447,0.7052221238385441,0.465952029829937,0.9166181498304397,0.6731798702444812,-0.9288819810255313,0.39494057043207526,-0.8937461205963806,0.8454478515303682,0.08297019436528306,-0.7635399111033775,-0.29098073806172636,-0.21885955014517539,-0.6180239737837108,0.02543597405049429,-0.30460966079234586,0.9262185550396255,-0.10386004428752825,0.7296192100446685,0.0319404808907051,-0.05172553010974118,-0.0012891962923604263,-0.06095399632510035,0.09749291600677402,-0.9204046545987262,-0.11587687678282839,0.627978931380315,0.13693513846242328,-0.4239662984608755,-0.30619728602320645,-0.025804831717425487,-0.03547144119522116,-0.12628038013750273,-0.5100208152607489,-0.6667250676545846,-0.487846227937935,0.9395435753105209,0.27553323747087416,-0.2622567082226851,-0.35333174332696765,0.9051022686825041,-0.9449228969506722,-0.048321131819598344,-0.7976368283206933,-0.667757800643476,0.22691704295285797,-0.08613387159972477,0.41074528055207,0.3845353710613661,0.5368569741457742,-0.06044571879957871,-0.8875687852822255,0.3231193794411071,0.306989255968531,0.15336536261713302,0.17395209995285651,-0.6656178002577923,-0.27483933336343797,0.6449875128788516
MWEM01,-0.04535852680791309,-0.8143929523650612,-0.09615248892672006,-0.3965864655944954,-0.4287715778391035,0.3931863739866026,-0.0860881475551183,-0.18958475983382,-0.20791259334005768,-0.36913803830856495,-0.4350306233317727,0.32486260824980484,-0.04989699101415411,-0.4056846542640387,0.5719484735914198,-0.6287492382774247,0.18404577155214225,-0.21321662870876956,-0.3424493753093303,-0.2768827789216492,0.29766783784749345,0.8799291693131241,0.005789314674303892,-0.40248615158133044,-0.3188068697022557,0.24662962027719365,-0.22991604664414778,0.5508810811751458,-0.21424382320522692,0.35506796594991713,0.6747200137850111,-0.36940557213874825,0.2337974740690382,0.5649352602464426,-0.10226876627073327,-0.21438670101336266,-0.2351762497373065,-0.3555235663149757,-0.39968370621570193,-0.014163776269950733,-0.1636772875232836,-0.09508009048516888,0.6665435420333244,0.6264191860642029,-0.2840045447617968,0.30494090249283967,-0.3579784003546594,-0.38078039977070605,-0.07754348923955226,-0.046767029306625976,-0.10801141622514726,-0.26785877050010654,-0.11196184258953751,-0.19428255929759844,0.3192982431505928,-0.5393756265030777,0.12831403838976943,-0.18713199503644684,-0.36337844356511667,-0.10055236840408109,0.9999999999999998,-0.20484371784864502,-0.07875934250552898,-0.3774254080030079,-0.25774303588058023,0.6000714633139668,-0.33783272066174674,0.22023203026004176,-0.1621259834460762,-0.29952967026218524,-0.2975844796769948,-0.09239090622312224,-0.4307264029659138,0.17297426913957142,-0.009063718778232319,0.39870282007919955,0.09149473728760994,0.04910571947584676,0.159772298548855,0.021923787650635115,0.7722123188377547,-0.010509145324477448,-0.1457279927836808,-0.22481037760554984,-0.12127020380501392,-0.3204650112920618,-0.00042318032657642844,-0.24686470785677952,0.0010863143784121858,0.058389574980509396,-0.1612277091543048,-0.22277370538252528,0.5480906665092908,0.2704220228823152,-0.09499247318153779,0.3312270927728264,0.770603555804321,-0.029765524313832826,0.5136124909565077,-0.23104327377113476,0.0223737695254226,0.11231920657567264,0.5080292633886051,0.8645390782608257,0.2806724583919482,-0.10136251405308848,0.6933979764164736,-0.45355467499504815,-0.19134006512831006,-0.5251271103339006,-0.5756016620596057,-0.3860645332122088,0.5174225266530507,0.20695570985648098,0.570414294679492,-0.04267594887466302,0.7837771067399472,0.08614128610080744,0.32519993163744154,0.0010623154654116134,0.5193517524309036,-0.3218977197458356,0.015917355135614538,0.6239982711193504,-0.3450911171039976,-0.26325813908256157,0.3012299636418503,0.5135370587427791,-0.2970046367321959,0.2629705620413424,0.07363779236752943,0.2689917632651677,-0.20173494186630256,-0.05785397596578611,-0.03274052048569368,-0.10727013520478458,-0.17554834986873155,-0.050680503950747344,0.7405959195884364,0.17103898423209718
Maliponia,-0.319889641372338,0.5441038604262731,-0.4763514220042233,0.3753419208214551,0.12302731401157072,-0.325253941756112,-0.4963783459076097,0.44533347431896964,0.531694812422303,0.49233616471226654,0.1806300458694814,-0.01777317098595309,0.6275968787491083,0.310440479847508,-0.22109100208087715,0.1646482873959857,0.3358426781377007,-0.15197081101522963,0.6560558617602079,0.3570697891845802,-0.2475709854766178,-0.20272820175118847,0.257293603035886,-0.2921586497097388,-0.3820688978963702,0.36908194030268393,-0.500161733562072,-0.15318404832040003,-0.5007949780865006,0.5205534607155151,-0.19211361500764523,-0.4408876763709447,-0.3490897598159255,-0.5507534312701092,-0.479533612690135,-0.5333888429349313,-0.29759957927821723,0.22040116423848222,0.4015713619946352,-0.6641816320746344,0.6386142847864592,0.06850469345276569,-0.15386365578927785,-0.15611929552395143,0.8481194916939648,-0.6675556546966558,-0.3152171880614842,0.46843384698096363,-0.4594265066398038,0.6074833652971444,-0.5431800570599118,0.4634597574338947,-0.44938033761299095,-0.2537889796695322,-0.563267057039073,0.7435488455588295,-0.5924109637070347,0.3837450844018699,0.5207371733147199,0.6624638025659894,-0.20484371784864505,1.0,0.6868301486089472,0.1348874463092691,0.5845854332428225,0.02987603028743557,0.29731768182332863,0.4209371720822522,-0.5599155739876018,-0.3079573688121106,0.7470571208445028,-0.23416729612380233,0.7753655695199291,-0.5373678980962724,-0.39902036520471096,0.06550177533552906,0.13666507038773432,0.09114531276244861,0.08028255152867983,0.801841037040233,-0.4058127274350851,0.5196709278554504,0.96115440426007,0.5199313240465384,0.7130252146572112,0.541685516719314,-0.5642152882676906,0.35272418000571676,-0.5433301312955776,0.6375210859354085,0.28112149743073345,-0.34929477982388557,-0.1640983136207575,-0.16562506902960314,-0.4061006372928292,0.16858960410136745,-0.3659614222408361,0.5703231079392816,-0.14892774437738981,0.24052325558259863,0.3614524576159328,-0.3125368618849673,-0.3642067845757053,-0.16225327703136544,-0.26038051820767194,-0.6534982868553617,-0.02910439863219268,0.7859291357571018,-0.21814247299272993,-0.29618222413806183,-0.27809374981044743,0.23929939874523143,-0.2595817904794771,-0.6448099777386991,-0.41085211784300946,-0.37928433068091694,-0.4735655341487895,0.49058091478789645,0.1115773037929085,-0.510282707786593,-0.09183550360616143,0.5949610088282077,-0.6476212545953708,0.1309811062617796,-0.3929407777510192,-0.2411950384940983,0.0362138660299535,0.03286707978624927,0.09121894429640487,0.34089348882537834,0.20934644631126656,-0.5045263180392908,-0.6686634538741171,0.03760393568003027,0.49111274447604186,0.3640394707649155,0.5669436328223534,-0.5904071967253064,-0.32196253920112383,0.4504652496236477
Maribacter,-0.3553067522584216,0.3466837551807973,-0.38168463735959973,0.27042011385588466,0.3496859201919365,-0.3497286480425068,-0.5751945389814099,0.33428122177897124,0.39579022319547413,0.37645049669472663,0.06354214259632812,-0.41198942232267277,0.581683429720794,0.21447658511180137,0.13256446783632647,-0.024564285836622318,0.6594641614613722,0.03937599120811522,0.703493781859821,0.14614311733932525,-0.006593454231333743,0.15407799179546156,-0.10773031461381988,-0.19095563695313386,-0.5154709783474624,0.37209856532097646,-0.47613508675607696,-0.11212901177640278,-0.4997792970885307,0.39869667710843554,0.18495418642986092,-0.46915810851056017,-0.192945427125308,-0.4138562247226823,-0.4716748188021535,-0.5275443445459773,-0.26579027136212513,0.19609060433372227,0.38057106231033455,-0.7073390019722885,0.7721229223367421,-0.038590076323631636,-0.034420228896506,-0.21280105229191432,0.6785488431807405,-0.432903147917388,-0.3143248426407472,0.3076685450638048,-0.4374236278331136,0.4493373271004993,-0.5890121357081696,0.018853781989259497,-0.46426878130225496,-0.35198083084465454,-0.18103347976899717,0.6604065610564378,-0.48002413030309904,0.2642286112512972,0.41550833665143044,0.6252162244769265,-0.07875934250552898,0.6868301486089472,1.0,0.09140446063921645,0.7113268483442906,0.13956272541954068,0.09414862348918435,0.28180163463298247,-0.5375647747847357,-0.30781114775490825,0.6111487546465884,-0.20553980988306086,0.5749288012844802,-0.3922539302882235,-0.5839342961657147,0.22332742945674194,-0.20947580017829737,-0.32552230835274265,-0.2937890546314532,0.6688796955392657,0.02709600179817782,0.5647912819568506,0.6743568963032079,0.8725900957112233,0.7444536448597211,0.48864155202035936,-0.5700405785974123,-0.0587869444261704,-0.5275185917302269,0.43164761270959934,0.3270770846847497,-0.36988949418807626,0.052996651209026004,-0.05071916702537116,-0.3961561434861833,0.2180403468176769,-0.04746943461030492,0.39838243122467293,0.17964302629238868,0.3752854735617957,0.32788471525485485,-0.04551885304165584,-0.10116663613833156,0.21268224415909676,-0.2395515064871519,-0.607804572416046,0.09325738515689126,0.7476422435850864,-0.2074340562559995,-0.5364502571331123,-0.43123554170355577,-0.05060185278438067,0.10312010653220417,-0.4736724131633453,-0.38241123330920856,-0.30671802333352205,-0.30664197405589716,0.4263488209328851,-0.20745786835304206,-0.26025693764165164,0.14397354882923266,0.3640123962745597,-0.604751886212812,0.46200799867246845,-0.439431355549607,-0.21593309302844502,0.10043320408953105,0.36121267889095654,-0.23650732221087065,0.06875281452776058,0.22691892887196774,-0.19547288239771143,-0.6633147172597059,-0.014714352907104095,0.46766638709091946,-0.01062259228000684,0.1511512006532184,-0.5530818228026595,0.06756055521810293,0.6351181109656918
Marinobacter,0.48529199111856,0.34222096513283745,-0.692831371127613,0.7781830199458525,0.5532143536223557,0.3674363381022723,-0.3641064230674793,0.8106324214329284,0.8371367761860394,0.8718079531067303,0.19831662464853442,0.004368572210318818,0.6965596655059909,0.05728343611576734,-0.10714870040317988,-0.31540535592956626,-0.34667829471050193,0.7432187082994146,-0.08692307219286827,0.8863510814517588,-0.5289242968865102,-0.6183929709754216,0.5841664837622569,0.7698935923002047,0.5197868301556722,-0.4396214247385516,0.34717039017134754,0.04760058683769634,-0.5868436099914064,0.26298905407027184,-0.02315721114633465,-0.33225579002409666,0.20861206458955792,-0.01741848662716231,-0.654837973928374,-0.5465126134142698,-0.6962708358230034,0.8932365658278857,0.6597870071319308,0.015341489207348376,0.4466886672089506,0.7177178645338844,-0.6281046278332897,0.39126264864851534,-0.031019774191423835,-0.6488522570303654,0.8200648512068752,0.8055473862774307,-0.4759354600770399,0.7077875367575851,-0.527543695430126,-0.09851446366565367,-0.682791053603938,-0.46133454259904993,-0.6433545406051641,0.6541468669548749,-0.728179169824898,0.26498019439447784,0.6666113971474619,0.5861969651758021,-0.3774254080030079,0.13488744630926913,0.09140446063921645,1.0,0.6722679934731163,-0.6748548977592812,0.55117797815851,0.48292456690995006,-0.552405922172198,-0.3038417537361989,0.6607952829692919,0.6164333997743835,0.5376214607841918,-0.5656121941050136,0.3799590379901345,-0.6136147696992802,0.4020068678548158,0.4810222125837036,0.09918338572293385,0.4515513572164621,0.024736777433094704,0.6615493362942603,0.027377560561343262,0.18349846419768098,0.4692551714896152,0.06986245093431816,-0.6306064418815014,0.10712868440810988,-0.6335856666549278,0.5705925208932217,-0.5739590534521098,-0.583598292734831,-0.5712836475077081,0.22208211644494663,-0.26755224881114786,-0.6479617091277032,-0.16665091051178815,0.7504820435638601,-0.404304507741151,0.5424917929866322,-0.6260227611299954,0.5515433788187324,0.39671234136336003,-0.5636498979448618,-0.21715408978862136,-0.5211117631997996,-0.5388319854643617,0.18461566574836633,0.5757295849654347,0.12963986827920854,0.14150006354272354,-0.2378520509040884,-0.5541133524990032,0.004036291347572459,-0.28723566063793327,-0.5940022154102641,-0.7305722422988229,0.5162642510918154,-0.17167791678767186,0.40626396504544743,-0.768325634658008,0.695127499829782,-0.547029830924623,-0.6917410966246967,-0.3773549517218245,-0.28958380054433547,-0.37525084447139795,-0.7375670205016674,0.7014285216162089,-0.0603740337153898,0.1836831228418324,0.4176593796605665,-0.46085955592177674,0.7798875663986587,-0.4300396666001862,-0.011348422148133535,-0.30829770855861677,-0.028400525672558918,-0.2451634311734912,-0.009218881280264428
Marivita,0.07312319517628808,0.38387981057498266,-0.7179208879115415,0.7151665827117977,0.4923067880543603,0.06265622354731394,-0.7872442508463863,0.6968639727741509,0.8071707473940583,0.780921559598001,0.3010377002168702,-0.02618068789267303,0.8642710813364016,0.34609953388996206,0.0336078548161822,-0.250408889205876,0.09164104903697408,0.5408592123231545,0.28698234062894595,0.6634723490370616,-0.40589842225873773,-0.2538224337121748,0.3033206054251701,0.38822355074457104,0.02594508882260689,-0.016205222717175758,-0.0077322844541545845,-0.0665917683393257,-0.7699218952083495,0.5414087681790114,0.180047771900234,-0.5211374359958634,-0.018225590832270315,-0.34483689834159986,-0.7736126593169944,-0.702943114201858,-0.6500715610055733,0.7076412246907288,0.7239538689888598,-0.385560321714571,0.906648579924996,0.47383360275330305,-0.3841737658130525,0.1880624410210679,0.39666290357798745,-0.7411744134102315,0.2755188189230668,0.7750171709669336,-0.6695970507271138,0.7938546868001047,-0.8206046920469146,0.11912795570584603,-0.7789094956437839,-0.5565603923977797,-0.45819347586330883,0.8743339488475838,-0.8166154147112611,0.1671051045573958,0.7916972074220887,0.8230284189283462,-0.25774303588058023,0.5845854332428225,0.7113268483442906,0.6722679934731164,1.0,-0.2894255571076276,0.38759978828332764,0.49022385032535853,-0.7616548694156282,-0.47401992993829295,0.7965492064997236,0.2671887325235429,0.7380126864136038,-0.7379486507580048,-0.07137596015964556,-0.3599905088811046,0.12030655530396776,0.1615345643195041,0.14304636758841638,0.8276086994376798,0.05261933985933308,0.8105858850709352,0.5298125098911065,0.5547987903834586,0.916336868391614,0.3331007282246126,-0.8597953201173942,0.02406597620307506,-0.7814741472329456,0.6826944624585197,-0.1583312267327283,-0.6560663503490449,-0.17999316248920846,0.06640545079269451,-0.5453884138966218,-0.30428046931155367,-0.11514887003432306,0.7792100290390507,0.057650705344343536,0.6671565746724014,-0.30711466156763517,0.30254507757427485,0.20734228471748214,-0.18754782576761153,-0.3907413417522259,-0.7627468679683752,-0.11017850073736815,0.5296742336911603,0.29975388612643067,-0.4121669391045903,-0.2651140508504597,-0.3312893060194609,-0.20914027478143846,-0.12639997255496618,-0.4853717125455088,-0.7775676057454334,-0.6948655299071536,0.6099618993998579,-0.0952813223147646,0.011779493617046196,-0.3924690147025147,0.7114828986674784,-0.8052166698755062,-0.08301377226079541,-0.6157977043435919,-0.41685952028268936,-0.14203538631890056,-0.17332506486099877,0.29437872359165124,-0.1001705894021757,0.4540757872910714,0.2072878239766276,-0.7717750109040479,0.5139887682244559,-0.038688304489832154,0.13915424082659528,-0.04059779759773154,-0.5621515257520281,-0.08449808718453168,0.6019833963758118
Mcinerneyibacterium,-0.7590322175468662,-0.411523241747626,-0.0026877931602619976,-0.4018216193480113,-0.6776745797598467,-0.4264488845208949,-0.05487487933871206,-0.40412607880688584,-0.3824029019032879,-0.5494012378803773,-0.5803411967863707,0.26886225084056,-0.10899873516413668,0.09020943742380395,0.11458813849324795,0.060054671855930525,0.6460904043447696,-0.3601543569712565,0.28105861782631,-0.7309982819627582,0.07867369714180569,0.7550367377285986,-0.6229019473324514,-0.6766710021328607,-0.622242352923842,0.8577586267829884,-0.7149847416274743,-0.15616430247942137,-0.10327218994141087,0.4202327994029508,0.15462781890522825,-0.18246332366253637,-0.17184747227436067,-0.08182721131262807,0.11218393614101715,-0.08439476059250461,0.047766727148431255,-0.6289623418070966,-0.17819330538904485,0.1618704866110755,-0.04454567579821476,-0.7897538516797867,0.9748963903047555,-0.1228546405028938,0.2999066408373693,0.09852979563796638,-0.565981836699992,-0.7511733090062928,-0.14747497132810555,-0.0809291875025703,-0.08293261582684522,0.178859546758255,0.24009356620204436,-0.0007707875230533113,0.16575095409756793,-0.3268278031252411,0.19333845699764754,-0.5049548028160967,-0.32728426055956616,-0.02460006516088055,0.6000714633139667,0.029876030287435566,0.13956272541954068,-0.6748548977592812,-0.2894255571076276,1.0,-0.35431628036033846,0.033377012821866364,-0.1315911833143161,-0.02565266780233455,-0.1925439374989578,-0.7704768380071233,-0.26346460958316587,0.1258916136060749,-0.5164510015201683,0.8589032014346294,-0.6032957250664603,-0.6330710176742224,0.09650402926130712,-0.12948276210596016,0.3631669981918172,0.01947904176441188,0.22773812707143962,0.0458072975984785,0.03633337188171077,0.2701219323966811,0.05598209692892572,-0.13793422883350162,0.08541376426829268,0.06126693759962666,0.6235345011186623,0.24787702563413602,0.6732166861166503,-0.5329910629864401,0.10952344542404813,0.9186606849202595,0.22335356293740255,-0.17037012216679132,0.2644081590208222,-0.043591037360704306,0.6129144081741474,-0.5377563291132497,-0.14469736616312717,0.8098827267997503,0.37575629459078347,-0.15551570436708181,0.8151649017086395,0.020915169909110024,-0.7380419651827462,-0.30681262372219853,-0.4243530614590607,0.012520694603453937,0.6021741100054959,0.1707371312999882,0.4119587713726837,0.1053892815686416,0.6510526538831066,0.12941841115527025,0.5849134264355951,-0.6788830615917044,0.47753809305425465,-0.14560131397714896,-0.0038136970930414305,0.7452650754284428,-0.07102304923185727,-0.30788707939027343,0.8574608274508629,0.8788853850038423,-0.3868302520899245,0.20047653309396943,0.22830736446376165,-0.4370346675411483,-0.17321533750779397,-0.6837998072529987,0.6541275188113821,0.10864436465748792,0.4097196426862566,-0.3306044858047536,0.218179153486797,0.27966652592929164
Microbacteriaceae,-0.05521944664802935,0.6934252871518363,-0.44787322565585064,0.8624482202675918,-0.14472860827954956,-0.19113630673102472,-0.30230957271655856,0.7964779815623447,0.6617654685158367,0.750557254462639,0.2625099794204716,0.19846569934414873,0.5737819538893241,-0.05304158474069404,-0.050647705978496556,-0.04729006806310881,0.03557239560462965,0.0863472671057042,0.0847147650272073,0.47038789062012354,-0.4182678570778401,-0.5521851158864224,0.15988214485986166,0.2951779888420791,-0.176732723152914,0.06257475016651853,-0.15729494224317228,-0.06695209235737189,-0.30319819920647023,0.15278168725731534,-0.12245198982475675,-0.3784053972954453,-0.5801958231705091,-0.4354596005193604,-0.4999809473976986,-0.3974347080898034,-0.46885102290520675,0.7315068846357643,0.7947457439060486,0.09351245561806927,0.5470611570775832,0.22597405662826853,-0.3443465375504173,0.13533900096558352,0.2821430271823401,-0.6655935887684563,0.5540199944045417,0.43037238539858486,-0.6109579007658638,0.514245542260831,-0.08813816092560112,0.08892406848614459,-0.6583653649811296,-0.464758707614686,-0.5677118171169131,0.41485729906055036,-0.7061705476992016,0.07290226894827306,0.8254600650727305,0.6756606027881065,-0.33783272066174674,0.2973176818233287,0.09414862348918435,0.55117797815851,0.38759978828332764,-0.3543162803603385,0.9999999999999998,0.2807383348040152,-0.3520047895795606,-0.5508757506412055,0.6214270236846454,-0.01441320288240749,0.762063073499704,-0.8179519161278976,-0.07236808943965622,-0.36685615139020705,0.018214967842032283,0.3102621848860542,0.02949558389562922,0.5022577635281837,-0.34642399082146946,0.30672773269528064,0.35779107322236614,0.0055267493500226654,0.4542120401161031,0.641784876494939,-0.5874514938154749,0.7096267923226,-0.6330955159224948,0.3547411203474593,0.05590853255678803,-0.6174625047646727,-0.5704100405144352,-0.15791135549060528,-0.4294891215333586,-0.25145189615165603,-0.5611761614974988,0.6244129201154787,-0.23125427433624104,0.6429353252279477,-0.0163537251053765,-0.2301840875707592,-0.3034981637189281,-0.40985145547276763,0.3881872532520384,-0.4097628515684662,-0.5535779120218906,0.3952651130692182,0.5353796913344293,-0.16666489654423222,-0.008130212655076498,0.23085909014676984,-0.04515679851785194,0.04414171359434187,-0.7592335603571962,-0.18413647426157284,-0.4427445746743268,0.6925967165714269,0.2996101029175452,-0.06837545141232819,-0.450109220290635,0.6782960265938623,-0.6389415705287593,-0.3867929749286788,-0.5168719224236141,-0.5374789701024462,0.061744227589221316,-0.4000890464862457,0.40633431293672606,0.4620756205576168,0.4643275539684755,-0.02719318455446975,-0.3386667584346201,0.22792943856457182,0.08943404627072452,-0.14181840792288336,-0.06359165479928315,-0.22383415706392593,-0.4677530259751849,0.3530825683065363
Muricauda,-0.12383338610448681,0.025549323086122896,-0.8131542451458965,0.5477147705785772,0.055142712311897185,0.1770091150978953,-0.19280370629988852,0.48582474512012,0.5279168096957263,0.4510751645079477,-0.49581780235356215,0.3335997694634988,0.7583194735835582,0.32805366504768896,0.3739370494848513,-0.17592742900022845,0.06251513955254263,0.09260258347325576,0.2193935341148558,0.5971900024972954,-0.05444536745898573,-0.010609025124023373,0.3048966645711935,-0.12917602452490143,-0.13818035954920557,0.1575705358565438,-0.3214497520563607,-0.15130627697026475,-0.8100629981358235,0.555137835517874,0.4002173911287412,-0.9105255470839845,-0.1282736160822616,0.24621660602200987,-0.8971774727511863,-0.9168556519895144,-0.8708099933822933,0.5752108376329218,0.48908762764523644,-0.18892256614521044,0.42412789526460887,0.23690499922635505,0.04432547360005559,0.4205574511894895,0.23221001151560353,-0.6716974907836494,0.3274019834686215,0.37064162911041515,-0.7837754911397989,0.7070211901025136,-0.7532666838447057,0.36637140011823355,-0.6926324322047747,-0.8633209622901274,-0.6503721417753175,0.4583987008251108,-0.5778038075788912,-0.05532568472571427,0.5107730914865616,0.5810792875205546,0.22023203026004173,0.4209371720822522,0.28180163463298247,0.48292456690995,0.49022385032535853,0.033377012821866364,0.2807383348040153,0.9999999999999999,-0.8574534888430163,-0.13468721045927323,0.7067811527750668,-0.022181700136821025,0.5431288067246619,-0.4535535855260788,-0.27551718537159364,0.08474588109888398,0.1569157495899484,0.17631111237331526,0.42317871737643525,0.605984651530998,0.3734471769456102,0.7202879723312392,0.3908823965706472,0.34020402472020705,0.5751991030641505,0.21384134327195758,-0.7653192693381291,-0.21019108608312426,-0.836118555464585,0.6525612657680457,-0.19750481632652106,-0.4331271833226007,0.16796389340507592,0.1496271139557478,0.07030489879951658,-0.07326104562180842,0.2822976348769907,0.7128956662406689,-0.291970140231953,0.567465873017969,-0.16884051931831578,0.09286703443422037,0.26913434572092576,0.041097572804429015,-0.29051972064856874,-0.762842263443622,0.20837560458624657,0.40418148089825295,0.09275054805141968,-0.31288809472753026,-0.6664245560335386,-0.49493672360894053,-0.41572574677200635,-0.24207460407979203,0.09661294944909364,-0.3981543262968378,-0.35712811933192745,0.5688879083178191,0.34830754785418583,-0.2492260033195455,-0.5630444710439685,0.5077109933022786,-0.762286029101849,0.04321900735221661,-0.3469873120108546,-0.7365408168168722,0.16093921230838776,-0.027393394766148164,0.10873047207243768,0.005687682868254284,0.5299780832080686,-0.049272586884781894,-0.7879269272375808,0.20189478242610398,-0.03226486003845868,-0.2438035785452203,-0.15951777984971804,-0.009623592865764004,0.2206869712827114,0.12713412940115906
NaphS2,0.20053181110452448,-0.11325121320625599,0.9625445589203222,-0.6468120130131862,-0.0963202016050652,-0.04637595709994307,0.6289356510898815,-0.6696878175182778,-0.7563436812918738,-0.6323359922382856,0.2702595991153221,-0.28149734303056645,-0.9445615726934448,-0.3050606469240423,-0.151542403568567,0.3134120663303342,-0.2612548449669007,-0.3702322015523254,-0.32998419851638017,-0.5459674944434861,0.40834857296697524,-0.019547449639405336,-0.24244708612800042,-0.06055705424552812,0.16843470610730943,-0.3349133353820173,0.39291216357366243,0.09348360258081424,0.9865628902614625,-0.8374326265573799,-0.28783392490839377,0.84906872102094,0.06018560602139485,0.11487197466566403,0.9279944810440299,0.9741963234650236,0.9203357908227459,-0.5761892757981275,-0.6833512124806299,0.200742411002795,-0.732961698061185,-0.21558179101486055,-0.09449439007625378,-0.3887112219043296,-0.4512951316529771,0.8401001095620839,-0.26190757598002534,-0.4593328460159366,0.8891516494993145,-0.9247984191781632,0.9356969028357078,-0.252606401374567,0.8082943408233718,0.771958310245126,0.6890827916854125,-0.6821025034190034,0.8317985878447482,0.036513911445926264,-0.6639686268406859,-0.8574555470372139,-0.1621259834460762,-0.5599155739876017,-0.5375647747847357,-0.552405922172198,-0.7616548694156282,-0.13159118331431613,-0.35200478957956055,-0.8574534888430164,0.9999999999999999,0.4563403905913266,-0.8387978434404433,0.03228025509671041,-0.655799123702469,0.700297901003094,0.23471533235441672,-0.06982367981057122,-0.03562529886982608,-0.07340047177870672,-0.3252427504573425,-0.776912291446338,-0.34524713169726534,-0.9460251265599324,-0.5757749357431475,-0.46480816548521015,-0.8574380670611144,-0.4101388287505582,0.9312010021515297,0.03273486239241399,0.9128052666116894,-0.8864258852658661,0.07774642116846792,0.6215226468112427,-0.05946420221466563,0.08475116596344466,0.31706161911591224,-0.06017538335930497,-0.0939919662322405,-0.8956124898416596,0.13710233540319358,-0.6848308437479491,0.11637365833932753,-0.10462692110974016,-0.2832235656400863,-0.1205483123195076,0.1562378348879985,0.9740086246115127,-0.2244207535180311,-0.4934802385805912,-0.005120362043360123,0.4207747568276643,0.5469814320055515,0.3861886891525009,0.18805257664696418,0.11468673379517066,0.07698059462808252,0.7143181469548281,0.39892324336808993,-0.8190487802283319,-0.35100250880847494,0.2942944250455724,0.44689245038611264,-0.7641870181051523,0.911057464234796,-0.07513223039495653,0.6517962138679715,0.7586261901968905,-0.2814528633632398,-0.03966653284775087,-0.301839587997877,-0.12928767233579128,-0.578751765911398,0.007487905015028529,0.9735469146610445,-0.30288917506684954,-0.1568328205803103,-0.06867110462515869,-0.059293856847437335,0.47040182378420203,-0.04137051845363277,-0.4613945240953339
Nevskiales,-0.10191675908328005,-0.07397790682403078,0.507313511410284,-0.4396241094340303,0.14120930869196863,-0.16987133794456966,0.8082087240886044,-0.707405742615587,-0.6670431119788026,-0.59144788045158,-0.38320183745859504,-0.21006256414482258,-0.5772273088912586,0.4341069463535819,-0.05833787496886397,0.7018544410625073,-0.19185420084626967,-0.2690941018991074,0.14209811986688453,-0.2705412735075845,0.4778760848837644,-0.12446275120702892,-0.3131332085456483,-0.2609503096164726,0.22356941053268545,-0.16493686798498644,0.1472198824267655,-0.5714495364350306,0.5179266103006972,-0.5955806189675629,-0.21883343468550426,0.3667139897919435,0.05141176013717394,0.29521902280701984,0.43869530605565377,0.4359586197204782,0.5005821516553962,-0.3372915923721977,-0.423803606127129,0.14699907444810578,-0.6168752632098092,-0.3336860164345508,-0.004949400602183293,-0.5632366843974543,-0.19619709123098084,0.4105904709085483,-0.048647600944973106,-0.37772299782234564,0.4754315187978233,-0.5789073978529864,0.3252873167295422,0.32024992266451807,0.7140284889218169,0.26504796151393195,0.20635264926095298,-0.247860095000554,0.721043596536554,-0.1986902933093781,-0.515965630128512,-0.6946070586612946,-0.2995296702621853,-0.3079573688121106,-0.30781114775490825,-0.3038417537361989,-0.4740199299382929,-0.02565266780233455,-0.5508757506412055,-0.13468721045927323,0.4563403905913266,1.0,-0.39321283911415017,-0.16456545374678352,-0.3991880222549154,0.7213174902165906,-0.17433374553513345,0.2386437179386092,-0.22577681616064613,-0.38679241696293276,0.013504366490967253,-0.6555158328062513,-0.1385808658899734,-0.42367515543141115,-0.3634351088650693,0.03557928636773732,-0.5350348547218426,-0.2945117262966209,0.5685592151163249,-0.5898536014318383,0.4898239569649215,-0.5554983973741535,0.14252964525137404,0.8927686296173045,0.3184581447895239,-0.03387483506707273,0.9277960714622633,0.03251238197357656,0.08798740411592579,-0.6480385731345967,-0.3879778643950275,-0.28704770433052035,0.07782120512367005,-0.1018774620283358,-0.2177076743516838,-0.2290541714035461,-0.4679776408052037,0.5401327287677415,0.06566929370215308,-0.030392463471620206,-0.2887848887329808,0.5721173828271673,0.16174902416821313,-0.05032174390492419,-0.43871225765591865,-0.1791050198689469,0.4121900357561528,0.5801114303922782,-0.06761217658012164,-0.7450852618712664,-0.22393570455895695,-0.10069529975483926,-0.1870459046048069,-0.5317915212254859,0.5611177820811482,-0.0642325289552046,0.9665007389312807,0.3979939307441216,-0.07371422042074816,0.06728400199467115,-0.37612564088718303,-0.6553729202917677,-0.27076325225006653,-0.3352643779186971,0.5486824807130078,-0.46023541672479623,-0.08236283850413062,-0.2693069212623807,-0.05590146377730753,0.6990926357227639,0.03209802861506561,-0.7003176584129156
Nitriliruptorales,-0.1830617259052272,0.6087114793486472,-0.8419602788424799,0.8071956397495994,0.2715165234320438,-0.19454782536321616,-0.5221009058428842,0.8220684648336554,0.857363428755597,0.8447323849028453,-0.013772820152860736,-0.0029102704415790667,0.9353617816802298,0.29375408035848827,-0.10499115283004183,-0.019430876593842215,0.2708604855815612,0.27937403819146245,0.5593026385822161,0.669680652501499,-0.46054865892275915,-0.4102474269184631,0.29681688219547764,0.13625019782169331,-0.1696765651522074,0.22696948916277662,-0.3874450247697475,-0.2281918289707819,-0.787405182667347,0.5831337960673194,-0.0723544200895233,-0.6847170151318277,-0.2806747771590489,-0.41258831426079456,-0.8294476889043202,-0.837821206406588,-0.7345752970832801,0.7128226471197825,0.8100966768005006,-0.3619984731791251,0.7801744059195485,0.2580994431246236,-0.2792888242791478,0.06433402827041743,0.6679723834113047,-0.942657645690098,0.32714101865489664,0.6348957830981989,-0.7895005551988747,0.8929586502219945,-0.7385455928243915,0.27998503319150236,-0.7782199635797252,-0.6326705916122302,-0.8494147269700003,0.895422274319506,-0.8936970733661052,0.2617406282645131,0.8170230134724771,0.9111737715917171,-0.2975844796769948,0.7470571208445027,0.6111487546465885,0.6607952829692919,0.7965492064997236,-0.19254393749895776,0.6214270236846454,0.7067811527750668,-0.8387978434404433,-0.39321283911415017,1.0,-0.02755843519184468,0.9220923832415552,-0.7728554776737596,-0.30010736381295766,-0.0864256123192034,0.07338472036692972,0.11589080999502563,0.06035462916002717,0.8113028743702035,-0.1477438327224622,0.8495555457719663,0.7207270218931703,0.6022127290099479,0.844614235514746,0.6314279567591533,-0.874605386981829,0.26808043297095235,-0.8922881768590895,0.8163997522083609,0.043924116135400634,-0.5863094253236549,-0.3503093672266099,-0.138509572396091,-0.34274991757834894,-0.07393863771380216,-0.34180836045526164,0.8882021660409455,-0.4037835508457576,0.682521445452391,0.04085985979309732,-0.03808319294059693,-0.08309561895529538,-0.2989817558112145,-0.15580997173558347,-0.8834466678260231,-0.2532414782011214,0.7873133893481505,0.09717283825843999,-0.20297319181991882,-0.2679617393861685,0.0011784374106244668,-0.39969033079868693,-0.4074474854270119,-0.44950069130266085,-0.5287511093598453,-0.7008867701333644,0.8007948537800545,0.1289840094224926,-0.2759978156003517,-0.5609722054673718,0.8845470441399593,-0.9057493753894567,-0.189187270145441,-0.529770003825767,-0.5626536212970314,0.07463800611067542,-0.23120176320516636,0.38696712822675006,0.24358675423572954,0.4198219334774085,-0.21945397542024733,-0.8463340186914463,0.301378495058259,0.26945274969139144,0.05513612717803222,0.16792285602908558,-0.41203811880379226,-0.3394524895170949,0.36806795230693246
Opitutales,0.9762123246672604,-0.18235282679128417,-0.10231743605131918,0.11098494226637211,0.6851272462549035,0.8438335727160844,-0.15906065580054302,0.312421430350699,0.3600117219991746,0.3990097608641437,0.48510037598103334,-0.15218403460597835,0.08623554168319442,-0.3376632182632384,0.01636561005525644,-0.5709390406473557,-0.7016661403184057,0.6120844776897133,-0.599617230790157,0.6581415151506899,-0.12685969523976284,-0.2970228007378346,0.7778390543094055,0.7591327631798499,0.7828881663300075,-0.8982839918179822,0.8448599588489826,0.5805007321219897,-0.08472543864238398,-0.12754717318444186,0.14476102000407692,0.16390329404386322,0.6823278095689485,0.4082667324845094,-0.11000751879981059,0.023892238857508193,-0.1809212650783238,0.41619661254160856,-0.10198176872675074,-0.12443860662659599,-0.06210013587639897,0.9232528861939662,-0.7017790836387796,0.5585102049618552,-0.5708857915072018,0.10452085716551822,0.42742390463286106,0.6804170895128052,0.23279566637605817,0.12726807924303818,-0.10676066427869135,-0.4753411602725754,-0.2563838237505422,0.06602247554922636,0.04189797427218526,0.1155556523785306,-0.1510620120504915,0.4743773170306753,0.045470145492684605,-0.056301791552722545,-0.09239090622312224,-0.2341672961238023,-0.20553980988306086,0.6164333997743836,0.2671887325235429,-0.7704768380071234,-0.01441320288240749,-0.022181700136821025,0.03228025509671041,-0.1645654537467835,-0.027558435191844678,1.0,-0.119748040815158,0.029222206028618882,0.8195825040404853,-0.7938841551293415,0.7892117519367812,0.7329005418658646,-0.00811930061746968,0.09301204836649564,0.14706457226195954,0.0889351154691706,-0.44357558751415027,-0.19131156683537895,-0.0939032032923465,-0.6672731577417436,-0.019584539668359872,-0.10860129752347107,0.016744689373815888,0.07084311983768277,-0.9362714149166399,-0.37838964261635494,-0.44490311970241403,0.724128381314536,-0.26714248939470886,-0.8547787242167741,0.24828817586700072,0.18890270871093337,0.04593981521075951,-0.17975212116906666,-0.8455759951266697,0.9101919927340976,0.6963527031000376,-0.3869580985862633,-0.3529280699924824,0.09080551320897966,-0.44040104843024136,-0.44265065543840004,0.6254696983817024,0.16052878230446394,0.32986051960878576,-0.30544156737059164,-0.3868753852243487,0.05743547002594764,0.039291176498886214,-0.3897344231090694,-0.28363426110887147,-0.13384299525287383,-0.5895741918072074,0.8942186335680805,-0.21527344328584747,0.012161825609265868,0.11424327754229384,-0.5619605148372077,-0.14214487700260048,0.3471230192475041,-0.8478681115789433,-0.7433295039146443,0.45648253614011197,-0.19757020703580316,-0.3516342339581108,0.8094057971314418,0.06665210507067153,0.9160258701846092,-0.8452573833030247,0.0875183848325678,-0.4813187090697861,0.20426581337127647,0.16452986617307272,-0.24199756373255288
Ornithinicoccus_A,-0.23835355473721945,0.7878665210960832,-0.6347881709496855,0.8551460275916297,0.13696925403698668,-0.3196658448487391,-0.4798684954341583,0.758827865301659,0.7551137165011745,0.799726136733135,0.19704262885953933,0.06131228945117558,0.8181185577477786,0.3518473837075404,-0.07887468053145887,0.13976437347203471,0.21556647414802632,0.06574943548080756,0.5200226857835971,0.5947888773504312,-0.3570518060515238,-0.5098376910477836,0.1965120956572577,0.0656002409261654,-0.28813070302333516,0.212954833408243,-0.35199137448861206,-0.3011242880176706,-0.577732271618485,0.38607216685367035,-0.10863032328194572,-0.5845443666968518,-0.5587935302337046,-0.5570262636321646,-0.7219993063050665,-0.665273048799696,-0.5538008719267363,0.7176116866174632,0.8404695629895623,-0.3490627479766152,0.814891975297103,0.2088945923816232,-0.3694638048005284,-0.06597775481443334,0.671596632628305,-0.8845493783395114,0.2715955623036131,0.6205670071472053,-0.7484837242006644,0.7324413101251475,-0.5227779104830608,0.40142695335527556,-0.7278660988723791,-0.5865158006981903,-0.716694091310855,0.830169605406711,-0.8165635158027846,0.1935209148934525,0.9083071723281317,0.8540907640013626,-0.43072640296591375,0.7753655695199291,0.5749288012844803,0.5376214607841919,0.7380126864136037,-0.26346460958316587,0.762063073499704,0.543128806724662,-0.6557991237024688,-0.39918802225491545,0.9220923832415552,-0.119748040815158,1.0,-0.8407009897442013,-0.3658661143544993,-0.20854856883819076,0.010050562705732027,0.14869475214686914,0.10789649045396779,0.8162875730160298,-0.3790493809277492,0.6178615784432461,0.7742817912803447,0.475741582418623,0.8143413032939026,0.7260792135733205,-0.8082878510397163,0.4407804899465824,-0.8269492508119062,0.6107196944682742,0.18490987867087694,-0.5540712826576057,-0.3636417569602892,-0.17045912630840537,-0.3908036310421282,-0.134948336753845,-0.5055419221801745,0.7623008635725834,-0.2747719082058815,0.7070179011305578,0.10570883231845282,-0.2411259238547365,-0.34966691554537865,-0.39856733370131237,-0.11359502342074919,-0.70979661418507,-0.3377915773519507,0.8120560209881974,0.2473305885288783,-0.2886481753587815,-0.25342162201674745,0.10030951716011838,-0.29649303639606134,-0.35979277906798424,-0.7232399200613074,-0.39030223041954987,-0.7259672035953123,0.705089873995575,0.18330878904764047,-0.3380454991094148,-0.49472631309893694,0.8025211537644054,-0.8675114046110745,-0.16468030031741585,-0.4860438092872027,-0.5446898097335428,0.04143818379431239,-0.21544470706554186,0.24948448723618788,0.24945606593526506,0.521171164484834,-0.28283453576474593,-0.6785622196335038,0.17428537008931602,0.28262947999969595,0.005257347160884623,0.17312202425231699,-0.42702543668137,-0.4208853866024189,0.48944232074402394
PWMO01,0.15158909394665232,-0.5227453125658792,0.7190558023988639,-0.890930917504231,0.10481985161161683,0.13060129936210974,0.7374784910479227,-0.8223688987970351,-0.8191164000561836,-0.7950561204728327,-0.2843844127587137,-0.38333490264368386,-0.8392330056330666,-0.20497576913064514,0.03186446605962972,0.20770690203649272,-0.1168332695008227,-0.28876469461129267,-0.1551159947873945,-0.5087997235117164,0.579975700747449,0.3250368637767127,-0.1796832893766276,-0.27641539286105465,0.20269614535337363,-0.24804791091038783,0.2284283795139898,0.07657891976179043,0.6783903319870623,-0.5888252959359569,-0.04755649709821883,0.5602238005384214,0.4391773741450784,0.5310683685741421,0.7336390441494647,0.6587023115993845,0.6850066806273931,-0.7158131553602861,-0.8986468527786179,0.017066623322992663,-0.8641889750300753,-0.259850492028205,0.16968300607070486,-0.26418998614687306,-0.4428396860127411,0.8557390547645457,-0.3803093780039451,-0.5555404046397635,0.8406842518864415,-0.79929850304012,0.5451244656029545,-0.255444982888793,0.8258637911261557,0.5961558923934528,0.5890594464468314,-0.6489961062427627,0.90716968247001,0.06472773390651969,-0.9442555782724322,-0.9122949177724816,0.17297426913957142,-0.5373678980962725,-0.39225393028822353,-0.5656121941050136,-0.7379486507580046,0.1258916136060749,-0.8179519161278976,-0.4535535855260787,0.700297901003094,0.7213174902165906,-0.7728554776737596,0.029222206028618882,-0.8407009897442014,1.0,0.09936905621321175,0.3182154576385401,0.009901429797755401,-0.2552210818741868,-0.30162502478633363,-0.7980598123981258,0.1282441215371985,-0.6436310067242963,-0.6123528399807872,-0.1447717231933286,-0.8422192415505397,-0.6460984606533524,0.8727926965534794,-0.5367206900428534,0.8259790352761417,-0.6719545780098134,-0.06464561532180314,0.7559439573919029,0.2874371122913835,0.2370921684483328,0.6504573646606377,0.12890654766718576,0.4019152769247286,-0.8461522043206147,-0.018691032765420494,-0.7837369380648831,0.1058243136712006,0.14459040501943612,0.10904902184899244,0.18181766973153266,-0.15890704730092622,0.7387425941315771,0.15994975891568144,-0.4569446569291531,-0.3875367966474499,0.447818802094526,0.24311770467855906,0.049582211508857166,-0.04108608302392824,-0.12998729443907364,0.6780815074119353,0.6419650514721419,0.4957561294146075,-0.8558117230113578,-0.4305312678760143,0.2415138279675645,0.403216322671662,-0.849085360758885,0.8816063914502021,0.15282958024384066,0.772216553637875,0.7130600198569057,-0.19451739781797994,0.17258667025772678,-0.42235949862443056,-0.3300128745412868,-0.6911715103619084,-0.02821588184114067,0.6966505187688922,-0.3122334280713359,-0.1477048573261535,-0.15147832950572357,-0.10809582822394313,0.6418079729739751,0.3379599929676279,-0.7022113903431225
PWYM01,0.8561342766717969,-0.31675252967702877,0.04077273625939354,-0.0781601647638233,0.2717651647553226,0.7457154099715635,-0.10063222207501547,0.12713189864558153,0.17899808063577652,0.15905634802202637,0.48165986827134927,0.16010355235925514,-0.16339406886180455,-0.38996351490039577,-0.28904213359591213,-0.4974104419564145,-0.7803973368543253,0.5677157340908584,-0.7719183174743979,0.3411823515787717,-0.36701708630172014,-0.2568357381231917,0.6499435020634903,0.7258741978803985,0.8530371212986063,-0.7086756483454406,0.8118514563401682,0.567429903665331,0.0991649427082242,-0.05774949229857614,-0.13150744046155727,0.45495069176251735,0.6864969291726901,0.27499056907730685,0.20524759907666584,0.29484154022971776,0.009859923294210319,0.1014952258840334,-0.2326044045498469,0.28061693823573414,-0.32320392048367996,0.6721347365869709,-0.4100776537703573,0.5306571598628232,-0.6127897719015029,0.2128671819967321,0.345800618108399,0.36831871884816164,0.3852878715701095,-0.0025951462349811183,0.12551112042751458,-0.3710945344989489,0.042358154022555834,0.3824740737305863,0.08501630840844987,-0.15734956004981676,0.004765372359113473,0.23789002609829532,-0.15556414407632624,-0.23087133544650112,-0.009063718778232319,-0.39902036520471096,-0.5839342961657147,0.3799590379901345,-0.07137596015964556,-0.5164510015201683,-0.07236808943965622,-0.27551718537159364,0.2347153323544167,-0.17433374553513342,-0.30010736381295766,0.8195825040404852,-0.3658661143544993,0.09936905621321175,1.0,-0.6891563310512575,0.683823256757416,0.705507299689936,0.16201779105551573,-0.18064917364247046,0.03474144236979926,-0.11678535223100518,-0.517410028457461,-0.6189380611581848,-0.31865504382782783,-0.6648240614013086,0.2343069997987748,0.1213918144021585,0.30700904214177144,0.014040055336433984,-0.7875572074519498,-0.1701381772676443,-0.4122985829534199,0.3734340070009791,-0.25681761236845013,-0.6000373069609014,0.07412431215813949,0.03698419801634001,0.03289312508979135,-0.364099033156859,-0.7319528795753214,0.6559669519847278,0.5614138012948069,-0.33483427799474846,-0.036477006080036935,0.26160918530465294,-0.30118195914026186,-0.7165769157917709,0.42994054283521926,0.3699119485238645,0.5817961209807954,-0.06807904285156322,-0.20482477871775404,0.36088569064835224,0.1966576877393712,-0.35947621828629855,-0.015552362696796614,-0.18233713635667742,-0.25191029771482193,0.705741355071936,-0.11334054963826198,-0.0210121456557755,0.35638623891252025,-0.6407879698341589,-0.06358082370251915,0.3947803863881295,-0.584177460516183,-0.6964541695458227,0.6351961384973837,-0.034059204900156966,-0.3984613135280096,0.6685001742117684,0.2913652607103799,0.7393836621056888,-0.7198341405419456,0.41861747863076737,-0.15700172385406608,0.0946328622032355,-0.06886209023347079,-0.32881933545614417
Paceibacterales,-0.7807979086976724,-0.22149905991385194,0.04287419162647336,-0.433986147143838,-0.43085185372837276,-0.5664960140697547,0.23865722095782976,-0.39324784286363246,-0.41232783997140654,-0.510782910426807,-0.7582873812287504,-0.12503670428332206,-0.1441125870890505,0.04320083528756017,0.05733297377800999,0.2727384054137439,0.7830503378280399,-0.43510733143965896,0.5681734836938404,-0.6703794024380119,0.21630972913641963,0.5933778699923857,-0.6263514113633676,-0.7384766822547513,-0.6349331904605419,0.7955479654667039,-0.8144568005501354,-0.28519101684898673,-0.006357104489957606,0.21205274856082246,-0.004218572095591078,-0.17790477858165016,-0.17153013978200174,-0.03304471853430585,0.15136093397313555,-0.08403316895655037,0.1246053930462121,-0.6041080311446987,-0.22628155082447393,-0.021601005828909815,-0.17301220821671145,-0.841229253391767,0.820011574744729,-0.3696011555102741,0.41669932557230605,0.10834443468580794,-0.5180309547445587,-0.7592519412819184,-0.03530975612263848,-0.14341310550831077,-0.007311487686600584,0.08981191624384521,0.32970612872987215,0.025966003520354924,0.0210355352114713,-0.23220852831150218,0.2661970118505101,-0.24157656493252572,-0.4216080317845776,-0.08856509260631251,0.3987028200791996,0.06550177533552906,0.22332742945674194,-0.6136147696992802,-0.35999050888110457,0.8589032014346294,-0.36685615139020705,0.08474588109888398,-0.06982367981057122,0.23864371793860917,-0.0864256123192034,-0.7938841551293415,-0.20854856883819073,0.31821545763854014,-0.6891563310512575,1.0,-0.6158983637562374,-0.771365121972941,-0.24686816682209578,-0.24078599621886912,0.2390523502134068,0.021594458403958437,0.20349415624303246,0.34974999350306973,-0.08929460371101768,0.3290736218172408,0.1556035125658384,-0.22350401651801877,0.10767937425058016,0.004363936068408195,0.6680852723136085,0.4055936860263405,0.49103172110184634,-0.476122396887011,0.37441303880938337,0.9204509773534661,0.14703558763274502,-0.23998991876500905,-0.09728725183895325,-0.11536159875608784,0.7840556972290011,-0.5256295779715816,-0.2514246233235531,0.6407061317673614,0.3001399841500835,-0.11742256186293444,0.5532865983665698,0.26368410132830616,-0.8582810197513848,-0.051323401056202485,-0.3299763187785377,0.18969442283087581,0.3304205651551546,-0.20520702957010348,0.4502823334739919,0.38702816649199956,0.519007650705665,0.05034035296558619,0.3027592700768557,-0.6309539182945406,0.3701415383558798,-0.1764728724469338,0.06006580047878177,0.6420144530307431,0.17621563011575875,-0.14108234717420262,0.7483262468515933,0.7737885958648587,-0.4394756377578137,0.19652455983825648,-0.023267923077861533,-0.6283331566799363,-0.12187831073457132,-0.7531351255798965,0.7561875384681495,-0.111122243927171,0.3632068359159889,-0.03786140200139647,0.13587446495031383,-0.029289077249886622
Phaeodactylibacter,0.8256219123973307,-0.1477287664357273,-0.1495618178365441,0.013848953174432412,0.4395597443578944,0.7899862087095396,-0.09908275954868168,0.3171869258900506,0.3589708816200916,0.35821226740977996,0.4040335352249724,0.013942134241715838,0.1224830761063442,-0.3991289201370529,-0.02761641462925784,-0.5032222913088483,-0.6330956659064493,0.19848470457026118,-0.46231816071126847,0.6652918770642094,-0.05798426547597933,-0.234015300074377,0.9670462276828764,0.33482999792722296,0.5309814033393491,-0.6957599442229232,0.5387569367992922,0.6734132022532443,-0.12043692343572447,0.031401875267886493,0.06308043458518901,-0.0010237642093530784,0.4988081653905253,0.3862907806086561,-0.14561180499343598,-0.08109046062230611,-0.19152932098464548,0.25135005984434655,-0.24180932227002583,-0.3784269119354426,-0.13420454200895962,0.8537043978523001,-0.5815530691414428,0.6040919523427529,-0.30547646859149896,0.02296199491313315,0.10240132440643651,0.6499905639593869,0.20172708102420284,0.19682551100912568,-0.09821715752484574,-0.22580228778985034,-0.27701388185385467,0.07312743753871069,-0.14075768584444495,0.0921219732228118,-0.181490295092507,0.6636851134653152,-0.0008622355626178428,-0.014318782192511401,0.09149473728760994,0.13666507038773432,-0.20947580017829737,0.40200686785481576,0.12030655530396776,-0.6032957250664605,0.018214967842032283,0.15691574958994842,-0.03562529886982607,-0.22577681616064615,0.07338472036692974,0.7892117519367812,0.010050562705732027,0.009901429797755401,0.683823256757416,-0.6158983637562374,0.9999999999999999,0.9124185605151791,0.11061978973362113,0.289649124343252,-0.033147797839603095,0.04637898804041896,-0.0851242449942497,-0.2602966915288749,-0.09749567869917217,-0.5798447840896449,-0.019243641046160363,0.13283979940024282,-0.02294642346384341,0.2242135364050305,-0.8305870747971168,-0.40942110858118436,-0.43393258935804574,0.7245587682267682,-0.2999854706780145,-0.6539271862190186,0.2093066817264657,0.26689444823944003,-0.047412180883861434,-0.38896735209785555,-0.5496272569986848,0.6129884881084193,0.4830369829755594,-0.3402846364984523,-0.3097114902884718,-0.012931520707808926,-0.33995834566401495,-0.30047318290412334,0.4113979159930359,0.08527543431396478,0.15913511152575247,-0.07782735636471284,-0.4765619331406554,-0.29469460050359714,0.10332317709689583,-0.3084932797842543,-0.16875900837082197,-0.05865357842359401,-0.36386722617509226,0.5927570713358051,-0.08842197263703208,0.05033957827849902,0.03688360125461663,-0.4287216786724034,-0.19716010189543481,0.29900039089172614,-0.7874669412077389,-0.6825880232629533,0.4069769308200844,0.17444276732588265,-0.4046615376378055,0.46299674249991063,-0.061703132217366785,0.7860168951382844,-0.6151719682920782,0.24682756665691263,-0.14871263273671023,0.13287140908588543,0.11779475362568587,-0.26103370703011275
Psychroflexus,0.7742673229559976,-0.03301133221247374,-0.20348083531937308,0.2639345131266074,0.2083701751877244,0.750317467655448,-0.18616124138334195,0.44207308220271585,0.44437316493047185,0.4592684117199475,0.5044548935692394,0.2952758203008972,0.2019846598384653,-0.3286944221065775,0.023502192653180782,-0.5072224829280568,-0.7250808953462969,0.19347395769667766,-0.6071538208931263,0.6987125398434154,-0.16600463928402648,-0.3412381756904393,0.9008839044150132,0.4215882386213525,0.48473518763458134,-0.6550644450048645,0.56354314008199,0.6045807065863394,-0.14538611400553364,0.04821493800485856,0.10066022209123651,-0.06630314138858809,0.25230541281627145,0.2742840948900389,-0.24342050177706434,-0.1121405381775854,-0.29492517504524896,0.4348629896779072,-0.0009641336691738732,-0.14214981102641994,-0.0011080345494900053,0.858931812595642,-0.5811219269156489,0.6887290732283302,-0.3557737401405474,-0.10986632582060057,0.29579595647739126,0.6764994258058605,0.00238898695592347,0.2590321454977394,-0.051427505939173175,-0.10269471228933788,-0.41720957899966,-0.07581806746172381,-0.1788631048834046,0.07168543891185333,-0.3084404917644196,0.43419562520020816,0.24865196808899157,0.10726793392449958,0.04910571947584676,0.09114531276244861,-0.32552230835274265,0.48102221258370365,0.1615345643195041,-0.6330710176742224,0.3102621848860542,0.17631111237331526,-0.07340047177870673,-0.38679241696293276,0.11589080999502563,0.7329005418658646,0.14869475214686914,-0.2552210818741868,0.705507299689936,-0.771365121972941,0.912418560515179,0.9999999999999999,0.31651773260128363,0.36100910185090307,-0.08859481340028187,0.025173797223570837,-0.06506929910324039,-0.4685299796881221,-0.0010193147148450789,-0.42299895867003623,-0.15942656350234277,0.331494343511275,-0.15677742706427542,0.2173624769980086,-0.782102084715434,-0.5430352843789765,-0.45095315770388444,0.6127076898199746,-0.4079147140801141,-0.7290928335684195,0.07522495528487967,0.3698813145559887,0.031829154884692186,-0.14414122420842473,-0.6320689683542946,0.47234452259837223,0.3767811813745901,-0.40341306633970225,-0.1475267884318588,-0.036646804310149474,-0.3715364923231229,-0.3400071000319703,0.6513294533967683,-0.03078896411001651,0.12024621160997188,-0.11527436740350855,-0.3550106127486891,-0.026938715015456433,-0.12901014287571747,-0.37181879384724614,-0.21628723000791691,0.08805040869079271,-0.09873780445429983,0.5250081786357819,-0.21212363094689607,0.17444905708328556,-0.10465034112235756,-0.5028671509636014,-0.33374354772256576,0.052739990400161744,-0.6728604751585021,-0.7234355378067,0.47617990206171484,0.21868185149718433,-0.10677400235093867,0.5171579407409918,-0.06385670515167463,0.7755955615363183,-0.6617699298607418,0.20303330714553638,-0.20873694032118176,0.05152780432214984,0.023415647413351563,-0.08134677378440672
RZYO01,-0.016960737449400774,-0.2114057859295257,-0.28105613854531036,0.25293669192624674,-0.3582310280031099,0.27241820029053976,-0.15591326435036096,-0.05111509210342856,0.06822909508155241,-0.03375769357118316,-0.05126430285253111,0.9068458866826521,0.1993443612227119,0.5793100725012681,0.14880072044545442,0.004900402105114928,-0.5055884935186775,0.024326298583818635,-0.36428347036203107,0.22070342622714773,-0.11779808794721691,-0.027574663947301556,0.14364103865555136,-0.03678183662186414,0.18068347005415458,0.01980846781712472,0.16209948494981474,-0.22672056890963987,-0.317549087118,0.32474134090617257,0.23589891422684126,-0.2779843751853768,-0.13300458092240872,0.1383797517887832,-0.35077396096715424,-0.25465585908617877,-0.36359356276333643,0.20732121409127882,0.21183360165110166,0.35990148425142293,0.1156482762416049,0.1431239595838446,0.14236698049644733,0.3681164979563252,-0.1700116662428921,-0.27905707472702995,0.18421723686123326,0.14587211345431636,-0.3995574762873596,0.24482459878276264,-0.33864552176160756,0.7035898457451529,-0.17919579894988033,-0.3749511889676537,-0.1358212950770595,0.023237008173386708,-0.12249937104240102,-0.5812923559343587,0.290678291364493,0.08373985461882058,0.15977229854885502,0.08028255152867983,-0.2937890546314532,0.09918338572293385,0.14304636758841638,0.0965040292613071,0.02949558389562922,0.42317871737643525,-0.3252427504573425,0.013504366490967253,0.06035462916002717,-0.00811930061746968,0.1078964904539678,-0.3016250247863336,0.1620177910555157,-0.24686816682209578,0.11061978973362113,0.31651773260128363,1.0,0.22468432878358982,0.14692471938306456,0.14022518394403422,0.12391503463577751,-0.4719968597072981,0.25556737677260144,-0.11799460271876014,-0.31512532623041817,-0.12489270841568846,-0.26847683499022984,0.19785831180151875,-0.16265669962733403,-0.043027227044024605,0.4526306941391829,-0.05978720037558153,0.07120625099664721,-0.1588493106612067,0.16874674453809133,0.24024228327205135,0.13297817908923718,0.31377429372018534,-0.4273258037991206,-0.08790757619473974,0.11000426131421093,-0.045735019615873236,-0.3225061483848173,-0.18466064357041637,0.47559876925956057,-0.2040260636709624,0.22726709615075158,-0.2033871826470976,-0.34634593317747775,-0.5368253862956845,-0.16127529147654976,0.420760164048302,0.10157280916794316,-0.43980882104301344,-0.16318909859864367,0.06357804608860618,0.6506076493767193,-0.30739726395794525,-0.3999645260376822,0.15665723653985827,-0.2620029837189006,-0.04005196912109,-0.07050476965945346,-0.5024246897452052,0.1557624124262889,0.0019421411696199278,0.09919956541516592,-0.3191899846414785,0.6289018606372203,0.07391256995415342,-0.19446442546731882,0.052192797328051266,-0.3137927085769858,0.19636213616590362,0.03778143803963779,-0.12185102939248466,0.10161670857594918,0.17169819127715133
Rhodobacteraceae,-0.031218562495790803,0.35742714581070445,-0.7144070054306944,0.6502712353095567,0.1736828455630179,0.06967149281409198,-0.7531244579351875,0.7256393439534264,0.7824380409725256,0.7331433045118244,0.26100991152230807,0.16404151728194788,0.8686277154602918,0.15638247883001075,0.15416995067922218,-0.3207044188027134,0.16370391844199225,0.12663801306112937,0.27521090606076365,0.6268552944395652,-0.2713442042296,-0.10318251447499178,0.4306786634842087,0.021460489795521873,-0.2816667607615276,0.14648188622341574,-0.2578664679655516,0.13806505971396826,-0.7628412504805215,0.6328344302475194,0.25798293858640664,-0.705331176122875,-0.24263336887214734,-0.3025973003002985,-0.8101342040994796,-0.777033066609628,-0.6745964188530786,0.5901790422769826,0.6032417694480121,-0.5612075217816077,0.859677603828621,0.42822247011167125,-0.24137227976350414,0.34240439520656313,0.5141852372412765,-0.7382226177747336,0.01497367152676277,0.7025377471947839,-0.7225381024160127,0.7953727688469865,-0.7214320225567856,0.21869136232790803,-0.8664162228586595,-0.6096640116616086,-0.5002946426216107,0.7206175668857376,-0.8375670627143806,0.28031357259907497,0.7736291955597306,0.8563508492601268,0.021923787650635115,0.801841037040233,0.6688796955392657,0.4515513572164621,0.8276086994376799,-0.12948276210596016,0.5022577635281836,0.605984651530998,-0.776912291446338,-0.6555158328062511,0.8113028743702034,0.09301204836649563,0.8162875730160297,-0.7980598123981258,-0.18064917364247046,-0.24078599621886912,0.289649124343252,0.36100910185090307,0.22468432878358982,1.0,-0.015446232286152065,0.6918304376937626,0.7614680133189199,0.4017902143748428,0.8783356761678336,0.4020465674446487,-0.8657665586384262,0.2896767995458785,-0.8278693176203675,0.7314179672943713,-0.08961152605560985,-0.7953648874425685,-0.15196946705780187,0.1410143486040895,-0.658126554688545,-0.16095791545230326,-0.07679882750425943,0.8245907865386721,0.1343680339648506,0.514307750207109,-0.07513602670400077,0.04753833984458728,0.05790369955427668,-0.03825498005122982,-0.20503560899508178,-0.8025985572631907,-0.017604167114181772,0.5516003168358834,0.24449512746970362,-0.6238221813716261,-0.48852653444630373,-0.1770805274209362,-0.10741966885599351,-0.3127679931904285,-0.4955787092087757,-0.6576948011588505,-0.4648612683488164,0.7059832964582835,0.1446139393818207,-0.17213958483666283,-0.18290380662598754,0.6766170470227673,-0.8786464786737134,0.10805781211024446,-0.7705568081268634,-0.5276337438006123,-0.07122462593442563,-0.0744382870395195,0.1805816009866308,0.29899930258072727,0.4748340372718902,0.03164058056601963,-0.8480560303440183,0.4054944277701286,0.10840701645853275,0.15604320888070872,0.10576910420812517,-0.6138344345443895,-0.012984365915666332,0.683274789160373
Rhodohalobacter,0.09701614879327915,-0.7883807372607663,-0.286657056369327,-0.14980427543347863,-0.037506463462314975,0.4921504213051161,-0.12436066185995351,-0.07593439567748865,-0.05437313561148013,-0.18481667739235802,-0.5258438056368188,0.17173781746034456,0.13404718916833158,-0.16472974426730988,0.6668349344567245,-0.6452727609563442,0.09399686863149834,0.2435514857842754,-0.3345053423427617,-0.04088000141668642,0.23533872903674247,0.7191663839669706,-0.04692343810498871,-0.011949627546187197,-0.029605667888866524,0.027090191020212682,0.012164247459683317,0.3293056310890493,-0.4072756031762493,0.31071280013875185,0.7998299214441192,-0.4487613951321588,0.4235970250852903,0.6765459984950046,-0.32892497447775443,-0.37928943355979294,-0.457457219541566,-0.004445738950247771,-0.13674085348699824,0.11937546430019327,-0.006093845708268159,0.0731380420742688,0.4682688850106318,0.6197400762500767,-0.4476433544555703,0.17057468153512112,0.07943664977091618,-0.18569261486162542,-0.23182521992214916,0.0930922213514628,-0.37007861153172206,-0.3526621461265542,-0.24714258744846598,-0.4345517629885036,0.2480980462511819,-0.2995457297396124,0.017157582518160797,-0.3205244930862098,-0.1902463155008985,-0.006840109861527724,0.7722123188377547,-0.40581272743508506,0.02709600179817782,0.024736777433094704,0.05261933985933308,0.3631669981918172,-0.34642399082146946,0.3734471769456102,-0.34524713169726534,-0.1385808658899734,-0.14774383272246222,0.14706457226195951,-0.37904938092774915,0.1282441215371985,0.03474144236979926,0.2390523502134068,-0.033147797839603095,-0.08859481340028186,0.14692471938306453,-0.015446232286152065,1.0,0.2678322223483777,-0.37952928804039776,0.029776627182346322,0.03736680234490911,-0.3776342003288043,-0.20137863080430626,-0.6286838361546643,-0.19284632976708346,0.10248640139108768,-0.3500134684506682,-0.23057516457276872,0.557084789805212,0.33997353273335357,0.06717285598423176,0.0636540685946755,0.8714593925390978,0.08817958306241039,0.39055071136374364,0.11618062644227226,-0.3345071231200732,0.4740773360254433,0.7851647001187011,0.717115072444538,0.006265446516474731,-0.2154253656266623,0.5982154117053041,-0.40321625233692315,0.01112982697921142,-0.42646958534839075,-0.5559916265464631,-0.7521136010049915,0.31179723827319794,0.36252901233251245,0.5723465333084637,-0.21787649810152704,0.44758686907832024,0.1087184914612119,0.10379946894442811,0.23389126137486682,0.13540229485248695,-0.20855595871945212,-0.10596326536418693,0.43202201700345616,-0.2707154444031383,-0.3550558158447936,0.2062590444628501,0.37596835169053916,-0.2052618449025701,-0.19917731164783306,0.20964750457650178,0.5403741558458268,-0.29497929136491513,0.14369697992886402,-0.2903380537359783,-0.33892435491911876,-0.5362331631195243,0.10144368491211608,0.8114421482349816,0.1082351116634283
Rhodothermales,-0.1034821166898672,0.18006000211160175,-0.9529734381837455,0.6236091105161672,0.3030921608671208,0.024798316799532812,-0.6599600061532787,0.7142136543708428,0.8211906795817501,0.7087747289917748,-0.18079504053801995,0.07341942310218322,0.9269449183266013,0.25227506958420504,-0.06642641975835288,-0.30067469392411084,0.26386171012159515,0.5856487185429253,0.38891976565517955,0.5690292707878373,-0.5652273101717661,-0.10565730376360026,0.2750663914189056,0.2640416273751505,0.00849132110867872,0.24948801604308293,-0.2972696245126266,-0.09137969527115702,-0.9548991335747389,0.8109450075341035,0.09652272545217738,-0.6697994420965817,0.11965842950710497,-0.21137903313436932,-0.8284280691619045,-0.8887925161046433,-0.8474733728724493,0.5698862189809236,0.683204187388859,-0.19733145128232815,0.7105034695527122,0.26100614504676467,-0.024938921652030197,0.2837728827411329,0.4772671439578184,-0.837020775162198,0.32416562782517544,0.5221026881915453,-0.7647297024811723,0.9430560157994726,-0.9356738713426688,0.10697097691810674,-0.730972770028183,-0.6000557851698913,-0.7301585678408753,0.7881936072125203,-0.8496457611126647,0.10002002368468202,0.6149025897943774,0.8520785690049447,-0.010509145324477448,0.5196709278554505,0.5647912819568506,0.6615493362942602,0.8105858850709351,0.01947904176441188,0.30672773269528064,0.7202879723312393,-0.9460251265599324,-0.42367515543141115,0.8495555457719663,0.0889351154691706,0.6178615784432461,-0.6436310067242964,-0.1167853522310052,0.021594458403958437,0.046378988040418956,0.025173797223570833,0.1402251839440342,0.6918304376937626,0.2678322223483778,1.0,0.5082478949727481,0.558811103067032,0.8294654217703636,0.3872571184554119,-0.861757197802082,-0.02668873782741788,-0.8227212008798204,0.9191691622428859,-0.11993397038104205,-0.5722548136497146,-0.12583152951005902,-0.13534948382897397,-0.3447545187997505,0.024598446873707915,-0.027081511865664203,0.8891021291524812,-0.25739894972013333,0.6245767569529322,-0.14605944322072545,0.23439035387762466,0.326448984057069,-0.0056411111722241645,-0.17127211444478005,-0.953482128385317,0.06018505097253749,0.5071133325657542,-0.04791036798011145,-0.2148011027453251,-0.29321633019406645,-0.26666947646273936,-0.26902620632377994,-0.14595557653567323,-0.07095606107271268,-0.7611513255276326,-0.4954752985423375,0.7970138878840766,0.14620002552843497,-0.1683316400790572,-0.4823718362494279,0.8259064586784856,-0.8232947103946432,-0.09255792412791,-0.5993195388435381,-0.5714121208122683,0.18645656955302908,-0.09596063813531006,0.4674859835054514,0.09759456661382811,0.3859928733801176,0.024376928367396633,-0.9227486835873018,0.41141874011241863,0.15900318326185944,0.1856580903822699,0.11493746913464488,-0.48967613590206366,-0.11193191919623598,0.3584213157093098
Roseicyclus,-0.5280350322447098,0.5443772363700818,-0.4787811862402194,0.39801286892019777,-0.10652764126001596,-0.49000866157028566,-0.5281150350770614,0.4119600739470476,0.47816317717723955,0.41965168648444867,0.09722563792843465,0.10372103579732794,0.6200416531234689,0.35258622159613806,-0.21640532306014584,0.21225134154845776,0.4732132161162498,-0.20926556468119742,0.6917581454448042,0.18253352886897575,-0.2995670724901377,-0.1138930853738434,0.045484748047039066,-0.3738660073290672,-0.5344363698618938,0.584560965084552,-0.6541495213009909,-0.250905368333458,-0.5029539263823477,0.5880927430459615,-0.19346739883973008,-0.466404133395747,-0.49767587738870944,-0.6586302155460778,-0.461320668499923,-0.5331006155096887,-0.2984599916493,0.15682130241697154,0.4831853456260425,-0.50276618663302,0.6805860069869915,-0.1381414142252817,0.0513340860490622,-0.2080227574718311,0.909172163468213,-0.699318461746766,-0.33379408784581305,0.2916445117333106,-0.5565100842301509,0.5986577255389465,-0.5106258049229119,0.5234669099685663,-0.4263089059260372,-0.2848657422188595,-0.5465718659958891,0.672675221240034,-0.5962621468470694,0.17831498474891244,0.5499540105295438,0.7052221238385441,-0.14572799278368076,0.9611544042600699,0.6743568963032079,0.027377560561343262,0.5298125098911066,0.22773812707143962,0.35779107322236614,0.3908823965706473,-0.5757749357431476,-0.36343510886506925,0.7207270218931704,-0.44357558751415027,0.7742817912803448,-0.6123528399807872,-0.517410028457461,0.2034941562430325,-0.0851242449942497,-0.06506929910324039,0.12391503463577751,0.7614680133189198,-0.37952928804039776,0.5082478949727481,1.0,0.47125288028638973,0.7468441058157239,0.7038011520928383,-0.5883860988706396,0.41987510603926054,-0.5595245037702603,0.6273823016390149,0.4760973462945045,-0.32236631549514855,-0.06284983598481805,-0.37542974066026413,-0.4138573260382724,0.3554993185079838,-0.4260080775355799,0.5557319270410279,-0.09247692772722331,0.34527477837755527,0.4904019956951717,-0.50291506434592,-0.47295989756375856,-0.03491474628947841,-0.07572426341600369,-0.6791347082959244,0.08946205142616923,0.7959059733533047,-0.2941241508123762,-0.3651061968331399,-0.33167031759145527,0.2738733085382089,-0.06771058417424039,-0.4886176321710665,-0.44199923254740675,-0.3514277235945943,-0.36370234809078883,0.5803601703457031,0.32211168235872467,-0.6821370477344487,-0.04686211229790726,0.6237284289645083,-0.6878095563229137,0.2363465320194434,-0.4400081910256495,-0.38705341012778693,0.28823738329417087,0.20124362047117966,0.049161620949581035,0.40161309001245876,0.36102839874913206,-0.5966160264542529,-0.6780674231489697,-0.13842540901175923,0.6472036600640639,0.3581536795742986,0.6368127403378544,-0.6892876454535012,-0.3633987597248296,0.5699167828459641
Roseimaritima,-0.33665257838979945,0.37349458325030216,-0.3523858550938808,0.2111109206154349,0.5141438793006893,-0.39504247267145004,-0.22469258149505153,0.26345212871209567,0.3039117891886476,0.3236593915086786,-0.2158075890437099,-0.6318969664565364,0.4825011708858501,0.2285701438222139,0.05703258730537595,0.16100341392200185,0.6543205239827363,0.09083653246295188,0.8221059026609343,0.1678922934000453,0.05661964703710259,0.010873209812870387,-0.1459704748673267,-0.15271480276504124,-0.3609236726135942,0.2790352413479778,-0.4659048192096213,-0.288477967367931,-0.40842637288462086,0.21395777462752105,0.03740374015548286,-0.40895245227531185,-0.0818676308900419,-0.25468410067260433,-0.4002827131293213,-0.4889240036908657,-0.22884883470428982,0.2020383639131577,0.3159740272402954,-0.6246010263187681,0.5212086242640207,-0.10844978503053383,-0.08984853147761572,-0.3725587977222502,0.6217449592817215,-0.3851655803129718,-0.12759156663259338,0.21149285572371582,-0.31874558930415087,0.36416819515711324,-0.5156628499735648,-0.03572953005030365,-0.29491175948219556,-0.31822408864344176,-0.30852166679072607,0.6436840818416176,-0.3388426683358554,0.3242659083413249,0.2528135132540741,0.46595202982993705,-0.22481037760554984,0.5199313240465385,0.8725900957112233,0.18349846419768098,0.5547987903834586,0.0458072975984785,0.005526749350022665,0.34020402472020705,-0.46480816548521015,0.03557928636773732,0.6022127290099479,-0.19131156683537895,0.475741582418623,-0.1447717231933286,-0.6189380611581848,0.3497499935030697,-0.26029669152887486,-0.4685299796881221,-0.4719968597072981,0.4017902143748428,0.029776627182346322,0.558811103067032,0.47125288028638973,1.0,0.53136402847227,0.4344234188278346,-0.4218393103651306,-0.24986637941222303,-0.44552825874007546,0.3528091738413908,0.2907725928176292,-0.11978840097183595,-0.03248349711839376,-0.054355639852103156,-0.013806552458179498,0.2080464280479372,-0.04905761036667263,0.29423811497149477,-0.20966699787444257,0.3245421998393549,0.3498367340242449,0.02644567116752745,-0.0839512019463593,0.05955856434727539,-0.3011821262137412,-0.5200768892679719,-0.06481665390479552,0.7960594521856664,-0.3148372890572301,-0.17337576142646025,-0.2847069267192501,0.0006458651824203567,-0.17816060101919973,-0.6168723876555907,-0.17556516137775555,-0.07848498697059979,-0.3866269236948573,0.30174695017901504,-0.36948817274573514,-0.1904369038122164,-0.07155480681560884,0.30552579164996607,-0.4592040177288402,0.2716940186193134,-0.11676333758357153,-0.09907447712857592,0.0693331053190066,0.23305134354612878,-0.19704876173486127,-0.06290338821657941,0.02764893987080475,-0.29677589725421416,-0.5420021663062324,-0.07256366380839911,0.44789720298020524,-0.20201656838503992,0.056178341326063426,-0.18667085753559903,0.006233101087110798,0.2210851749823941
Roseovarius,-0.2753035661338491,0.4034666339166894,-0.7757059369932989,0.7204877379245492,0.14212565307536734,-0.18063513837330147,-0.8090725997146999,0.6559336501015535,0.7507043559669205,0.6810584617956325,0.12312511613611545,0.17712462637829643,0.9062542599079221,0.4335390034955842,0.038880695546316235,-0.1404985144151279,0.3157614596158674,0.3179749316717445,0.43684004633749063,0.4662125554242474,-0.4317160888812895,-0.11264562486482788,0.09905549834427017,0.101237030238253,-0.273790160020508,0.3518792785801718,-0.34577384672661476,-0.20045018268519266,-0.8305052542159196,0.7121471067781121,0.16420061698989993,-0.660891892438324,-0.2758766592083404,-0.4837482809023373,-0.8085339536423198,-0.7918550721248873,-0.6867493648889936,0.5812838089786474,0.7943567238493804,-0.3105166705458835,0.9616140374518145,0.1784935810246215,-0.07433034652420488,0.12079984292893137,0.6087010851738816,-0.8462073228169135,0.125683289643702,0.5543436700862562,-0.8390485278984375,0.8401888971931096,-0.8363085817573856,0.326399246660925,-0.7740646805593077,-0.6356288065690192,-0.5349675743796396,0.8228807006980092,-0.8479581125854323,-0.026684397840933488,0.8266208887275949,0.9166181498304397,-0.12127020380501392,0.7130252146572112,0.7444536448597212,0.4692551714896152,0.9163368683916141,0.03633337188171077,0.4542120401161031,0.5751991030641505,-0.8574380670611145,-0.5350348547218426,0.844614235514746,-0.09390320329234651,0.8143413032939025,-0.8422192415505396,-0.31865504382782783,-0.08929460371101769,-0.09749567869917217,-0.0010193147148450789,0.25556737677260144,0.8783356761678336,0.03736680234490911,0.8294654217703638,0.746844105815724,0.53136402847227,1.0,0.5851495058178323,-0.9278253640362726,0.1460475618357172,-0.8567131716649692,0.7584131100984851,0.13995335334852688,-0.6230288029551982,-0.013252664737774358,-0.20053471774996232,-0.5361442832915956,0.01985040265029982,-0.18554450586405227,0.8124806022494728,0.07098427619368232,0.7523090540688292,-0.026404518612923665,-0.04607258222711317,-0.004660590373085276,-0.004510561792845642,-0.19952251515177188,-0.8781163315123945,0.1060182134709368,0.647685772594921,0.09474527712719745,-0.5375727855588892,-0.440527894020999,-0.23869993422986527,-0.03899650378709785,-0.09999937730511532,-0.48438535961128054,-0.7287916416108813,-0.5504241611595374,0.7609976413790256,0.25051092708056577,-0.3505128886236654,-0.3189606633873062,0.7797948316781662,-0.9222906429864369,0.12303323603736532,-0.6844182441187934,-0.6437097301437399,0.21111272601308448,0.08604294743955461,0.20128833259873244,0.07638696616829861,0.6491104006855003,-0.06587095915335393,-0.8790898549593831,0.23090520757637106,0.2615228251555833,0.17670741427382128,0.1751433283385061,-0.713531549082285,-0.1376734901785841,0.748854286724465
S36-B12,-0.746233282862303,0.7171067243276574,-0.3720420188390111,0.5658512690666768,-0.32090259372374147,-0.8147998636725343,-0.29928883044055954,0.4361312725344364,0.3701125028850329,0.38835466653968104,-0.09269758728560619,0.02655930284862337,0.4980594449904702,0.28703361505043734,-0.21550354135265487,0.38129801101271277,0.6608655326484505,-0.14939304847288604,0.7118885025372059,-0.06525572856721923,-0.36514572756207164,-0.22890842696961883,-0.42086748450986194,-0.2148873399817641,-0.6229273706585031,0.7176857011597731,-0.742788770418588,-0.5159619506883987,-0.305198271672595,0.33947161739234716,-0.29911946156976826,-0.36573147936277844,-0.7481721603338811,-0.7702464022692248,-0.33609246201122933,-0.3903298286528722,-0.23833246096516525,0.25091392898297116,0.7244274946164387,-0.011798367035123127,0.6111838433917632,-0.4624400273546175,0.1752703134263078,-0.426023270369259,0.8055541039469619,-0.6766791153239642,0.0461340264688426,-0.03627406677003265,-0.6218682773913508,0.4383325941230656,-0.20844822077108946,0.35058747249268396,-0.3273659513421108,-0.32882133009930714,-0.5313791018027092,0.49492148137471165,-0.5319414710503215,-0.14194850133106812,0.6072370710565821,0.6731798702444811,-0.3204650112920618,0.5416855167193141,0.48864155202035936,0.06986245093431817,0.3331007282246126,0.2701219323966811,0.6417848764949389,0.21384134327195758,-0.4101388287505582,-0.2945117262966209,0.6314279567591533,-0.6672731577417436,0.7260792135733205,-0.6460984606533523,-0.6648240614013085,0.32907362181724087,-0.5798447840896449,-0.4229989586700363,-0.11799460271876014,0.4020465674446487,-0.37763420032880424,0.38725711845541194,0.7038011520928384,0.43442341882783464,0.5851495058178323,1.0,-0.5085608072314293,0.5123148268687264,-0.5270205039565727,0.3840610061944716,0.7352073271245956,-0.1946952015634914,-0.16856525864806252,-0.697728633925089,-0.21702478603617237,0.4673932174936222,-0.65387451209837,0.42325923876177374,-0.25454341213292486,0.6289164254140681,0.6130668933623669,-0.6952606540454435,-0.661685301925505,-0.0580523633902479,0.3794794838602228,-0.5268629164516904,-0.11730035190124188,0.7851860887702804,-0.2025587482931047,-0.18848455072211015,-0.15792274911158263,0.41144672563287554,0.16135546130528375,-0.14341686390516303,-0.5950729032181116,-0.038519123681062924,-0.29051735218795394,0.6668471689431957,0.4398060589615091,-0.681808019387942,-0.1894961030921367,0.6313326962603288,-0.6239983959638695,0.10825352353816176,-0.3202363415517718,-0.5402200295873029,0.6069746716090249,0.2380727713104919,0.060140393034618246,0.40234353569857273,0.497636295474794,-0.6247047857459795,-0.4492514922375704,-0.39338198379577943,0.7707744301317528,-0.005319946147445504,0.4222032500566599,-0.48770714218488076,-0.5472348053631181,0.49343653099343604
SAR324,0.14728427532791188,-0.3183385907574761,0.8927299514901647,-0.836243226301486,-0.10295707128410676,-0.01018605090754729,0.6957428869926692,-0.7788654172777558,-0.8222690176049182,-0.7622680442851364,0.026733957853398254,-0.28206310257374684,-0.9714622166286714,-0.3116611682194579,-0.21555123868244414,0.2921495029054158,-0.1961620262372169,-0.34580799237558124,-0.2640619497404558,-0.6211206444519568,0.38826522102327304,0.1325872556964066,-0.2227716152377106,-0.17243307593626736,0.20925641728467514,-0.2326052780047558,0.2871051477937828,0.10333897078978717,0.9064869733098171,-0.6926291104548348,-0.31649694905451164,0.8275241312351416,0.25801424098189546,0.23832436099884427,0.9563626972649999,0.9195010608753471,0.8889938562563241,-0.7587300147796866,-0.8411927524677673,0.19858356073063363,-0.884900691397419,-0.3103956789062723,0.09923061863010993,-0.36197305102873795,-0.41764201710066495,0.8749398161814806,-0.3694278151133057,-0.5881119830491753,0.9432408112484151,-0.8954360168443452,0.8324558430901388,-0.24534651415714515,0.9202480588062113,0.8322254734966503,0.6263829227071681,-0.7272282045479375,0.9038204279357321,0.04751401935313616,-0.8740948997783524,-0.9288819810255312,-0.00042318032657642844,-0.5642152882676907,-0.5700405785974123,-0.6306064418815014,-0.8597953201173943,0.05598209692892573,-0.587451493815475,-0.7653192693381291,0.9312010021515298,0.5685592151163249,-0.874605386981829,-0.019584539668359872,-0.8082878510397163,0.8727926965534794,0.23430699979877484,0.1556035125658384,-0.019243641046160366,-0.15942656350234274,-0.31512532623041817,-0.8657665586384262,-0.20137863080430626,-0.8617571978020819,-0.5883860988706395,-0.4218393103651306,-0.9278253640362725,-0.5085608072314293,1.0,-0.12379913337267265,0.9784400918259956,-0.7797984285379413,0.06206880836984721,0.7481386080126251,0.056684735367035666,0.040737793073342514,0.4562626800531684,0.12297424397280646,0.04662051400539511,-0.9117978123195628,0.02198059496229695,-0.8302393636691235,0.18387555337619443,-0.06906989034534503,-0.15902734555931047,0.01467180749021211,0.11914186098841814,0.9097640103230887,-0.04236002899572817,-0.5341951359545097,-0.2810746087297757,0.5347273323091827,0.5261660714858025,0.369393288699899,0.11467992316151591,0.0347518375759844,0.40606519051612333,0.6963283624373282,0.5210465886533558,-0.8428336881286882,-0.3195010491598121,0.21430628152263553,0.47522685331039993,-0.7952255030488312,0.9832839135363926,-0.014293222617343932,0.731285184447541,0.7974512774988983,-0.1796562664671266,0.04818574928148317,-0.2720685400423553,-0.12278357583172865,-0.7080531320088874,-0.08466324286291965,0.910319822164303,-0.34918725622620217,-0.0792862753655515,0.03423080615175101,0.06657632588175047,0.5028705574143203,0.021344361219784367,-0.6242431707872107
SCGC-AAA027-K21,-0.06583510043674809,0.5653912457387301,-0.09480659636034666,0.3596536026587185,-0.3249327599330001,-0.2792773062369026,-0.2940065695741007,0.5144415342982434,0.409467178567507,0.44729050382704144,0.4957094431276219,0.13757608361376655,0.1844213551558,-0.33610183873340566,-0.4775042305681985,-0.009784362696399023,0.07386272928267199,-0.09977924701064107,0.05672508377334354,0.08679722684380617,-0.5295045270649847,-0.4121081647745246,0.18965864703776417,0.12375626259503711,-0.17307421791238192,0.18249298244289067,-0.20049767064760404,0.1857116472692116,0.041077622900115046,0.15170903629100002,-0.5044079096122072,0.10697122912881148,-0.408497761972386,-0.6386841872394382,0.04145896918146422,0.04901715833970308,0.011464003403948916,0.14388269631260978,0.3361453830347457,0.0295197546386934,0.22981479994702858,0.03912752053206728,-0.17772740976391949,-0.017984838770870933,0.3923743298236989,-0.34665254107595356,0.03311903233474923,0.18454812362923784,-0.12584673874076424,0.2508883442175041,0.23457965679222403,-0.00032540272990516325,-0.22247827939637002,0.18354230184462325,-0.35938689039027355,0.16984194498760374,-0.43424281437604645,0.28860116115746665,0.3898877643358655,0.39494057043207526,-0.24686470785677952,0.3527241800057167,-0.0587869444261704,0.10712868440810988,0.024065976203075056,-0.13793422883350162,0.7096267923226001,-0.21019108608312423,0.03273486239241399,-0.5898536014318382,0.26808043297095235,-0.10860129752347109,0.4407804899465824,-0.5367206900428534,0.12139181440215852,-0.22350401651801877,0.13283979940024285,0.331494343511275,-0.12489270841568846,0.2896767995458785,-0.6286838361546644,-0.02668873782741788,0.41987510603926054,-0.24986637941222303,0.1460475618357172,0.5123148268687264,-0.12379913337267265,0.9999999999999999,-0.11145579326766016,0.2495988299270847,0.20508641074486866,-0.3884374293705422,-0.6627132469181668,-0.3285945192275556,-0.5955439438434804,0.05204265310574712,-0.733870166348507,0.3221234689208961,-0.12467397626278669,0.04646265358331702,0.29044140472911806,-0.415640761971497,-0.48137108819217805,-0.31689271068907465,0.6005696278215656,-0.12948836813711048,-0.4933679023793405,0.18903332866818306,0.1433501290420391,0.029024566334156586,0.35552758279823526,0.7204434430606868,0.15191314648513773,-0.04237035712424687,-0.5989952705748193,-0.07628269642177425,-0.08378101946293916,0.4642942448178338,0.26327793888757073,-0.15232520111007827,0.041803061657878844,0.4814020527611572,-0.21299055428908117,-0.32302392174268124,-0.42719207548992577,-0.06786977897619545,0.0563056666970121,-0.3257749037601491,0.467891837238788,0.7839683620868546,0.0011207853499193587,-0.23600833565079138,-0.05006723230150175,0.10036688622209261,0.3285345571976213,0.3879329632607625,0.45578376003602433,-0.44046060686223426,-0.6736392106067585,0.2624015445050211
SG8-39,0.16642452054015236,-0.35403712043307867,0.8788645052833691,-0.8492541673547068,-0.08892232117877559,0.008213293965401424,0.5467998291727022,-0.7804429616481986,-0.788175751410217,-0.7532556554855787,0.13576938612407258,-0.24437124067886903,-0.9526507937919267,-0.28286336411982826,-0.28248007140108883,0.23605334054654406,-0.21074227298426787,-0.24480050139591578,-0.29847588135368947,-0.6440040700525286,0.2887109782808351,0.1638461339661593,-0.22068665479017294,-0.10141684017678299,0.2555809357072623,-0.21808771626283857,0.3362090839629751,0.136185316154658,0.8684947701052904,-0.6068567005889046,-0.3299480058388157,0.8884873522836051,0.32691094153958633,0.1562504705028155,0.9753431695791848,0.941385101643203,0.9009667277797184,-0.7907642942039863,-0.8290755580889818,0.21302892561417897,-0.8139281331326668,-0.28752692881840397,0.11507871675768748,-0.34390390897844075,-0.40516257992257926,0.8656358995038652,-0.4162545556942197,-0.5522751016929902,0.9487674258296637,-0.8573784313434136,0.7715791249746788,-0.24940693631092534,0.9198343030796474,0.893578237398915,0.6721577011030629,-0.6860613244358428,0.867783886192999,0.01770330031836888,-0.8587222787176827,-0.8937461205963805,0.0010863143784121858,-0.5433301312955776,-0.5275185917302269,-0.6335856666549278,-0.7814741472329455,0.08541376426829268,-0.6330955159224949,-0.8361185554645849,0.9128052666116894,0.4898239569649214,-0.8922881768590896,0.016744689373815888,-0.8269492508119061,0.8259790352761417,0.30700904214177144,0.10767937425058018,-0.02294642346384341,-0.15677742706427542,-0.26847683499022984,-0.8278693176203675,-0.19284632976708344,-0.8227212008798204,-0.5595245037702603,-0.44552825874007546,-0.8567131716649692,-0.5270205039565727,0.9784400918259956,-0.11145579326766017,1.0,-0.7323004971283538,0.058329672084793546,0.7171118863231049,0.07760482742646578,-0.006170108298812449,0.3359816711076893,0.13324386169762492,0.030696121843636504,-0.8896284003837268,0.12925444032564132,-0.8311311530922393,0.13687655879520502,-0.03164379792967433,-0.1164694834393006,0.04510952304947747,0.0998218623546064,0.8833430065001215,0.018229402879897064,-0.5770833976679747,-0.29518462374803217,0.4945529270509782,0.5673268267936435,0.3477836842912596,0.1852965996160649,0.12263784736908961,0.38818118936358575,0.5587080024350185,0.518904444115953,-0.8277119242783764,-0.31494402777139247,0.21700719937820773,0.5272249593399583,-0.7595397081826682,0.9800889060979386,0.0015222156123068328,0.6581113832263967,0.8210390900044426,-0.1749461153001356,0.07196106282059604,-0.219754241852179,-0.14943009327684584,-0.6908082312327213,-0.028290590011589158,0.8847712312700975,-0.29754270666378474,-0.08303699744252448,0.1823446834958439,0.13709128264631656,0.34983577802791643,0.00011931458639371268,-0.5178670437211786
SHZL01,-0.07636502968011587,0.18190675616199067,-0.9338271598623323,0.5481920928948315,0.13938823942840423,0.04960467116228187,-0.6927731753310112,0.7467492104629276,0.8512082137321121,0.7101434425736433,-0.0695773274483289,0.2067721388247185,0.8819099137564311,0.10453360892678151,-0.24929383524761292,-0.3402735164450705,0.2007356744363227,0.47531077936848876,0.3248269601303644,0.5483041791442854,-0.6929075571500001,-0.13190285511706254,0.43738650034482046,0.19237325061810182,0.006659184710640962,0.29816144167628345,-0.34435387692340996,0.06755774738596274,-0.9072373058106444,0.903552416384019,-0.07062561937970174,-0.5860197987828343,0.11318495762303915,-0.29657690771464074,-0.7273089509006696,-0.8175036796573315,-0.7874863347670706,0.44207053429562354,0.5832794058003724,-0.21334833253568342,0.6175788947557509,0.2773365247133577,0.007084566950772575,0.35664812237076526,0.552797148218475,-0.8403685585216217,0.18497734143319092,0.5187142488655437,-0.6841852811807322,0.9653970849896011,-0.8415212592487407,0.1519579415279375,-0.6893591212168707,-0.4308777902410143,-0.8020722646427708,0.7255430321054361,-0.8739288058003438,0.2244867099964955,0.5595962391442242,0.8454478515303682,0.058389574980509396,0.6375210859354085,0.4316476127095994,0.5705925208932215,0.6826944624585198,0.061266937599626654,0.35474112034745925,0.6525612657680457,-0.8864258852658662,-0.5554983973741534,0.8163997522083609,0.07084311983768275,0.6107196944682742,-0.6719545780098134,0.014040055336433982,0.004363936068408195,0.22421353640503053,0.21736247699800856,0.19785831180151878,0.7314179672943711,0.10248640139108768,0.9191691622428859,0.6273823016390148,0.3528091738413908,0.7584131100984852,0.3840610061944716,-0.7797984285379412,0.24959882992708474,-0.7323004971283537,1.0,-0.12463076905598704,-0.6138145196001853,-0.25015762486219356,-0.18578048046430587,-0.48638861900121644,0.09540473948662657,-0.14827670894490397,0.9205657225090006,-0.2817666351865097,0.4294523629672582,-0.052309679872935076,0.11399942483768492,0.23793599506123422,-0.03882316989326328,-0.02833363930031201,-0.9370246371504054,0.03562732006970794,0.43695616249626107,-0.12131094170337159,-0.16123376162719527,-0.18395601797219593,-0.03721728796793229,-0.2585895490963536,-0.20278072882015288,-0.05548521563293091,-0.784209293892377,-0.3916153214775349,0.8375458059328235,0.2699990818801189,-0.24098027008842154,-0.37701273979957156,0.8752173732969318,-0.7691010529508916,-0.1550437315107741,-0.674235372442037,-0.5026060982497035,0.17884415195935605,-0.1779112209117915,0.612384129114293,0.3778857503686591,0.2707699584941395,-0.07837009075630241,-0.8962276354763642,0.43895105704982496,0.23313327213467283,0.4408740887949515,0.3633790750538675,-0.6043678386410601,-0.2575530906640491,0.33489639177394165
SLDV01,-0.9322452615675566,0.38045942408877853,0.20442954753047243,-0.07698210344171287,-0.5155166892413745,-0.95700182081806,0.06343402432645283,-0.2753010261535287,-0.3146279475336213,-0.31077451876807527,-0.22795842887711518,-0.05029692809857938,-0.11322397578978301,0.3473407790411162,-0.1873756159109235,0.6556912548973778,0.7248186002340683,-0.5110405190754973,0.6841353129635542,-0.6621114336793752,0.03756471329997962,0.14146635603992838,-0.8126540575923612,-0.6052633317807758,-0.7265503795971409,0.8280314305738619,-0.7516308641051183,-0.616948707779265,0.18856482062388266,0.02543021177985935,-0.31240669270873556,0.03137553704562932,-0.6830582841410773,-0.6351752784488072,0.222462996595752,0.11618828252940425,0.33775199920301413,-0.39513834447094337,0.1585470699310808,0.05419109642986129,0.16148594661588647,-0.8911968284429815,0.5155566354331281,-0.7481642513129658,0.653180261583104,-0.1013758854976105,-0.44114277876519736,-0.5774617388268696,-0.12869508462114307,-0.16236190058208264,0.16779357105706214,0.40038212667788275,0.30519579191143686,0.09575111018187443,0.009064086092668004,0.01987022113258473,0.12834824959090418,-0.3599207118149452,0.013038144003384182,0.08297019436528306,-0.1612277091543048,0.28112149743073345,0.3270770846847498,-0.5739590534521098,-0.1583312267327283,0.6235345011186622,0.05590853255678803,-0.19750481632652106,0.0777464211684679,0.14252964525137407,0.043924116135400634,-0.9362714149166399,0.18490987867087694,-0.06464561532180314,-0.7875572074519498,0.6680852723136085,-0.8305870747971168,-0.7821020847154339,-0.16265669962733406,-0.08961152605560985,-0.3500134684506682,-0.11993397038104205,0.4760973462945045,0.2907725928176292,0.13995335334852688,0.7352073271245955,0.06206880836984722,0.20508641074486864,0.058329672084793546,-0.12463076905598705,1.0,0.3914643445074855,0.2722937143133409,-0.7810396349284144,0.14080131098156615,0.7854041053330014,-0.45739665319099143,-0.23186662031037938,-0.02235027931825746,0.1769570430541822,0.863510087039753,-0.889305670467473,-0.8082786881559059,0.2336347008395362,0.3221999297494905,-0.02401105347228059,0.2490709296060702,0.5320376620050996,-0.5858068755851347,-0.09453321001616878,-0.12255629890223914,0.45286763023781806,0.40049704088482707,-0.08711177097205276,-0.25356035484265205,0.37038199042259773,0.14054376631945006,0.0903493863794379,0.38851823891262227,-0.8166310984098255,0.2523373584363225,0.028288369109629986,-0.06863358403882307,0.4721816219900155,0.1562961263137874,-0.16946582999869406,0.7269531021186466,0.6622834547553749,-0.40952736908122667,0.1582381042480688,0.257997066627585,-0.8035123546842018,0.015894775787211147,-0.8689644796844138,0.8814406719275607,0.006863285010592663,0.5421268038388736,-0.31227295659350635,-0.3385122965124,0.31212964760332274
SLND01,-0.28650915654816034,-0.12852219956748068,0.6661489416412306,-0.6315359007825716,-0.13330232591974736,-0.36729056757078454,0.7302317629442852,-0.8487671494983997,-0.8119380543131629,-0.7768216910257999,-0.31053756560430207,-0.14549860370905535,-0.7551193880749726,0.33248952384764996,-0.2648631346068241,0.7338621795857825,-0.03640114462084666,-0.3420720120223202,0.14725640774256596,-0.619554950189547,0.3372799921655172,0.021787818496696525,-0.5210619227850878,-0.35015276365869774,0.10341716946203101,0.0834856049287685,0.013622239213935445,-0.5364376343878049,0.6693890020213623,-0.5274525473733878,-0.3957772756401814,0.5956550530113458,0.014594850955630408,0.06652927969013746,0.7124951962375559,0.6558627868132305,0.723026929357417,-0.651602062947672,-0.5286315604756674,0.2951141310155693,-0.687090606817151,-0.6036253857926883,0.25354960950622346,-0.6836289389781146,-0.10177059506027684,0.527680318115031,-0.2805954927134929,-0.6448728114425285,0.6064132439807705,-0.7009257807498882,0.4978918944810745,0.2875035387201958,0.9257478438819576,0.5485127152322493,0.34299153754195255,-0.4123926530892689,0.8221554456298534,-0.3061388111269064,-0.6696618534546512,-0.7635399111033775,-0.22277370538252525,-0.34929477982388557,-0.3698894941880762,-0.5835982927348311,-0.6560663503490449,0.24787702563413605,-0.6174625047646727,-0.4331271833226007,0.6215226468112427,0.8927686296173044,-0.5863094253236549,-0.37838964261635494,-0.5540712826576057,0.7559439573919028,-0.1701381772676443,0.4055936860263405,-0.40942110858118436,-0.5430352843789765,-0.043027227044024605,-0.7953648874425684,-0.23057516457276872,-0.5722548136497146,-0.32236631549514855,-0.11978840097183593,-0.6230288029551981,-0.19469520156349138,0.7481386080126251,-0.3884374293705422,0.7171118863231049,-0.6138145196001853,0.3914643445074856,1.0,0.3523470435040617,-0.32651106014737596,0.7971979264374898,0.33477219831199834,-0.0637645105960518,-0.7947914915777188,-0.24908558848704118,-0.4358481759928801,0.312824521869366,-0.3333155106200873,-0.37852767116728003,-0.06175459076682514,-0.17613736239268735,0.6436626322316301,0.18964830649588782,-0.1319048993226703,-0.5166295763115759,0.5885838731558449,0.31254875094598894,0.2001667293937373,-0.1239006070782764,-0.016697663869908296,0.4246541776625304,0.6195328377633117,0.19363463582639598,-0.7500281018652301,-0.06755120432329123,-0.2645188437027506,0.09112116964171338,-0.5793491737016265,0.7178394016416239,0.05336986133838753,0.9316807066780751,0.48431310664310057,0.16035989017232113,0.2567876890857195,-0.36320473922899715,-0.46639490030323993,-0.33444363955324435,-0.4685263896047933,0.6756665430167035,-0.6564217363094482,0.16428958623651324,-0.016773481759486425,0.2313939269100029,0.4662655611066075,-0.1129287187569731,-0.5893564116659302
SLSQ01,-0.4366552874202836,-0.5884199181488586,0.1508674528095454,-0.38542081727962835,-0.400939365031851,-0.03901393700236197,0.1210459284481986,-0.6440140885599707,-0.5668719803037341,-0.6771545450619836,-0.5125068489217876,0.3729249619181274,-0.21354836194958549,0.43457417467811266,0.5535999152048335,0.09103202843691757,0.1691738696935649,-0.3536099418975407,-0.037260445190790734,-0.4865409311903286,0.5218419384555373,0.7200727681250698,-0.5176018823300604,-0.5917458754073066,-0.3581928121920813,0.3743629466124421,-0.22396281439046173,-0.2567924781106768,-0.028181491463543012,0.08993836453972982,0.5744175293759957,-0.235108605085,-0.09285819917953107,0.3544282502819899,-0.006704170336495188,-0.045999881137454963,0.04132250121769659,-0.4076426531079236,-0.275443287485761,0.12129119392624704,-0.090545974903573,-0.4626649535602046,0.6799952676174748,0.0066103558890095605,-0.15589845825065857,0.2915930168109571,-0.39945824882203734,-0.5307167026046558,-0.09791285486721224,-0.2835034695647251,-0.1380026881828655,0.35541240591084944,0.22812685130439406,-0.23595298703473686,0.465067807462706,-0.3865201247110947,0.4286004279128983,-0.691215019510391,-0.3001514102775959,-0.29098073806172636,0.548090666509291,-0.16409831362075747,0.052996651209026004,-0.5712836475077082,-0.17999316248920846,0.6732166861166502,-0.5704100405144352,0.16796389340507592,-0.05946420221466563,0.3184581447895239,-0.3503093672266099,-0.4449031197024141,-0.3636417569602892,0.2874371122913835,-0.41229858295341987,0.49103172110184634,-0.43393258935804574,-0.45095315770388444,0.45263069413918294,-0.15196946705780187,0.557084789805212,-0.12583152951005902,-0.06284983598481805,-0.03248349711839376,-0.013252664737774358,-0.16856525864806252,0.056684735367035666,-0.6627132469181667,0.07760482742646578,-0.25015762486219356,0.2722937143133409,0.3523470435040617,1.0,-0.0562494241769754,0.39389610194625974,0.4049440955844111,0.6238085014027197,-0.34607858231833327,0.47872860828213853,0.040559052648322894,0.0940237240087217,-0.20066191479352946,0.09797702718508422,0.6799279251359436,-0.2307748907483533,0.07242425048108071,0.9198028906516863,-0.17166997634937464,-0.31607432343763264,-0.4378046966241673,-0.6628712330950569,-0.5973788596864387,0.35634157574903785,0.27658788978025467,0.4477422328436879,0.099212236612168,0.4326838260559393,-0.28490998437075093,0.38649136765483183,-0.40559448197461273,0.27094475702450194,-0.4714786308985448,0.07353851615361301,0.7516136260143422,0.19402551757308503,-0.2857221771663586,0.4683875278098765,0.8000191008110615,-0.6928338766219537,-0.46345089982791154,0.4103090311334742,-0.07616222990337965,-0.019515992981322967,-0.542913149940683,0.06870422478559303,-0.22556606392906317,-0.10434856899433433,0.0392035423350243,0.6458524569727911,0.19948123020028843
SLST01,0.759522079608765,-0.34048168975368015,0.086657275816585,-0.10922483019388347,0.5057677217996988,0.8049813561208055,0.10804973150652664,0.05419514153125721,0.032052402268659456,0.09301613426874665,0.19037783563734717,-0.2092728945372599,-0.043519388468683785,-0.3861822234773702,0.5680582502312681,-0.5277181256798419,-0.46247799620916746,0.0163806160546735,-0.4931103384340928,0.47997437806555493,0.5165882375693175,0.10822965534451001,0.6165749085719149,0.16616340169952276,0.28072281909859415,-0.759583206712194,0.5595225468040433,0.6273821525357697,0.025128783911802306,-0.3011018483860577,0.579175462726112,-0.14230328508763712,0.40678587301576385,0.7233394965994229,-0.1567902252375219,-0.04663526687060234,-0.11116205463633719,0.2423095028656634,-0.3609525966587653,-0.4562302947912515,-0.1425446607931248,0.7333358180371465,-0.48722419689376906,0.5591024851535994,-0.5792349511052538,0.3455525738360636,0.06948140906486015,0.4354719563659568,0.22351595249286715,-0.13421456807073143,0.00954919363802834,-0.4249202466449157,-0.2546051471539803,-0.16414246925568465,0.30145557912281346,-0.15877222686645306,0.10502436177128657,0.45882783091702417,-0.11880991242561381,-0.21885955014517539,0.2704220228823152,-0.16562506902960317,-0.05071916702537116,0.2220821164449466,0.06640545079269451,-0.5329910629864401,-0.15791135549060528,0.14962711395574782,0.08475116596344467,-0.03387483506707273,-0.13850957239609096,0.7241283813145359,-0.17045912630840537,0.23709216844833278,0.3734340070009792,-0.476122396887011,0.7245587682267682,0.6127076898199746,-0.05978720037558152,0.14101434860408954,0.33997353273335357,-0.13534948382897394,-0.37542974066026413,-0.054355639852103156,-0.20053471774996232,-0.697728633925089,0.040737793073342514,-0.3285945192275556,-0.006170108298812449,-0.18578048046430587,-0.7810396349284144,-0.32651106014737596,-0.0562494241769754,1.0,-0.05556179108163084,-0.6963844737203485,0.632168082893835,-0.035705424891801396,0.2764162193225992,-0.2831068546812749,-0.5710942602317468,0.7196541046715295,0.5971476157133471,-0.01441706648788784,-0.4044442605521019,0.1869632770531026,-0.16844046845887445,-0.348019058227944,0.545054232376026,-0.2291912559615802,-0.20928690019841942,-0.46046197474742656,-0.22275547263460352,-0.2177786866874934,0.12508723032429825,0.008976100902218821,0.018796797179103094,-0.29783394495535487,-0.5580709147792693,0.7502041814701749,0.09675478903340527,-0.3755709325939031,0.11230798089569383,-0.02339274482658138,-0.06303933050678727,0.24589532059255437,-0.7776442620491149,-0.32809223814679245,-0.1740355102192804,-0.1650345527741653,-0.27214670278946684,0.6716936421192649,0.061828857652966474,0.5735149842997503,-0.7409538397402072,-0.36957834122692246,-0.6889675579230211,0.4393738466480665,0.6508302060964519,-0.17805049240313522
SMO-BIN1,-0.19898513063980924,-0.17174534238270062,0.3549425451625628,-0.3479503683883353,-0.05599395877795613,-0.14861293710451245,0.8684091683152724,-0.6226699384565323,-0.6342799912746369,-0.5806724143064338,-0.6503693988858473,-0.05908216328175041,-0.4845487296062869,0.3598025514922445,0.11743263635021826,0.5951743610762299,-0.11013805076135962,-0.3104336945507453,0.09635962611565356,-0.2750797942524398,0.4939902363550946,-0.012192413489997214,-0.3674553314730924,-0.33164942775415973,0.10604644807658235,-0.04170944394758379,-0.004098266152119504,-0.5579337811055015,0.3905806571414389,-0.49712193274266836,-0.06371543057574497,0.1362657541362498,-0.030861276562405057,0.4396788890061765,0.28398254515181415,0.25762107855956007,0.28789872896322194,-0.2607975241858043,-0.3357219945303199,0.2951558392904804,-0.6326806245441179,-0.4074209237214195,0.1827456030769782,-0.3942798833380339,-0.25001919187961,0.3375883651046538,0.08921417562801602,-0.4983342996273708,0.28190081229950814,-0.4974404275987025,0.2885222940542344,0.29703346679399817,0.5848221546835405,0.040599706565041756,0.10601454650782395,-0.35579867746334554,0.6500326045505394,-0.34040932694678927,-0.47274179498648317,-0.6180239737837108,-0.09499247318153779,-0.40610063729282914,-0.3961561434861833,-0.26755224881114786,-0.5453884138966217,0.10952344542404813,-0.4294891215333586,0.07030489879951658,0.31706161911591224,0.9277960714622633,-0.34274991757834894,-0.26714248939470886,-0.3908036310421282,0.6504573646606377,-0.2568176123684502,0.37441303880938337,-0.2999854706780145,-0.4079147140801141,0.07120625099664721,-0.6581265546885451,0.06717285598423177,-0.3447545187997505,-0.41385732603827247,-0.013806552458179498,-0.5361442832915956,-0.2170247860361724,0.45626268005316845,-0.5955439438434804,0.33598167110768923,-0.48638861900121644,0.14080131098156612,0.7971979264374897,0.39389610194625974,-0.05556179108163084,1.0,0.12008791351100251,0.20587950652527498,-0.5436067795223126,-0.44202197059462356,-0.14896802020032995,0.09878333559905707,-0.15400330717915373,-0.14190682373407354,-0.07784008953942519,-0.273663847034887,0.4258107286447017,0.15408687127250134,-0.06433508549659248,-0.26927224802680716,0.49242129586208955,-0.017295182152248827,-0.14242315261447738,-0.36529371744437766,-0.08041492642660035,0.5089636498006411,0.6218889327780651,0.06220179683183477,-0.571119779436689,-0.0042827973889535695,-0.15989274451883861,-0.2615799839112737,-0.48259374385876447,0.43939678888714295,-0.010741544047919828,0.8695343902514818,0.13338948417926721,0.12840281291063035,0.137841073285068,-0.37607880081324685,-0.5395441890647736,-0.11597410341333052,-0.3226572776452209,0.43960734802133733,-0.51467441538423,-0.05762629588979373,-0.45685902850080384,-0.17856843127375877,0.7852453629413676,0.13822841351071033,-0.7095432427675558
SURF-3,-0.8444115160783499,-0.1206412047053622,0.032971023997919735,-0.3722436533426671,-0.5823134749220445,-0.6722742400877222,0.010657119768730584,-0.3228792926404805,-0.3221550887974666,-0.44662190467328083,-0.5242574001933213,0.02657916722917483,-0.1127956299020986,0.05744916786147687,-0.1664743338960949,0.27151493556718187,0.7832488944413819,-0.3811044201658225,0.5438962296674372,-0.7410066585396492,-0.04299254582535271,0.5310799697822021,-0.6456510170389604,-0.6659791203041577,-0.6455332397428113,0.9173159438089177,-0.8339436945469696,-0.2706217886562083,-0.010246276418864112,0.3512959707312627,-0.17750310738150757,-0.05325794495340755,-0.24783000694321297,-0.3270989526226495,0.21956233665813188,-0.010919821870342602,0.17595376734924859,-0.6491138997642553,-0.12333845827793075,0.07423605724774626,-0.050863635811553135,-0.8812330956513681,0.8546836116553734,-0.39722869151223283,0.5426386583083915,0.01272752491956743,-0.5829476795909747,-0.7353700865751617,-0.0653244821839403,-0.06559984013732467,0.0071034971620207105,0.16623970559600731,0.3270161459763467,0.16166216269260433,-0.002936672252711869,-0.1729914893547768,0.15150683878973775,-0.29540873420048586,-0.31383501418191745,0.02543597405049429,0.3312270927728264,0.16858960410136745,0.21804034681767687,-0.6479617091277032,-0.30428046931155367,0.9186606849202594,-0.25145189615165603,-0.07326104562180842,-0.06017538335930496,0.032512381973576567,-0.07393863771380214,-0.854778724216774,-0.134948336753845,0.12890654766718576,-0.6000373069609014,0.920450977353466,-0.6539271862190186,-0.7290928335684195,-0.1588493106612067,-0.16095791545230326,0.0636540685946755,0.024598446873707915,0.3554993185079838,0.2080464280479372,0.01985040265029982,0.46739321749362217,0.12297424397280647,0.05204265310574712,0.13324386169762492,0.09540473948662659,0.7854041053330014,0.3347721983119983,0.404944095584411,-0.6963844737203485,0.1200879135110025,1.0,-0.08942866227531147,-0.1696555698089071,0.0021998547182835123,-0.09198271891253042,0.8356023379818723,-0.6706534401220274,-0.3859939105554611,0.604772049564156,0.44631247116985434,-0.15541380599653773,0.553995618190612,0.25220629365174974,-0.8733807373277248,-0.08006380350383899,-0.19217158350386435,0.35641586668505343,0.47933065859170515,-0.058760895675977066,0.28242586837398,0.22399509868438586,0.5145612748812137,0.16559250358722052,0.4585067873825075,-0.7477682201671555,0.43781175374273684,-0.024499936697532372,0.02147919994616275,0.5969945626326335,0.021757013622344487,-0.15647418496930496,0.841114525992828,0.7669527962630017,-0.2793348316226601,0.34168669270293295,0.046276395778642634,-0.6791959368617466,-0.13209182364816074,-0.7464814423631474,0.8721705777037857,0.18625743985968377,0.6123457909128095,-0.3442518769450395,-0.09140829867310696,0.17139502887389205
SW132,0.261349040158458,-0.8488707787914049,0.004252334041768178,-0.3976451719249565,0.06620726550478587,0.6337779163534796,0.10781240642350597,-0.3244750006836407,-0.2912778873541986,-0.38110118421106876,-0.413547141413722,0.08850949643406819,-0.11611817393522732,-0.17223696556109686,0.7576475196089066,-0.5378267482932307,-0.10672823824515494,-0.03740033696387277,-0.41611218025467894,-0.03024814931585982,0.5762125066057309,0.7245560108622033,0.10264235187076005,-0.19879687213086042,0.010289134473809358,-0.20543273952195656,0.1745922594356726,0.4158624390748963,-0.14852755445057025,0.03538753704470455,0.8378365696480661,-0.31706006803960957,0.45302541040610916,0.8650124954842402,-0.15129222402448333,-0.17013010116159955,-0.20062895537116304,-0.156727153381092,-0.4700334208862692,-0.12734191925347188,-0.22738120235957843,0.17966306708196847,0.30257052435095805,0.5691548562183016,-0.5673706534690993,0.43758729614167685,-0.15263881865241266,-0.151989874186536,0.059082216517162535,-0.17899001075081536,-0.18277964523877277,-0.28161734921246184,-0.06201396469065525,-0.2816955410886534,0.4571104031939525,-0.43875722737078,0.2996389449111997,-0.14206175050793815,-0.3988335206140135,-0.30460966079234586,0.770603555804321,-0.36596142224083617,-0.04746943461030492,-0.16665091051178815,-0.11514887003432306,0.22335356293740252,-0.5611761614974988,0.2822976348769907,-0.0939919662322405,0.08798740411592577,-0.34180836045526164,0.24828817586700075,-0.5055419221801746,0.4019152769247286,0.07412431215813949,0.14703558763274502,0.2093066817264657,0.07522495528487967,0.16874674453809133,-0.07679882750425943,0.8714593925390977,-0.027081511865664203,-0.4260080775355799,-0.04905761036667263,-0.18554450586405227,-0.6538745120983699,0.04662051400539511,-0.7338701663485071,0.030696121843636508,-0.14827670894490397,-0.4573966531909914,-0.06376451059605182,0.6238085014027197,0.632168082893835,0.20587950652527498,-0.08942866227531146,1.0,-0.1682594923632079,0.4618459473920794,-0.2006090187808105,-0.3550181559998299,0.5094326635792452,0.7308620493108277,0.6345334595803928,-0.2594348370518956,0.060050054190267994,0.582958673492871,-0.4816226216607529,0.042981566840949,-0.403638536563398,-0.5739855925781179,-0.7551533833244444,0.16164130344391162,0.12462103540915818,0.6342177688793532,-0.0118782477720278,0.4774669554250305,-0.25779452084512966,-0.09869755805681212,0.32758582849698736,0.27744494890166604,-0.5232402768280622,0.12932395997079785,0.4892248549715388,-0.02766215165963312,-0.07253412097304911,-0.1000728408601055,0.3351108068457306,-0.43872491142255,-0.3096185823092089,0.0005713944993809794,0.5206994608124401,-0.07376050022071307,0.11992918054037624,-0.44878585135586385,-0.37950629815383297,-0.5746089568763231,0.319673656884334,0.9618796883747823,-0.06275245087707634
SZUA-36,0.04169675111609928,0.3191219834304629,-0.9541448142015795,0.8001925722292336,0.16098004944256533,0.13102294230138886,-0.6933512794319014,0.9094336994309895,0.955226341435329,0.8785023476078938,0.05016234396462219,0.25760696977478914,0.9664203928268738,0.09168620059521754,-0.05922232742480526,-0.39497367650138143,0.07274495152429954,0.48043734704182994,0.18667857667269294,0.7282075408757978,-0.6243354384809442,-0.279017405154203,0.4847918467333725,0.33121414881129513,0.008865373491107118,0.12772100589414961,-0.20834998149176479,0.08186334283092428,-0.9043500871394253,0.7624925451196295,0.07457244897882534,-0.6913234180945195,-0.05330364596309812,-0.25221661372474624,-0.8723426049129994,-0.8704603420001819,-0.8949531000825253,0.7335330498838113,0.7682252130126707,-0.17111321646254832,0.7381594716432747,0.44961796174562585,-0.19575974960344575,0.46218044891342563,0.4155311248185227,-0.9025215022896621,0.4288135077075112,0.677061208667823,-0.8153025120016062,0.9826702088781075,-0.7882031149817857,0.1231503435282166,-0.8901103851551625,-0.6361826379648297,-0.7976226181983558,0.7435589235395934,-0.9749532238372819,0.18993222973725202,0.7944318494335885,0.9262185550396254,-0.029765524313832822,0.5703231079392816,0.39838243122467293,0.7504820435638601,0.7792100290390507,-0.1703701221667913,0.6244129201154786,0.7128956662406689,-0.8956124898416596,-0.6480385731345966,0.8882021660409455,0.18890270871093337,0.7623008635725834,-0.8461522043206147,0.03698419801634001,-0.23998991876500908,0.26689444823944003,0.36988131455598877,0.24024228327205133,0.8245907865386721,0.08817958306241037,0.8891021291524812,0.5557319270410278,0.29423811497149477,0.8124806022494728,0.42325923876177374,-0.9117978123195628,0.3221234689208961,-0.8896284003837268,0.9205657225090007,-0.23186662031037938,-0.7947914915777189,-0.34607858231833327,-0.035705424891801396,-0.5436067795223126,-0.1696555698089071,-0.1682594923632079,1.0,-0.226990104869806,0.6365739167329907,-0.2247506775342809,0.1688804036667985,0.234691375876168,-0.16834588860418057,-0.010697008258540565,-0.9162350379776947,-0.14602598340051845,0.43531620966185264,0.24138479193152212,-0.28147801040014436,-0.2508327408410542,-0.1489646827284026,-0.26212519760268516,-0.10682528548590403,-0.30698784551307573,-0.7651418492022907,-0.5217842197698601,0.8969607456725023,0.2631427974640282,-0.09359908015852274,-0.5177780486972151,0.911390446449997,-0.8931002445957248,-0.25556653025799975,-0.7609693812578323,-0.6405275410354906,0.05830418078155767,-0.32067950260216865,0.598101081568546,0.3409671167700697,0.4480742556139653,0.09766217904036648,-0.8814624140875489,0.5505291116488338,0.04321557098910341,0.20132572312108832,0.08512615839168522,-0.5043399985926855,-0.21823322967411252,0.42055515309206354
SZUA-401,0.06259573483889033,-0.4497640467783655,0.27498038357454624,-0.25576281764676384,-0.2097808960248086,0.24353314839348217,-0.388608012212372,-0.25599104282122004,-0.2453873320168563,-0.2957314612326118,0.3274453047144066,0.17416305065669202,-0.16702302334107488,-0.16330684617947758,0.5238781009731222,-0.45363698782954764,0.043852539823968396,-0.1448867977156991,-0.4065311769922446,-0.31230699613312857,0.3369866757956046,0.6441258625877463,-0.17234546694641978,-0.13078165843218606,-0.2888243556500495,0.013229920358969562,0.15110041852188283,0.43381932738771245,0.08133831179670925,0.018958132998537495,0.6349744860148518,0.0036100579711890604,0.013574143125861485,0.12234311076525865,0.08720071117237485,0.1532094472059448,0.14491620447440962,-0.23426552633453734,-0.2396394567171625,-0.11998673596140691,0.19902208596414042,0.038491741053014415,0.24329346710150976,0.3071160547147316,-0.302548381450945,0.40729699663943403,-0.433175654450489,-0.11542350523044055,0.06115151303355153,-0.2639206123040301,0.06108789547432021,-0.22840331883143739,-0.07468350672925046,-0.004890095429075398,0.7426054336749479,-0.3606511349832862,0.16687578762450125,-0.24528405883713925,-0.08643445379240944,-0.10386004428752826,0.5136124909565077,-0.14892774437738981,0.17964302629238868,-0.404304507741151,0.057650705344343536,0.2644081590208222,-0.23125427433624107,-0.29197014023195295,0.13710233540319358,-0.38797786439502746,-0.40378355084575757,0.045939815210759516,-0.27477190820588143,-0.018691032765420494,0.03289312508979135,-0.09728725183895323,-0.047412180883861434,0.031829154884692186,0.13297817908923718,0.1343680339648506,0.39055071136374364,-0.25739894972013333,-0.09247692772722331,-0.20966699787444257,0.07098427619368232,-0.25454341213292486,0.02198059496229695,-0.12467397626278669,0.12925444032564135,-0.28176663518650974,-0.02235027931825746,-0.24908558848704118,0.47872860828213853,0.2764162193225992,-0.44202197059462356,0.0021998547182835123,0.46184594739207935,-0.226990104869806,0.9999999999999998,-0.08610557615474453,-0.13332623594109205,0.10832420247228396,0.23135558280891338,0.6112780654896464,0.05687628402611278,0.17562903031887017,0.48265851662557196,-0.39215322726800084,0.20026825166473056,-0.7475887412963044,-0.3853521352736593,-0.3879512425690335,0.7463240595926031,0.41115251009730835,-0.10214951383882226,-0.13571066283086888,0.479394582426082,-0.14950853794325084,0.03176164584272839,0.15328113532299784,0.6699475126298685,-0.4102892549293316,0.06876517488933738,0.6318256406651771,-0.36401942574758867,-0.026734583721920436,-0.002097616806669426,0.49365933393923944,-0.4810404599800607,-0.07581716115842495,0.2242675527069391,0.46678796597892047,0.05510911573494022,-0.01253133268475981,-0.16865083076309997,-0.022784477225026727,-0.24755737926046847,-0.3430229721051248,0.6010599366537531,0.6338159246417999
Salegentibacter,-0.3282586366819434,0.4352181272867476,-0.6436814803554916,0.8714007225142921,-0.05438688113956012,-0.25125365018510093,-0.41889242632917734,0.5655099104249487,0.5549335442651828,0.5655882716023561,-0.11730802869346219,0.30283914462345307,0.7316401008572789,0.5108199894861577,0.22317956197937763,0.03872037032948507,0.18726757062618388,0.29258461083780624,0.2494733266919061,0.37720301927271244,-0.30145882838162447,-0.2542712731341077,-0.19873994394644293,0.21302941380272267,-0.213687128137729,0.2687979014381894,-0.2372758091978528,-0.4763224771199809,-0.6209938743823963,0.3668801871691538,0.22651571617648567,-0.6364607354390789,-0.4916839200430227,-0.3060595255645757,-0.7600528783693673,-0.6692936046336084,-0.6829320281852455,0.7503281879146472,0.9316064767591423,0.1918967955494548,0.760772272027451,0.026600336463236687,-0.04129360469770827,0.06256884886659214,0.2808619557362997,-0.7591767925652585,0.5756724197416189,0.31528356013821573,-0.8914701104030645,0.6174085384004612,-0.5539536825312263,0.34074971684780947,-0.6750066684965578,-0.8020285088373663,-0.4795605298692173,0.5578137419157629,-0.6681430365333308,-0.42333384367882193,0.8576824950646563,0.7296192100446685,-0.23104327377113473,0.24052325558259863,0.37528547356179565,0.5424917929866323,0.6671565746724014,-0.043591037360704306,0.6429353252279478,0.567465873017969,-0.6848308437479491,-0.2870477043305203,0.682521445452391,-0.17975212116906666,0.7070179011305578,-0.7837369380648832,-0.364099033156859,-0.11536159875608784,-0.38896735209785555,-0.14414122420842473,0.31377429372018534,0.514307750207109,0.11618062644227227,0.6245767569529322,0.34527477837755527,0.3245421998393549,0.7523090540688293,0.6289164254140681,-0.8302393636691235,0.04646265358331702,-0.8311311530922393,0.4294523629672582,0.17695704305418217,-0.4358481759928801,0.040559052648322894,-0.2831068546812749,-0.14896802020032995,-0.09198271891253043,-0.20060901878081047,0.6365739167329907,-0.08610557615474453,1.0,-0.1448477272806876,-0.13252934345374387,-0.0779968528223624,-0.10943758677173188,-0.013944644358192938,-0.6360193453258273,-0.010645411233659993,0.49506961724735804,0.35108772339043337,-0.3690777482750843,-0.4061953567956654,-0.3629785840823673,-0.022124202880893812,0.2511450082898547,-0.5080520668607402,-0.4108861171446526,-0.535687412208911,0.6654231818009531,0.4077775071864389,-0.2878306858263392,-0.6086288953594956,0.6495396791611386,-0.8172667077224725,-0.05021198161664681,-0.42134463158280877,-0.829361834326422,0.36225523087486194,0.03005510135200183,0.13246348446832143,-0.13983686005045498,0.8581424820297389,0.0073406601195686386,-0.5931455584571749,0.045068046300214756,0.09279531908390173,-0.287153311526018,-0.20677990373318011,-0.28217832942664806,-0.13345603002040962,0.5279694133864561
Salinarimonas,-0.8019513366895608,0.28796308899445133,0.20542239326024303,-0.27171418581384554,-0.4301047185090286,-0.827389477736196,0.1631186417545205,-0.2170316052010272,-0.290775118076953,-0.29637618920046643,-0.30038624272786135,-0.264637011678046,-0.15002637014194123,-0.02645397176712431,-0.20586361264231948,0.4876201245230017,0.8072078671800202,-0.6298367903080186,0.7241788145286234,-0.6170513102258708,0.11648812221750772,0.23829632552345337,-0.562801084114326,-0.7270760678140251,-0.7660659904214426,0.7761308744858525,-0.8463533226978673,-0.29588508837395544,0.2098786974208771,0.041511136756390406,-0.3425856255095398,0.006049458215187382,-0.5089210172499706,-0.476055782207005,0.2807931984284853,0.09639535720718816,0.35710012805323293,-0.5303900012908432,-0.0941640415976107,-0.2182829826969921,-0.018326863219760892,-0.8027837910324088,0.4982780792398619,-0.6312090789133712,0.6924988298573838,0.006285550324105123,-0.6141501047617324,-0.573894973402477,0.0395722589512425,-0.16993878838477164,0.23494406720692404,0.15494901870428013,0.30703393388995553,0.21648978055994814,-0.05135748382925908,-0.058529312749657725,0.14919517684449593,0.03820296101525746,-0.19950300158279116,0.0319404808907051,0.022373769525422596,0.3614524576159328,0.32788471525485485,-0.6260227611299953,-0.30711466156763517,0.6129144081741474,-0.016353725105376495,-0.16884051931831578,0.11637365833932754,0.07782120512367005,0.04085985979309732,-0.8455759951266696,0.10570883231845281,0.1058243136712006,-0.7319528795753213,0.7840556972290013,-0.5496272569986848,-0.6320689683542946,-0.4273258037991206,-0.07513602670400077,-0.3345071231200732,-0.14605944322072542,0.4904019956951717,0.3498367340242449,-0.026404518612923665,0.6130668933623669,0.1838755533761944,0.29044140472911806,0.13687655879520502,-0.052309679872935076,0.863510087039753,0.312824521869366,0.0940237240087217,-0.5710942602317469,0.09878333559905705,0.8356023379818723,-0.35501815599982983,-0.22475067753428093,-0.13332623594109205,-0.1448477272806876,1.0,-0.7936687904015781,-0.7102325788166204,0.3040588997272499,0.418282880610663,-0.02913711417429382,0.1433607806988967,0.5173068100295506,-0.7267905722234665,-0.028084550325176517,-0.09096863796090732,0.6513682735024593,0.3269640586549948,-0.4199118136305796,-0.07361613969438731,0.4932586517752024,0.31496716493115634,0.09554466864226702,0.2117747014356176,-0.6887149278536884,0.43995987724266233,-0.03762562459089056,0.022597814106118806,0.487695652861179,0.11403833302766057,0.018789763466590784,0.5799433851771465,0.58028989571491,-0.374256398859921,0.47563075028566837,-0.09855124388362099,-0.836985842385685,-0.011322015987768544,-0.7671145636627045,0.9330582023990535,0.02856461264101401,0.5962361392918051,-0.21330708595015913,-0.26756841039951157,0.11825609219237167
Salinivirga,0.8475607054876976,-0.40181986884170967,-0.18880250293722833,-0.003755672835307312,0.7282144069896576,0.8316283450851274,-0.1741164922372011,0.21660633033795898,0.2867753787100155,0.27855270154771505,0.19586257485705108,-0.25140354178403335,0.12787755706517123,-0.3098003926163822,0.18784984736351812,-0.6569518392414503,-0.47628920035971634,0.6778030994668647,-0.48946696571520587,0.5376283493714152,-0.024507651313962098,-0.009317603141699094,0.6103885171934074,0.6612540737112687,0.680881526657281,-0.7530926595982406,0.7035747786039076,0.5506607442257115,-0.22600838012402896,-0.009963253804731646,0.34836172487900124,0.01867726363192942,0.8148691401322824,0.55435259826786,-0.18759600790647735,-0.11476395070284072,-0.27650393149967606,0.32358092715392883,-0.15220731225412182,-0.15227189517638987,-0.0417195567882566,0.7838608887855028,-0.4640204672342413,0.5745728846947042,-0.5708587907050233,0.1511961752167589,0.35972177287195883,0.524010660719023,0.16611445038348557,0.1457891805887811,-0.27830013022184025,-0.5778917056929883,-0.2557551890167164,-0.04875118408800032,0.10967390257960122,0.08650381237480079,-0.10705720844988005,0.3690330773549385,-0.07693663966665919,-0.05172553010974118,0.11231920657567263,-0.3125368618849673,-0.04551885304165584,0.5515433788187324,0.30254507757427485,-0.5377563291132497,-0.23018408757075923,0.09286703443422037,-0.10462692110974017,-0.1018774620283358,-0.03808319294059693,0.9101919927340975,-0.24112592385473652,0.14459040501943612,0.6559669519847279,-0.5256295779715816,0.6129884881084194,0.47234452259837223,-0.08790757619473974,0.04753833984458728,0.4740773360254433,0.23439035387762466,-0.50291506434592,0.02644567116752745,-0.04607258222711317,-0.6952606540454435,-0.06906989034534503,-0.415640761971497,-0.03164379792967433,0.11399942483768492,-0.8893056704674729,-0.33331551062008735,-0.20066191479352946,0.7196541046715295,-0.15400330717915375,-0.6706534401220273,0.5094326635792452,0.1688804036667985,0.10832420247228394,-0.13252934345374387,-0.7936687904015782,1.0,0.8826516389989257,-0.09214052619323339,-0.3877018200309799,-0.021280663935460218,-0.19159061683956444,-0.42433604211948184,0.4310581648007125,0.059619403411689184,0.1338505326111312,-0.5032791236333626,-0.28312769008557376,0.07011475382867484,0.2719022113050533,-0.4021382223169964,-0.1472872674632315,-0.10962761437381492,-0.61484796236921,0.8595861748475728,-0.13675612143290136,-0.060649700190837284,0.08236916472525259,-0.3198328864612649,-0.14835733315878144,0.2652517397501161,-0.6762860698698014,-0.48278118805990344,0.3018586590009976,-0.31338246828484184,-0.32224876643650424,0.8382519960956656,-0.06708253991760804,0.8240976118261978,-0.7651776740165672,-0.039613532967560754,-0.5733998656720957,0.21602105299587002,0.40726504082309783,-0.21576781440313897
Saprospiraceae,0.6377315171770198,-0.6948397910398891,-0.3393097617123392,-0.07531006149369984,0.38776306126743537,0.848042019882125,-0.23877831998911966,0.1556971130701669,0.22946192402051319,0.12561289238875434,-0.10757167596795454,0.04626722111580726,0.1845148444111885,-0.3230352680690979,0.3479426067626541,-0.8144469297012902,-0.33161404838449837,0.6059717040030648,-0.5488811659989069,0.365121212359076,-0.03608651273395841,0.33362284269762477,0.4854838881648336,0.45382925413619984,0.49555047344788067,-0.4581308526719654,0.4677816392790197,0.5950350394917717,-0.40811481737768535,0.27033575855045244,0.5542855186756378,-0.19999447312946944,0.7993059524095639,0.6755886242343019,-0.2924812774651706,-0.2860278563469738,-0.4589667971786092,0.18726943995744066,-0.17300820182169718,0.009293881618396093,-0.055034525673726374,0.590266078867427,-0.03765180874662228,0.7798297044840482,-0.5787068441771325,0.1284545718920436,0.27124080215363294,0.27859994209003774,-0.01937867406414349,0.22556466321981744,-0.40077741562670216,-0.5166436430676792,-0.3069679418763036,-0.2028674570034495,0.10912431331889087,-0.08940560688661993,-0.1243278061826014,0.10077071034456879,-0.14455110755055306,-0.0012891962923604263,0.5080292633886051,-0.3642067845757053,-0.10116663613833156,0.39671234136336,0.20734228471748214,-0.14469736616312717,-0.3034981637189281,0.26913434572092576,-0.2832235656400863,-0.21770767435168384,-0.08309561895529538,0.6963527031000376,-0.3496669155453787,0.10904902184899244,0.561413801294807,-0.2514246233235531,0.48303698297555947,0.3767811813745901,0.11000426131421093,0.057903699554276676,0.7851647001187012,0.32644898405706907,-0.47295989756375856,-0.0839512019463593,-0.004660590373085276,-0.661685301925505,-0.15902734555931045,-0.4813710881921781,-0.11646948343930058,0.2379359950612342,-0.8082786881559059,-0.37852767116728003,0.09797702718508422,0.597147615713347,-0.14190682373407354,-0.3859939105554612,0.7308620493108278,0.234691375876168,0.23135558280891336,-0.07799685282236239,-0.7102325788166203,0.8826516389989257,1.0,0.2796013290281401,-0.19954272910285578,-0.17429249464497742,0.1944475030953437,-0.539941181559104,0.2573951690662018,-0.1315394670215095,-0.13597940522832425,-0.653075566240672,-0.054350839025224335,0.25659700293735876,0.5169412972741458,-0.4745679244880899,0.14975559800458682,0.049083399096595946,-0.2506447055372837,0.648136465711305,-0.03865837803995921,-0.06013599606844667,-0.01056203972192064,-0.06548499394767031,-0.300059598158786,-0.019818378316971978,-0.3213826717978782,-0.19476960216301004,0.2418644644794185,-0.19809482760914202,-0.12480461232634171,0.808384802372,-0.23133479656331835,0.6785935403341776,-0.6452369045231151,-0.029821565851114253,-0.5226579987925526,0.11103010107860545,0.5969926273178229,-0.10058830837671319
Sediminispirochaetaceae,-0.37957661873381054,-0.674345977019518,0.018170089103105486,-0.4436869923597962,-0.43942096368126204,0.00015491186101063655,-0.15487322214836938,-0.32212914897653333,-0.3347917193247631,-0.4825038591932748,-0.46001460185990495,0.11147463545295454,-0.09220786213668956,-0.24019237278497774,0.5259952634508781,-0.4042144581791172,0.545705247145836,-0.2508976278784913,-0.02696822970226582,-0.5687885698261739,0.3272717906978461,0.9797671076994028,-0.4139684702128827,-0.5136494415257536,-0.5655977851978103,0.5220963981784665,-0.4445440553042434,0.28893771712882643,-0.14408740693914157,0.322891573772035,0.6092167334885159,-0.29200645546750303,0.0731918307875407,0.28148060382662293,0.004829524753880748,-0.13739874714621245,-0.058283278314920126,-0.49589500567785477,-0.31570693133678857,-0.03878394105659251,-0.0026625286678841325,-0.4321234041721583,0.8189166622080276,0.2521741558065263,-0.053355533749614506,0.3183188482576191,-0.5240794231064889,-0.5773567307491787,-0.08910636645431198,-0.13869664310800245,-0.1005503676483336,-0.25386466722788403,0.01743040415237603,-0.13156708724762767,0.44816973249328185,-0.4592585079518863,0.19153778349361922,-0.32936661498628367,-0.363971014672384,-0.06095399632510035,0.8645390782608255,-0.16225327703136544,0.21268224415909676,-0.5636498979448619,-0.18754782576761156,0.8098827267997503,-0.40985145547276763,0.04109757280442902,-0.1205483123195076,-0.2290541714035461,-0.2989817558112145,-0.3869580985862633,-0.39856733370131237,0.18181766973153263,-0.33483427799474846,0.6407061317673615,-0.34028463649845225,-0.40341306633970225,-0.04573501961587323,-0.03825498005122982,0.717115072444538,-0.0056411111722241645,-0.0349147462894784,0.05955856434727539,-0.004510561792845642,-0.05805236339024789,0.014671807490212112,-0.31689271068907465,0.04510952304947746,-0.03882316989326328,0.2336347008395362,-0.06175459076682515,0.6799279251359436,-0.014417066487887842,-0.07784008953942519,0.604772049564156,0.6345334595803928,-0.1683458886041806,0.6112780654896464,-0.10943758677173189,0.30405889972725,-0.09214052619323339,0.2796013290281401,1.0,0.32383613856163257,-0.09987576640179724,0.7843100194888332,-0.22430489641809476,-0.4112791674931767,-0.5980580169082834,-0.589975749071194,-0.2964955130877659,0.7466698707214192,0.22002818635715277,0.4306868082384281,0.051727108341755576,0.7907391690933232,0.07574944368211271,0.2810062860269397,-0.20274039137420125,0.6687201178000032,-0.3481288719116288,0.009262322212237004,0.8618626007026278,-0.28488866573950883,-0.24750769003285772,0.538472835122151,0.8318567600851454,-0.5163329743237627,0.15824035787324336,0.1491865188197689,0.07581338147852207,-0.1916833535562133,-0.3580985326915827,0.2865988812578146,-0.14587754575319858,-0.06358370459072855,-0.2196709880856194,0.6712607538916573,0.37358483305619367
Spiribacter,-0.284480676851493,0.0012054342125528727,0.05173429638892947,-0.008547634877275825,-0.6334831037003175,-0.2911313083277172,-0.02572314327877115,0.1639377845055526,-0.018052368422631547,-0.03614635317554083,-0.09789507580250008,0.10349162755655472,-0.11213571713587892,-0.5906889966099231,-0.10861780220107282,-0.20559062226114333,0.3969993470996935,-0.1353886769526643,-0.08509536568692906,-0.44303787129897054,-0.2647532222833487,0.19962659309856273,-0.3108537289602085,-0.04718937242069009,-0.3676807723443173,0.4308677332169023,-0.38259705692681917,0.2502293472961317,0.1475312868660867,0.0954153757331749,-0.14480609725207583,0.07444852239562602,-0.24812789531101195,-0.23300251251976292,0.22527774856852587,0.13470345110593993,0.048489902154594866,-0.2045865959499289,0.07040772080060623,0.41015927700394733,-0.09699880839353947,-0.39769516010172723,0.4449132109691977,0.07702668827905133,0.05294763138847687,0.058762471605274966,0.012483482426168405,-0.47969116535491135,-0.04324070654463689,-0.06648302381254437,0.40810239497855033,-0.38301253314474304,0.014582105289984345,0.14971099510425673,0.006301704223394405,-0.39693163896967665,-0.07301507331724595,-0.1238800234884353,-0.061002651661010675,0.09749291600677402,0.28067245839194815,-0.26038051820767194,-0.23955150648715187,-0.21715408978862136,-0.39074134175222597,0.37575629459078347,0.3881872532520384,-0.29051972064856874,0.1562378348879985,-0.46797764080520365,-0.15580997173558347,-0.3529280699924824,-0.11359502342074919,-0.15890704730092622,-0.036477006080036935,0.3001399841500835,-0.3097114902884718,-0.1475267884318588,-0.3225061483848173,-0.20503560899508178,0.006265446516474731,-0.17127211444478002,-0.07572426341600369,-0.3011821262137412,-0.19952251515177188,0.37947948386022273,0.11914186098841814,0.6005696278215656,0.09982186235460638,-0.028333639300312012,0.32219992974949047,-0.17613736239268735,-0.2307748907483533,-0.40444426055210186,-0.273663847034887,0.44631247116985423,-0.2594348370518955,-0.010697008258540565,0.05687628402611278,-0.01394464435819294,0.418282880610663,-0.3877018200309799,-0.19954272910285578,0.3238361385616326,1.0,0.04185470897951158,-0.08397960542021417,-0.17071439527762705,-0.10920713104013108,-0.0371013998491221,0.16274844275950315,0.4973650626324514,0.6381209547462738,0.3397930694517167,-0.09951130166696603,0.2390800249642892,0.5574409074151301,0.3702106950243918,0.3942537941076999,-0.10996369112636681,0.3309625696877218,0.08353098893506201,0.04968093357621662,0.06605608192059675,-0.3221065785919147,-0.18095439406193914,0.5102046313208708,0.16149433938350174,0.15736464405815292,0.7226775384867418,-0.006050581153585893,-0.0903053204963362,0.10893036183809762,-0.2363158252773078,0.4032673862334521,-0.007319931103029428,0.1400251390013256,-0.17976391247672854,-0.2188392240056634,0.14186313681342208
Sunxiuqinia,0.2586563377041159,-0.22425259615906282,0.9524671225476004,-0.6381350829157576,-0.08854976936900714,0.07570166291321301,0.6891092951537721,-0.7306042576974046,-0.8060559466857734,-0.6849133740863104,0.1952496130610222,-0.18410309139870756,-0.954508950266697,-0.21951311803975518,-0.004849676596884032,0.2867733404817647,-0.3794608478133931,-0.3574161087577143,-0.4419636453926055,-0.49531928276373166,0.5090654640054898,0.01791419810427425,-0.23004032866601865,-0.05280421867817194,0.23260398999181056,-0.42023796059904206,0.4882010862428271,0.06593246208621907,0.9603988648927528,-0.8724514754296099,-0.14025793606862066,0.7828987991424748,0.091573006807185,0.28156930785524165,0.8623763053336436,0.9376488024280936,0.8557340487982781,-0.5193854783667132,-0.6993776150363861,0.2608229390326753,-0.769114282132351,-0.15820370359575422,-0.09154556294424762,-0.2963691549757569,-0.5982572160971121,0.8751815903924032,-0.18195607278560713,-0.4504913068938128,0.8547229398202435,-0.9515195292192634,0.8950122181230674,-0.19940239127065068,0.7899300309540143,0.6614879217420765,0.7396787322961279,-0.737941898640654,0.8851018498276536,-0.07755378237774467,-0.6680779296599646,-0.9204046545987263,-0.10136251405308848,-0.6534982868553617,-0.607804572416046,-0.5211117631997996,-0.7627468679683752,-0.15551570436708181,-0.4097628515684662,-0.7628422634436222,0.9740086246115127,0.5401327287677415,-0.8834466678260232,0.09080551320897964,-0.70979661418507,0.7387425941315771,0.26160918530465294,-0.11742256186293444,-0.012931520707808926,-0.036646804310149474,-0.18466064357041634,-0.8025985572631907,-0.21542536562666229,-0.9534821283853169,-0.6791347082959245,-0.5200768892679719,-0.8781163315123945,-0.5268629164516905,0.9097640103230887,-0.12948836813711048,0.8833430065001215,-0.9370246371504054,-0.02401105347228059,0.6436626322316301,0.07242425048108073,0.1869632770531026,0.4258107286447017,-0.15541380599653773,0.06005005419026799,-0.9162350379776947,0.17562903031887017,-0.6360193453258273,-0.02913711417429382,-0.021280663935460218,-0.17429249464497742,-0.09987576640179724,0.04185470897951159,1.0,-0.13677494391909548,-0.5812956656316702,0.08603263365819772,0.3826716921668344,0.4424332756824727,0.18346720401319025,0.1396096253974705,0.19564051167407445,0.1576861092276981,0.701496582266083,0.39044967830900257,-0.8878144768285215,-0.3223134211163044,0.3401149782985565,0.36601702204774406,-0.8378349825926651,0.9125661119919629,-0.06191258644894445,0.7051628668790911,0.6916990589392346,-0.31045943498956546,-0.03374426609476057,-0.3645352319096501,-0.2898141326205483,-0.4898068528601139,0.10871834103748478,0.983818089698953,-0.2804069749622822,-0.31049406713142125,-0.176373708493178,-0.2099432490126053,0.5851312107155617,0.10310126108572579,-0.49979753195015625
Synergistales,-0.44982637336481407,-0.6639509696863064,-0.0490171302235234,-0.3884968431862321,-0.4748609555515278,-0.001821475912533431,-0.12306373201012084,-0.49277081386582117,-0.3825926218430576,-0.5703396951630328,-0.490973207518944,0.46878031653380353,-0.066080762239451,0.3064812102102834,0.3804332654862313,-0.10293668018277508,0.2504528504999999,-0.22394570520773707,-0.02481722533343162,-0.4733130564406239,0.2454721980865796,0.8018187193836365,-0.3863575521628712,-0.5568946679515016,-0.35340862168958376,0.5230014060619164,-0.33958445775082946,-0.08532029954091531,-0.22545935077609178,0.41395827548796826,0.4911865621830874,-0.2769576642303521,0.03934632430638573,0.24337970407700157,-0.06387288429082967,-0.16789985569093993,-0.09046878596511586,-0.4716677170720933,-0.24821748626554335,0.10882236685253341,-0.013267205035875093,-0.44031790377348246,0.8099823379680077,0.15816161811899887,-0.014614190118777709,0.1585270367730179,-0.4835178100773969,-0.49452211061576545,-0.1734241079632362,-0.062205602873994306,-0.29525110714414293,0.30263173578158364,0.13200432494339165,-0.17698712312107137,0.31577107652219155,-0.3093877190820902,0.2365877065378042,-0.6052486344573936,-0.28718394704710265,-0.1158768767828284,0.6933979764164737,-0.02910439863219268,0.09325738515689126,-0.5388319854643617,-0.11017850073736814,0.8151649017086395,-0.5535779120218904,0.20837560458624657,-0.22442075351803106,0.06566929370215308,-0.2532414782011214,-0.4404010484302414,-0.3377915773519507,0.15994975891568142,-0.30118195914026186,0.5532865983665698,-0.33995834566401495,-0.3715364923231229,0.47559876925956057,-0.017604167114181776,0.5982154117053042,0.06018505097253749,0.08946205142616923,-0.06481665390479552,0.1060182134709368,-0.1173003519012419,-0.04236002899572817,-0.4933679023793404,0.018229402879897064,0.03562732006970794,0.24907092960607016,0.18964830649588782,0.9198028906516863,-0.16844046845887445,0.15408687127250134,0.553995618190612,0.582958673492871,-0.14602598340051845,0.4826585166255721,-0.010645411233659993,0.1433607806988967,-0.19159061683956444,0.1944475030953437,0.7843100194888332,-0.08397960542021417,-0.13677494391909545,1.0,-0.19143344129967574,-0.4655729896644153,-0.4622703885144492,-0.6203763794063947,-0.4923609142874883,0.4279840254663897,0.28759822604495283,0.5299917220570262,-0.1379251435449044,0.5162968568764711,-0.05942419012068396,0.5084121190139774,-0.4735105305782884,0.3468844254145657,-0.27177094727423534,-0.02430516749471489,0.7472780051169222,-0.04963780899067691,-0.3353999275574292,0.5731218474455803,0.7969053146129097,-0.4603979964190809,-0.20863772098726635,0.3672708540111168,-0.0916448803958658,-0.21309621683309368,-0.42646325185512857,0.19401306155767745,0.07490551679338987,0.1332648188416767,-0.23482286708395048,0.5530165462606669,0.29949992879905185
T1Sed10-7,-0.5540115201055388,0.7561663196310829,-0.4027031666677865,0.48854232684010607,0.18194781173881472,-0.6587325531658418,-0.21789854017531488,0.40170476640627445,0.4120483486038881,0.45748384342940585,-0.09205514207943899,-0.2970512542392655,0.5754568152765278,0.43130885179688366,-0.15423615020568288,0.4615472497230235,0.5802312682243664,-0.14662839122025792,0.9118443303525602,0.22434554018815492,-0.12948818666396988,-0.31589838651523483,-0.14846694769463184,-0.27174314459894666,-0.4927667968545068,0.45778956134419885,-0.6312179977489686,-0.5339615760148451,-0.3806697269437152,0.2549976149986367,-0.2462038058798521,-0.44806976566467854,-0.5442983707412938,-0.5917232520491212,-0.454622270990591,-0.5063540906238706,-0.24314969639424655,0.32381010733858756,0.5809660971555299,-0.4933293632650512,0.6224461061106255,-0.21085661502517103,-0.13658449310475318,-0.5030200287078914,0.8765541969274455,-0.6757527165186393,-0.06555930082324526,0.26009818603310525,-0.514405200173563,0.4784246416825421,-0.42272390554679035,0.4006664551723335,-0.3519536693194309,-0.3715779658184231,-0.5898140405699013,0.7570139003608091,-0.4973789648697548,0.21706268176803664,0.5508430538593369,0.627978931380315,-0.45355467499504815,0.7859291357571018,0.7476422435850864,0.18461566574836633,0.5296742336911603,0.020915169909110024,0.3952651130692182,0.40418148089825295,-0.49348023858059115,-0.030392463471620206,0.7873133893481505,-0.44265065543840004,0.8120560209881974,-0.4569446569291531,-0.7165769157917709,0.26368410132830616,-0.30047318290412334,-0.3400071000319704,-0.2040260636709624,0.5516003168358833,-0.40321625233692315,0.5071133325657542,0.7959059733533047,0.7960594521856664,0.647685772594921,0.7851860887702804,-0.5341951359545097,0.18903332866818304,-0.5770833976679747,0.4369561624962611,0.5320376620050995,-0.1319048993226703,-0.17166997634937464,-0.348019058227944,-0.06433508549659246,0.25220629365174974,-0.48162262166075287,0.43531620966185264,-0.3921532272680008,0.4950696172473581,0.5173068100295506,-0.4243360421194819,-0.539941181559104,-0.22430489641809476,-0.17071439527762705,-0.5812956656316703,-0.19143344129967574,0.9999999999999999,-0.2445670539041948,-0.1316279158223439,-0.2443695233497886,0.27011297260179107,-0.27046256872995306,-0.6284367433905714,-0.4967764172083669,-0.05814566367783541,-0.5749403189888294,0.4694993261096688,0.01827582610831073,-0.5494437343646524,-0.2782899348723673,0.5616894365149738,-0.6368919088464227,0.10389635144746696,-0.13963601684845625,-0.3101438732114808,0.218496455475645,0.11929120504013416,-0.06287548541535044,0.15056671944782382,0.2789068577732029,-0.6397859247916038,-0.5559814809828676,-0.22976847194847955,0.6331214179897465,-0.0625846256659109,0.35284481927884326,-0.31473934991534863,-0.39556442852913015,0.3124200406972544
Tangfeifania,0.6218331836124501,0.17064440234625372,-0.07786074094719146,0.555694159198658,0.22520755171052925,0.5232115921967339,-0.12350534607753608,0.42355230580037156,0.3442575092563539,0.4699026862618916,0.4956456303780088,0.1914413385970833,0.19435647228318226,-0.10091462481566317,0.3616317139828823,-0.3424541524770827,-0.6138766319988448,0.2519459276924879,-0.5957555179684115,0.6057400761926744,0.03605434012551662,-0.40792977061675373,0.4127806981912929,0.5832090773501072,0.3403652278725827,-0.6817098861045612,0.6453336590909027,0.2561230071861477,-0.03294160223824372,-0.2843924490252707,0.34618345857043803,-0.12030527069440036,-0.08355681147584555,0.2166528678394391,-0.32494820632664617,-0.07232523392045877,-0.2846950927390208,0.7305465330866625,0.339001101856131,0.10585612066281189,0.23051615996397934,0.7174985750913315,-0.65173115803411,0.4756460228538526,-0.5229056258347836,-0.09475064688481005,0.6396525364529237,0.5910013986249695,-0.1888035055793501,0.09358049124766277,0.05754043072666105,-0.153870867020224,-0.4963304750999096,-0.3689978271114519,0.04852284687777212,0.059554745604067406,-0.2658906076575051,0.030032548672520032,0.5147971290523065,0.13693513846242328,-0.1913400651283101,-0.21814247299272996,-0.20743405625599948,0.5757295849654347,0.29975388612643067,-0.7380419651827462,0.5353796913344293,0.09275054805141968,-0.005120362043360123,-0.2887848887329808,0.09717283825844,0.6254696983817024,0.24733058852887826,-0.38753679664744994,0.4299405428352192,-0.8582810197513848,0.4113979159930359,0.6513294533967683,0.22726709615075155,0.24449512746970362,0.011129826979211421,-0.04791036798011145,-0.2941241508123762,-0.3148372890572301,0.09474527712719745,-0.20255874829310472,-0.28107460872977563,0.1433501290420391,-0.29518462374803217,-0.12131094170337159,-0.5858068755851346,-0.5166295763115759,-0.31607432343763264,0.545054232376026,-0.26927224802680716,-0.8733807373277248,0.042981566840949,0.2413847919315221,0.20026825166473058,0.35108772339043337,-0.7267905722234665,0.4310581648007125,0.2573951690662018,-0.4112791674931767,-0.10920713104013108,0.08603263365819772,-0.46557298966441535,-0.24456705390419478,1.0,-0.2119581341544969,-0.006065980700332041,-0.37443085388192154,-0.12364643085888036,0.31614038781801806,-0.5005817523540874,-0.1918866459180766,-0.36184081435935606,0.06261676056352618,-0.13988200054425498,0.6003263103972187,-0.3653810787132428,0.08975812851193647,-0.20514484125437754,-0.4251014331158542,-0.2596563602149377,-0.17490721977040638,-0.5499406867701383,-0.5713500214225645,0.1810988234430661,-0.1656866969010368,0.29019616513470126,0.686481367781631,0.06544202553968075,0.588073612442548,-0.7438364598375865,-0.34631067987334013,-0.6908862084728516,0.203928488212521,0.1243782375035879,0.13783717556574157
Thiohalobacterales,0.21149823040594723,0.14989824303009847,0.24608902866609692,-0.21186738320542886,0.23181885815520112,-0.07853066609859904,0.5431591780091377,-0.1822973311201675,-0.16510358385659635,-0.10569601537232928,-0.054388802075257904,-0.24866515901400854,-0.39509134499538306,-0.00539701300785225,-0.7016103812308921,0.43678365738419284,-0.32992002853828023,0.2284367678779782,0.0195029049721861,-0.022403902807488035,-0.2767333624384,-0.5532789598999638,0.09315552573615964,0.31494737586407134,0.6262548602543844,-0.2870800031781213,0.28594109443700966,-0.25650006035698825,0.4104694369190847,-0.35598296425643233,-0.7684166728706693,0.6277814159755737,0.3293715684186696,-0.03033391071196265,0.5013914494280327,0.4643566331497754,0.3731435295081785,-0.17013139986833573,-0.21910030620374904,0.35549070193295484,-0.6163192075436154,-0.05495714492577976,-0.25050549557441726,-0.3868423185885555,-0.10432911834648524,0.14177600442858168,0.28128694570599005,-0.10509581844125501,0.5238878011888027,-0.22777026781798018,0.3554097098438113,-0.008541621392888703,0.5825335280950519,0.5763859675570826,-0.22626467459421837,-0.04354759707292727,0.3127951595423817,0.1825557384179443,-0.37664780764053124,-0.4239662984608755,-0.5251271103339006,-0.29618222413806183,-0.5364502571331123,0.12963986827920854,-0.4121669391045903,-0.3068126237221985,-0.16666489654423222,-0.3128880947275303,0.4207747568276643,0.5721173828271674,-0.20297319181991885,0.16052878230446396,-0.2886481753587815,0.44781880209452596,0.36991194852386455,-0.051323401056202485,0.08527543431396477,-0.03078896411001651,-0.2033871826470976,-0.6238221813716261,-0.42646958534839075,-0.2148011027453251,-0.36510619683313983,-0.17337576142646022,-0.5375727855588892,-0.18848455072211015,0.5347273323091828,0.02902456633415659,0.49455292705097825,-0.1612337616271953,-0.09453321001616878,0.5885838731558449,-0.4378046966241674,-0.2291912559615802,0.4924212958620896,-0.080063803503839,-0.40363853656339793,-0.2814780104001443,-0.7475887412963044,-0.3690777482750844,-0.028084550325176517,0.05961940341168919,-0.1315394670215095,-0.5980580169082834,-0.0371013998491221,0.38267169216683433,-0.46227038851444924,-0.1316279158223439,-0.2119581341544969,1.0,0.8102099386215751,0.45641566238786185,-0.5573709378571652,-0.10096283865527468,0.29288004005579854,0.27320832409904217,-0.19963878390454018,-0.362343262132955,-0.265819051317326,0.14714254877340072,-0.35950038252922617,-0.03269963568205888,0.5407322903068207,-0.7063468866015695,0.6619894957805221,0.5449936277737348,-0.19705076326331375,-0.5264139807211369,0.45548887939529326,-0.13755899699091434,-0.5928670911320938,-0.22713326476271717,0.5046553225819177,0.016949106400482982,-0.07430658610256725,0.23349937728886744,0.2380240663300741,0.4504936025319381,-0.567907410736633,-0.8401392704146706
Thiohalomonadales,0.37517558660267,0.24103228768524046,0.34786653041036125,-0.16074060797739037,0.25791032764763205,-0.04028921599650644,0.17629141108810573,-0.026388625792805962,-0.0252355043363554,0.04991428487228059,0.45536560783792673,-0.31230441957600974,-0.3946956858688403,-0.2519349163861566,-0.8025304436937778,0.19620268409530245,-0.335386727166176,0.36586880499350666,-0.14520661089542236,-0.05168915714564884,-0.4593647630448438,-0.5623393074813638,0.15022946854196273,0.5625132247761594,0.625785596333602,-0.3690234488074466,0.4509118416158068,0.0436057109475005,0.48805033818879107,-0.34447418396331303,-0.7969842398456152,0.8358698666278112,0.3480913246567777,-0.30313282436201644,0.6181719254820663,0.6324793334742946,0.4966152374714622,-0.1548569988561339,-0.1651451594417845,0.29833655451060753,-0.40269199678095846,0.10381316332487071,-0.39942158410665773,-0.3143216145965174,-0.1182580925689135,0.19736487128733707,0.1969380390476706,0.05006171747415762,0.6063468158779545,-0.23015670827908383,0.46317737792807073,-0.2723054826548729,0.4811777221137058,0.773174459380847,-0.024478217477718903,-0.019467888965523147,0.1790714056281965,0.3133299664476849,-0.25272917263226224,-0.30619728602320645,-0.5756016620596057,-0.27809374981044743,-0.43123554170355577,0.14150006354272357,-0.2651140508504597,-0.4243530614590607,-0.008130212655076498,-0.6664245560335385,0.5469814320055515,0.1617490241682131,-0.2679617393861685,0.3298605196087857,-0.25342162201674745,0.24311770467855903,0.5817961209807954,-0.3299763187785377,0.15913511152575247,0.12024621160997188,-0.34634593317747775,-0.48852653444630373,-0.5559916265464632,-0.29321633019406645,-0.33167031759145527,-0.2847069267192501,-0.440527894020999,-0.15792274911158266,0.5261660714858024,0.35552758279823526,0.5673268267936435,-0.18395601797219593,-0.12255629890223914,0.312548750945989,-0.6628712330950568,-0.20928690019841942,-0.017295182152248827,-0.19217158350386435,-0.5739855925781179,-0.2508327408410542,-0.38535213527365936,-0.40619535679566543,-0.0909686379609073,0.13385053261113117,-0.13597940522832422,-0.589975749071194,0.16274844275950312,0.44243327568247265,-0.6203763794063948,-0.2443695233497886,-0.006065980700332041,0.8102099386215751,0.9999999999999999,0.6080235060270056,-0.2272924783152682,0.07764267365061216,-0.050454221922557795,0.09672856707186132,-0.15147857970805934,-0.2800801519119012,-0.3864854506691979,0.34950084278891014,-0.08428309926706833,0.021688516748842195,0.5489842027189673,-0.7169161507753044,0.3437112918103182,0.679577030899931,-0.3391155073154771,-0.5923324515927919,0.5659907924921408,0.05101154038231291,-0.6349796459158743,0.016466261421917004,0.560424717305801,0.21967732561286313,-0.10546141033561553,0.4548515256889567,0.27492882914626404,0.09815529783557125,-0.6651149270843585,-0.49343792115020607
Thiohalophilus,-0.22936933030216236,0.5180263094934117,0.28116114514318735,-0.14307114235777074,-0.15618440302427247,-0.5582399687996894,0.14435500437385582,0.06146215056603986,-0.025780992359895907,0.037843528986079074,0.24406109314631005,-0.34818539180252334,-0.23604440296043916,-0.32930104499153295,-0.70950657828743,0.3827895123338357,0.29884585537171243,-0.2612260961591239,0.38930400768518264,-0.28940048032735655,-0.3049991446365468,-0.33807910168708355,-0.07973069721316817,-0.11459726148860443,-0.16696107321907033,0.2549904408959021,-0.31958875355326666,-0.02676733027736366,0.4149135882370149,-0.1471558422448258,-0.8145191494311701,0.4709260067373654,-0.23178710421786033,-0.6104848897280113,0.5041868524124743,0.4013350181951394,0.4862947354511354,-0.33434453869949543,-0.08378908276305583,-0.07354145934287323,-0.18816882703541563,-0.3348082295578652,-0.06226502126955585,-0.5317798355212513,0.4908532008449992,0.003015791516209714,-0.2698978995433566,-0.1897115454681744,0.3498051253941207,-0.1396478785836771,0.4844227674437122,-0.08179364341028969,0.3479287234394686,0.61465185425405,-0.20261951849922644,0.02897765877093083,0.03771018014520939,0.42929138029788966,-0.1437444341395197,-0.025804831717425484,-0.38606453321220885,0.23929939874523146,-0.05060185278438066,-0.2378520509040884,-0.3312893060194609,0.012520694603453937,0.23085909014676986,-0.49493672360894053,0.38618868915250093,-0.0503217439049242,0.0011784374106244668,-0.30544156737059164,0.10030951716011836,0.049582211508857166,-0.06807904285156322,0.18969442283087581,-0.07782735636471286,-0.11527436740350855,-0.5368253862956845,-0.1770805274209362,-0.7521136010049915,-0.26666947646273936,0.27387330853820885,0.0006458651824203567,-0.23869993422986527,0.41144672563287554,0.369393288699899,0.7204434430606868,0.3477836842912596,-0.03721728796793229,0.45286763023781806,0.20016672939373728,-0.5973788596864387,-0.4604619747474266,-0.14242315261447738,0.35641586668505343,-0.7551533833244445,-0.1489646827284026,-0.3879512425690335,-0.36297858408236733,0.6513682735024593,-0.5032791236333627,-0.6530755662406719,-0.29649551308776595,0.49736506263245145,0.18346720401319028,-0.4923609142874883,0.2701129726017911,-0.3744308538819215,0.45641566238786185,0.6080235060270056,0.9999999999999998,0.030771456099100494,-0.3613727778070702,-0.2651577462744027,0.3625041285019328,0.05338753166726196,0.041224095250289486,-0.0743779162447739,-0.22253827711586763,0.23152528624922825,0.13820334486705071,0.24608082428412867,-0.23729420429347867,0.12530612968186683,0.41440105947477923,0.07637788039148999,-0.15713498389538053,0.2415858135387025,0.6270714663274545,-0.49130089109643876,-0.5812639245499818,0.27501244937403146,-0.2532496935970805,0.5837247303225459,0.37095133658816126,0.6458151158508814,-0.1569743900794996,-0.7342349848100974,-0.17919440609999168
Thiohalorhabdus,-0.3523549859517137,-0.3160613892026325,0.2691197976304711,-0.2635186726837275,-0.5717081988521834,-0.21196416479838326,-0.2633176672683977,-0.2176645927127644,-0.3052956807830635,-0.3631645017353126,0.03426435458343844,0.11129210968301419,-0.2266319741289974,-0.3374676827534678,0.29691241750677677,-0.2954806619275249,0.4725920051594961,-0.22819967504436836,-0.15299760781979538,-0.6772080267473233,0.12374811580061244,0.6814395724987089,-0.5597169289348393,-0.24781728423478094,-0.5580220906091399,0.4605278347517044,-0.28175057109329976,0.2711424943789848,0.16324675328414698,0.08227170389227288,0.34191941563536066,0.056722314116012196,-0.19951191859057882,-0.13783095640210244,0.2503213427176441,0.20500529512183463,0.20728672423390115,-0.4149515187312181,-0.12478152487272087,0.18205698434666026,0.10474562007528188,-0.4501607718475062,0.6067983615718822,0.06485032460410103,-0.0652785278536626,0.34135908284177285,-0.4028622210177762,-0.5450328018160835,0.005982934655720692,-0.28323006048180294,0.2641193897100526,-0.33281449407450164,0.07048676462005549,0.1011061959561458,0.5791755962362628,-0.48713052670606655,0.15509917835591927,-0.37866395320923046,-0.16186291840912514,-0.03547144119522116,0.5174225266530508,-0.25958179047947705,0.10312010653220416,-0.5541133524990032,-0.20914027478143848,0.6021741100054959,-0.04515679851785193,-0.41572574677200635,0.1880525766469642,-0.4387122576559187,-0.3996903307986869,-0.3868753852243488,-0.29649303639606134,-0.041086083023928244,-0.204824778717754,0.3304205651551546,-0.4765619331406554,-0.3550106127486891,-0.16127529147654976,-0.10741966885599351,0.31179723827319794,-0.26902620632377994,-0.06771058417424039,-0.17816060101919973,-0.03899650378709785,0.16135546130528375,0.11467992316151593,0.15191314648513776,0.18529659961606493,-0.2585895490963536,0.400497040884827,-0.1239006070782764,0.3563415757490379,-0.22275547263460352,-0.36529371744437766,0.47933065859170515,0.16164130344391162,-0.26212519760268516,0.7463240595926032,-0.022124202880893815,0.3269640586549948,-0.28312769008557376,-0.054350839025224335,0.7466698707214192,0.6381209547462737,0.1396096253974705,0.4279840254663896,-0.2704625687299531,-0.12364643085888036,-0.5573709378571652,-0.22729247831526816,0.030771456099100498,1.0,0.49544921986357926,-0.08773389218580123,0.11970810058635888,0.716491725297187,0.08799199345013504,0.28762790647580344,-0.12417939576632815,0.7298019297522208,-0.2823461031519918,0.09397267384372866,0.6461269065463321,-0.3583586071568878,-0.1458063546141953,0.4944726767490969,0.6670264443540576,-0.3878838978378386,0.2890030009603571,0.1995438127439674,0.1250076705666298,0.09887552464316839,-0.3675122051758152,0.3111157000190981,-0.053129618384110684,-0.014383488084271544,-0.39081188882152124,0.2964864697777701,0.5758301878031441
Thiohalospira,0.06201594597133617,-0.3804716669270515,0.06817841191456618,0.0697894328189363,-0.43427387148698293,0.18338111607120167,-0.14957401739815324,-0.1323553295387706,-0.14179030901627546,-0.19636319872887933,0.05756289406679595,0.5696716027477694,-0.169246600449649,0.03855210326207461,0.12150879471157766,-0.2603911355752765,-0.28712894572595943,0.3342940464021501,-0.638801833658925,-0.26194418873001235,-0.22517086397180547,0.1746995383585019,-0.3070667280103531,0.378748718714301,0.23002466666267826,-0.011054890576197797,0.337228642253219,0.015511276949170281,0.05566255955133516,0.03376944819277586,0.2246564770072095,0.18513770718415484,0.062369998893421284,0.08083564314297342,0.10925134126735624,0.20282565456164678,-0.05626346259082018,0.017468477705717435,0.12872526451080316,0.8265951528990035,-0.050630987726877096,-0.07310260356090523,0.30882798882132756,0.3082883814183474,-0.5438689394800422,0.15508319622622435,0.3599985090736285,-0.2624945475292421,-0.08869337573813203,-0.12854273588581808,0.13219500426209774,-0.07084428207370352,0.059181815085774456,-0.02224114683023728,0.3386623734003945,-0.4055453621413802,0.09154738494833578,-0.740201773074765,0.02966522070676171,-0.12628038013750273,0.20695570985648098,-0.6448099777386991,-0.47367241316334535,0.004036291347572459,-0.12639997255496618,0.1707371312999882,0.04414171359434188,-0.24207460407979203,0.11468673379517068,-0.17910501986894686,-0.4074474854270119,0.05743547002594764,-0.3597927790679843,-0.12998729443907364,0.36088569064835224,-0.20520702957010345,-0.29469460050359714,-0.026938715015456433,0.420760164048302,-0.3127679931904285,0.36252901233251245,-0.14595557653567323,-0.4886176321710666,-0.6168723876555906,-0.09999937730511532,-0.14341686390516303,0.03475183757598441,-0.042370357124246874,0.12263784736908961,-0.2027807288201529,-0.08711177097205276,-0.016697663869908293,0.27658788978025467,-0.21777868668749337,-0.08041492642660035,-0.058760895675977066,0.12462103540915817,-0.10682528548590403,0.4111525100973084,0.2511450082898547,-0.41991181363057956,0.07011475382867484,0.25659700293735876,0.22002818635715274,0.3397930694517167,0.19564051167407445,0.28759822604495283,-0.6284367433905714,0.31614038781801806,-0.10096283865527468,0.07764267365061214,-0.3613727778070702,0.49544921986357926,1.0,0.05319231045323381,-0.20861186903420137,0.28327040831416195,0.0037915173633377808,0.4313446203387468,0.12244279700046137,-0.037051851020139186,-0.08814025293597176,0.13039967327310237,-0.0554760072296515,-0.12459658720454105,-0.27458211958203455,0.30671739274544035,0.09803373607109221,0.13652374045426877,-0.2386053107140065,0.40684949392364106,0.47453794990448606,0.23578018526697045,0.015493704940895187,-0.32138237935371866,0.02184284667038653,-0.26648797818494024,-0.0943800053701027,0.10818117536528811,0.20418853260297287
UBA10428,0.08696014737746606,-0.8166647184640864,0.06684908243725983,-0.6617652748576993,-0.06121329462449682,0.35956878833202094,0.3818547384607924,-0.5092470993404216,-0.42867749939524663,-0.5704348788214876,-0.6330546654465883,0.07691009331301091,-0.35275295533401985,-0.13175018412019354,0.0734532121943795,-0.17662750334517527,-0.08885744875326954,0.0387020108372913,-0.21622244474106161,-0.2803361277438879,0.19161283800886497,0.5193279828603313,0.02970961645603629,-0.2151460155764633,0.26030403979989175,0.004871947996397956,0.028301049695558567,0.1659566555110254,0.021824993693300643,0.10411835060758998,0.15084190041705406,0.08298876324723674,0.638771179326208,0.6580851310334088,0.2375828238718009,0.08333822234632332,0.04355058840475294,-0.5360805494374389,-0.6388001697237093,0.18756510470275609,-0.6550785148181468,-0.16304457885605872,0.5026017362318664,0.23256362415647067,-0.3631687356931789,0.4309523878485821,-0.19364687120386945,-0.4568608993714197,0.3426795693379583,-0.22614388764793228,-0.03269758050949506,-0.1321046277696366,0.43236697285686604,0.2051669095513655,0.17150858580774764,-0.4756311556633446,0.4741770238155031,-0.12616377274470186,-0.7480681058662745,-0.510020815260749,0.570414294679492,-0.4108521178430095,-0.3824112333092086,-0.2872356606379332,-0.4853717125455088,0.4119587713726838,-0.7592335603571962,0.09661294944909365,0.07698059462808252,0.4121900357561529,-0.4495006913026609,0.039291176498886214,-0.7232399200613076,0.6780815074119353,0.19665768773937117,0.4502823334739919,0.10332317709689583,-0.12901014287571744,0.10157280916794316,-0.4955787092087757,0.5723465333084636,-0.07095606107271268,-0.44199923254740675,-0.17556516137775555,-0.4843853596112805,-0.5950729032181116,0.4060651905161234,-0.5989952705748192,0.3881811893635857,-0.05548521563293092,-0.2535603548426521,0.4246541776625304,0.4477422328436879,0.12508723032429825,0.5089636498006412,0.28242586837398004,0.6342177688793532,-0.3069878455130758,-0.10214951383882227,-0.5080520668607402,-0.07361613969438731,0.27190221130505327,0.5169412972741458,0.4306868082384281,-0.09951130166696602,0.1576861092276981,0.5299917220570262,-0.4967764172083669,-0.5005817523540874,0.29288004005579854,-0.050454221922557795,-0.2651577462744027,-0.08773389218580123,0.05319231045323382,1.0,0.1057276904812402,0.520884155408354,-0.3476012641975681,0.021107557551257438,0.06193348978706189,0.15119075833010748,-0.42351946553947,0.45698747347627494,0.16324175935923566,0.3559095821991347,0.1988261689685162,0.13115325338645112,0.21259291777189165,-0.06469767374703063,-0.18354137037986618,-0.37672777228481935,0.06257567782443241,0.13232291005005686,-0.08838200043347644,-0.13785733006866702,0.06353482853819276,-0.007706261303203591,0.3688397142909701,0.4372355175129878,-0.5637667927699401
UBA11386,-0.23454114096188652,0.03256100333495477,0.7450663836557099,-0.4891900151356998,-0.24730881120068587,-0.3504972970880061,0.8601944116157749,-0.5818402831972893,-0.7513128206211132,-0.6099839062231396,-0.2903857193105456,-0.35833766057305255,-0.7237204175301554,-0.2024500074103112,0.1566724680031614,0.505762928322262,0.17314208659916025,-0.7105447075910479,0.10237054526743752,-0.5546971722552396,0.6691880756823297,0.09326399713343862,-0.46960446743849504,-0.4959078621989364,-0.3117285045734245,0.022886354340684704,-0.1506944470378403,-0.182565636821754,0.7921826455574825,-0.776827799183183,-0.11617446431518051,0.3373976615454204,-0.320473781675872,0.20693686688891272,0.6100308887822284,0.5824982336693948,0.6646150835755302,-0.46340109312798866,-0.5002858800594481,0.05439469497617156,-0.6373391117594571,-0.5164384706380573,0.13541979956391095,-0.5081235759932448,-0.16391028381365816,0.6180754325212859,-0.24267141134664102,-0.6448098955983741,0.5321762779567719,-0.8024288152639253,0.8064465587119714,-0.09918958614083763,0.6260966157546519,0.32116782689483653,0.4130099529883509,-0.6127339633588619,0.7379899442086745,-0.022233642490685625,-0.5459868479581351,-0.6667250676545846,-0.04267594887466302,-0.379284330680917,-0.30671802333352205,-0.5940022154102641,-0.7775676057454333,0.1053892815686416,-0.1841364742615728,-0.3981543262968378,0.7143181469548281,0.5801114303922783,-0.5287511093598453,-0.3897344231090694,-0.39030223041954987,0.6419650514721419,-0.3594762182862985,0.38702816649199956,-0.3084932797842542,-0.3718187938472462,-0.4398088210430134,-0.6576948011588504,-0.2178764981015271,-0.7611513255276326,-0.3514277235945943,-0.07848498697059977,-0.7287916416108812,-0.03851912368106293,0.6963283624373282,-0.07628269642177427,0.5587080024350185,-0.784209293892377,0.37038199042259773,0.6195328377633117,0.099212236612168,0.008976100902218821,0.621888932778065,0.22399509868438586,-0.0118782477720278,-0.7651418492022908,-0.1357106628308689,-0.4108861171446526,0.49325865177520234,-0.40213822231699636,-0.4745679244880899,0.05172710834175558,0.2390800249642892,0.7014965822660829,-0.1379251435449044,-0.05814566367783541,-0.1918866459180766,0.27320832409904217,0.09672856707186134,0.36250412850193287,0.11970810058635888,-0.20861186903420137,0.10572769048124019,1.0,0.40369207406996194,-0.5792912939274019,-0.15968651792332458,-0.04763781612271622,0.3124236216563676,-0.6805762295511167,0.5960739657499906,0.18896508386167415,0.6749136949091173,0.3695074660314249,0.05571704519822515,0.23051794289457928,-0.5897723455575249,0.001357510112928287,-0.35203931651405596,-0.36088862578345604,0.6888141372771687,-0.6482126195415706,0.18444611742784436,-0.5448183384916012,-0.14558322132057008,0.668811239869638,0.08175863178219535,-0.4824243060165069
UBA11574,-0.1574567401115555,-0.7103777912112899,0.43143019106195674,-0.7161027403014202,-0.5753485163156067,0.07628017633043953,0.2327174360773484,-0.5275123587148889,-0.611747024385097,-0.7018963450926515,-0.31872093505255666,0.092628484029879,-0.5611932869960359,-0.551814141763282,0.2930494620648584,-0.3059825309222796,0.25988042975830566,-0.40629214441623884,-0.31920263152769607,-0.7346836665058772,0.36216045366866184,0.8145641449371316,-0.33355632169103216,-0.4508614180128246,-0.3393922543672701,0.2842075167958935,-0.20490222302778124,0.44625820890338436,0.3568733285569531,-0.0625596160036143,0.30254939880914217,0.1721880556730345,0.14608023609819776,0.3681500734840042,0.48835550505330483,0.36018163474181336,0.3398214554076691,-0.7386939255445758,-0.6586672708531629,0.18820213162317379,-0.5126752517936156,-0.44287143860422185,0.718738173447677,0.19273663236364819,-0.3263836502297803,0.6787680457353377,-0.516446739443336,-0.7654411686411858,0.37985094217149046,-0.5308431823410508,0.4520415371012664,-0.3970115922535355,0.40599410433260247,0.31768499197889744,0.6092720963534474,-0.8498755782982903,0.5399799252752023,-0.21451982404399011,-0.6984192441185294,-0.487846227937935,0.7837771067399472,-0.47356553414878944,-0.30664197405589716,-0.7305722422988228,-0.6948655299071534,0.6510526538831065,-0.4427445746743269,-0.35712811933192745,0.39892324336809,-0.06761217658012164,-0.7008867701333644,-0.28363426110887147,-0.7259672035953122,0.49575612941460756,-0.015552362696796612,0.5190076507056649,-0.16875900837082197,-0.21628723000791691,-0.16318909859864364,-0.46486126834881647,0.44758686907832024,-0.4954752985423375,-0.36370234809078883,-0.38662692369485724,-0.5504241611595374,-0.29051735218795394,0.521046588653356,-0.08378101946293916,0.518904444115953,-0.3916153214775349,0.14054376631945006,0.19363463582639595,0.4326838260559393,0.018796797179103094,0.06220179683183477,0.5145612748812137,0.4774669554250304,-0.5217842197698601,0.479394582426082,-0.535687412208911,0.3149671649311564,-0.14728726746323154,0.14975559800458682,0.7907391690933232,0.5574409074151302,0.3904496783090026,0.5162968568764711,-0.5749403189888294,-0.36184081435935606,-0.19963878390454018,-0.15147857970805934,0.053387531667261956,0.716491725297187,0.28327040831416195,0.520884155408354,0.40369207406996194,1.0,-0.2533117817479676,0.2028629820792357,-0.005993093219809779,0.7763093196034562,-0.6227417570627752,0.49672692780658306,0.5743519605314047,0.01802341979112533,0.13632180322737375,0.35626239409958327,0.5696305263361559,-0.4046724389013576,0.3032630220662227,-0.23951688724188025,0.07142899554849709,0.3330173460238017,-0.38835519519889383,0.15033161783232182,-0.07510268373926393,-0.020487079393143235,0.08425309514181185,0.4861383103922217,-0.0369023896472501
UBA11579,-0.2620636598287104,0.3295669076123998,-0.865279343053521,0.728665668304496,-0.1376373543141355,-0.15601944200442308,-0.6745414199386274,0.8487833052439786,0.825797686573941,0.7415367141748034,-0.08083445817675279,0.23577798623591859,0.8772879451177459,-0.03635477191517441,-0.05033575660849144,-0.35109953832458535,0.4027202011378994,0.3235330712072158,0.30279986867670666,0.39279687130335883,-0.6253044198728198,-0.09101604649708747,0.15116476234442522,0.16048100012950128,-0.2982262669281261,0.4505787696471064,-0.4973092735525412,0.04275650699527205,-0.809228927021242,0.7774614402751199,0.04688718364042518,-0.6758691787482244,-0.24909383237681065,-0.4024141413199403,-0.7441468957345431,-0.7993502981433862,-0.7956943076652854,0.5487459343617103,0.7832110322474337,-0.040256459762688504,0.7329503374598347,0.100761368523028,0.1065659924196018,0.33006915797573716,0.5302207675567628,-0.8416579619285567,0.30953733836037883,0.34703116299716225,-0.8418717090417333,0.8799019977307493,-0.6240240715090896,0.02963825937733073,-0.8041904179820606,-0.5859389045999607,-0.713454219125993,0.5738436682279312,-0.9209412675991704,0.04133642739839818,0.727238982686016,0.939543575310521,0.08614128610080744,0.4905809147878964,0.4263488209328851,0.5162642510918154,0.6099618993998579,0.12941841115527025,0.692596716571427,0.5688879083178192,-0.8190487802283319,-0.7450852618712664,0.8007948537800545,-0.13384299525287383,0.7050898739955749,-0.8558117230113579,-0.1823371363566774,0.0503403529655862,-0.05865357842359401,0.08805040869079271,0.06357804608860616,0.7059832964582835,0.1087184914612119,0.7970138878840766,0.5803601703457031,0.3017469501790151,0.7609976413790256,0.6668471689431956,-0.8428336881286881,0.4642942448178338,-0.8277119242783764,0.8375458059328235,0.09034938637943789,-0.7500281018652302,-0.2849099843707509,-0.2978339449553549,-0.571119779436689,0.16559250358722052,-0.25779452084512966,0.8969607456725023,-0.14950853794325084,0.6654231818009531,0.09554466864226702,-0.10962761437381494,0.04908339909659594,0.07574944368211271,0.37021069502439174,-0.8878144768285217,-0.05942419012068395,0.4694993261096689,0.06261676056352616,-0.3623432621329549,-0.2800801519119012,0.041224095250289486,0.08799199345013504,0.0037915173633377808,-0.3476012641975681,-0.5792912939274019,-0.2533117817479676,1.0,0.43686469582864196,-0.27686719622882516,-0.30124164381016383,0.8723814696725624,-0.8678760695646504,-0.04897300363659215,-0.819811198827202,-0.731437268078577,0.3959265166816591,-0.04750154377470639,0.4762443731473085,0.5560593728215024,0.5013961312003539,-0.06179932305010221,-0.8357143606806042,0.2589061338945075,0.3534524562464487,0.1309641160773963,0.17745277921381603,-0.6018067661026563,-0.26094536069244445,0.5470438012307366
UBA12077,-0.5754938379558148,-0.0621983572844941,-0.32251615828244623,0.25703007892100527,-0.8588232247455879,-0.26616631935282564,-0.1387321883188463,0.04620293426149356,0.03428494455479397,-0.0880568104826059,-0.358216984367976,0.8544310531540986,0.21966945859051176,0.3100834659071061,0.0571904983296077,0.08279251633810412,0.13078541194408116,-0.23624656641580646,-0.023287070559404113,-0.21280934143137503,-0.2550640806296154,0.17767281073007452,-0.2966167512935598,-0.3451535437971309,-0.37477201410180033,0.6451828485611061,-0.48394180191873404,-0.29448626769499164,-0.2988334209703943,0.48619355303787787,0.06911321156533419,-0.3866256760502289,-0.5058754113902645,-0.17998341686525363,-0.26575449222408204,-0.30595747951799934,-0.3470701657319272,-0.009639345060991285,0.3504084328574986,0.5132345315176842,0.15433119535758003,-0.42453882646670404,0.6279303810212807,0.16790712244862685,0.2019114450078147,-0.37692530532105833,0.04487669402031513,-0.3317395078881475,-0.5666437011108141,0.26614337237300933,-0.15494042197274593,0.5750515424648311,-0.15823263276306834,-0.36476143251480897,-0.27331040520065736,-0.12054700988864309,-0.21286682517844566,-0.6840922411262021,0.27484118626750614,0.27553323747087416,0.32519993163744154,0.1115773037929085,-0.20745786835304206,-0.17167791678767189,-0.0952813223147646,0.5849134264355952,0.2996101029175452,0.3483075478541859,-0.3510025088084749,-0.22393570455895698,0.1289840094224926,-0.5895741918072075,0.18330878904764045,-0.43053126787601426,-0.25191029771482193,0.3027592700768557,-0.36386722617509226,-0.09873780445429985,0.6506076493767192,0.1446139393818207,0.10379946894442811,0.14620002552843497,0.32211168235872467,-0.36948817274573514,0.25051092708056577,0.4398060589615091,-0.31950104915981214,0.26327793888757073,-0.3149440277713925,0.2699990818801189,0.38851823891262227,-0.06755120432329123,0.38649136765483183,-0.5580709147792694,-0.0042827973889535695,0.4585067873825075,-0.0986975580568121,0.26314279746402813,0.031761645842728385,0.40777750718643885,0.21177470143561758,-0.6148479623692099,-0.25064470553728374,0.2810062860269397,0.3942537941076999,-0.32231342111630445,0.5084121190139774,0.01827582610831073,-0.139882000544255,-0.2658190513173261,-0.3864854506691979,-0.0743779162447739,0.28762790647580344,0.43134462033874676,0.021107557551257435,-0.15968651792332458,0.20286298207923573,0.4368646958286419,1.0,-0.6976926100170594,-0.1553070657909079,0.29874588982732125,-0.3681101781102611,0.2038697689380548,-0.2538025744597387,-0.7419202400284575,0.7650514883904571,0.35504094514754203,0.05444488769408747,0.2503589226876025,0.6924900975021319,-0.3337214975135155,-0.28001781444052365,-0.39151720987485505,0.3316613469402337,0.11821064723382996,0.3094865726638242,-0.31144736484210617,-0.11521004773150542,0.3277182724693933
UBA12170,0.9118855825848572,-0.26156182042527426,0.1671740673054396,-0.07530289768867376,0.5957938901263818,0.7453169569438955,0.05269314576693597,0.14359113131374393,0.10129147131712629,0.18674664291032567,0.3884958208928077,-0.36121766156790924,-0.17068216048207144,-0.5701854579044159,0.17210417578564371,-0.5681518601734797,-0.5272355688994919,0.45684833337040104,-0.628031348138483,0.3785767288258018,0.10762371443188348,-0.12042543378543846,0.5198382349254932,0.6709434581908024,0.6204606464742202,-0.8723360593975846,0.7972273972961408,0.6435828166685799,0.18322126313655482,-0.39173906584573676,0.22952297196235968,0.2815964718393156,0.6306524902896591,0.5049484440211719,0.11606578189592391,0.235509278221591,0.033661165073890977,0.24764402670424804,-0.2679352364676844,-0.06137996715151544,-0.23490443874185418,0.7263476026668593,-0.5814202116215372,0.45384743203750305,-0.7122134325859701,0.3977952830092904,0.36540093434225396,0.38927687172785813,0.41328428466711753,-0.17928969829054447,0.1986934849852816,-0.7485938569635915,-0.08781990729957301,0.16685538571094188,0.3130432704427948,-0.17842985638549427,0.09120934934546933,0.43606400877152773,-0.16574714496755108,-0.2622567082226851,0.0010623154654116136,-0.510282707786593,-0.2602569376416517,0.4062639650454474,0.011779493617046196,-0.6788830615917045,-0.06837545141232819,-0.24922600331954547,0.2942944250455724,-0.10069529975483926,-0.2759978156003517,0.8942186335680805,-0.33804549910941484,0.2415138279675645,0.705741355071936,-0.6309539182945406,0.5927570713358052,0.5250081786357819,-0.30739726395794525,-0.17213958483666283,0.2338912613748668,-0.1683316400790572,-0.6821370477344488,-0.1904369038122164,-0.3505128886236655,-0.681808019387942,0.21430628152263553,-0.15232520111007827,0.21700719937820775,-0.24098027008842154,-0.8166310984098255,-0.2645188437027506,-0.40559448197461273,0.7502041814701749,-0.15989274451883864,-0.7477682201671556,0.32758582849698736,-0.09359908015852274,0.1532811353229978,-0.2878306858263392,-0.6887149278536884,0.8595861748475728,0.6481364657113049,-0.20274039137420127,-0.1099636911263668,0.3401149782985565,-0.4735105305782884,-0.5494437343646524,0.6003263103972187,0.14714254877340072,0.34950084278891014,-0.2225382771158676,-0.12417939576632815,0.12244279700046139,0.06193348978706189,-0.04763781612271622,-0.0059930932198097794,-0.27686719622882516,-0.6976926100170595,1.0,0.024275935846965337,-0.26547091909535575,0.32919472006828904,-0.4071650047522302,-0.033329969446763724,0.4570835766249902,-0.7775106265517989,-0.5786480290441693,0.21981730741838218,-0.15555943711908005,-0.47262493178124215,0.8456199614782923,0.3055873315588479,0.7210097215088245,-0.7859049624024276,-0.18665438137320056,-0.664723475482716,0.38955414264509103,0.300597033252151,-0.30279785588793806
UBA12270,-0.12484873309185104,-0.4093982750561838,0.5427054051382881,-0.7127732617974406,-0.2544724812012201,-0.06349676139413597,-0.04278702633625766,-0.4606459518424948,-0.5006609504520656,-0.5449900641316235,0.13125222958513305,-0.25599449023763704,-0.49158784950986506,-0.5129071890502827,0.16798201619727682,-0.22820033760351788,0.39192389459299193,-0.44117107384359466,-0.06000302560741308,-0.667338196019666,0.3878317576841549,0.7165467348928383,-0.2616334336033977,-0.4527344843365092,-0.45121601504013376,0.2299607954172387,-0.18670343915366341,0.4973242397024181,0.4058461211033065,-0.10955104077370446,0.1956216098098993,0.29204637773369413,0.09290810502757242,0.027489778663681314,0.5344222504435058,0.43258996832952124,0.5443251275055303,-0.7434162531807236,-0.6445552036506071,-0.302044357370843,-0.21195434924484885,-0.3232839079298944,0.4168863155275636,-0.05490311895241588,-0.031606437553108026,0.6501223269048044,-0.8242706783145344,-0.4842431373098822,0.4856344997164186,-0.5135650547869958,0.3974927284260656,-0.42691221748258906,0.3547343086990875,0.4803008695348597,0.7073134763611314,-0.5346157523342219,0.4449976353879117,0.1360507100016495,-0.5729475697267903,-0.3533317433269676,0.5193517524309035,-0.09183550360616141,0.14397354882923266,-0.7683256346580081,-0.39246901470251466,0.4775380930542547,-0.450109220290635,-0.5630444710439685,0.4468924503861127,-0.1870459046048069,-0.5609722054673718,-0.21527344328584747,-0.494726313098937,0.403216322671662,-0.113340549638262,0.3701415383558799,-0.08842197263703208,-0.21212363094689607,-0.3999645260376821,-0.18290380662598751,0.13540229485248695,-0.4823718362494279,-0.04686211229790726,-0.07155480681560884,-0.31896066338730616,-0.18949610309213666,0.4752268533104,0.041803061657878844,0.5272249593399583,-0.3770127397995716,0.25233735843632255,0.09112116964171338,0.27094475702450194,0.09675478903340526,-0.2615799839112737,0.43781175374273684,0.27744494890166604,-0.5177780486972151,0.6699475126298685,-0.6086288953594956,0.43995987724266233,-0.13675612143290136,-0.03865837803995922,0.6687201178000033,0.3309625696877218,0.36601702204774406,0.3468844254145657,-0.27828993487236725,-0.3653810787132429,-0.35950038252922617,-0.08428309926706834,0.23152528624922822,0.7298019297522208,-0.037051851020139186,0.1511907583301075,0.3124236216563676,0.7763093196034561,-0.30124164381016383,-0.1553070657909079,0.02427593584696534,0.9999999999999999,-0.5797155806934882,0.43278834628662843,0.6790534640168696,-0.08507296511622432,0.40198396877002784,0.08364128747216158,0.5750590254800718,-0.5158275336437705,0.3158650957311685,-0.3704487270564591,0.009938672276595749,0.2731562860133227,-0.30880596599768134,0.2802056681451432,0.10784409949935253,0.15068685442312563,-0.21622963440848686,0.37845103234511906,0.24610608905623174
UBA12294,-0.13459907156933076,0.5567772257011622,-0.8488456046724709,0.8100199452569616,0.10285213400696097,-0.18253225275796503,-0.6383061989461329,0.8565055456208124,0.904873370963551,0.8522102862223495,0.1145609176610646,0.19513897171429598,0.8714899514920836,0.21653789441718757,-0.39178998995406333,-0.09372579478331931,0.14982126308655758,0.492827378727497,0.3667464441814927,0.573302390900207,-0.8100176438514693,-0.4844160160297461,0.2930384186317218,0.3659517142864257,0.02666276534148641,0.2610282148009838,-0.2821849382089389,-0.17416136481393668,-0.751961859837122,0.6945012990639096,-0.290730838421562,-0.4542212308204838,-0.17321473578525354,-0.5667743033711764,-0.6765439123079079,-0.6900558221516495,-0.6975735301782356,0.6417243533890559,0.8504237167819712,-0.021232503588580337,0.7080436750356875,0.2312633341799919,-0.1944271788755745,0.12885356966131764,0.5973316714139363,-0.9571800494042716,0.43433982018155937,0.5689278021760379,-0.7344648046515748,0.9269110772486446,-0.658120472079236,0.24072972337063328,-0.6836787632062965,-0.42291086718725657,-0.8767128871048125,0.8180981837138701,-0.9334759989784565,0.13242323663367725,0.7956908478332445,0.905102268682504,-0.32189771974583564,0.5949610088282077,0.3640123962745598,0.6951274998297821,0.7114828986674783,-0.14560131397714898,0.6782960265938622,0.5077109933022785,-0.7641870181051523,-0.5317915212254859,0.8845470441399592,0.012161825609265868,0.8025211537644052,-0.849085360758885,-0.0210121456557755,-0.1764728724469338,0.05033957827849901,0.17444905708328556,0.15665723653985825,0.6766170470227673,-0.20855595871945212,0.8259064586784854,0.6237284289645083,0.30552579164996607,0.7797948316781662,0.6313326962603288,-0.7952255030488311,0.4814020527611572,-0.7595397081826682,0.8752173732969319,0.028288369109629986,-0.5793491737016265,-0.4714786308985448,-0.3755709325939031,-0.4825937438587645,-0.024499936697532372,-0.5232402768280623,0.911390446449997,-0.4102892549293316,0.6495396791611386,-0.03762562459089056,-0.06064970019083728,-0.06013599606844666,-0.3481288719116288,0.08353098893506201,-0.8378349825926652,-0.2717709472742354,0.5616894365149738,0.08975812851193649,-0.03269963568205888,0.021688516748842198,0.13820334486705071,-0.2823461031519918,-0.08814025293597175,-0.42351946553946995,-0.6805762295511167,-0.6227417570627751,0.8723814696725624,0.29874588982732125,-0.26547091909535575,-0.5797155806934882,1.0,-0.8028905164097144,-0.39411322808352295,-0.5994515966414048,-0.5386329170646958,0.18512063830312198,-0.3438017713441583,0.6999170607061795,0.34730708518373465,0.398659202239021,-0.15408032026868315,-0.7438263060059908,0.37403032300983236,0.25985445141883207,0.35516308429337445,0.3402429283753156,-0.5760512149532058,-0.5755684861585637,0.36321691783411814
UBA4486,0.2666738158229358,-0.4076960569324991,0.8624501402848269,-0.8290470624721191,-0.020766542499844512,0.12053654207787481,0.6471055422995748,-0.7723847634807339,-0.7928489190131209,-0.7430036500765214,0.06036519681390937,-0.25829404598778616,-0.9590774188853558,-0.30464593766812575,-0.1916874409049622,0.19704507175454494,-0.29994936360460583,-0.20511156471740113,-0.375873232345528,-0.5599276466230445,0.3568072318478107,0.1382428320467891,-0.16422809420844484,-0.043937298064279075,0.3428756063391586,-0.3388824421537541,0.42384611533864797,0.15227147393680462,0.8645885291220143,-0.6776408749823731,-0.25451047532813614,0.8478794598486508,0.38809832165491515,0.31488517718119957,0.9309169841159934,0.9137954046257156,0.8423118654215623,-0.7105116226942705,-0.8448079850348627,0.24656728295696623,-0.8836431476834563,-0.20506002714999977,0.05720550170734505,-0.2683806394511071,-0.5343968319346072,0.895663227957146,-0.29100227789531063,-0.523907148583751,0.9528911176940864,-0.8744133618647345,0.7748463380131667,-0.29791570944681034,0.8961301278036712,0.8214954547941503,0.6644246700311538,-0.724222116855721,0.8959059324146987,0.020654606468485638,-0.8765603283350646,-0.9449228969506721,0.015917355135614538,-0.6476212545953707,-0.6047518862128118,-0.547029830924623,-0.8052166698755062,-0.003813697093041431,-0.6389415705287592,-0.762286029101849,0.911057464234796,0.561117782081148,-0.9057493753894567,0.11424327754229385,-0.8675114046110743,0.8816063914502021,0.3563862389125203,0.06006580047878177,0.03688360125461663,-0.10465034112235755,-0.2620029837189005,-0.8786464786737134,-0.10596326536418692,-0.8232947103946432,-0.6878095563229137,-0.4592040177288402,-0.9222906429864369,-0.6239983959638695,0.9832839135363924,-0.21299055428908115,0.9800889060979386,-0.7691010529508915,-0.06863358403882308,0.717839401641624,0.07353851615361301,0.11230798089569384,0.43939678888714295,0.02147919994616275,0.12932395997079782,-0.8931002445957249,0.0687651748893374,-0.8172667077224725,0.022597814106118806,0.0823691647252526,-0.010562039721920638,0.009262322212237004,0.04968093357621663,0.9125661119919628,-0.02430516749471489,-0.6368919088464227,-0.20514484125437757,0.5407322903068207,0.5489842027189673,0.24608082428412864,0.09397267384372868,0.13039967327310237,0.45698747347627494,0.5960739657499906,0.4967269278065831,-0.8678760695646504,-0.3681101781102611,0.32919472006828904,0.43278834628662843,-0.8028905164097144,1.0,-0.0656096588791365,0.7142582070947366,0.8111394862062301,-0.249285670737397,-0.007390794083696996,-0.21609926611930483,-0.22656847869428162,-0.7058203151900041,0.06584164944988592,0.9102888008311604,-0.2318863804738867,-0.21831147751814628,0.052238827723731916,-0.021268058236269444,0.5131621602369275,0.08321823196147698,-0.6343343975540613
UBA4802,-0.5555282127281377,-0.37905538796891186,0.15596549700043244,-0.3974472406232633,-0.3694598575351598,-0.24428687267864632,-0.10336326366069377,-0.41617284539843974,-0.41644782305617856,-0.5029037918208702,-0.3409996834373268,0.0003419963646942011,-0.09518593795322094,0.041964022205176796,0.5649792021936503,-0.06378035115775267,0.6261354213752668,-0.537578493680634,0.24846976854517236,-0.5635817501536826,0.5481167370781431,0.8606680413293838,-0.5179356068700608,-0.7529282928010747,-0.7785265420117229,0.5711294123646339,-0.5472000419359462,0.03327552972531405,-0.03932344979215111,0.16222144767141933,0.5660379301303864,-0.32137524532747147,-0.2387965458821195,0.09698915013540589,-0.005471702924252834,-0.10893716791791683,0.10311938998891403,-0.4787781830561515,-0.2676535550587686,-0.31992294431836393,0.1462193230907359,-0.5147883843249975,0.6689356460302827,-0.06496476288401017,0.18384776357732852,0.2688646572301568,-0.7172617883710072,-0.49959798368572467,-0.10339374559103816,-0.22125981832551359,-0.08118861994380358,0.032121011862605686,0.04984298242626087,-0.17335877553805182,0.47883658514637156,-0.28798146628833504,0.2445581099875479,-0.28129646663796876,-0.2403366731575719,-0.048321131819598344,0.6239982711193504,0.1309811062617796,0.46200799867246845,-0.6917410966246966,-0.08301377226079541,0.7452650754284428,-0.3867929749286788,0.043219007352216614,-0.07513223039495652,-0.06423252895520462,-0.189187270145441,-0.5619605148372075,-0.16468030031741582,0.15282958024384066,-0.6407879698341589,0.6420144530307431,-0.4287216786724034,-0.5028671509636014,-0.04005196912108999,0.10805781211024446,0.43202201700345616,-0.09255792412791,0.2363465320194434,0.2716940186193134,0.12303323603736531,0.10825352353816176,-0.014293222617343934,-0.32302392174268124,0.001522215612306833,-0.1550437315107741,0.4721816219900155,0.05336986133838753,0.7516136260143422,-0.02339274482658138,-0.010741544047919827,0.5969945626326336,0.4892248549715387,-0.25556653025799975,0.6318256406651771,-0.050211981616646806,0.487695652861179,-0.3198328864612649,-0.0654849939476703,0.8618626007026279,0.06605608192059675,-0.06191258644894445,0.7472780051169222,0.10389635144746696,-0.42510143311585424,-0.7063468866015695,-0.7169161507753042,-0.23729420429347864,0.6461269065463321,-0.0554760072296515,0.16324175935923568,0.18896508386167418,0.5743519605314047,-0.04897300363659215,0.20386976893805478,-0.40716500475223016,0.6790534640168696,-0.394113228083523,-0.0656096588791365,1.0,-0.142983014177282,-0.20715805699189252,0.46611865848446943,0.936059606634616,-0.7990827374143972,0.031135012939809217,0.24275381363992954,-0.18417736655024347,-0.1823647498076888,-0.5606299714858934,0.4267950308155208,-0.22639446944415953,0.025462442045147502,-0.23841886813046828,0.6147474246639875,0.4942082192081759
UBA5335,-0.0424670658760657,-0.04386252948736221,0.6661910473464184,-0.515760928285953,0.07573984627557993,-0.1873993052961978,0.8584135485949154,-0.7451173771630274,-0.7354349324131944,-0.6377620884593574,-0.24469538728365753,-0.23492489422595486,-0.7299803200333136,0.28984260936337886,-0.17026478051642555,0.711660949913344,-0.24442301084245452,-0.3098656191893282,0.04896543182387134,-0.36189952872474807,0.4428090012546639,-0.17649736792680598,-0.3145158597948386,-0.21263409751795403,0.2611020918122743,-0.21486861254763054,0.21760186236902443,-0.4853259155725746,0.7023074347146037,-0.7125235596372971,-0.34564722725316466,0.5611986232899429,0.04605646992594983,0.23079953808717094,0.6292114814838582,0.6347617710058895,0.6670362727460568,-0.4287903371941997,-0.509839375973374,0.2160240356049319,-0.7286698024655309,-0.34893047306910346,-0.04203519583923182,-0.6025009504588923,-0.25208256874329715,0.5284434716130189,-0.07839088885056714,-0.4353821089678887,0.6349443439664224,-0.7083019365140176,0.5355857461321576,0.23055048010701717,0.8298230455746219,0.4565826764168251,0.29258472011294706,-0.3664940672940904,0.8048757015786301,-0.1481290136629913,-0.5950951641505094,-0.7976368283206932,-0.34509111710399765,-0.3929407777510192,-0.439431355549607,-0.3773549517218245,-0.6157977043435919,-0.07102304923185727,-0.516871922423614,-0.34698731201085453,0.6517962138679715,0.9665007389312809,-0.529770003825767,-0.14214487700260048,-0.4860438092872027,0.772216553637875,-0.06358082370251915,0.17621563011575878,-0.19716010189543481,-0.33374354772256576,-0.07050476965945346,-0.7705568081268634,-0.27071544440313833,-0.5993195388435381,-0.4400081910256495,-0.11676333758357153,-0.6844182441187933,-0.3202363415517718,0.7312851844475411,-0.4271920754899258,0.6581113832263967,-0.6742353724420371,0.1562961263137874,0.931680706678075,0.194025517573085,-0.06303933050678726,0.8695343902514818,0.021757013622344487,-0.02766215165963312,-0.7609693812578323,-0.36401942574758867,-0.4213446315828088,0.11403833302766057,-0.14835733315878144,-0.3000595981587861,-0.2848886657395088,-0.3221065785919147,0.705162866879091,-0.0496378089906769,-0.13963601684845628,-0.2596563602149377,0.6619894957805221,0.3437112918103181,0.12530612968186686,-0.3583586071568878,-0.12459658720454105,0.35590958219913466,0.6749136949091173,0.01802341979112533,-0.819811198827202,-0.25380257445973864,-0.03332996944676373,-0.08507296511622432,-0.5994515966414049,0.7142582070947366,-0.142983014177282,1.0,0.539388968785992,-0.12210755327450427,-0.0037753450175370433,-0.3267298058395306,-0.5502841669246638,-0.3954707550097936,-0.32599261662617185,0.7280075991707312,-0.46748318314803844,-0.08462945872079741,-0.199069006268851,-0.005773048064682455,0.7068242774701561,-0.07259012502854965,-0.7473840572231355
UBA5704,0.43838416395221086,-0.09230396025532447,0.700552084412277,-0.6722925282472799,0.43415010391056236,0.1247434752738913,0.3653809894516965,-0.46211628250114,-0.43454215393690343,-0.3557012438760078,0.3904017330080208,-0.6075598363360312,-0.688221546626807,-0.34023620170268015,-0.40384609033112173,0.15378525242637434,-0.24510415617635792,-0.027911331043530347,-0.11629230345040055,-0.23046458367022604,0.19257405415643483,-0.10888521272242589,0.15021724836887565,0.1259017641434999,0.4156100765127832,-0.481609722673974,0.46121520223985735,0.26116259289656235,0.6996805816499363,-0.5775760818315745,-0.42541672554850457,0.8338903850535393,0.4945426513143682,0.06937265733129573,0.7883831655632347,0.7743750155114255,0.7881419319363738,-0.5202486853981496,-0.7175847909850783,-0.22042870113230706,-0.5905823325071573,0.09347464513914357,-0.34154592969008496,-0.3469970196601066,-0.23518337348098967,0.671554947467985,-0.35506585073468927,-0.07606070619037042,0.9435470097694203,-0.610701126535346,0.5506928905002887,-0.3881986146596174,0.6819700166418734,0.8709943942880344,0.4555048001968337,-0.2632571631563984,0.599014581021198,0.5158982355517971,-0.6706420363004243,-0.667757800643476,-0.26325813908256157,-0.24119503849409826,-0.21593309302844502,-0.2895838005443354,-0.41685952028268936,-0.30788707939027343,-0.5374789701024462,-0.7365408168168722,0.7586261901968905,0.3979939307441216,-0.5626536212970314,0.3471230192475041,-0.5446898097335428,0.7130600198569057,0.3947803863881295,-0.1410823471742026,0.29900039089172614,0.052739990400161744,-0.5024246897452052,-0.5276337438006123,-0.3550558158447936,-0.5714121208122682,-0.38705341012778693,-0.09907447712857592,-0.6437097301437399,-0.5402200295873029,0.7974512774988983,-0.06786977897619545,0.8210390900044425,-0.5026060982497035,-0.16946582999869406,0.4843131066431005,-0.28572217716635867,0.24589532059255437,0.13338948417926721,-0.15647418496930493,-0.07253412097304912,-0.6405275410354906,-0.026734583721920436,-0.829361834326422,0.01878976346659078,0.2652517397501161,-0.019818378316971978,-0.24750769003285772,-0.18095439406193914,0.6916990589392347,-0.33539992755742926,-0.3101438732114808,-0.17490721977040638,0.5449936277737348,0.6795770308999312,0.41440105947477923,-0.1458063546141953,-0.2745821195820346,0.1988261689685162,0.3695074660314249,0.13632180322737375,-0.7314372680785769,-0.7419202400284576,0.4570835766249903,0.40198396877002784,-0.5386329170646958,0.81113948620623,-0.20715805699189252,0.539388968785992,0.9999999999999999,-0.583739966728387,-0.2505641693321486,-0.03758790852250172,-0.1260722515943305,-0.8983869254746042,0.056161664704400496,0.6831143477042528,0.07648078806202185,-0.1710542634725854,0.2564167525878388,0.12029556152040895,0.28993089087764595,-0.10460236026452786,-0.5276951030767765
UBA6264,-0.8736280215730601,-0.06454084420552306,-0.20617803512114258,0.025557524683917515,-0.7381095568068438,-0.6254764528658707,-0.07827056777492492,-0.12221971507561662,-0.1460956046952028,-0.26594767444932677,-0.5956404929743365,0.3744253521983743,0.11201847628639565,0.25681218054234894,0.003859321653031839,0.21782233743800755,0.6448363963797207,-0.21273793828526152,0.3737204550639575,-0.5731856998995714,-0.17502449249920335,0.40626833957788233,-0.715117184821518,-0.46777157244129053,-0.5973890290023918,0.9183022847489875,-0.7672030103659315,-0.4429700058551798,-0.2172687702668326,0.43861377547833486,-0.00534288615624059,-0.28700349031874584,-0.4362823656990849,-0.30490646550277606,-0.08076538302655137,-0.2284681474187854,-0.15104657816823974,-0.27794450163405476,0.26438069453080015,0.42202964522973135,0.14568007623621843,-0.8131881539259825,0.8604900188942908,-0.21012528917537007,0.40551319314647355,-0.2392267141531602,-0.15468629602383907,-0.6504400144719257,-0.44115571369792345,0.12702489431674857,-0.12987676635446382,0.31830016130898,0.06051685986601084,-0.21467447296471062,-0.14525714983230498,-0.1162177308162279,-0.06472806393350847,-0.6608392167050506,0.037263453711713905,0.22691704295285797,0.3012299636418503,0.0362138660299535,0.10043320408953105,-0.37525084447139795,-0.14203538631890056,0.8574608274508629,0.06174422758922131,0.16093921230838776,-0.2814528633632398,-0.07371422042074816,0.07463800611067542,-0.8478681115789433,0.0414381837943124,-0.19451739781797997,-0.584177460516183,0.7483262468515934,-0.7874669412077387,-0.6728604751585022,0.15576241242628894,-0.07122462593442563,0.20625904446285007,0.18645656955302908,0.28823738329417087,0.0693331053190066,0.21111272601308448,0.6069746716090249,-0.17965626646712662,0.056305666697012105,-0.1749461153001356,0.17884415195935605,0.7269531021186466,0.16035989017232116,0.4683875278098765,-0.7776442620491149,0.12840281291063035,0.8411145259928281,-0.1000728408601055,0.05830418078155766,-0.002097616806669426,0.36225523087486194,0.5799433851771465,-0.6762860698698016,-0.32138267179787827,0.538472835122151,0.5102046313208708,-0.31045943498956546,0.5731218474455803,0.21849645547564503,-0.5499406867701382,-0.19705076326331375,-0.33911550731547707,0.07637788039148999,0.4944726767490969,0.30671739274544035,0.13115325338645115,0.05571704519822515,0.35626239409958327,0.3959265166816591,0.7650514883904571,-0.7775106265517989,0.08364128747216157,0.18512063830312198,-0.24928567073739702,0.46611865848446943,-0.12210755327450427,-0.5837399667283871,1.0,0.6959044693976404,-0.16159497273832374,0.21117397423895712,0.49886740900179793,-0.5164932544593204,-0.2587630431006663,-0.6816251717776124,0.7052393841082746,0.0006528558070731372,0.37269846685433733,-0.333644039199076,-0.09429953673591834,0.31644841804696566
UBA6794,-0.7434163415837316,-0.3361458103230924,0.17595445509715776,-0.3975590174262065,-0.5037805935141886,-0.4510693272734174,-0.02939766280672865,-0.5084838301165108,-0.5001935849781027,-0.5981227998923021,-0.4621486743827282,0.07196557309456404,-0.16244479965365927,0.1938278180089649,0.3910516533192782,0.13223425273777326,0.684366702871311,-0.4826523711215393,0.3283039668104979,-0.7309857865667863,0.4081526355633635,0.8020275695062622,-0.744737694833872,-0.7376304795331952,-0.7518647023406172,0.7326756061760663,-0.625714668162089,-0.21505165879553848,0.01043915579617378,0.17296610231985501,0.3814975338680115,-0.21059621126923916,-0.2966800319033816,-0.03735305510420858,0.09624445472741645,-0.03037317685661183,0.16515683876170173,-0.5578674218960451,-0.19166272569658171,-0.05333778333532987,0.08321545165323514,-0.7488310737501216,0.8182714582990708,-0.2475859606517213,0.24010971946685264,0.22787785377295947,-0.6412613781018779,-0.6854331294524364,-0.11481478616512229,-0.2513400684241403,-0.03855865434826082,0.15090879845463945,0.21348516311853116,-0.09983725575289096,0.42182988812216066,-0.3068412989995046,0.30280462028793825,-0.5026578571098125,-0.27187380804617123,-0.08613387159972478,0.5135370587427792,0.03286707978624927,0.36121267889095654,-0.7375670205016674,-0.17332506486099877,0.8788853850038423,-0.4000890464862457,-0.027393394766148164,-0.03966653284775087,0.06728400199467115,-0.2312017632051664,-0.7433295039146443,-0.21544470706554186,0.17258667025772678,-0.6964541695458227,0.7737885958648586,-0.6825880232629533,-0.7234355378067,0.0019421411696199278,-0.07443828703951952,0.37596835169053916,-0.09596063813531007,0.20124362047117964,0.23305134354612878,0.08604294743955461,0.23807277131049193,0.04818574928148316,-0.3257749037601491,0.07196106282059604,-0.1779112209117915,0.6622834547553749,0.2567876890857195,0.8000191008110616,-0.32809223814679245,0.137841073285068,0.7669527962630017,0.3351108068457306,-0.3206795026021686,0.49365933393923944,0.030055101352001828,0.5802898957149099,-0.48278118805990344,-0.19476960216301004,0.8318567600851454,0.16149433938350177,-0.03374426609476056,0.7969053146129096,0.11929120504013414,-0.5713500214225644,-0.526413980721137,-0.592332451592792,-0.15713498389538053,0.6670264443540574,0.09803373607109221,0.21259291777189165,0.23051794289457925,0.5696305263361559,-0.04750154377470639,0.35504094514754203,-0.5786480290441693,0.5750590254800718,-0.34380177134415835,-0.007390794083696997,0.9360596066346161,-0.0037753450175370437,-0.2505641693321486,0.6959044693976404,1.0,-0.7328992455041418,-0.041835832796300154,0.3047053220718957,-0.34058371184159036,-0.10510691157624827,-0.7426732641348488,0.5641654432529408,-0.16680478127650422,0.15702783682672605,-0.2473960518095529,0.43181977837534163,0.4264246743029363
UBA6960,0.39328348125601914,0.21721211909128024,-0.5303243966406845,0.44111430880107755,0.20673554718774717,0.23882540275732148,-0.366244267697382,0.6419557217724602,0.6934367171859231,0.6449350895972795,0.2763200712426165,0.16924805583542743,0.41296792843763397,-0.154419747770994,-0.6462772124228724,-0.2730151882798549,-0.3435751492011536,0.7185057755649314,-0.16133549369968228,0.5241180067549547,-0.8934847087933782,-0.571845224128945,0.5640940708108522,0.7223544866825601,0.6151280300989099,-0.20856425189790945,0.25330136264945674,0.17130312413160978,-0.3758528406478222,0.41542756426329397,-0.5001053713746711,0.0939854552395286,0.3569820878986789,-0.262606242165011,-0.20663649121119387,-0.20537869124396088,-0.3996582982238116,0.409660916178512,0.39773162557643565,0.27913877936453246,0.1258846425377448,0.460215229827236,-0.3376387710309758,0.309124410335174,0.07137837952828541,-0.5128171354212726,0.5553335357928594,0.4996876501165812,-0.16886569729130882,0.6019964620039471,-0.27724544330327844,-0.09871365423137565,-0.29602832349295877,0.09105228753429952,-0.6487183877735594,0.42548067054948785,-0.583007533601981,0.2701656983259583,0.333882385630205,0.41074528055207005,-0.2970046367321959,0.09121894429640487,-0.23650732221087065,0.7014285216162089,0.2943787235916512,-0.3868302520899245,0.40633431293672606,0.10873047207243766,-0.301839587997877,-0.37612564088718303,0.38696712822675,0.4564825361401119,0.24948448723618785,-0.4223594986244306,0.6351961384973835,-0.4394756377578137,0.4069769308200844,0.47617990206171484,0.09919956541516593,0.18058160098663079,-0.2052618449025701,0.46748598350545145,0.049161620949581035,-0.19704876173486127,0.20128833259873244,0.060140393034618246,-0.27206854004235537,0.4678918372387881,-0.219754241852179,0.6123841291142931,-0.40952736908122667,-0.36320473922899715,-0.6928338766219536,-0.1740355102192804,-0.37607880081324685,-0.2793348316226601,-0.43872491142254993,0.5981010815685461,-0.4810404599800607,0.13246348446832146,-0.374256398859921,0.3018586590009976,0.24186446447941853,-0.5163329743237627,0.15736464405815292,-0.3645352319096501,-0.46039799641908097,-0.06287548541535044,0.1810988234430661,0.45548887939529326,0.5659907924921408,0.24158581353870248,-0.38788389783783866,0.13652374045426877,-0.06469767374703063,-0.5897723455575249,-0.4046724389013576,0.4762443731473085,0.05444488769408747,0.2198173074183822,-0.5158275336437707,0.6999170607061797,-0.2160992661193048,-0.7990827374143972,-0.3267298058395306,-0.03758790852250172,-0.16159497273832377,-0.7328992455041418,0.9999999999999999,0.29649385892153285,-0.12309386700650944,0.18018156301411511,-0.241028026834969,0.6507880571768534,-0.1672158850107533,0.5648869068120175,0.256064912644154,-0.26080611465778736,-0.6081195417739871,-0.15307145868960617
UBA7960,-0.14965666991366836,0.18622345100357718,-0.2237934306668329,0.09013618800465174,-0.3689681659647348,-0.16054125014280646,-0.24894468365330943,0.464360382855531,0.3417024550352096,0.29953928250907935,0.0730362006710307,0.009519583921215264,0.22195016732722697,-0.6332106332946309,-0.21684065073841974,-0.3010995777395529,0.39028419615491394,-0.21402347375716635,0.14444809544624046,-0.03299496552493382,-0.3316045910894008,0.06779846138910646,0.20859400781351042,-0.17123741233058917,-0.4066066603065335,0.3725839205778449,-0.49750227522233326,0.46081609837217946,-0.13611318393619087,0.3615398859401655,-0.2169722274020276,-0.16699009022080205,-0.19841127413688125,-0.30956499967288237,-0.047325964115048004,-0.1726497206123518,-0.1420388895221806,-0.07702518902445861,0.08161000280484619,-0.18177429038679546,0.11334362206640204,-0.06758358522095707,0.17277478615052325,0.20082334385642334,0.4078738258910974,-0.22260138389092438,-0.20811538570389837,-0.03259697083923322,-0.1413977354448756,0.28504134633316214,0.1007984617367794,-0.2618517081801525,-0.27673468296264814,0.07880852916816787,-0.3320311847520516,-0.0039002256612783582,-0.3903489880831582,0.4176889503870299,0.10731640618795707,0.3845353710613661,0.2629705620413424,0.34089348882537834,0.06875281452776058,-0.06037403371538979,-0.10017058940217569,0.20047653309396943,0.4620756205576168,0.005687682868254284,-0.12928767233579128,-0.6553729202917677,0.2435867542357295,-0.19757020703580316,0.2494560659352651,-0.33001287454128686,-0.034059204900156966,0.19652455983825648,0.17444276732588268,0.21868185149718433,-0.3191899846414785,0.29899930258072727,-0.19917731164783306,0.09759456661382811,0.4016130900124588,-0.06290338821657943,0.0763869661682986,0.40234353569857273,-0.12278357583172865,0.7839683620868546,-0.14943009327684584,0.37788575036865907,0.1582381042480688,-0.4663949003032399,-0.4634508998279115,-0.1650345527741653,-0.5395441890647736,0.34168669270293295,-0.3096185823092089,0.34096711677006963,-0.07581716115842495,-0.139836860050455,0.47563075028566837,-0.31338246828484184,-0.198094827609142,0.15824035787324336,0.7226775384867419,-0.28981413262054834,-0.20863772098726635,0.15056671944782382,-0.1656866969010368,-0.13755899699091434,0.05101154038231292,0.6270714663274544,0.2890030009603571,-0.2386053107140065,-0.1835413703798662,0.0013575101129282869,0.30326302206622274,0.5560593728215023,0.2503589226876025,-0.15555943711908005,0.3158650957311685,0.3473070851837347,-0.22656847869428162,0.031135012939809217,-0.5502841669246638,-0.1260722515943305,0.21117397423895712,-0.041835832796300154,0.29649385892153285,1.0,-0.1550912910703274,-0.2342284665924244,-0.2615861571401531,0.045351442658097624,0.47012392323523117,0.2520289673434527,0.3997781582936056,-0.3786656198161532,-0.288244090154995,0.20219677517224416
UBA8670,-0.4399692328048108,0.1681024941069947,-0.4687513886419797,0.6485018363418003,-0.4114010969673396,-0.1911126522204317,-0.3753867027571482,0.26921870250180485,0.2751076332792786,0.23448136701809252,-0.15403916724547756,0.6453030074852583,0.536632137652982,0.5781577461941833,0.4070436999243801,0.03216301998488586,0.11020906297965154,-0.017612413383445897,0.055791487644177816,0.1445723080283211,-0.09212533708106285,0.03859509301878982,-0.2920949634172832,-0.09939528263950759,-0.3744181722054948,0.39242250732795525,-0.2771543862629541,-0.4234288848045911,-0.5109238162194567,0.3840088771039705,0.41885553356912897,-0.6417944157980108,-0.6012445914277303,-0.18352978842513665,-0.6516757736029567,-0.5581476424444132,-0.5666181809122685,0.4901944484895477,0.7078557277695036,0.25825441555125006,0.6367451506160118,-0.11415513404466535,0.23449737583058633,0.1664967135117815,0.16725210716678302,-0.5616754392183698,0.2935741330119992,0.09354698849610298,-0.8422439584595655,0.42401725134984836,-0.4485680876228053,0.547998074936384,-0.5426514750808259,-0.7767322878584993,-0.22053495580613142,0.25522714747123254,-0.44628181605877487,-0.6771379458296132,0.7035320230160572,0.5368569741457742,0.07363779236752943,0.20934644631126653,0.22691892887196774,0.1836831228418324,0.45407578729107134,0.22830736446376165,0.4643275539684756,0.5299780832080686,-0.578751765911398,-0.27076325225006653,0.4198219334774085,-0.3516342339581108,0.5211711644848341,-0.6911715103619084,-0.3984613135280097,-0.02326792307786153,-0.40466153763780555,-0.10677400235093867,0.6289018606372203,0.4748340372718903,0.20964750457650175,0.3859928733801176,0.36102839874913206,0.027648939870804752,0.6491104006855003,0.497636295474794,-0.7080531320088874,0.0011207853499193587,-0.6908082312327214,0.27076995849413954,0.257997066627585,-0.33444363955324435,0.41030903113347433,-0.27214670278946684,-0.11597410341333052,0.04627639577864263,0.0005713944993809794,0.44807425561396536,0.22426755270693907,0.8581424820297388,-0.09855124388362099,-0.3222487664365043,-0.12480461232634171,0.1491865188197689,-0.0060505811535858925,-0.48980685286011383,0.3672708540111168,0.2789068577732029,0.29019616513470126,-0.5928670911320937,-0.6349796459158743,-0.4913008910964387,0.1995438127439674,0.40684949392364117,-0.37672777228481935,-0.35203931651405596,-0.23951688724188022,0.5013961312003538,0.6924900975021319,-0.47262493178124215,-0.3704487270564591,0.398659202239021,-0.7058203151900041,0.24275381363992954,-0.3954707550097936,-0.8983869254746041,0.49886740900179793,0.3047053220718957,-0.12309386700650943,-0.1550912910703274,1.0,-0.02860626135555827,-0.49344738748895245,-0.16542782517973384,0.08160483414704343,-0.2324010378186237,-0.139290777919183,-0.326105519956543,0.08882723976875999,0.6442384844871712
VadinHA17,0.7842660400456187,-0.4600742430193836,-0.06295965040713657,0.0804484170774456,0.35424787172967337,0.8280028697232734,-0.2559384412184072,0.1927025052343652,0.191904468723106,0.19446972995525913,0.32633401428313347,0.046719603875351595,0.041260696067532354,-0.3863619030097931,0.4060492271791626,-0.7747094749851599,-0.5147072029472216,0.5472593885842016,-0.775581588517055,0.36650683775323584,0.02877473946110891,0.12295600331630697,0.421272370402258,0.6532657113206792,0.5064123600462159,-0.6837131265056459,0.7382175754256766,0.6326684867546506,-0.11428090424354014,-0.07347503631369465,0.5550320656722196,0.012738335433815253,0.5556449978596995,0.522792052159576,-0.15182646685278814,-0.0094398425497509,-0.25213632225688043,0.34451955377589627,-0.06932889624559664,0.10638604141101912,0.02731399276990049,0.7092955718163455,-0.32190880598103033,0.7184604237696082,-0.7585722491501896,0.2450400007051384,0.40038861277241955,0.3806384238478342,0.06859502247485638,0.015194621454233472,-0.07582851218081037,-0.5924240599878986,-0.3231205393989724,-0.13291906899669564,0.3523812355815096,-0.17749586739703835,-0.08049824430733195,0.054664815626470624,0.03770845008636982,-0.06044571879957871,0.2689917632651677,-0.5045263180392908,-0.19547288239771143,0.4176593796605665,0.2072878239766276,-0.43703466754114834,-0.027193184554469747,-0.049272586884781894,0.007487905015028529,-0.3352643779186971,-0.21945397542024736,0.8094057971314419,-0.2828345357647459,-0.028215881841140673,0.6685001742117684,-0.6283331566799363,0.46299674249991063,0.5171579407409918,0.0739125699541534,0.03164058056601963,0.5403741558458268,0.024376928367396633,-0.5966160264542529,-0.29677589725421416,-0.06587095915335392,-0.6247047857459795,-0.08466324286291965,-0.23600833565079135,-0.028290590011589158,-0.07837009075630241,-0.8035123546842017,-0.46852638960479326,-0.07616222990337965,0.6716936421192649,-0.3226572776452209,-0.6791959368617466,0.52069946081244,0.09766217904036646,0.4667879659789205,0.007340660119568638,-0.8369858423856849,0.8382519960956657,0.808384802372,0.07581338147852207,-0.0903053204963362,0.10871834103748478,-0.0916448803958658,-0.6397859247916039,0.686481367781631,-0.22713326476271717,0.016466261421917004,-0.5812639245499819,0.12500767056662979,0.4745379499044861,0.06257567782443241,-0.36088862578345604,0.07142899554849709,-0.0617993230501022,-0.33372149751351554,0.8456199614782923,0.009938672276595747,-0.15408032026868315,0.06584164944988592,-0.18417736655024344,-0.3259926166261718,0.056161664704400496,-0.5164932544593204,-0.34058371184159036,0.18018156301411514,-0.23422846659242438,-0.02860626135555827,1.0,0.052750759022740186,0.7229121844700068,-0.8256061449238058,-0.15520104906162457,-0.7244817953013536,0.1226738233510091,0.5032646972979186,0.0711249272756015
WC007,0.22934997734607013,-0.14252745598072913,0.9193449320695182,-0.5778891536611103,-0.10960774284438277,0.0027203363541583583,0.6969617752699191,-0.6809765349706152,-0.7596959735613734,-0.6352730863512668,0.19421896519854642,-0.17046826492805836,-0.939339757330082,-0.1979730950349678,-0.1406220214697758,0.3498618526825517,-0.38312883341985343,-0.2864533263435956,-0.41054507074423086,-0.4947921289242142,0.37552964193762867,-0.09246673643544898,-0.25339977652483536,0.024147083559680007,0.2893368747693232,-0.39004833197388666,0.47693178632589067,-0.009647788525382037,0.9622258959200427,-0.8562823734645819,-0.27929899239066114,0.8375185404036454,0.07657793232601671,0.18815403274052475,0.8848924717334576,0.9548088980757682,0.8518114056273084,-0.492162791442463,-0.6214884903684966,0.36886914625386985,-0.7779016845982182,-0.19576007911322513,-0.10105526786835207,-0.35427315738614895,-0.5550804702389355,0.8041615825605316,-0.09104249369829275,-0.45905385353915884,0.8395138202530708,-0.9095594224585484,0.9106901344636669,-0.17568292906682093,0.8155280778666161,0.7014106225292623,0.6417797600484703,-0.6942537634453994,0.8425126789097162,-0.10037234566625196,-0.6324531467554335,-0.8875687852822255,-0.20173494186630256,-0.6686634538741171,-0.6633147172597058,-0.46085955592177674,-0.7717750109040479,-0.17321533750779397,-0.3386667584346201,-0.787926927237581,0.9735469146610445,0.5486824807130078,-0.8463340186914463,0.06665210507067153,-0.6785622196335037,0.6966505187688922,0.2913652607103799,-0.12187831073457132,-0.061703132217366785,-0.06385670515167463,-0.19446442546731882,-0.8480560303440183,-0.29497929136491513,-0.9227486835873017,-0.6780674231489697,-0.5420021663062324,-0.8790898549593832,-0.4492514922375703,0.910319822164303,-0.05006723230150176,0.8847712312700975,-0.8962276354763642,0.015894775787211147,0.6756665430167035,-0.019515992981322967,0.061828857652966474,0.4396073480213374,-0.13209182364816074,-0.07376050022071305,-0.8814624140875489,0.05510911573494021,-0.5931455584571749,-0.011322015987768544,-0.06708253991760804,-0.23133479656331835,-0.19168335355621327,0.10893036183809762,0.983818089698953,-0.2130962168330937,-0.5559814809828676,0.06544202553968075,0.5046553225819178,0.560424717305801,0.2750124493740314,0.09887552464316839,0.23578018526697045,0.13232291005005686,0.6888141372771687,0.3330173460238017,-0.8357143606806041,-0.28001781444052365,0.30558733155884793,0.2731562860133227,-0.7438263060059909,0.9102888008311604,-0.1823647498076888,0.7280075991707312,0.6831143477042528,-0.2587630431006663,-0.10510691157624827,-0.241028026834969,-0.2615861571401531,-0.4934473874889525,0.052750759022740186,0.9999999999999999,-0.28549297035953985,-0.26491004111109856,-0.11844832574193091,-0.13918047804668635,0.5704693587074477,-0.04980164658890349,-0.5479428625111122
WN38,0.8430390073944032,-0.04503174262831458,-0.44765564320294654,0.36974791976871807,0.6137544866373752,0.7593636816937556,-0.4548424620105557,0.6288604651554186,0.686342609385691,0.6782922477285803,0.474073782864163,-0.033835911029312375,0.43696308620809576,-0.31881088619882286,-0.057232991087161116,-0.6808234736640315,-0.5359009496917425,0.7095567625935945,-0.44344092665603235,0.8015358039535085,-0.3974868346758082,-0.32817893241310575,0.8575573592193724,0.773449995685413,0.6508766822256482,-0.6799911698207032,0.6154294032903709,0.5891956938330382,-0.4149326119462398,0.22644722991749075,0.11981438173657313,-0.0920388828185759,0.5804940057647454,0.20357309479674907,-0.39122284326446144,-0.2909911935136043,-0.4747511008160509,0.5849314183401253,0.18571510750954406,-0.18118805397433238,0.2348515727206859,0.9459922783638655,-0.6413498035013753,0.6658245867204756,-0.2974588232894365,-0.246573257224677,0.4733751862030664,0.8233563550045446,-0.09081560837366909,0.4930766645042605,-0.37770864677595845,-0.400863712886494,-0.5529402975395437,-0.1282117530493242,-0.2592959445548729,0.370075851112498,-0.5188358561205346,0.5100097647701175,0.32240964911398323,0.3231193794411071,-0.05785397596578612,0.03760393568003027,-0.014714352907104093,0.7798875663986586,0.5139887682244559,-0.6837998072529987,0.22792943856457185,0.20189478242610398,-0.3028891750668495,-0.4602354167247963,0.301378495058259,0.9160258701846091,0.17428537008931602,-0.31223342807133597,0.739383662105689,-0.7531351255798965,0.7860168951382845,0.7755955615363183,0.052192797328051266,0.4054944277701286,0.14369697992886402,0.41141874011241863,-0.13842540901175926,-0.07256366380839911,0.23090520757637106,-0.3933819837957795,-0.34918725622620217,0.1003668862220926,-0.29754270666378474,0.438951057049825,-0.8689644796844137,-0.6564217363094482,-0.542913149940683,0.5735149842997503,-0.51467441538423,-0.7464814423631474,0.11992918054037623,0.5505291116488338,-0.012531332684759812,0.045068046300214756,-0.7671145636627045,0.8240976118261978,0.6785935403341776,-0.35809853269158276,-0.2363158252773078,-0.28040697496228223,-0.4264632518551286,-0.22976847194847955,0.588073612442548,0.016949106400482982,0.21967732561286313,-0.2532496935970805,-0.3675122051758152,0.015493704940895187,-0.08838200043347644,-0.6482126195415706,-0.38835519519889383,0.2589061338945075,-0.39151720987485505,0.7210097215088244,-0.30880596599768134,0.37403032300983236,-0.2318863804738867,-0.5606299714858934,-0.4674831831480385,0.07648078806202185,-0.6816251717776124,-0.7426732641348488,0.6507880571768534,0.045351442658097624,-0.16542782517973384,0.7229121844700068,-0.28549297035953985,0.9999999999999999,-0.6587414960207918,0.22737583224906718,-0.31322139788961273,-0.09330466446552313,0.028783684124707564,-0.008434177406073324
Wenzhouxiangella,-0.868985666502742,0.35702454735287387,-0.07630888250003082,-0.05699064580649392,-0.3981301587529488,-0.8700082640041674,-0.11675174162474061,-0.014778707100902844,-0.03782433486767144,-0.0900147426150303,-0.2840814362757811,-0.15873365700333755,0.1205721700637937,0.11911112811265549,-0.3199274830038477,0.42311246957948134,0.8636980336409948,-0.3751860122850611,0.8098232268427706,-0.5015785030871811,-0.1730169691712249,0.17870246192953643,-0.5476968379831354,-0.5749005013471362,-0.7211266201332392,0.896292109328908,-0.9052592131196677,-0.38125463472953175,-0.07316210509654816,0.32834933162612284,-0.3804258608250465,-0.11517930103995772,-0.4827254252040131,-0.6518068737384074,0.07259840885437567,-0.12004221526670664,0.12806820096797303,-0.37455889991957736,0.17143950815989,-0.15446855307679816,0.23514444544790514,-0.7673682876003446,0.526477013400221,-0.5796480361950695,0.844013178883684,-0.2738824483926867,-0.4935829194779195,-0.43694479720583496,-0.2045432834937014,0.12657579936433516,-0.04959840871550619,0.23589441843540454,0.12205305185732691,0.08901258942543018,-0.2555412835173464,0.19267945233841946,-0.12363527418991811,-0.04231634648742653,0.021981098357695232,0.30698925596853105,-0.03274052048569369,0.49111274447604186,0.4676663870909195,-0.43003966660018617,-0.038688304489832154,0.6541275188113821,0.08943404627072452,-0.03226486003845868,-0.1568328205803103,-0.08236283850413063,0.26945274969139144,-0.8452573833030246,0.28262947999969595,-0.1477048573261535,-0.7198341405419455,0.7561875384681493,-0.6151719682920782,-0.6617699298607418,-0.31379270857698577,0.10840701645853275,-0.29033805373597826,0.15900318326185947,0.6472036600640639,0.44789720298020524,0.26152282515558334,0.7707744301317528,-0.0792862753655515,0.32853455719762137,-0.08303699744252449,0.23313327213467286,0.8814406719275607,0.16428958623651327,0.06870422478559304,-0.7409538397402073,-0.05762629588979373,0.8721705777037858,-0.44878585135586385,0.04321557098910341,-0.16865083076309995,0.09279531908390173,0.9330582023990533,-0.7651776740165672,-0.6452369045231151,0.2865988812578146,0.4032673862334521,-0.31049406713142125,0.19401306155767745,0.6331214179897465,-0.7438364598375866,-0.07430658610256725,-0.10546141033561553,0.583724730322546,0.3111157000190981,-0.32138237935371866,-0.13785733006866702,0.18444611742784436,0.15033161783232185,0.3534524562464487,0.33166134694023375,-0.7859049624024276,0.2802056681451432,0.25985445141883207,-0.21831147751814628,0.4267950308155208,-0.08462945872079741,-0.1710542634725854,0.7052393841082746,0.5641654432529408,-0.1672158850107533,0.47012392323523117,0.08160483414704343,-0.8256061449238058,-0.26491004111109856,-0.6587414960207918,1.0,0.19437621637827232,0.7038192424507425,-0.4679101331436787,-0.3910278986762851,0.2954346105550207
Woeseiaceae,0.06320926061950775,0.011653206489593409,-0.14100416552113676,-0.12564818556261384,-0.012627231585921352,-0.0065327702643374255,-0.48697512452196756,0.0821109687958822,0.24906184576371587,0.11536575401948648,0.42124628301382555,0.20192709620032365,0.07747775018351528,0.035514056832421315,-0.7581703695061962,-0.057918995483688715,-0.1237058851045237,0.3143053074546986,0.020565470881674604,-0.010504846887606003,-0.6853986229249456,-0.13147546188401868,0.29878639262327855,0.18687287446236753,0.3034399436341595,0.14274177037113764,0.043473049985045274,0.14250767098758466,-0.1410117146178722,0.4933111739952061,-0.5544390384773472,0.36459385566790226,0.32493479018270083,-0.4915417069471896,0.19104346710720857,0.11279966947664238,0.09828920822209058,-0.2745506573181419,-0.04821919391723487,0.0007632051356838468,0.07011533988246989,0.07390669009603959,0.02856790113509059,-0.007414233021711481,0.3320979978950898,-0.19496913688206077,-0.2916967280405043,0.18220112033728547,0.14324736988932957,0.2919444840386419,-0.2031595633651969,0.1671424021957729,0.1333885308161971,0.5133467110288573,-0.21232283641241811,0.27045590620650306,-0.2128831077761522,0.18635913984086852,-0.039454610881735304,0.15336536261713302,-0.10727013520478458,0.3640394707649155,-0.01062259228000684,-0.011348422148133535,0.13915424082659528,0.10864436465748792,-0.14181840792288336,-0.24380357854522033,-0.06867110462515869,-0.2693069212623807,0.05513612717803222,0.08751838483256781,0.005257347160884623,-0.1514783295057236,0.4186174786307674,-0.111122243927171,0.2468275666569126,0.20303330714553638,0.19636213616590362,0.15604320888070872,-0.33892435491911876,0.1856580903822699,0.35815367957429856,-0.20201656838503995,0.17670741427382125,-0.0053199461474455045,0.03423080615175101,0.38793296326076254,0.18234468349584393,0.4408740887949515,0.006863285010592663,-0.016773481759486425,-0.22556606392906317,-0.36957834122692246,-0.4568590285008038,0.18625743985968377,-0.37950629815383297,0.20132572312108832,-0.022784477225026727,-0.28715331152601803,0.02856461264101401,-0.039613532967560754,-0.02982156585111425,-0.14587754575319856,-0.007319931103029428,-0.17637370849317802,0.07490551679338987,-0.06258462566591091,-0.34631067987334013,0.2334993772888674,0.4548515256889567,0.37095133658816126,-0.05312961838411069,0.021842846670386527,0.06353482853819274,-0.5448183384916012,-0.07510268373926395,0.1309641160773963,0.11821064723382996,-0.1866543813732006,0.10784409949935253,0.35516308429337445,0.052238827723731916,-0.22639446944415953,-0.19906900626885102,0.2564167525878388,0.0006528558070731371,-0.16680478127650425,0.5648869068120174,0.2520289673434527,-0.2324010378186237,-0.15520104906162457,-0.11844832574193091,0.22737583224906718,0.19437621637827235,1.0,0.7831207763344853,-0.6478551665911475,-0.5042327204141109,0.11485532916243056
XN24,-0.4813871992169125,0.274344185830692,-0.061676867932821684,-0.15213852168579375,-0.2773606063310287,-0.543323971467893,-0.22074479037132438,-0.04517456460613293,0.05631888852086894,-0.04537721605138747,0.08311488693777684,0.09698502203207082,0.03597580984073789,0.19307742608120193,-0.7500609584143558,0.38664804812806,0.31548656979416706,-0.1447264849973365,0.5061571377085803,-0.2865636324482591,-0.4931701976730949,-0.09444243862581043,-0.08962377458361231,-0.3067982639496084,-0.18239883929370942,0.5845431569217692,-0.48932530173661853,-0.23929767891183334,-0.03653750177539736,0.42129734814482517,-0.6965603863056635,0.22248373892472695,-0.13783484848778746,-0.6853014658585381,0.2297731339723982,0.07289603549549395,0.2206420953858786,-0.4361165547763655,0.006857025709269221,-0.08024564098190706,0.0583763209740065,-0.4270060571217603,0.2802379715168835,-0.43127404595181384,0.724386920132541,-0.2748686230265821,-0.4964250920052856,-0.15243894944220326,0.041100213417397974,0.19503027289363334,-0.08264262003869388,0.42229939562156804,0.2693596420235117,0.4369345140599025,-0.3389787266933726,0.2675036873552139,-0.11550967902459254,0.10001310216339741,-0.057233059716088344,0.1739520999528565,-0.17554834986873152,0.5669436328223533,0.15115120065321838,-0.30829770855861677,-0.04059779759773154,0.4097196426862566,-0.06359165479928316,-0.15951777984971807,-0.059293856847437335,-0.05590146377730753,0.1679228560290856,-0.4813187090697861,0.17312202425231699,-0.10809582822394313,-0.1570017238540661,0.3632068359159889,-0.14871263273671023,-0.20873694032118176,0.03778143803963779,0.10576910420812516,-0.5362331631195243,0.11493746913464488,0.6368127403378544,0.056178341326063426,0.1751433283385061,0.4222032500566599,0.06657632588175047,0.45578376003602433,0.13709128264631656,0.36337907505386746,0.5421268038388735,0.23139392691000296,-0.10434856899433431,-0.6889675579230211,-0.1785684312737588,0.6123457909128095,-0.5746089568763231,0.08512615839168522,-0.24755737926046847,-0.2067799037331801,0.5962361392918051,-0.5733998656720957,-0.5226579987925526,-0.06358370459072855,0.14002513900132557,-0.20994324901260533,0.13326481884167668,0.35284481927884326,-0.6908862084728515,0.23802406633007409,0.27492882914626404,0.6458151158508814,-0.014383488084271544,-0.26648797818494024,-0.007706261303203591,-0.14558322132057008,-0.020487079393143235,0.17745277921381603,0.30948657266382423,-0.6647234754827162,0.15068685442312563,0.34024292837531556,-0.02126805823626944,0.025462442045147502,-0.005773048064682455,0.12029556152040893,0.37269846685433733,0.15702783682672605,0.25606491264415404,0.3997781582936055,-0.139290777919183,-0.7244817953013536,-0.13918047804668635,-0.31322139788961273,0.7038192424507426,0.7831207763344854,0.9999999999999998,-0.5776398955827593,-0.6369043164553702,0.09889692978817245
Xanthomonadales,0.3129400702661262,-0.19417640441987813,0.42415630993265707,-0.26971339621401086,0.1551445869559671,0.26614668873899755,0.8958110736663437,-0.3873204083201379,-0.48879911791933406,-0.3588261012218404,-0.3658799136728043,-0.2050545967590453,-0.5127504087319262,-0.10750068024255777,0.2994591744652171,0.2210593130216612,-0.3881646950631036,-0.2314535757052019,-0.2793731246517524,0.01716744929447398,0.595090341686651,-0.12729145226238167,0.0180019245038537,-0.034538695494554954,0.29693258491222396,-0.5196790954533251,0.35726917197110203,-0.08053896833151404,0.498688722978869,-0.7348008768720692,0.10303928047756299,0.17198820133717185,0.12276566408017829,0.6981448147842316,0.26958453772625846,0.3278726471327301,0.24705969114461296,-0.021520432989948227,-0.42036303545125875,0.17836337700460522,-0.7075187047981356,0.05849287183484462,-0.20321198075118402,-0.046687723334504036,-0.6026398384748922,0.4968131526988757,0.3000457478922274,-0.22010635590339886,0.42576647599587636,-0.5591920593927427,0.4881697286380266,-0.13217668761223259,0.3810537533125646,0.03789082474324272,0.21284474950152255,-0.4798931658795006,0.5960684446104283,0.007345724077450822,-0.4368687273836956,-0.6656178002577923,-0.050680503950747344,-0.5904071967253064,-0.5530818228026595,-0.02840052567255892,-0.5621515257520281,-0.3306044858047536,-0.22383415706392595,-0.009623592865764004,0.4704018237842021,0.6990926357227639,-0.4120381188037923,0.20426581337127644,-0.42702543668137,0.6418079729739752,0.09463286220323551,-0.03786140200139647,0.13287140908588543,0.05152780432214984,-0.12185102939248466,-0.6138344345443895,0.1014436849121161,-0.48967613590206366,-0.6892876454535011,-0.18667085753559906,-0.713531549082285,-0.4877071421848808,0.5028705574143202,-0.4404606068622343,0.34983577802791643,-0.6043678386410603,-0.31227295659350635,0.4662655611066075,0.0392035423350243,0.43937384664806645,0.7852453629413676,-0.3442518769450395,0.31967365688433397,-0.5043399985926855,-0.3430229721051248,-0.28217832942664806,-0.21330708595015915,0.21602105299587002,0.11103010107860545,-0.2196709880856194,-0.17976391247672854,0.5851312107155618,-0.23482286708395048,-0.31473934991534863,0.203928488212521,0.45049360253193815,0.09815529783557125,-0.1569743900794996,-0.3908118888215212,-0.09438000537010272,0.3688397142909701,0.668811239869638,0.08425309514181187,-0.6018067661026564,-0.31144736484210617,0.38955414264509103,-0.2162296344084869,-0.5760512149532058,0.5131621602369274,-0.23841886813046828,0.7068242774701561,0.2899308908776459,-0.33364403919907604,-0.2473960518095529,-0.26080611465778736,-0.3786656198161532,-0.326105519956543,0.12267382335100908,0.5704693587074477,-0.09330466446552313,-0.46791013314367863,-0.6478551665911475,-0.5776398955827594,0.9999999999999998,0.283957240006939,-0.800381477939698
YR4-1,0.18325971206301903,-0.7398001135573842,0.09602289758761484,-0.3520858745263238,0.02397135699178215,0.5293601452882751,0.08508613819683823,-0.3264779636202825,-0.32983750318596267,-0.38213872516401076,-0.3247230668123246,0.03496051492345863,-0.12790559955412487,-0.17269067642598843,0.8767994463033453,-0.49404299526826173,-0.011508742627414073,-0.1774583257829814,-0.3674818454805815,-0.08470790052526193,0.7011619538604187,0.7499628777733348,-0.007256683438673165,-0.2793781259207466,-0.17046504506687507,-0.16770531480310905,0.12149842198569584,0.3976481776983797,-0.075797680942649,-0.06253161996599216,0.9168578092766175,-0.3479482235597439,0.2634430432242538,0.7859780238252098,-0.15120027757161014,-0.14055027154908756,-0.13454704873918066,-0.13062391032534584,-0.42289912041950345,-0.21240897961625013,-0.11967313001097919,0.13173276452618027,0.2743272881742188,0.4921125672344008,-0.5245302075386905,0.464499331052281,-0.21940316059849088,-0.16349275013563208,0.027710726889930513,-0.25248782344481263,-0.1029379129036937,-0.28668701724471596,-0.1061713495505842,-0.33244781088298286,0.5636437379862232,-0.4494495798827791,0.30739595195584113,-0.15615751214663387,-0.31650970605777856,-0.27483933336343797,0.7405959195884365,-0.32196253920112383,0.06756055521810293,-0.24516343117349124,-0.0844980871845317,0.218179153486797,-0.467753025975185,0.22068697128271136,-0.04137051845363277,0.03209802861506561,-0.3394524895170949,0.16452986617307272,-0.42088538660241887,0.33795999296762796,-0.06886209023347079,0.13587446495031383,0.11779475362568587,0.023415647413351566,0.10161670857594918,-0.012984365915666332,0.8114421482349816,-0.11193191919623598,-0.3633987597248296,0.006233101087110798,-0.1376734901785841,-0.547234805363118,0.021344361219784367,-0.6736392106067586,0.0001193145863937127,-0.25755309066404913,-0.33851229651239995,-0.1129287187569731,0.6458524569727911,0.650830206096452,0.13822841351071033,-0.09140829867310696,0.9618796883747824,-0.2182332296741125,0.6010599366537531,-0.13345603002040962,-0.2675684103995116,0.40726504082309783,0.5969926273178229,0.6712607538916574,-0.2188392240056634,0.10310126108572579,0.5530165462606669,-0.39556442852913015,0.1243782375035879,-0.567907410736633,-0.6651149270843586,-0.7342349848100974,0.2964864697777701,0.10818117536528811,0.4372355175129878,0.08175863178219535,0.4861383103922218,-0.26094536069244445,-0.11521004773150542,0.300597033252151,0.37845103234511906,-0.5755684861585637,0.083218231961477,0.6147474246639875,-0.07259012502854965,-0.10460236026452786,-0.09429953673591834,0.43181977837534163,-0.6081195417739871,-0.288244090154995,0.08882723976875999,0.5032646972979186,-0.0498016465889035,0.028783684124707568,-0.3910278986762852,-0.5042327204141109,-0.6369043164553702,0.28395724000693895,1.0,0.09625386976804386
Yeosuana,-0.3418561116136543,0.17390910589781358,-0.3297850534822701,0.40528913678757145,-0.22339734597542035,-0.21225751136632898,-0.80349960992111,0.3475938042715678,0.36850327016612733,0.30686773258094713,0.3077205742677021,0.2423328514379228,0.5153589893141639,0.15439548875729106,0.2585341135303211,-0.27005065273874534,0.40726766907532697,0.009932825151727203,0.16115877059859568,-0.0015843790816202567,-0.16807590184188323,0.27485449015793395,-0.19105416477654294,-0.08618637836664905,-0.5506874452588203,0.4392881281505768,-0.3265751643180899,0.05613110374637252,-0.4534045387397755,0.49917122203831316,0.3705780239163135,-0.43014084412989567,-0.40921788853644825,-0.4731313773151229,-0.44449354119560824,-0.407531789448446,-0.32203441355619006,0.22369442251228644,0.5040361689302967,-0.21810578646951495,0.8360022309845752,-0.033154079425820125,0.17870275977581995,0.14106474232533,0.38744755079633636,-0.3951343390132187,-0.20842968748811866,0.19657148897195947,-0.592996767707129,0.4058729649176069,-0.41444458736303347,0.11143928020899332,-0.56645354920486,-0.405707176951281,0.037994083110908204,0.33030997250301936,-0.5270724358872789,-0.210666891951371,0.5892695960986214,0.6449875128788516,0.17103898423209715,0.45046524962364765,0.6351181109656917,-0.009218881280264426,0.6019833963758118,0.27966652592929164,0.3530825683065363,0.12713412940115906,-0.4613945240953339,-0.7003176584129157,0.3680679523069324,-0.2419975637325529,0.48944232074402394,-0.7022113903431225,-0.32881933545614417,-0.029289077249886622,-0.2610337070301128,-0.08134677378440672,0.17169819127715133,0.6832747891603729,0.1082351116634283,0.35842131570930985,0.5699167828459643,0.22108517498239413,0.748854286724465,0.49343653099343604,-0.6242431707872107,0.2624015445050211,-0.5178670437211786,0.33489639177394165,0.31212964760332274,-0.5893564116659302,0.19948123020028843,-0.17805049240313522,-0.7095432427675558,0.17139502887389207,-0.06275245087707634,0.42055515309206354,0.6338159246417999,0.527969413386456,0.11825609219237167,-0.21576781440313897,-0.10058830837671318,0.3735848330561936,0.14186313681342208,-0.4997975319501563,0.29949992879905185,0.3124200406972544,0.13783717556574157,-0.8401392704146706,-0.49343792115020607,-0.17919440609999168,0.5758301878031441,0.20418853260297287,-0.5637667927699401,-0.4824243060165069,-0.0369023896472501,0.5470438012307366,0.32771827246939333,-0.30279785588793806,0.24610608905623174,0.3632169178341181,-0.6343343975540612,0.4942082192081759,-0.7473840572231355,-0.5276951030767764,0.3164484180469657,0.4264246743029363,-0.15307145868960614,0.20219677517224416,0.6442384844871712,0.0711249272756015,-0.5479428625111123,-0.008434177406073325,0.2954346105550207,0.11485532916243056,0.09889692978817244,-0.800381477939698,0.09625386976804387,0.9999999999999998
